subject_folder	mapping_participant	mapping_file	trial_index	block	trial_in_block	trigger	category	mapped_path	exact_image_path	image_found	is_repeat	expected_presentations_for_trigger
P04	Moris	lab_data/P04/P04_EEG_recon_2026-06-03_09h59.07.369_image_mapping.json	1	1	1	1096	beaver	images_THINGS/object_images/beaver/beaver_13n.jpg	/media/psycontrol/HDD/Datasets/THINGS/images_THINGS/object_images/beaver/beaver_13n.jpg	True	False	1
P04	Moris	lab_data/P04/P04_EEG_recon_2026-06-03_09h59.07.369_image_mapping.json	2	1	2	1124	nightshirt	images_THINGS/object_images/nightshirt/nightshirt_11s.jpg	/media/psycontrol/HDD/Datasets/THINGS/images_THINGS/object_images/nightshirt/nightshirt_11s.jpg	True	False	2
P04	Moris	lab_data/P04/P04_EEG_recon_2026-06-03_09h59.07.369_image_mapping.json	3	1	3	1006	cardinal	images_THINGS/object_images/cardinal/cardinal_02s.jpg	/media/psycontrol/HDD/Datasets/THINGS/images_THINGS/object_images/cardinal/cardinal_02s.jpg	True	False	2
P04	Moris	lab_data/P04/P04_EEG_recon_2026-06-03_09h59.07.369_image_mapping.json	4	1	4	1071	mongoose	images_THINGS/object_images/mongoose/mongoose_10s.jpg	/media/psycontrol/HDD/Datasets/THINGS/images_THINGS/object_images/mongoose/mongoose_10s.jpg	True	False	2
P04	Moris	lab_data/P04/P04_EEG_recon_2026-06-03_09h59.07.369_image_mapping.json	5	1	5	1077	bison	images_THINGS/object_images/bison/bison_08s.jpg	/media/psycontrol/HDD/Datasets/THINGS/images_THINGS/object_images/bison/bison_08s.jpg	True	False	1
P04	Moris	lab_data/P04/P04_EEG_recon_2026-06-03_09h59.07.369_image_mapping.json	6	1	6	1159	pear	images_THINGS/object_images/pear/pear_09s.jpg	/media/psycontrol/HDD/Datasets/THINGS/images_THINGS/object_images/pear/pear_09s.jpg	True	False	2
P04	Moris	lab_data/P04/P04_EEG_recon_2026-06-03_09h59.07.369_image_mapping.json	7	1	7	1062	antelope	images_THINGS/object_images/antelope/antelope_12n.jpg	/media/psycontrol/HDD/Datasets/THINGS/images_THINGS/object_images/antelope/antelope_12n.jpg	True	False	2
P04	Moris	lab_data/P04/P04_EEG_recon_2026-06-03_09h59.07.369_image_mapping.json	8	1	8	1145	rocking_chair	images_THINGS/object_images/rocking_chair/rocking_chair_07s.jpg	/media/psycontrol/HDD/Datasets/THINGS/images_THINGS/object_images/rocking_chair/rocking_chair_07s.jpg	True	False	2
P04	Moris	lab_data/P04/P04_EEG_recon_2026-06-03_09h59.07.369_image_mapping.json	9	1	9	1015	moose	images_THINGS/object_images/moose/moose_02s.jpg	/media/psycontrol/HDD/Datasets/THINGS/images_THINGS/object_images/moose/moose_02s.jpg	True	False	2
P04	Moris	lab_data/P04/P04_EEG_recon_2026-06-03_09h59.07.369_image_mapping.json	10	1	10	1092	bunkbed	images_THINGS/object_images/bunkbed/bunkbed_02s.jpg	/media/psycontrol/HDD/Datasets/THINGS/images_THINGS/object_images/bunkbed/bunkbed_02s.jpg	True	False	2
P04	Moris	lab_data/P04/P04_EEG_recon_2026-06-03_09h59.07.369_image_mapping.json	11	1	11	1001	limousine	images_THINGS/object_images/limousine/limousine_03s.jpg	/media/psycontrol/HDD/Datasets/THINGS/images_THINGS/object_images/limousine/limousine_03s.jpg	True	False	2
P04	Moris	lab_data/P04/P04_EEG_recon_2026-06-03_09h59.07.369_image_mapping.json	12	1	12	1160	clam	images_THINGS/object_images/clam/clam_06s.jpg	/media/psycontrol/HDD/Datasets/THINGS/images_THINGS/object_images/clam/clam_06s.jpg	True	False	2
P04	Moris	lab_data/P04/P04_EEG_recon_2026-06-03_09h59.07.369_image_mapping.json	13	1	13	1020	television	images_THINGS/object_images/television/television_07s.jpg	/media/psycontrol/HDD/Datasets/THINGS/images_THINGS/object_images/television/television_07s.jpg	True	False	2
P04	Moris	lab_data/P04/P04_EEG_recon_2026-06-03_09h59.07.369_image_mapping.json	14	1	14	1104	speaker	images_THINGS/object_images/speaker/speaker_19n.jpg	/media/psycontrol/HDD/Datasets/THINGS/images_THINGS/object_images/speaker/speaker_19n.jpg	True	False	2
P04	Moris	lab_data/P04/P04_EEG_recon_2026-06-03_09h59.07.369_image_mapping.json	15	1	15	1134	sleeping_bag	images_THINGS/object_images/sleeping_bag/sleeping_bag_07s.jpg	/media/psycontrol/HDD/Datasets/THINGS/images_THINGS/object_images/sleeping_bag/sleeping_bag_07s.jpg	True	False	2
P04	Moris	lab_data/P04/P04_EEG_recon_2026-06-03_09h59.07.369_image_mapping.json	16	1	16	1147	lemonade	images_THINGS/object_images/lemonade/lemonade_01b.jpg	/media/psycontrol/HDD/Datasets/THINGS/images_THINGS/object_images/lemonade/lemonade_01b.jpg	True	False	2
P04	Moris	lab_data/P04/P04_EEG_recon_2026-06-03_09h59.07.369_image_mapping.json	17	1	17	1121	sunglasses	images_THINGS/object_images/sunglasses/sunglasses_06s.jpg	/media/psycontrol/HDD/Datasets/THINGS/images_THINGS/object_images/sunglasses/sunglasses_06s.jpg	True	False	2
P04	Moris	lab_data/P04/P04_EEG_recon_2026-06-03_09h59.07.369_image_mapping.json	18	1	18	1035	lizard	images_THINGS/object_images/lizard/lizard_01b.jpg	/media/psycontrol/HDD/Datasets/THINGS/images_THINGS/object_images/lizard/lizard_01b.jpg	True	False	1
P04	Moris	lab_data/P04/P04_EEG_recon_2026-06-03_09h59.07.369_image_mapping.json	19	1	19	1052	wallpaper	images_THINGS/object_images/wallpaper/wallpaper_01b.jpg	/media/psycontrol/HDD/Datasets/THINGS/images_THINGS/object_images/wallpaper/wallpaper_01b.jpg	True	False	2
P04	Moris	lab_data/P04/P04_EEG_recon_2026-06-03_09h59.07.369_image_mapping.json	20	1	20	1132	polar_bear	images_THINGS/object_images/polar_bear/polar_bear_18s.jpg	/media/psycontrol/HDD/Datasets/THINGS/images_THINGS/object_images/polar_bear/polar_bear_18s.jpg	True	False	2
P04	Moris	lab_data/P04/P04_EEG_recon_2026-06-03_09h59.07.369_image_mapping.json	21	2	1	1071	mongoose	images_THINGS/object_images/mongoose/mongoose_10s.jpg	/media/psycontrol/HDD/Datasets/THINGS/images_THINGS/object_images/mongoose/mongoose_10s.jpg	True	True	2
P04	Moris	lab_data/P04/P04_EEG_recon_2026-06-03_09h59.07.369_image_mapping.json	22	2	2	1150	chick	images_THINGS/object_images/chick/chick_10s.jpg	/media/psycontrol/HDD/Datasets/THINGS/images_THINGS/object_images/chick/chick_10s.jpg	True	False	2
P04	Moris	lab_data/P04/P04_EEG_recon_2026-06-03_09h59.07.369_image_mapping.json	23	2	3	1134	sleeping_bag	images_THINGS/object_images/sleeping_bag/sleeping_bag_07s.jpg	/media/psycontrol/HDD/Datasets/THINGS/images_THINGS/object_images/sleeping_bag/sleeping_bag_07s.jpg	True	True	2
P04	Moris	lab_data/P04/P04_EEG_recon_2026-06-03_09h59.07.369_image_mapping.json	24	2	4	1053	reindeer	images_THINGS/object_images/reindeer/reindeer_14s.jpg	/media/psycontrol/HDD/Datasets/THINGS/images_THINGS/object_images/reindeer/reindeer_14s.jpg	True	False	2
P04	Moris	lab_data/P04/P04_EEG_recon_2026-06-03_09h59.07.369_image_mapping.json	25	2	5	1060	squirrel	images_THINGS/object_images/squirrel/squirrel_12n.jpg	/media/psycontrol/HDD/Datasets/THINGS/images_THINGS/object_images/squirrel/squirrel_12n.jpg	True	False	2
P04	Moris	lab_data/P04/P04_EEG_recon_2026-06-03_09h59.07.369_image_mapping.json	26	2	6	1001	limousine	images_THINGS/object_images/limousine/limousine_03s.jpg	/media/psycontrol/HDD/Datasets/THINGS/images_THINGS/object_images/limousine/limousine_03s.jpg	True	True	2
P04	Moris	lab_data/P04/P04_EEG_recon_2026-06-03_09h59.07.369_image_mapping.json	27	2	7	1115	marshmallow	images_THINGS/object_images/marshmallow/marshmallow_09s.jpg	/media/psycontrol/HDD/Datasets/THINGS/images_THINGS/object_images/marshmallow/marshmallow_09s.jpg	True	False	1
P04	Moris	lab_data/P04/P04_EEG_recon_2026-06-03_09h59.07.369_image_mapping.json	28	2	8	1159	pear	images_THINGS/object_images/pear/pear_09s.jpg	/media/psycontrol/HDD/Datasets/THINGS/images_THINGS/object_images/pear/pear_09s.jpg	True	True	2
P04	Moris	lab_data/P04/P04_EEG_recon_2026-06-03_09h59.07.369_image_mapping.json	29	2	9	1012	burrito	images_THINGS/object_images/burrito/burrito_07s.jpg	/media/psycontrol/HDD/Datasets/THINGS/images_THINGS/object_images/burrito/burrito_07s.jpg	True	False	2
P04	Moris	lab_data/P04/P04_EEG_recon_2026-06-03_09h59.07.369_image_mapping.json	30	2	10	1036	ladybug	images_THINGS/object_images/ladybug/ladybug_07s.jpg	/media/psycontrol/HDD/Datasets/THINGS/images_THINGS/object_images/ladybug/ladybug_07s.jpg	True	False	1
P04	Moris	lab_data/P04/P04_EEG_recon_2026-06-03_09h59.07.369_image_mapping.json	31	2	11	1045	goose	images_THINGS/object_images/goose/goose_08s.jpg	/media/psycontrol/HDD/Datasets/THINGS/images_THINGS/object_images/goose/goose_08s.jpg	True	False	2
P04	Moris	lab_data/P04/P04_EEG_recon_2026-06-03_09h59.07.369_image_mapping.json	32	2	12	1095	mouse2	images_THINGS/object_images/mouse2/mouse2_17s.jpg	/media/psycontrol/HDD/Datasets/THINGS/images_THINGS/object_images/mouse2/mouse2_17s.jpg	True	False	1
P04	Moris	lab_data/P04/P04_EEG_recon_2026-06-03_09h59.07.369_image_mapping.json	33	2	13	1144	tarantula	images_THINGS/object_images/tarantula/tarantula_12s.jpg	/media/psycontrol/HDD/Datasets/THINGS/images_THINGS/object_images/tarantula/tarantula_12s.jpg	True	False	2
P04	Moris	lab_data/P04/P04_EEG_recon_2026-06-03_09h59.07.369_image_mapping.json	34	2	14	1057	eggnog	images_THINGS/object_images/eggnog/eggnog_03s.jpg	/media/psycontrol/HDD/Datasets/THINGS/images_THINGS/object_images/eggnog/eggnog_03s.jpg	True	False	1
P04	Moris	lab_data/P04/P04_EEG_recon_2026-06-03_09h59.07.369_image_mapping.json	35	2	15	1112	hard_disk	images_THINGS/object_images/hard_disk/hard_disk_13s.jpg	/media/psycontrol/HDD/Datasets/THINGS/images_THINGS/object_images/hard_disk/hard_disk_13s.jpg	True	False	1
P04	Moris	lab_data/P04/P04_EEG_recon_2026-06-03_09h59.07.369_image_mapping.json	36	2	16	1108	possum	images_THINGS/object_images/possum/possum_03s.jpg	/media/psycontrol/HDD/Datasets/THINGS/images_THINGS/object_images/possum/possum_03s.jpg	True	False	1
P04	Moris	lab_data/P04/P04_EEG_recon_2026-06-03_09h59.07.369_image_mapping.json	37	2	17	1160	clam	images_THINGS/object_images/clam/clam_06s.jpg	/media/psycontrol/HDD/Datasets/THINGS/images_THINGS/object_images/clam/clam_06s.jpg	True	True	2
P04	Moris	lab_data/P04/P04_EEG_recon_2026-06-03_09h59.07.369_image_mapping.json	38	2	18	1031	fish	images_THINGS/object_images/fish/fish_01b.jpg	/media/psycontrol/HDD/Datasets/THINGS/images_THINGS/object_images/fish/fish_01b.jpg	True	False	1
P04	Moris	lab_data/P04/P04_EEG_recon_2026-06-03_09h59.07.369_image_mapping.json	39	2	19	1016	ant	images_THINGS/object_images/ant/ant_08s.jpg	/media/psycontrol/HDD/Datasets/THINGS/images_THINGS/object_images/ant/ant_08s.jpg	True	False	1
P04	Moris	lab_data/P04/P04_EEG_recon_2026-06-03_09h59.07.369_image_mapping.json	40	2	20	1118	candy_bar	images_THINGS/object_images/candy_bar/candy_bar_09s.jpg	/media/psycontrol/HDD/Datasets/THINGS/images_THINGS/object_images/candy_bar/candy_bar_09s.jpg	True	False	2
P04	Moris	lab_data/P04/P04_EEG_recon_2026-06-03_09h59.07.369_image_mapping.json	41	3	1	1050	artichoke	images_THINGS/object_images/artichoke/artichoke_08n.jpg	/media/psycontrol/HDD/Datasets/THINGS/images_THINGS/object_images/artichoke/artichoke_08n.jpg	True	False	1
P04	Moris	lab_data/P04/P04_EEG_recon_2026-06-03_09h59.07.369_image_mapping.json	42	3	2	1157	barnacle	images_THINGS/object_images/barnacle/barnacle_11s.jpg	/media/psycontrol/HDD/Datasets/THINGS/images_THINGS/object_images/barnacle/barnacle_11s.jpg	True	False	2
P04	Moris	lab_data/P04/P04_EEG_recon_2026-06-03_09h59.07.369_image_mapping.json	43	3	3	1098	stool	images_THINGS/object_images/stool/stool_08s.jpg	/media/psycontrol/HDD/Datasets/THINGS/images_THINGS/object_images/stool/stool_08s.jpg	True	False	1
P04	Moris	lab_data/P04/P04_EEG_recon_2026-06-03_09h59.07.369_image_mapping.json	44	3	4	1073	bull	images_THINGS/object_images/bull/bull_09s.jpg	/media/psycontrol/HDD/Datasets/THINGS/images_THINGS/object_images/bull/bull_09s.jpg	True	False	1
P04	Moris	lab_data/P04/P04_EEG_recon_2026-06-03_09h59.07.369_image_mapping.json	45	3	5	1020	television	images_THINGS/object_images/television/television_07s.jpg	/media/psycontrol/HDD/Datasets/THINGS/images_THINGS/object_images/television/television_07s.jpg	True	True	2
P04	Moris	lab_data/P04/P04_EEG_recon_2026-06-03_09h59.07.369_image_mapping.json	46	3	6	1151	tractor	images_THINGS/object_images/tractor/tractor_10n.jpg	/media/psycontrol/HDD/Datasets/THINGS/images_THINGS/object_images/tractor/tractor_10n.jpg	True	False	1
P04	Moris	lab_data/P04/P04_EEG_recon_2026-06-03_09h59.07.369_image_mapping.json	47	3	7	1119	star_fruit	images_THINGS/object_images/star_fruit/star_fruit_06s.jpg	/media/psycontrol/HDD/Datasets/THINGS/images_THINGS/object_images/star_fruit/star_fruit_06s.jpg	True	False	1
P04	Moris	lab_data/P04/P04_EEG_recon_2026-06-03_09h59.07.369_image_mapping.json	48	3	8	1011	raspberry	images_THINGS/object_images/raspberry/raspberry_11s.jpg	/media/psycontrol/HDD/Datasets/THINGS/images_THINGS/object_images/raspberry/raspberry_11s.jpg	True	False	1
P04	Moris	lab_data/P04/P04_EEG_recon_2026-06-03_09h59.07.369_image_mapping.json	49	3	9	1137	lamb	images_THINGS/object_images/lamb/lamb_12s.jpg	/media/psycontrol/HDD/Datasets/THINGS/images_THINGS/object_images/lamb/lamb_12s.jpg	True	False	1
P04	Moris	lab_data/P04/P04_EEG_recon_2026-06-03_09h59.07.369_image_mapping.json	50	3	10	1104	speaker	images_THINGS/object_images/speaker/speaker_19n.jpg	/media/psycontrol/HDD/Datasets/THINGS/images_THINGS/object_images/speaker/speaker_19n.jpg	True	True	2
P04	Moris	lab_data/P04/P04_EEG_recon_2026-06-03_09h59.07.369_image_mapping.json	51	3	11	1110	jet	images_THINGS/object_images/jet/jet_04s.jpg	/media/psycontrol/HDD/Datasets/THINGS/images_THINGS/object_images/jet/jet_04s.jpg	True	False	2
P04	Moris	lab_data/P04/P04_EEG_recon_2026-06-03_09h59.07.369_image_mapping.json	52	3	12	1144	tarantula	images_THINGS/object_images/tarantula/tarantula_12s.jpg	/media/psycontrol/HDD/Datasets/THINGS/images_THINGS/object_images/tarantula/tarantula_12s.jpg	True	True	2
P04	Moris	lab_data/P04/P04_EEG_recon_2026-06-03_09h59.07.369_image_mapping.json	53	3	13	1006	cardinal	images_THINGS/object_images/cardinal/cardinal_02s.jpg	/media/psycontrol/HDD/Datasets/THINGS/images_THINGS/object_images/cardinal/cardinal_02s.jpg	True	True	2
P04	Moris	lab_data/P04/P04_EEG_recon_2026-06-03_09h59.07.369_image_mapping.json	54	3	14	1097	sandwich	images_THINGS/object_images/sandwich/sandwich_06s.jpg	/media/psycontrol/HDD/Datasets/THINGS/images_THINGS/object_images/sandwich/sandwich_06s.jpg	True	False	1
P04	Moris	lab_data/P04/P04_EEG_recon_2026-06-03_09h59.07.369_image_mapping.json	55	3	15	1090	garlic	images_THINGS/object_images/garlic/garlic_11s.jpg	/media/psycontrol/HDD/Datasets/THINGS/images_THINGS/object_images/garlic/garlic_11s.jpg	True	False	1
P04	Moris	lab_data/P04/P04_EEG_recon_2026-06-03_09h59.07.369_image_mapping.json	56	3	16	1101	boat	images_THINGS/object_images/boat/boat_08s.jpg	/media/psycontrol/HDD/Datasets/THINGS/images_THINGS/object_images/boat/boat_08s.jpg	True	False	1
P04	Moris	lab_data/P04/P04_EEG_recon_2026-06-03_09h59.07.369_image_mapping.json	57	3	17	1132	polar_bear	images_THINGS/object_images/polar_bear/polar_bear_18s.jpg	/media/psycontrol/HDD/Datasets/THINGS/images_THINGS/object_images/polar_bear/polar_bear_18s.jpg	True	True	2
P04	Moris	lab_data/P04/P04_EEG_recon_2026-06-03_09h59.07.369_image_mapping.json	58	3	18	1047	drawer	images_THINGS/object_images/drawer/drawer_04s.jpg	/media/psycontrol/HDD/Datasets/THINGS/images_THINGS/object_images/drawer/drawer_04s.jpg	True	False	1
P04	Moris	lab_data/P04/P04_EEG_recon_2026-06-03_09h59.07.369_image_mapping.json	59	3	19	1026	asparagus	images_THINGS/object_images/asparagus/asparagus_12s.jpg	/media/psycontrol/HDD/Datasets/THINGS/images_THINGS/object_images/asparagus/asparagus_12s.jpg	True	False	1
P04	Moris	lab_data/P04/P04_EEG_recon_2026-06-03_09h59.07.369_image_mapping.json	60	3	20	1046	tiramisu	images_THINGS/object_images/tiramisu/tiramisu_12s.jpg	/media/psycontrol/HDD/Datasets/THINGS/images_THINGS/object_images/tiramisu/tiramisu_12s.jpg	True	False	2
P04	Moris	lab_data/P04/P04_EEG_recon_2026-06-03_09h59.07.369_image_mapping.json	61	4	1	1110	jet	images_THINGS/object_images/jet/jet_04s.jpg	/media/psycontrol/HDD/Datasets/THINGS/images_THINGS/object_images/jet/jet_04s.jpg	True	True	2
P04	Moris	lab_data/P04/P04_EEG_recon_2026-06-03_09h59.07.369_image_mapping.json	62	4	2	1149	mole	images_THINGS/object_images/mole/mole_09s.jpg	/media/psycontrol/HDD/Datasets/THINGS/images_THINGS/object_images/mole/mole_09s.jpg	True	False	1
P04	Moris	lab_data/P04/P04_EEG_recon_2026-06-03_09h59.07.369_image_mapping.json	63	4	3	1023	wolf	images_THINGS/object_images/wolf/wolf_12n.jpg	/media/psycontrol/HDD/Datasets/THINGS/images_THINGS/object_images/wolf/wolf_12n.jpg	True	False	2
P04	Moris	lab_data/P04/P04_EEG_recon_2026-06-03_09h59.07.369_image_mapping.json	64	4	4	1125	sundae	images_THINGS/object_images/sundae/sundae_09s.jpg	/media/psycontrol/HDD/Datasets/THINGS/images_THINGS/object_images/sundae/sundae_09s.jpg	True	False	2
P04	Moris	lab_data/P04/P04_EEG_recon_2026-06-03_09h59.07.369_image_mapping.json	65	4	5	1037	steamroller	images_THINGS/object_images/steamroller/steamroller_11n.jpg	/media/psycontrol/HDD/Datasets/THINGS/images_THINGS/object_images/steamroller/steamroller_11n.jpg	True	False	1
P04	Moris	lab_data/P04/P04_EEG_recon_2026-06-03_09h59.07.369_image_mapping.json	66	4	6	1120	owl	images_THINGS/object_images/owl/owl_19s.jpg	/media/psycontrol/HDD/Datasets/THINGS/images_THINGS/object_images/owl/owl_19s.jpg	True	False	2
P04	Moris	lab_data/P04/P04_EEG_recon_2026-06-03_09h59.07.369_image_mapping.json	67	4	7	1015	moose	images_THINGS/object_images/moose/moose_02s.jpg	/media/psycontrol/HDD/Datasets/THINGS/images_THINGS/object_images/moose/moose_02s.jpg	True	True	2
P04	Moris	lab_data/P04/P04_EEG_recon_2026-06-03_09h59.07.369_image_mapping.json	68	4	8	1121	sunglasses	images_THINGS/object_images/sunglasses/sunglasses_06s.jpg	/media/psycontrol/HDD/Datasets/THINGS/images_THINGS/object_images/sunglasses/sunglasses_06s.jpg	True	True	2
P04	Moris	lab_data/P04/P04_EEG_recon_2026-06-03_09h59.07.369_image_mapping.json	69	4	9	1049	rat	images_THINGS/object_images/rat/rat_04s.jpg	/media/psycontrol/HDD/Datasets/THINGS/images_THINGS/object_images/rat/rat_04s.jpg	True	False	1
P04	Moris	lab_data/P04/P04_EEG_recon_2026-06-03_09h59.07.369_image_mapping.json	70	4	10	1032	pants	images_THINGS/object_images/pants/pants_01b.jpg	/media/psycontrol/HDD/Datasets/THINGS/images_THINGS/object_images/pants/pants_01b.jpg	True	False	1
P04	Moris	lab_data/P04/P04_EEG_recon_2026-06-03_09h59.07.369_image_mapping.json	71	4	11	1063	car	images_THINGS/object_images/car/car_12s.jpg	/media/psycontrol/HDD/Datasets/THINGS/images_THINGS/object_images/car/car_12s.jpg	True	False	1
P04	Moris	lab_data/P04/P04_EEG_recon_2026-06-03_09h59.07.369_image_mapping.json	72	4	12	1118	candy_bar	images_THINGS/object_images/candy_bar/candy_bar_09s.jpg	/media/psycontrol/HDD/Datasets/THINGS/images_THINGS/object_images/candy_bar/candy_bar_09s.jpg	True	True	2
P04	Moris	lab_data/P04/P04_EEG_recon_2026-06-03_09h59.07.369_image_mapping.json	73	4	13	1092	bunkbed	images_THINGS/object_images/bunkbed/bunkbed_02s.jpg	/media/psycontrol/HDD/Datasets/THINGS/images_THINGS/object_images/bunkbed/bunkbed_02s.jpg	True	True	2
P04	Moris	lab_data/P04/P04_EEG_recon_2026-06-03_09h59.07.369_image_mapping.json	74	4	14	1038	cupcake	images_THINGS/object_images/cupcake/cupcake_07s.jpg	/media/psycontrol/HDD/Datasets/THINGS/images_THINGS/object_images/cupcake/cupcake_07s.jpg	True	False	1
P04	Moris	lab_data/P04/P04_EEG_recon_2026-06-03_09h59.07.369_image_mapping.json	75	4	15	1061	taco	images_THINGS/object_images/taco/taco_06n.jpg	/media/psycontrol/HDD/Datasets/THINGS/images_THINGS/object_images/taco/taco_06n.jpg	True	False	2
P04	Moris	lab_data/P04/P04_EEG_recon_2026-06-03_09h59.07.369_image_mapping.json	76	4	16	1130	showerhead	images_THINGS/object_images/showerhead/showerhead_05s.jpg	/media/psycontrol/HDD/Datasets/THINGS/images_THINGS/object_images/showerhead/showerhead_05s.jpg	True	False	2
P04	Moris	lab_data/P04/P04_EEG_recon_2026-06-03_09h59.07.369_image_mapping.json	77	4	17	1143	mango	images_THINGS/object_images/mango/mango_16s.jpg	/media/psycontrol/HDD/Datasets/THINGS/images_THINGS/object_images/mango/mango_16s.jpg	True	False	2
P04	Moris	lab_data/P04/P04_EEG_recon_2026-06-03_09h59.07.369_image_mapping.json	78	4	18	1123	sorbet	images_THINGS/object_images/sorbet/sorbet_05s.jpg	/media/psycontrol/HDD/Datasets/THINGS/images_THINGS/object_images/sorbet/sorbet_05s.jpg	True	False	1
P04	Moris	lab_data/P04/P04_EEG_recon_2026-06-03_09h59.07.369_image_mapping.json	79	4	19	1013	banana	images_THINGS/object_images/banana/banana_13s.jpg	/media/psycontrol/HDD/Datasets/THINGS/images_THINGS/object_images/banana/banana_13s.jpg	True	False	1
P04	Moris	lab_data/P04/P04_EEG_recon_2026-06-03_09h59.07.369_image_mapping.json	80	4	20	1139	earwig	images_THINGS/object_images/earwig/earwig_09s.jpg	/media/psycontrol/HDD/Datasets/THINGS/images_THINGS/object_images/earwig/earwig_09s.jpg	True	False	1
P04	Moris	lab_data/P04/P04_EEG_recon_2026-06-03_09h59.07.369_image_mapping.json	81	5	1	1079	puppy	images_THINGS/object_images/puppy/puppy_12s.jpg	/media/psycontrol/HDD/Datasets/THINGS/images_THINGS/object_images/puppy/puppy_12s.jpg	True	False	1
P04	Moris	lab_data/P04/P04_EEG_recon_2026-06-03_09h59.07.369_image_mapping.json	82	5	2	1082	necklace	images_THINGS/object_images/necklace/necklace_11s.jpg	/media/psycontrol/HDD/Datasets/THINGS/images_THINGS/object_images/necklace/necklace_11s.jpg	True	False	2
P04	Moris	lab_data/P04/P04_EEG_recon_2026-06-03_09h59.07.369_image_mapping.json	83	5	3	1131	eel	images_THINGS/object_images/eel/eel_09s.jpg	/media/psycontrol/HDD/Datasets/THINGS/images_THINGS/object_images/eel/eel_09s.jpg	True	False	1
P04	Moris	lab_data/P04/P04_EEG_recon_2026-06-03_09h59.07.369_image_mapping.json	84	5	4	1143	mango	images_THINGS/object_images/mango/mango_16s.jpg	/media/psycontrol/HDD/Datasets/THINGS/images_THINGS/object_images/mango/mango_16s.jpg	True	True	2
P04	Moris	lab_data/P04/P04_EEG_recon_2026-06-03_09h59.07.369_image_mapping.json	85	5	5	1109	wasp	images_THINGS/object_images/wasp/wasp_09n.jpg	/media/psycontrol/HDD/Datasets/THINGS/images_THINGS/object_images/wasp/wasp_09n.jpg	True	False	1
P04	Moris	lab_data/P04/P04_EEG_recon_2026-06-03_09h59.07.369_image_mapping.json	86	5	6	1046	tiramisu	images_THINGS/object_images/tiramisu/tiramisu_12s.jpg	/media/psycontrol/HDD/Datasets/THINGS/images_THINGS/object_images/tiramisu/tiramisu_12s.jpg	True	True	2
P04	Moris	lab_data/P04/P04_EEG_recon_2026-06-03_09h59.07.369_image_mapping.json	87	5	7	1133	cockatoo	images_THINGS/object_images/cockatoo/cockatoo_04s.jpg	/media/psycontrol/HDD/Datasets/THINGS/images_THINGS/object_images/cockatoo/cockatoo_04s.jpg	True	False	1
P04	Moris	lab_data/P04/P04_EEG_recon_2026-06-03_09h59.07.369_image_mapping.json	88	5	8	1002	pea	images_THINGS/object_images/pea/pea_10s.jpg	/media/psycontrol/HDD/Datasets/THINGS/images_THINGS/object_images/pea/pea_10s.jpg	True	False	1
P04	Moris	lab_data/P04/P04_EEG_recon_2026-06-03_09h59.07.369_image_mapping.json	89	5	9	1135	pony	images_THINGS/object_images/pony/pony_01b.jpg	/media/psycontrol/HDD/Datasets/THINGS/images_THINGS/object_images/pony/pony_01b.jpg	True	False	1
P04	Moris	lab_data/P04/P04_EEG_recon_2026-06-03_09h59.07.369_image_mapping.json	90	5	10	1125	sundae	images_THINGS/object_images/sundae/sundae_09s.jpg	/media/psycontrol/HDD/Datasets/THINGS/images_THINGS/object_images/sundae/sundae_09s.jpg	True	True	2
P04	Moris	lab_data/P04/P04_EEG_recon_2026-06-03_09h59.07.369_image_mapping.json	91	5	11	1124	nightshirt	images_THINGS/object_images/nightshirt/nightshirt_11s.jpg	/media/psycontrol/HDD/Datasets/THINGS/images_THINGS/object_images/nightshirt/nightshirt_11s.jpg	True	True	2
P04	Moris	lab_data/P04/P04_EEG_recon_2026-06-03_09h59.07.369_image_mapping.json	92	5	12	1140	kayak	images_THINGS/object_images/kayak/kayak_04s.jpg	/media/psycontrol/HDD/Datasets/THINGS/images_THINGS/object_images/kayak/kayak_04s.jpg	True	False	1
P04	Moris	lab_data/P04/P04_EEG_recon_2026-06-03_09h59.07.369_image_mapping.json	93	5	13	1059	zucchini	images_THINGS/object_images/zucchini/zucchini_02s.jpg	/media/psycontrol/HDD/Datasets/THINGS/images_THINGS/object_images/zucchini/zucchini_02s.jpg	True	False	2
P04	Moris	lab_data/P04/P04_EEG_recon_2026-06-03_09h59.07.369_image_mapping.json	94	5	14	1040	panda	images_THINGS/object_images/panda/panda_01b.jpg	/media/psycontrol/HDD/Datasets/THINGS/images_THINGS/object_images/panda/panda_01b.jpg	True	False	1
P04	Moris	lab_data/P04/P04_EEG_recon_2026-06-03_09h59.07.369_image_mapping.json	95	5	15	1061	taco	images_THINGS/object_images/taco/taco_06n.jpg	/media/psycontrol/HDD/Datasets/THINGS/images_THINGS/object_images/taco/taco_06n.jpg	True	True	2
P04	Moris	lab_data/P04/P04_EEG_recon_2026-06-03_09h59.07.369_image_mapping.json	96	5	16	1107	omelet	images_THINGS/object_images/omelet/omelet_06s.jpg	/media/psycontrol/HDD/Datasets/THINGS/images_THINGS/object_images/omelet/omelet_06s.jpg	True	False	1
P04	Moris	lab_data/P04/P04_EEG_recon_2026-06-03_09h59.07.369_image_mapping.json	97	5	17	1086	pasta	images_THINGS/object_images/pasta/pasta_12s.jpg	/media/psycontrol/HDD/Datasets/THINGS/images_THINGS/object_images/pasta/pasta_12s.jpg	True	False	1
P04	Moris	lab_data/P04/P04_EEG_recon_2026-06-03_09h59.07.369_image_mapping.json	98	5	18	1010	pineapple	images_THINGS/object_images/pineapple/pineapple_08s.jpg	/media/psycontrol/HDD/Datasets/THINGS/images_THINGS/object_images/pineapple/pineapple_08s.jpg	True	False	1
P04	Moris	lab_data/P04/P04_EEG_recon_2026-06-03_09h59.07.369_image_mapping.json	99	5	19	1127	space_shuttle	images_THINGS/object_images/space_shuttle/space_shuttle_12s.jpg	/media/psycontrol/HDD/Datasets/THINGS/images_THINGS/object_images/space_shuttle/space_shuttle_12s.jpg	True	False	1
P04	Moris	lab_data/P04/P04_EEG_recon_2026-06-03_09h59.07.369_image_mapping.json	100	5	20	1155	kale	images_THINGS/object_images/kale/kale_01b.jpg	/media/psycontrol/HDD/Datasets/THINGS/images_THINGS/object_images/kale/kale_01b.jpg	True	False	1
P04	Moris	lab_data/P04/P04_EEG_recon_2026-06-03_09h59.07.369_image_mapping.json	101	6	1	1152	speedboat	images_THINGS/object_images/speedboat/speedboat_06s.jpg	/media/psycontrol/HDD/Datasets/THINGS/images_THINGS/object_images/speedboat/speedboat_06s.jpg	True	False	1
P04	Moris	lab_data/P04/P04_EEG_recon_2026-06-03_09h59.07.369_image_mapping.json	102	6	2	1008	keyboard	images_THINGS/object_images/keyboard/keyboard_13s.jpg	/media/psycontrol/HDD/Datasets/THINGS/images_THINGS/object_images/keyboard/keyboard_13s.jpg	True	False	1
P04	Moris	lab_data/P04/P04_EEG_recon_2026-06-03_09h59.07.369_image_mapping.json	103	6	3	1042	eagle	images_THINGS/object_images/eagle/eagle_08s.jpg	/media/psycontrol/HDD/Datasets/THINGS/images_THINGS/object_images/eagle/eagle_08s.jpg	True	False	1
P04	Moris	lab_data/P04/P04_EEG_recon_2026-06-03_09h59.07.369_image_mapping.json	104	6	4	1028	meatball	images_THINGS/object_images/meatball/meatball_04s.jpg	/media/psycontrol/HDD/Datasets/THINGS/images_THINGS/object_images/meatball/meatball_04s.jpg	True	False	1
P04	Moris	lab_data/P04/P04_EEG_recon_2026-06-03_09h59.07.369_image_mapping.json	105	6	5	1062	antelope	images_THINGS/object_images/antelope/antelope_12n.jpg	/media/psycontrol/HDD/Datasets/THINGS/images_THINGS/object_images/antelope/antelope_12n.jpg	True	True	2
P04	Moris	lab_data/P04/P04_EEG_recon_2026-06-03_09h59.07.369_image_mapping.json	106	6	6	1085	frog	images_THINGS/object_images/frog/frog_09s.jpg	/media/psycontrol/HDD/Datasets/THINGS/images_THINGS/object_images/frog/frog_09s.jpg	True	False	1
P04	Moris	lab_data/P04/P04_EEG_recon_2026-06-03_09h59.07.369_image_mapping.json	107	6	7	1074	cobra	images_THINGS/object_images/cobra/cobra_07s.jpg	/media/psycontrol/HDD/Datasets/THINGS/images_THINGS/object_images/cobra/cobra_07s.jpg	True	False	1
P04	Moris	lab_data/P04/P04_EEG_recon_2026-06-03_09h59.07.369_image_mapping.json	108	6	8	1103	blazer	images_THINGS/object_images/blazer/blazer_05s.jpg	/media/psycontrol/HDD/Datasets/THINGS/images_THINGS/object_images/blazer/blazer_05s.jpg	True	False	1
P04	Moris	lab_data/P04/P04_EEG_recon_2026-06-03_09h59.07.369_image_mapping.json	109	6	9	1017	carrot	images_THINGS/object_images/carrot/carrot_01b.jpg	/media/psycontrol/HDD/Datasets/THINGS/images_THINGS/object_images/carrot/carrot_01b.jpg	True	False	1
P04	Moris	lab_data/P04/P04_EEG_recon_2026-06-03_09h59.07.369_image_mapping.json	110	6	10	1126	helicopter	images_THINGS/object_images/helicopter/helicopter_20s.jpg	/media/psycontrol/HDD/Datasets/THINGS/images_THINGS/object_images/helicopter/helicopter_20s.jpg	True	False	2
P04	Moris	lab_data/P04/P04_EEG_recon_2026-06-03_09h59.07.369_image_mapping.json	111	6	11	1106	swordfish	images_THINGS/object_images/swordfish/swordfish_07s.jpg	/media/psycontrol/HDD/Datasets/THINGS/images_THINGS/object_images/swordfish/swordfish_07s.jpg	True	False	1
P04	Moris	lab_data/P04/P04_EEG_recon_2026-06-03_09h59.07.369_image_mapping.json	112	6	12	1068	radio	images_THINGS/object_images/radio/radio_04s.jpg	/media/psycontrol/HDD/Datasets/THINGS/images_THINGS/object_images/radio/radio_04s.jpg	True	False	1
P04	Moris	lab_data/P04/P04_EEG_recon_2026-06-03_09h59.07.369_image_mapping.json	113	6	13	1100	champagne	images_THINGS/object_images/champagne/champagne_01b.jpg	/media/psycontrol/HDD/Datasets/THINGS/images_THINGS/object_images/champagne/champagne_01b.jpg	True	False	1
P04	Moris	lab_data/P04/P04_EEG_recon_2026-06-03_09h59.07.369_image_mapping.json	114	6	14	1084	cheetah	images_THINGS/object_images/cheetah/cheetah_06s.jpg	/media/psycontrol/HDD/Datasets/THINGS/images_THINGS/object_images/cheetah/cheetah_06s.jpg	True	False	2
P04	Moris	lab_data/P04/P04_EEG_recon_2026-06-03_09h59.07.369_image_mapping.json	115	6	15	1120	owl	images_THINGS/object_images/owl/owl_19s.jpg	/media/psycontrol/HDD/Datasets/THINGS/images_THINGS/object_images/owl/owl_19s.jpg	True	True	2
P04	Moris	lab_data/P04/P04_EEG_recon_2026-06-03_09h59.07.369_image_mapping.json	116	6	16	1129	workbench	images_THINGS/object_images/workbench/workbench_07s.jpg	/media/psycontrol/HDD/Datasets/THINGS/images_THINGS/object_images/workbench/workbench_07s.jpg	True	False	2
P04	Moris	lab_data/P04/P04_EEG_recon_2026-06-03_09h59.07.369_image_mapping.json	117	6	17	1053	reindeer	images_THINGS/object_images/reindeer/reindeer_14s.jpg	/media/psycontrol/HDD/Datasets/THINGS/images_THINGS/object_images/reindeer/reindeer_14s.jpg	True	True	2
P04	Moris	lab_data/P04/P04_EEG_recon_2026-06-03_09h59.07.369_image_mapping.json	118	6	18	1039	sailboat	images_THINGS/object_images/sailboat/sailboat_07s.jpg	/media/psycontrol/HDD/Datasets/THINGS/images_THINGS/object_images/sailboat/sailboat_07s.jpg	True	False	1
P04	Moris	lab_data/P04/P04_EEG_recon_2026-06-03_09h59.07.369_image_mapping.json	119	6	19	1111	creme_brulee	images_THINGS/object_images/creme_brulee/creme_brulee_01b.jpg	/media/psycontrol/HDD/Datasets/THINGS/images_THINGS/object_images/creme_brulee/creme_brulee_01b.jpg	True	False	1
P04	Moris	lab_data/P04/P04_EEG_recon_2026-06-03_09h59.07.369_image_mapping.json	120	6	20	1012	burrito	images_THINGS/object_images/burrito/burrito_07s.jpg	/media/psycontrol/HDD/Datasets/THINGS/images_THINGS/object_images/burrito/burrito_07s.jpg	True	True	2
P04	Moris	lab_data/P04/P04_EEG_recon_2026-06-03_09h59.07.369_image_mapping.json	121	7	1	1067	taffy	images_THINGS/object_images/taffy/taffy_11s.jpg	/media/psycontrol/HDD/Datasets/THINGS/images_THINGS/object_images/taffy/taffy_11s.jpg	True	False	1
P04	Moris	lab_data/P04/P04_EEG_recon_2026-06-03_09h59.07.369_image_mapping.json	122	7	2	1084	cheetah	images_THINGS/object_images/cheetah/cheetah_06s.jpg	/media/psycontrol/HDD/Datasets/THINGS/images_THINGS/object_images/cheetah/cheetah_06s.jpg	True	True	2
P04	Moris	lab_data/P04/P04_EEG_recon_2026-06-03_09h59.07.369_image_mapping.json	123	7	3	1082	necklace	images_THINGS/object_images/necklace/necklace_11s.jpg	/media/psycontrol/HDD/Datasets/THINGS/images_THINGS/object_images/necklace/necklace_11s.jpg	True	True	2
P04	Moris	lab_data/P04/P04_EEG_recon_2026-06-03_09h59.07.369_image_mapping.json	124	7	4	1051	yacht	images_THINGS/object_images/yacht/yacht_05s.jpg	/media/psycontrol/HDD/Datasets/THINGS/images_THINGS/object_images/yacht/yacht_05s.jpg	True	False	2
P04	Moris	lab_data/P04/P04_EEG_recon_2026-06-03_09h59.07.369_image_mapping.json	125	7	5	1091	kitten	images_THINGS/object_images/kitten/kitten_09s.jpg	/media/psycontrol/HDD/Datasets/THINGS/images_THINGS/object_images/kitten/kitten_09s.jpg	True	False	1
P04	Moris	lab_data/P04/P04_EEG_recon_2026-06-03_09h59.07.369_image_mapping.json	126	7	6	1081	police_car	images_THINGS/object_images/police_car/police_car_14s.jpg	/media/psycontrol/HDD/Datasets/THINGS/images_THINGS/object_images/police_car/police_car_14s.jpg	True	False	1
P04	Moris	lab_data/P04/P04_EEG_recon_2026-06-03_09h59.07.369_image_mapping.json	127	7	7	1154	chandelier	images_THINGS/object_images/chandelier/chandelier_10s.jpg	/media/psycontrol/HDD/Datasets/THINGS/images_THINGS/object_images/chandelier/chandelier_10s.jpg	True	False	1
P04	Moris	lab_data/P04/P04_EEG_recon_2026-06-03_09h59.07.369_image_mapping.json	128	7	8	1087	bathrobe	images_THINGS/object_images/bathrobe/bathrobe_12s.jpg	/media/psycontrol/HDD/Datasets/THINGS/images_THINGS/object_images/bathrobe/bathrobe_12s.jpg	True	False	1
P04	Moris	lab_data/P04/P04_EEG_recon_2026-06-03_09h59.07.369_image_mapping.json	129	7	9	1065	cabinet	images_THINGS/object_images/cabinet/cabinet_07s.jpg	/media/psycontrol/HDD/Datasets/THINGS/images_THINGS/object_images/cabinet/cabinet_07s.jpg	True	False	1
P04	Moris	lab_data/P04/P04_EEG_recon_2026-06-03_09h59.07.369_image_mapping.json	130	7	10	1114	spinach	images_THINGS/object_images/spinach/spinach_09s.jpg	/media/psycontrol/HDD/Datasets/THINGS/images_THINGS/object_images/spinach/spinach_09s.jpg	True	False	1
P04	Moris	lab_data/P04/P04_EEG_recon_2026-06-03_09h59.07.369_image_mapping.json	131	7	11	1138	ping-pong_table	images_THINGS/object_images/ping-pong_table/ping-pong_table_10s.jpg	/media/psycontrol/HDD/Datasets/THINGS/images_THINGS/object_images/ping-pong_table/ping-pong_table_10s.jpg	True	False	1
P04	Moris	lab_data/P04/P04_EEG_recon_2026-06-03_09h59.07.369_image_mapping.json	132	7	12	1113	firetruck	images_THINGS/object_images/firetruck/firetruck_04s.jpg	/media/psycontrol/HDD/Datasets/THINGS/images_THINGS/object_images/firetruck/firetruck_04s.jpg	True	False	1
P04	Moris	lab_data/P04/P04_EEG_recon_2026-06-03_09h59.07.369_image_mapping.json	133	7	13	1021	tea	images_THINGS/object_images/tea/tea_10s.jpg	/media/psycontrol/HDD/Datasets/THINGS/images_THINGS/object_images/tea/tea_10s.jpg	True	False	1
P04	Moris	lab_data/P04/P04_EEG_recon_2026-06-03_09h59.07.369_image_mapping.json	134	7	14	1023	wolf	images_THINGS/object_images/wolf/wolf_12n.jpg	/media/psycontrol/HDD/Datasets/THINGS/images_THINGS/object_images/wolf/wolf_12n.jpg	True	True	2
P04	Moris	lab_data/P04/P04_EEG_recon_2026-06-03_09h59.07.369_image_mapping.json	135	7	15	1093	duckling	images_THINGS/object_images/duckling/duckling_25s.jpg	/media/psycontrol/HDD/Datasets/THINGS/images_THINGS/object_images/duckling/duckling_25s.jpg	True	False	1
P04	Moris	lab_data/P04/P04_EEG_recon_2026-06-03_09h59.07.369_image_mapping.json	136	7	16	1146	cheesecake	images_THINGS/object_images/cheesecake/cheesecake_06s.jpg	/media/psycontrol/HDD/Datasets/THINGS/images_THINGS/object_images/cheesecake/cheesecake_06s.jpg	True	False	1
P04	Moris	lab_data/P04/P04_EEG_recon_2026-06-03_09h59.07.369_image_mapping.json	137	7	17	1045	goose	images_THINGS/object_images/goose/goose_08s.jpg	/media/psycontrol/HDD/Datasets/THINGS/images_THINGS/object_images/goose/goose_08s.jpg	True	True	2
P04	Moris	lab_data/P04/P04_EEG_recon_2026-06-03_09h59.07.369_image_mapping.json	138	7	18	1156	coconut	images_THINGS/object_images/coconut/coconut_08s.jpg	/media/psycontrol/HDD/Datasets/THINGS/images_THINGS/object_images/coconut/coconut_08s.jpg	True	False	1
P04	Moris	lab_data/P04/P04_EEG_recon_2026-06-03_09h59.07.369_image_mapping.json	139	7	19	1058	loveseat	images_THINGS/object_images/loveseat/loveseat_10s.jpg	/media/psycontrol/HDD/Datasets/THINGS/images_THINGS/object_images/loveseat/loveseat_10s.jpg	True	False	1
P04	Moris	lab_data/P04/P04_EEG_recon_2026-06-03_09h59.07.369_image_mapping.json	140	7	20	1055	seagull	images_THINGS/object_images/seagull/seagull_11s.jpg	/media/psycontrol/HDD/Datasets/THINGS/images_THINGS/object_images/seagull/seagull_11s.jpg	True	False	1
P04	Moris	lab_data/P04/P04_EEG_recon_2026-06-03_09h59.07.369_image_mapping.json	141	8	1	1056	leggings	images_THINGS/object_images/leggings/leggings_02s.jpg	/media/psycontrol/HDD/Datasets/THINGS/images_THINGS/object_images/leggings/leggings_02s.jpg	True	False	1
P04	Moris	lab_data/P04/P04_EEG_recon_2026-06-03_09h59.07.369_image_mapping.json	142	8	2	1054	bathtub	images_THINGS/object_images/bathtub/bathtub_18s.jpg	/media/psycontrol/HDD/Datasets/THINGS/images_THINGS/object_images/bathtub/bathtub_18s.jpg	True	False	1
P04	Moris	lab_data/P04/P04_EEG_recon_2026-06-03_09h59.07.369_image_mapping.json	143	8	3	1034	bracelet1	images_THINGS/object_images/bracelet1/bracelet1_18s.jpg	/media/psycontrol/HDD/Datasets/THINGS/images_THINGS/object_images/bracelet1/bracelet1_18s.jpg	True	False	1
P04	Moris	lab_data/P04/P04_EEG_recon_2026-06-03_09h59.07.369_image_mapping.json	144	8	4	1003	shorts	images_THINGS/object_images/shorts/shorts_14s.jpg	/media/psycontrol/HDD/Datasets/THINGS/images_THINGS/object_images/shorts/shorts_14s.jpg	True	False	1
P04	Moris	lab_data/P04/P04_EEG_recon_2026-06-03_09h59.07.369_image_mapping.json	145	8	5	1078	sea_urchin	images_THINGS/object_images/sea_urchin/sea_urchin_08s.jpg	/media/psycontrol/HDD/Datasets/THINGS/images_THINGS/object_images/sea_urchin/sea_urchin_08s.jpg	True	False	1
P04	Moris	lab_data/P04/P04_EEG_recon_2026-06-03_09h59.07.369_image_mapping.json	146	8	6	1105	gorilla	images_THINGS/object_images/gorilla/gorilla_19s.jpg	/media/psycontrol/HDD/Datasets/THINGS/images_THINGS/object_images/gorilla/gorilla_19s.jpg	True	False	1
P04	Moris	lab_data/P04/P04_EEG_recon_2026-06-03_09h59.07.369_image_mapping.json	147	8	7	1129	workbench	images_THINGS/object_images/workbench/workbench_07s.jpg	/media/psycontrol/HDD/Datasets/THINGS/images_THINGS/object_images/workbench/workbench_07s.jpg	True	True	2
P04	Moris	lab_data/P04/P04_EEG_recon_2026-06-03_09h59.07.369_image_mapping.json	148	8	8	1088	slipper	images_THINGS/object_images/slipper/slipper_02s.jpg	/media/psycontrol/HDD/Datasets/THINGS/images_THINGS/object_images/slipper/slipper_02s.jpg	True	False	1
P04	Moris	lab_data/P04/P04_EEG_recon_2026-06-03_09h59.07.369_image_mapping.json	149	8	9	1102	crab	images_THINGS/object_images/crab/crab_02s.jpg	/media/psycontrol/HDD/Datasets/THINGS/images_THINGS/object_images/crab/crab_02s.jpg	True	False	1
P04	Moris	lab_data/P04/P04_EEG_recon_2026-06-03_09h59.07.369_image_mapping.json	150	8	10	1033	helmet	images_THINGS/object_images/helmet/helmet_11s.jpg	/media/psycontrol/HDD/Datasets/THINGS/images_THINGS/object_images/helmet/helmet_11s.jpg	True	False	1
P04	Moris	lab_data/P04/P04_EEG_recon_2026-06-03_09h59.07.369_image_mapping.json	151	8	11	1141	peach	images_THINGS/object_images/peach/peach_09n.jpg	/media/psycontrol/HDD/Datasets/THINGS/images_THINGS/object_images/peach/peach_09n.jpg	True	False	1
P04	Moris	lab_data/P04/P04_EEG_recon_2026-06-03_09h59.07.369_image_mapping.json	152	8	12	1130	showerhead	images_THINGS/object_images/showerhead/showerhead_05s.jpg	/media/psycontrol/HDD/Datasets/THINGS/images_THINGS/object_images/showerhead/showerhead_05s.jpg	True	True	2
P04	Moris	lab_data/P04/P04_EEG_recon_2026-06-03_09h59.07.369_image_mapping.json	153	8	13	1150	chick	images_THINGS/object_images/chick/chick_10s.jpg	/media/psycontrol/HDD/Datasets/THINGS/images_THINGS/object_images/chick/chick_10s.jpg	True	True	2
P04	Moris	lab_data/P04/P04_EEG_recon_2026-06-03_09h59.07.369_image_mapping.json	154	8	14	1145	rocking_chair	images_THINGS/object_images/rocking_chair/rocking_chair_07s.jpg	/media/psycontrol/HDD/Datasets/THINGS/images_THINGS/object_images/rocking_chair/rocking_chair_07s.jpg	True	True	2
P04	Moris	lab_data/P04/P04_EEG_recon_2026-06-03_09h59.07.369_image_mapping.json	155	8	15	1094	onion	images_THINGS/object_images/onion/onion_03n.jpg	/media/psycontrol/HDD/Datasets/THINGS/images_THINGS/object_images/onion/onion_03n.jpg	True	False	1
P04	Moris	lab_data/P04/P04_EEG_recon_2026-06-03_09h59.07.369_image_mapping.json	156	8	16	1153	donut	images_THINGS/object_images/donut/donut_15s.jpg	/media/psycontrol/HDD/Datasets/THINGS/images_THINGS/object_images/donut/donut_15s.jpg	True	False	1
P04	Moris	lab_data/P04/P04_EEG_recon_2026-06-03_09h59.07.369_image_mapping.json	157	8	17	1027	memory_stick	images_THINGS/object_images/memory_stick/memory_stick_08s.jpg	/media/psycontrol/HDD/Datasets/THINGS/images_THINGS/object_images/memory_stick/memory_stick_08s.jpg	True	False	2
P04	Moris	lab_data/P04/P04_EEG_recon_2026-06-03_09h59.07.369_image_mapping.json	158	8	18	1014	shark	images_THINGS/object_images/shark/shark_07s.jpg	/media/psycontrol/HDD/Datasets/THINGS/images_THINGS/object_images/shark/shark_07s.jpg	True	False	1
P04	Moris	lab_data/P04/P04_EEG_recon_2026-06-03_09h59.07.369_image_mapping.json	159	8	19	1025	llama	images_THINGS/object_images/llama/llama_05s.jpg	/media/psycontrol/HDD/Datasets/THINGS/images_THINGS/object_images/llama/llama_05s.jpg	True	False	1
P04	Moris	lab_data/P04/P04_EEG_recon_2026-06-03_09h59.07.369_image_mapping.json	160	8	20	1148	broccoli	images_THINGS/object_images/broccoli/broccoli_09s.jpg	/media/psycontrol/HDD/Datasets/THINGS/images_THINGS/object_images/broccoli/broccoli_09s.jpg	True	False	1
P04	Moris	lab_data/P04/P04_EEG_recon_2026-06-03_09h59.07.369_image_mapping.json	161	9	1	1147	lemonade	images_THINGS/object_images/lemonade/lemonade_01b.jpg	/media/psycontrol/HDD/Datasets/THINGS/images_THINGS/object_images/lemonade/lemonade_01b.jpg	True	True	2
P04	Moris	lab_data/P04/P04_EEG_recon_2026-06-03_09h59.07.369_image_mapping.json	162	9	2	1083	shirt	images_THINGS/object_images/shirt/shirt_03s.jpg	/media/psycontrol/HDD/Datasets/THINGS/images_THINGS/object_images/shirt/shirt_03s.jpg	True	False	1
P04	Moris	lab_data/P04/P04_EEG_recon_2026-06-03_09h59.07.369_image_mapping.json	163	9	3	1041	octopus	images_THINGS/object_images/octopus/octopus_09s.jpg	/media/psycontrol/HDD/Datasets/THINGS/images_THINGS/object_images/octopus/octopus_09s.jpg	True	False	1
P04	Moris	lab_data/P04/P04_EEG_recon_2026-06-03_09h59.07.369_image_mapping.json	164	9	4	1018	coffee	images_THINGS/object_images/coffee/coffee_15s.jpg	/media/psycontrol/HDD/Datasets/THINGS/images_THINGS/object_images/coffee/coffee_15s.jpg	True	False	1
P04	Moris	lab_data/P04/P04_EEG_recon_2026-06-03_09h59.07.369_image_mapping.json	165	9	5	1136	snake	images_THINGS/object_images/snake/snake_16n.jpg	/media/psycontrol/HDD/Datasets/THINGS/images_THINGS/object_images/snake/snake_16n.jpg	True	False	1
P04	Moris	lab_data/P04/P04_EEG_recon_2026-06-03_09h59.07.369_image_mapping.json	166	9	6	1044	raccoon	images_THINGS/object_images/raccoon/raccoon_08n.jpg	/media/psycontrol/HDD/Datasets/THINGS/images_THINGS/object_images/raccoon/raccoon_08n.jpg	True	False	1
P04	Moris	lab_data/P04/P04_EEG_recon_2026-06-03_09h59.07.369_image_mapping.json	167	9	7	1027	memory_stick	images_THINGS/object_images/memory_stick/memory_stick_08s.jpg	/media/psycontrol/HDD/Datasets/THINGS/images_THINGS/object_images/memory_stick/memory_stick_08s.jpg	True	True	2
P04	Moris	lab_data/P04/P04_EEG_recon_2026-06-03_09h59.07.369_image_mapping.json	168	9	8	1128	toad	images_THINGS/object_images/toad/toad_01b.jpg	/media/psycontrol/HDD/Datasets/THINGS/images_THINGS/object_images/toad/toad_01b.jpg	True	False	1
P04	Moris	lab_data/P04/P04_EEG_recon_2026-06-03_09h59.07.369_image_mapping.json	169	9	9	1043	ostrich	images_THINGS/object_images/ostrich/ostrich_15s.jpg	/media/psycontrol/HDD/Datasets/THINGS/images_THINGS/object_images/ostrich/ostrich_15s.jpg	True	False	1
P04	Moris	lab_data/P04/P04_EEG_recon_2026-06-03_09h59.07.369_image_mapping.json	170	9	10	1099	tricycle	images_THINGS/object_images/tricycle/tricycle_12s.jpg	/media/psycontrol/HDD/Datasets/THINGS/images_THINGS/object_images/tricycle/tricycle_12s.jpg	True	False	1
P04	Moris	lab_data/P04/P04_EEG_recon_2026-06-03_09h59.07.369_image_mapping.json	171	9	11	1117	hamster	images_THINGS/object_images/hamster/hamster_07s.jpg	/media/psycontrol/HDD/Datasets/THINGS/images_THINGS/object_images/hamster/hamster_07s.jpg	True	False	1
P04	Moris	lab_data/P04/P04_EEG_recon_2026-06-03_09h59.07.369_image_mapping.json	172	9	12	1030	puffin	images_THINGS/object_images/puffin/puffin_02s.jpg	/media/psycontrol/HDD/Datasets/THINGS/images_THINGS/object_images/puffin/puffin_02s.jpg	True	False	1
P04	Moris	lab_data/P04/P04_EEG_recon_2026-06-03_09h59.07.369_image_mapping.json	173	9	13	1080	camcorder	images_THINGS/object_images/camcorder/camcorder_07s.jpg	/media/psycontrol/HDD/Datasets/THINGS/images_THINGS/object_images/camcorder/camcorder_07s.jpg	True	False	1
P04	Moris	lab_data/P04/P04_EEG_recon_2026-06-03_09h59.07.369_image_mapping.json	174	9	14	1070	dragonfly	images_THINGS/object_images/dragonfly/dragonfly_10s.jpg	/media/psycontrol/HDD/Datasets/THINGS/images_THINGS/object_images/dragonfly/dragonfly_10s.jpg	True	False	1
P04	Moris	lab_data/P04/P04_EEG_recon_2026-06-03_09h59.07.369_image_mapping.json	175	9	15	1007	mirror	images_THINGS/object_images/mirror/mirror_08s.jpg	/media/psycontrol/HDD/Datasets/THINGS/images_THINGS/object_images/mirror/mirror_08s.jpg	True	False	1
P04	Moris	lab_data/P04/P04_EEG_recon_2026-06-03_09h59.07.369_image_mapping.json	176	9	16	1059	zucchini	images_THINGS/object_images/zucchini/zucchini_02s.jpg	/media/psycontrol/HDD/Datasets/THINGS/images_THINGS/object_images/zucchini/zucchini_02s.jpg	True	True	2
P04	Moris	lab_data/P04/P04_EEG_recon_2026-06-03_09h59.07.369_image_mapping.json	177	9	17	1158	bulldozer	images_THINGS/object_images/bulldozer/bulldozer_06s.jpg	/media/psycontrol/HDD/Datasets/THINGS/images_THINGS/object_images/bulldozer/bulldozer_06s.jpg	True	False	1
P04	Moris	lab_data/P04/P04_EEG_recon_2026-06-03_09h59.07.369_image_mapping.json	178	9	18	1051	yacht	images_THINGS/object_images/yacht/yacht_05s.jpg	/media/psycontrol/HDD/Datasets/THINGS/images_THINGS/object_images/yacht/yacht_05s.jpg	True	True	2
P04	Moris	lab_data/P04/P04_EEG_recon_2026-06-03_09h59.07.369_image_mapping.json	179	9	19	1076	groundhog	images_THINGS/object_images/groundhog/groundhog_01b.jpg	/media/psycontrol/HDD/Datasets/THINGS/images_THINGS/object_images/groundhog/groundhog_01b.jpg	True	False	1
P04	Moris	lab_data/P04/P04_EEG_recon_2026-06-03_09h59.07.369_image_mapping.json	180	9	20	1122	webcam	images_THINGS/object_images/webcam/webcam_08s.jpg	/media/psycontrol/HDD/Datasets/THINGS/images_THINGS/object_images/webcam/webcam_08s.jpg	True	False	1
P04	Moris	lab_data/P04/P04_EEG_recon_2026-06-03_09h59.07.369_image_mapping.json	181	10	1	1052	wallpaper	images_THINGS/object_images/wallpaper/wallpaper_01b.jpg	/media/psycontrol/HDD/Datasets/THINGS/images_THINGS/object_images/wallpaper/wallpaper_01b.jpg	True	True	2
P04	Moris	lab_data/P04/P04_EEG_recon_2026-06-03_09h59.07.369_image_mapping.json	182	10	2	1142	piglet	images_THINGS/object_images/piglet/piglet_07s.jpg	/media/psycontrol/HDD/Datasets/THINGS/images_THINGS/object_images/piglet/piglet_07s.jpg	True	False	1
P04	Moris	lab_data/P04/P04_EEG_recon_2026-06-03_09h59.07.369_image_mapping.json	183	10	3	1064	fly	images_THINGS/object_images/fly/fly_17s.jpg	/media/psycontrol/HDD/Datasets/THINGS/images_THINGS/object_images/fly/fly_17s.jpg	True	False	1
P04	Moris	lab_data/P04/P04_EEG_recon_2026-06-03_09h59.07.369_image_mapping.json	184	10	4	1060	squirrel	images_THINGS/object_images/squirrel/squirrel_12n.jpg	/media/psycontrol/HDD/Datasets/THINGS/images_THINGS/object_images/squirrel/squirrel_12n.jpg	True	True	2
P04	Moris	lab_data/P04/P04_EEG_recon_2026-06-03_09h59.07.369_image_mapping.json	185	10	5	1048	sombrero	images_THINGS/object_images/sombrero/sombrero_11s.jpg	/media/psycontrol/HDD/Datasets/THINGS/images_THINGS/object_images/sombrero/sombrero_11s.jpg	True	False	1
P04	Moris	lab_data/P04/P04_EEG_recon_2026-06-03_09h59.07.369_image_mapping.json	186	10	6	1009	papaya	images_THINGS/object_images/papaya/papaya_08s.jpg	/media/psycontrol/HDD/Datasets/THINGS/images_THINGS/object_images/papaya/papaya_08s.jpg	True	False	1
P04	Moris	lab_data/P04/P04_EEG_recon_2026-06-03_09h59.07.369_image_mapping.json	187	10	7	1072	blackberry	images_THINGS/object_images/blackberry/blackberry_08s.jpg	/media/psycontrol/HDD/Datasets/THINGS/images_THINGS/object_images/blackberry/blackberry_08s.jpg	True	False	1
P04	Moris	lab_data/P04/P04_EEG_recon_2026-06-03_09h59.07.369_image_mapping.json	188	10	8	1089	unicycle	images_THINGS/object_images/unicycle/unicycle_08s.jpg	/media/psycontrol/HDD/Datasets/THINGS/images_THINGS/object_images/unicycle/unicycle_08s.jpg	True	False	1
P04	Moris	lab_data/P04/P04_EEG_recon_2026-06-03_09h59.07.369_image_mapping.json	189	10	9	1075	filing_cabinet	images_THINGS/object_images/filing_cabinet/filing_cabinet_10s.jpg	/media/psycontrol/HDD/Datasets/THINGS/images_THINGS/object_images/filing_cabinet/filing_cabinet_10s.jpg	True	False	1
P04	Moris	lab_data/P04/P04_EEG_recon_2026-06-03_09h59.07.369_image_mapping.json	190	10	10	1029	sheep	images_THINGS/object_images/sheep/sheep_06s.jpg	/media/psycontrol/HDD/Datasets/THINGS/images_THINGS/object_images/sheep/sheep_06s.jpg	True	False	1
P04	Moris	lab_data/P04/P04_EEG_recon_2026-06-03_09h59.07.369_image_mapping.json	191	10	11	1069	rollerblade	images_THINGS/object_images/rollerblade/rollerblade_05s.jpg	/media/psycontrol/HDD/Datasets/THINGS/images_THINGS/object_images/rollerblade/rollerblade_05s.jpg	True	False	1
P04	Moris	lab_data/P04/P04_EEG_recon_2026-06-03_09h59.07.369_image_mapping.json	192	10	12	1126	helicopter	images_THINGS/object_images/helicopter/helicopter_20s.jpg	/media/psycontrol/HDD/Datasets/THINGS/images_THINGS/object_images/helicopter/helicopter_20s.jpg	True	True	2
P04	Moris	lab_data/P04/P04_EEG_recon_2026-06-03_09h59.07.369_image_mapping.json	193	10	13	1019	videocassette	images_THINGS/object_images/videocassette/videocassette_07n.jpg	/media/psycontrol/HDD/Datasets/THINGS/images_THINGS/object_images/videocassette/videocassette_07n.jpg	True	False	1
P04	Moris	lab_data/P04/P04_EEG_recon_2026-06-03_09h59.07.369_image_mapping.json	194	10	14	1005	ottoman	images_THINGS/object_images/ottoman/ottoman_05s.jpg	/media/psycontrol/HDD/Datasets/THINGS/images_THINGS/object_images/ottoman/ottoman_05s.jpg	True	False	1
P04	Moris	lab_data/P04/P04_EEG_recon_2026-06-03_09h59.07.369_image_mapping.json	195	10	15	1116	praying_mantis	images_THINGS/object_images/praying_mantis/praying_mantis_08s.jpg	/media/psycontrol/HDD/Datasets/THINGS/images_THINGS/object_images/praying_mantis/praying_mantis_08s.jpg	True	False	1
P04	Moris	lab_data/P04/P04_EEG_recon_2026-06-03_09h59.07.369_image_mapping.json	196	10	16	1022	shoe	images_THINGS/object_images/shoe/shoe_01s.jpg	/media/psycontrol/HDD/Datasets/THINGS/images_THINGS/object_images/shoe/shoe_01s.jpg	True	False	1
P04	Moris	lab_data/P04/P04_EEG_recon_2026-06-03_09h59.07.369_image_mapping.json	197	10	17	1066	giraffe	images_THINGS/object_images/giraffe/giraffe_17s.jpg	/media/psycontrol/HDD/Datasets/THINGS/images_THINGS/object_images/giraffe/giraffe_17s.jpg	True	False	1
P04	Moris	lab_data/P04/P04_EEG_recon_2026-06-03_09h59.07.369_image_mapping.json	198	10	18	1004	dalmatian	images_THINGS/object_images/dalmatian/dalmatian_02s.jpg	/media/psycontrol/HDD/Datasets/THINGS/images_THINGS/object_images/dalmatian/dalmatian_02s.jpg	True	False	1
P04	Moris	lab_data/P04/P04_EEG_recon_2026-06-03_09h59.07.369_image_mapping.json	199	10	19	1157	barnacle	images_THINGS/object_images/barnacle/barnacle_11s.jpg	/media/psycontrol/HDD/Datasets/THINGS/images_THINGS/object_images/barnacle/barnacle_11s.jpg	True	True	2
P04	Moris	lab_data/P04/P04_EEG_recon_2026-06-03_09h59.07.369_image_mapping.json	200	10	20	1024	lab_coat	images_THINGS/object_images/lab_coat/lab_coat_08s.jpg	/media/psycontrol/HDD/Datasets/THINGS/images_THINGS/object_images/lab_coat/lab_coat_08s.jpg	True	False	1
P05	Alper_03062026	lab_data/P05/Alper_03062026_EEG_recon_2026-06-03_13h00.00.076_image_mapping.json	1	1	1	1096	beaver	images_THINGS/object_images/beaver/beaver_13n.jpg	/media/psycontrol/HDD/Datasets/THINGS/images_THINGS/object_images/beaver/beaver_13n.jpg	True	False	1
P05	Alper_03062026	lab_data/P05/Alper_03062026_EEG_recon_2026-06-03_13h00.00.076_image_mapping.json	2	1	2	1124	nightshirt	images_THINGS/object_images/nightshirt/nightshirt_11s.jpg	/media/psycontrol/HDD/Datasets/THINGS/images_THINGS/object_images/nightshirt/nightshirt_11s.jpg	True	False	2
P05	Alper_03062026	lab_data/P05/Alper_03062026_EEG_recon_2026-06-03_13h00.00.076_image_mapping.json	3	1	3	1006	cardinal	images_THINGS/object_images/cardinal/cardinal_02s.jpg	/media/psycontrol/HDD/Datasets/THINGS/images_THINGS/object_images/cardinal/cardinal_02s.jpg	True	False	2
P05	Alper_03062026	lab_data/P05/Alper_03062026_EEG_recon_2026-06-03_13h00.00.076_image_mapping.json	4	1	4	1071	mongoose	images_THINGS/object_images/mongoose/mongoose_10s.jpg	/media/psycontrol/HDD/Datasets/THINGS/images_THINGS/object_images/mongoose/mongoose_10s.jpg	True	False	2
P05	Alper_03062026	lab_data/P05/Alper_03062026_EEG_recon_2026-06-03_13h00.00.076_image_mapping.json	5	1	5	1077	bison	images_THINGS/object_images/bison/bison_08s.jpg	/media/psycontrol/HDD/Datasets/THINGS/images_THINGS/object_images/bison/bison_08s.jpg	True	False	1
P05	Alper_03062026	lab_data/P05/Alper_03062026_EEG_recon_2026-06-03_13h00.00.076_image_mapping.json	6	1	6	1159	pear	images_THINGS/object_images/pear/pear_09s.jpg	/media/psycontrol/HDD/Datasets/THINGS/images_THINGS/object_images/pear/pear_09s.jpg	True	False	2
P05	Alper_03062026	lab_data/P05/Alper_03062026_EEG_recon_2026-06-03_13h00.00.076_image_mapping.json	7	1	7	1062	antelope	images_THINGS/object_images/antelope/antelope_12n.jpg	/media/psycontrol/HDD/Datasets/THINGS/images_THINGS/object_images/antelope/antelope_12n.jpg	True	False	2
P05	Alper_03062026	lab_data/P05/Alper_03062026_EEG_recon_2026-06-03_13h00.00.076_image_mapping.json	8	1	8	1145	rocking_chair	images_THINGS/object_images/rocking_chair/rocking_chair_07s.jpg	/media/psycontrol/HDD/Datasets/THINGS/images_THINGS/object_images/rocking_chair/rocking_chair_07s.jpg	True	False	2
P05	Alper_03062026	lab_data/P05/Alper_03062026_EEG_recon_2026-06-03_13h00.00.076_image_mapping.json	9	1	9	1015	moose	images_THINGS/object_images/moose/moose_02s.jpg	/media/psycontrol/HDD/Datasets/THINGS/images_THINGS/object_images/moose/moose_02s.jpg	True	False	2
P05	Alper_03062026	lab_data/P05/Alper_03062026_EEG_recon_2026-06-03_13h00.00.076_image_mapping.json	10	1	10	1092	bunkbed	images_THINGS/object_images/bunkbed/bunkbed_02s.jpg	/media/psycontrol/HDD/Datasets/THINGS/images_THINGS/object_images/bunkbed/bunkbed_02s.jpg	True	False	2
P05	Alper_03062026	lab_data/P05/Alper_03062026_EEG_recon_2026-06-03_13h00.00.076_image_mapping.json	11	1	11	1001	limousine	images_THINGS/object_images/limousine/limousine_03s.jpg	/media/psycontrol/HDD/Datasets/THINGS/images_THINGS/object_images/limousine/limousine_03s.jpg	True	False	2
P05	Alper_03062026	lab_data/P05/Alper_03062026_EEG_recon_2026-06-03_13h00.00.076_image_mapping.json	12	1	12	1160	clam	images_THINGS/object_images/clam/clam_06s.jpg	/media/psycontrol/HDD/Datasets/THINGS/images_THINGS/object_images/clam/clam_06s.jpg	True	False	2
P05	Alper_03062026	lab_data/P05/Alper_03062026_EEG_recon_2026-06-03_13h00.00.076_image_mapping.json	13	1	13	1020	television	images_THINGS/object_images/television/television_07s.jpg	/media/psycontrol/HDD/Datasets/THINGS/images_THINGS/object_images/television/television_07s.jpg	True	False	2
P05	Alper_03062026	lab_data/P05/Alper_03062026_EEG_recon_2026-06-03_13h00.00.076_image_mapping.json	14	1	14	1104	speaker	images_THINGS/object_images/speaker/speaker_19n.jpg	/media/psycontrol/HDD/Datasets/THINGS/images_THINGS/object_images/speaker/speaker_19n.jpg	True	False	2
P05	Alper_03062026	lab_data/P05/Alper_03062026_EEG_recon_2026-06-03_13h00.00.076_image_mapping.json	15	1	15	1134	sleeping_bag	images_THINGS/object_images/sleeping_bag/sleeping_bag_07s.jpg	/media/psycontrol/HDD/Datasets/THINGS/images_THINGS/object_images/sleeping_bag/sleeping_bag_07s.jpg	True	False	2
P05	Alper_03062026	lab_data/P05/Alper_03062026_EEG_recon_2026-06-03_13h00.00.076_image_mapping.json	16	1	16	1147	lemonade	images_THINGS/object_images/lemonade/lemonade_01b.jpg	/media/psycontrol/HDD/Datasets/THINGS/images_THINGS/object_images/lemonade/lemonade_01b.jpg	True	False	2
P05	Alper_03062026	lab_data/P05/Alper_03062026_EEG_recon_2026-06-03_13h00.00.076_image_mapping.json	17	1	17	1121	sunglasses	images_THINGS/object_images/sunglasses/sunglasses_06s.jpg	/media/psycontrol/HDD/Datasets/THINGS/images_THINGS/object_images/sunglasses/sunglasses_06s.jpg	True	False	2
P05	Alper_03062026	lab_data/P05/Alper_03062026_EEG_recon_2026-06-03_13h00.00.076_image_mapping.json	18	1	18	1035	lizard	images_THINGS/object_images/lizard/lizard_01b.jpg	/media/psycontrol/HDD/Datasets/THINGS/images_THINGS/object_images/lizard/lizard_01b.jpg	True	False	1
P05	Alper_03062026	lab_data/P05/Alper_03062026_EEG_recon_2026-06-03_13h00.00.076_image_mapping.json	19	1	19	1052	wallpaper	images_THINGS/object_images/wallpaper/wallpaper_01b.jpg	/media/psycontrol/HDD/Datasets/THINGS/images_THINGS/object_images/wallpaper/wallpaper_01b.jpg	True	False	2
P05	Alper_03062026	lab_data/P05/Alper_03062026_EEG_recon_2026-06-03_13h00.00.076_image_mapping.json	20	1	20	1132	polar_bear	images_THINGS/object_images/polar_bear/polar_bear_18s.jpg	/media/psycontrol/HDD/Datasets/THINGS/images_THINGS/object_images/polar_bear/polar_bear_18s.jpg	True	False	2
P05	Alper_03062026	lab_data/P05/Alper_03062026_EEG_recon_2026-06-03_13h00.00.076_image_mapping.json	21	2	1	1071	mongoose	images_THINGS/object_images/mongoose/mongoose_10s.jpg	/media/psycontrol/HDD/Datasets/THINGS/images_THINGS/object_images/mongoose/mongoose_10s.jpg	True	True	2
P05	Alper_03062026	lab_data/P05/Alper_03062026_EEG_recon_2026-06-03_13h00.00.076_image_mapping.json	22	2	2	1150	chick	images_THINGS/object_images/chick/chick_10s.jpg	/media/psycontrol/HDD/Datasets/THINGS/images_THINGS/object_images/chick/chick_10s.jpg	True	False	2
P05	Alper_03062026	lab_data/P05/Alper_03062026_EEG_recon_2026-06-03_13h00.00.076_image_mapping.json	23	2	3	1134	sleeping_bag	images_THINGS/object_images/sleeping_bag/sleeping_bag_07s.jpg	/media/psycontrol/HDD/Datasets/THINGS/images_THINGS/object_images/sleeping_bag/sleeping_bag_07s.jpg	True	True	2
P05	Alper_03062026	lab_data/P05/Alper_03062026_EEG_recon_2026-06-03_13h00.00.076_image_mapping.json	24	2	4	1053	reindeer	images_THINGS/object_images/reindeer/reindeer_14s.jpg	/media/psycontrol/HDD/Datasets/THINGS/images_THINGS/object_images/reindeer/reindeer_14s.jpg	True	False	2
P05	Alper_03062026	lab_data/P05/Alper_03062026_EEG_recon_2026-06-03_13h00.00.076_image_mapping.json	25	2	5	1060	squirrel	images_THINGS/object_images/squirrel/squirrel_12n.jpg	/media/psycontrol/HDD/Datasets/THINGS/images_THINGS/object_images/squirrel/squirrel_12n.jpg	True	False	2
P05	Alper_03062026	lab_data/P05/Alper_03062026_EEG_recon_2026-06-03_13h00.00.076_image_mapping.json	26	2	6	1001	limousine	images_THINGS/object_images/limousine/limousine_03s.jpg	/media/psycontrol/HDD/Datasets/THINGS/images_THINGS/object_images/limousine/limousine_03s.jpg	True	True	2
P05	Alper_03062026	lab_data/P05/Alper_03062026_EEG_recon_2026-06-03_13h00.00.076_image_mapping.json	27	2	7	1115	marshmallow	images_THINGS/object_images/marshmallow/marshmallow_09s.jpg	/media/psycontrol/HDD/Datasets/THINGS/images_THINGS/object_images/marshmallow/marshmallow_09s.jpg	True	False	1
P05	Alper_03062026	lab_data/P05/Alper_03062026_EEG_recon_2026-06-03_13h00.00.076_image_mapping.json	28	2	8	1159	pear	images_THINGS/object_images/pear/pear_09s.jpg	/media/psycontrol/HDD/Datasets/THINGS/images_THINGS/object_images/pear/pear_09s.jpg	True	True	2
P05	Alper_03062026	lab_data/P05/Alper_03062026_EEG_recon_2026-06-03_13h00.00.076_image_mapping.json	29	2	9	1012	burrito	images_THINGS/object_images/burrito/burrito_07s.jpg	/media/psycontrol/HDD/Datasets/THINGS/images_THINGS/object_images/burrito/burrito_07s.jpg	True	False	2
P05	Alper_03062026	lab_data/P05/Alper_03062026_EEG_recon_2026-06-03_13h00.00.076_image_mapping.json	30	2	10	1036	ladybug	images_THINGS/object_images/ladybug/ladybug_07s.jpg	/media/psycontrol/HDD/Datasets/THINGS/images_THINGS/object_images/ladybug/ladybug_07s.jpg	True	False	1
P05	Alper_03062026	lab_data/P05/Alper_03062026_EEG_recon_2026-06-03_13h00.00.076_image_mapping.json	31	2	11	1045	goose	images_THINGS/object_images/goose/goose_08s.jpg	/media/psycontrol/HDD/Datasets/THINGS/images_THINGS/object_images/goose/goose_08s.jpg	True	False	2
P05	Alper_03062026	lab_data/P05/Alper_03062026_EEG_recon_2026-06-03_13h00.00.076_image_mapping.json	32	2	12	1095	mouse2	images_THINGS/object_images/mouse2/mouse2_17s.jpg	/media/psycontrol/HDD/Datasets/THINGS/images_THINGS/object_images/mouse2/mouse2_17s.jpg	True	False	1
P05	Alper_03062026	lab_data/P05/Alper_03062026_EEG_recon_2026-06-03_13h00.00.076_image_mapping.json	33	2	13	1144	tarantula	images_THINGS/object_images/tarantula/tarantula_12s.jpg	/media/psycontrol/HDD/Datasets/THINGS/images_THINGS/object_images/tarantula/tarantula_12s.jpg	True	False	2
P05	Alper_03062026	lab_data/P05/Alper_03062026_EEG_recon_2026-06-03_13h00.00.076_image_mapping.json	34	2	14	1057	eggnog	images_THINGS/object_images/eggnog/eggnog_03s.jpg	/media/psycontrol/HDD/Datasets/THINGS/images_THINGS/object_images/eggnog/eggnog_03s.jpg	True	False	1
P05	Alper_03062026	lab_data/P05/Alper_03062026_EEG_recon_2026-06-03_13h00.00.076_image_mapping.json	35	2	15	1112	hard_disk	images_THINGS/object_images/hard_disk/hard_disk_13s.jpg	/media/psycontrol/HDD/Datasets/THINGS/images_THINGS/object_images/hard_disk/hard_disk_13s.jpg	True	False	1
P05	Alper_03062026	lab_data/P05/Alper_03062026_EEG_recon_2026-06-03_13h00.00.076_image_mapping.json	36	2	16	1108	possum	images_THINGS/object_images/possum/possum_03s.jpg	/media/psycontrol/HDD/Datasets/THINGS/images_THINGS/object_images/possum/possum_03s.jpg	True	False	1
P05	Alper_03062026	lab_data/P05/Alper_03062026_EEG_recon_2026-06-03_13h00.00.076_image_mapping.json	37	2	17	1160	clam	images_THINGS/object_images/clam/clam_06s.jpg	/media/psycontrol/HDD/Datasets/THINGS/images_THINGS/object_images/clam/clam_06s.jpg	True	True	2
P05	Alper_03062026	lab_data/P05/Alper_03062026_EEG_recon_2026-06-03_13h00.00.076_image_mapping.json	38	2	18	1031	fish	images_THINGS/object_images/fish/fish_01b.jpg	/media/psycontrol/HDD/Datasets/THINGS/images_THINGS/object_images/fish/fish_01b.jpg	True	False	1
P05	Alper_03062026	lab_data/P05/Alper_03062026_EEG_recon_2026-06-03_13h00.00.076_image_mapping.json	39	2	19	1016	ant	images_THINGS/object_images/ant/ant_08s.jpg	/media/psycontrol/HDD/Datasets/THINGS/images_THINGS/object_images/ant/ant_08s.jpg	True	False	1
P05	Alper_03062026	lab_data/P05/Alper_03062026_EEG_recon_2026-06-03_13h00.00.076_image_mapping.json	40	2	20	1118	candy_bar	images_THINGS/object_images/candy_bar/candy_bar_09s.jpg	/media/psycontrol/HDD/Datasets/THINGS/images_THINGS/object_images/candy_bar/candy_bar_09s.jpg	True	False	2
P05	Alper_03062026	lab_data/P05/Alper_03062026_EEG_recon_2026-06-03_13h00.00.076_image_mapping.json	41	3	1	1050	artichoke	images_THINGS/object_images/artichoke/artichoke_08n.jpg	/media/psycontrol/HDD/Datasets/THINGS/images_THINGS/object_images/artichoke/artichoke_08n.jpg	True	False	1
P05	Alper_03062026	lab_data/P05/Alper_03062026_EEG_recon_2026-06-03_13h00.00.076_image_mapping.json	42	3	2	1157	barnacle	images_THINGS/object_images/barnacle/barnacle_11s.jpg	/media/psycontrol/HDD/Datasets/THINGS/images_THINGS/object_images/barnacle/barnacle_11s.jpg	True	False	2
P05	Alper_03062026	lab_data/P05/Alper_03062026_EEG_recon_2026-06-03_13h00.00.076_image_mapping.json	43	3	3	1098	stool	images_THINGS/object_images/stool/stool_08s.jpg	/media/psycontrol/HDD/Datasets/THINGS/images_THINGS/object_images/stool/stool_08s.jpg	True	False	1
P05	Alper_03062026	lab_data/P05/Alper_03062026_EEG_recon_2026-06-03_13h00.00.076_image_mapping.json	44	3	4	1073	bull	images_THINGS/object_images/bull/bull_09s.jpg	/media/psycontrol/HDD/Datasets/THINGS/images_THINGS/object_images/bull/bull_09s.jpg	True	False	1
P05	Alper_03062026	lab_data/P05/Alper_03062026_EEG_recon_2026-06-03_13h00.00.076_image_mapping.json	45	3	5	1020	television	images_THINGS/object_images/television/television_07s.jpg	/media/psycontrol/HDD/Datasets/THINGS/images_THINGS/object_images/television/television_07s.jpg	True	True	2
P05	Alper_03062026	lab_data/P05/Alper_03062026_EEG_recon_2026-06-03_13h00.00.076_image_mapping.json	46	3	6	1151	tractor	images_THINGS/object_images/tractor/tractor_10n.jpg	/media/psycontrol/HDD/Datasets/THINGS/images_THINGS/object_images/tractor/tractor_10n.jpg	True	False	1
P05	Alper_03062026	lab_data/P05/Alper_03062026_EEG_recon_2026-06-03_13h00.00.076_image_mapping.json	47	3	7	1119	star_fruit	images_THINGS/object_images/star_fruit/star_fruit_06s.jpg	/media/psycontrol/HDD/Datasets/THINGS/images_THINGS/object_images/star_fruit/star_fruit_06s.jpg	True	False	1
P05	Alper_03062026	lab_data/P05/Alper_03062026_EEG_recon_2026-06-03_13h00.00.076_image_mapping.json	48	3	8	1011	raspberry	images_THINGS/object_images/raspberry/raspberry_11s.jpg	/media/psycontrol/HDD/Datasets/THINGS/images_THINGS/object_images/raspberry/raspberry_11s.jpg	True	False	1
P05	Alper_03062026	lab_data/P05/Alper_03062026_EEG_recon_2026-06-03_13h00.00.076_image_mapping.json	49	3	9	1137	lamb	images_THINGS/object_images/lamb/lamb_12s.jpg	/media/psycontrol/HDD/Datasets/THINGS/images_THINGS/object_images/lamb/lamb_12s.jpg	True	False	1
P05	Alper_03062026	lab_data/P05/Alper_03062026_EEG_recon_2026-06-03_13h00.00.076_image_mapping.json	50	3	10	1104	speaker	images_THINGS/object_images/speaker/speaker_19n.jpg	/media/psycontrol/HDD/Datasets/THINGS/images_THINGS/object_images/speaker/speaker_19n.jpg	True	True	2
P05	Alper_03062026	lab_data/P05/Alper_03062026_EEG_recon_2026-06-03_13h00.00.076_image_mapping.json	51	3	11	1110	jet	images_THINGS/object_images/jet/jet_04s.jpg	/media/psycontrol/HDD/Datasets/THINGS/images_THINGS/object_images/jet/jet_04s.jpg	True	False	2
P05	Alper_03062026	lab_data/P05/Alper_03062026_EEG_recon_2026-06-03_13h00.00.076_image_mapping.json	52	3	12	1144	tarantula	images_THINGS/object_images/tarantula/tarantula_12s.jpg	/media/psycontrol/HDD/Datasets/THINGS/images_THINGS/object_images/tarantula/tarantula_12s.jpg	True	True	2
P05	Alper_03062026	lab_data/P05/Alper_03062026_EEG_recon_2026-06-03_13h00.00.076_image_mapping.json	53	3	13	1006	cardinal	images_THINGS/object_images/cardinal/cardinal_02s.jpg	/media/psycontrol/HDD/Datasets/THINGS/images_THINGS/object_images/cardinal/cardinal_02s.jpg	True	True	2
P05	Alper_03062026	lab_data/P05/Alper_03062026_EEG_recon_2026-06-03_13h00.00.076_image_mapping.json	54	3	14	1097	sandwich	images_THINGS/object_images/sandwich/sandwich_06s.jpg	/media/psycontrol/HDD/Datasets/THINGS/images_THINGS/object_images/sandwich/sandwich_06s.jpg	True	False	1
P05	Alper_03062026	lab_data/P05/Alper_03062026_EEG_recon_2026-06-03_13h00.00.076_image_mapping.json	55	3	15	1090	garlic	images_THINGS/object_images/garlic/garlic_11s.jpg	/media/psycontrol/HDD/Datasets/THINGS/images_THINGS/object_images/garlic/garlic_11s.jpg	True	False	1
P05	Alper_03062026	lab_data/P05/Alper_03062026_EEG_recon_2026-06-03_13h00.00.076_image_mapping.json	56	3	16	1101	boat	images_THINGS/object_images/boat/boat_08s.jpg	/media/psycontrol/HDD/Datasets/THINGS/images_THINGS/object_images/boat/boat_08s.jpg	True	False	1
P05	Alper_03062026	lab_data/P05/Alper_03062026_EEG_recon_2026-06-03_13h00.00.076_image_mapping.json	57	3	17	1132	polar_bear	images_THINGS/object_images/polar_bear/polar_bear_18s.jpg	/media/psycontrol/HDD/Datasets/THINGS/images_THINGS/object_images/polar_bear/polar_bear_18s.jpg	True	True	2
P05	Alper_03062026	lab_data/P05/Alper_03062026_EEG_recon_2026-06-03_13h00.00.076_image_mapping.json	58	3	18	1047	drawer	images_THINGS/object_images/drawer/drawer_04s.jpg	/media/psycontrol/HDD/Datasets/THINGS/images_THINGS/object_images/drawer/drawer_04s.jpg	True	False	1
P05	Alper_03062026	lab_data/P05/Alper_03062026_EEG_recon_2026-06-03_13h00.00.076_image_mapping.json	59	3	19	1026	asparagus	images_THINGS/object_images/asparagus/asparagus_12s.jpg	/media/psycontrol/HDD/Datasets/THINGS/images_THINGS/object_images/asparagus/asparagus_12s.jpg	True	False	1
P05	Alper_03062026	lab_data/P05/Alper_03062026_EEG_recon_2026-06-03_13h00.00.076_image_mapping.json	60	3	20	1046	tiramisu	images_THINGS/object_images/tiramisu/tiramisu_12s.jpg	/media/psycontrol/HDD/Datasets/THINGS/images_THINGS/object_images/tiramisu/tiramisu_12s.jpg	True	False	2
P05	Alper_03062026	lab_data/P05/Alper_03062026_EEG_recon_2026-06-03_13h00.00.076_image_mapping.json	61	4	1	1110	jet	images_THINGS/object_images/jet/jet_04s.jpg	/media/psycontrol/HDD/Datasets/THINGS/images_THINGS/object_images/jet/jet_04s.jpg	True	True	2
P05	Alper_03062026	lab_data/P05/Alper_03062026_EEG_recon_2026-06-03_13h00.00.076_image_mapping.json	62	4	2	1149	mole	images_THINGS/object_images/mole/mole_09s.jpg	/media/psycontrol/HDD/Datasets/THINGS/images_THINGS/object_images/mole/mole_09s.jpg	True	False	1
P05	Alper_03062026	lab_data/P05/Alper_03062026_EEG_recon_2026-06-03_13h00.00.076_image_mapping.json	63	4	3	1023	wolf	images_THINGS/object_images/wolf/wolf_12n.jpg	/media/psycontrol/HDD/Datasets/THINGS/images_THINGS/object_images/wolf/wolf_12n.jpg	True	False	2
P05	Alper_03062026	lab_data/P05/Alper_03062026_EEG_recon_2026-06-03_13h00.00.076_image_mapping.json	64	4	4	1125	sundae	images_THINGS/object_images/sundae/sundae_09s.jpg	/media/psycontrol/HDD/Datasets/THINGS/images_THINGS/object_images/sundae/sundae_09s.jpg	True	False	2
P05	Alper_03062026	lab_data/P05/Alper_03062026_EEG_recon_2026-06-03_13h00.00.076_image_mapping.json	65	4	5	1037	steamroller	images_THINGS/object_images/steamroller/steamroller_11n.jpg	/media/psycontrol/HDD/Datasets/THINGS/images_THINGS/object_images/steamroller/steamroller_11n.jpg	True	False	1
P05	Alper_03062026	lab_data/P05/Alper_03062026_EEG_recon_2026-06-03_13h00.00.076_image_mapping.json	66	4	6	1120	owl	images_THINGS/object_images/owl/owl_19s.jpg	/media/psycontrol/HDD/Datasets/THINGS/images_THINGS/object_images/owl/owl_19s.jpg	True	False	2
P05	Alper_03062026	lab_data/P05/Alper_03062026_EEG_recon_2026-06-03_13h00.00.076_image_mapping.json	67	4	7	1015	moose	images_THINGS/object_images/moose/moose_02s.jpg	/media/psycontrol/HDD/Datasets/THINGS/images_THINGS/object_images/moose/moose_02s.jpg	True	True	2
P05	Alper_03062026	lab_data/P05/Alper_03062026_EEG_recon_2026-06-03_13h00.00.076_image_mapping.json	68	4	8	1121	sunglasses	images_THINGS/object_images/sunglasses/sunglasses_06s.jpg	/media/psycontrol/HDD/Datasets/THINGS/images_THINGS/object_images/sunglasses/sunglasses_06s.jpg	True	True	2
P05	Alper_03062026	lab_data/P05/Alper_03062026_EEG_recon_2026-06-03_13h00.00.076_image_mapping.json	69	4	9	1049	rat	images_THINGS/object_images/rat/rat_04s.jpg	/media/psycontrol/HDD/Datasets/THINGS/images_THINGS/object_images/rat/rat_04s.jpg	True	False	1
P05	Alper_03062026	lab_data/P05/Alper_03062026_EEG_recon_2026-06-03_13h00.00.076_image_mapping.json	70	4	10	1032	pants	images_THINGS/object_images/pants/pants_01b.jpg	/media/psycontrol/HDD/Datasets/THINGS/images_THINGS/object_images/pants/pants_01b.jpg	True	False	1
P05	Alper_03062026	lab_data/P05/Alper_03062026_EEG_recon_2026-06-03_13h00.00.076_image_mapping.json	71	4	11	1063	car	images_THINGS/object_images/car/car_12s.jpg	/media/psycontrol/HDD/Datasets/THINGS/images_THINGS/object_images/car/car_12s.jpg	True	False	1
P05	Alper_03062026	lab_data/P05/Alper_03062026_EEG_recon_2026-06-03_13h00.00.076_image_mapping.json	72	4	12	1118	candy_bar	images_THINGS/object_images/candy_bar/candy_bar_09s.jpg	/media/psycontrol/HDD/Datasets/THINGS/images_THINGS/object_images/candy_bar/candy_bar_09s.jpg	True	True	2
P05	Alper_03062026	lab_data/P05/Alper_03062026_EEG_recon_2026-06-03_13h00.00.076_image_mapping.json	73	4	13	1092	bunkbed	images_THINGS/object_images/bunkbed/bunkbed_02s.jpg	/media/psycontrol/HDD/Datasets/THINGS/images_THINGS/object_images/bunkbed/bunkbed_02s.jpg	True	True	2
P05	Alper_03062026	lab_data/P05/Alper_03062026_EEG_recon_2026-06-03_13h00.00.076_image_mapping.json	74	4	14	1038	cupcake	images_THINGS/object_images/cupcake/cupcake_07s.jpg	/media/psycontrol/HDD/Datasets/THINGS/images_THINGS/object_images/cupcake/cupcake_07s.jpg	True	False	1
P05	Alper_03062026	lab_data/P05/Alper_03062026_EEG_recon_2026-06-03_13h00.00.076_image_mapping.json	75	4	15	1061	taco	images_THINGS/object_images/taco/taco_06n.jpg	/media/psycontrol/HDD/Datasets/THINGS/images_THINGS/object_images/taco/taco_06n.jpg	True	False	2
P05	Alper_03062026	lab_data/P05/Alper_03062026_EEG_recon_2026-06-03_13h00.00.076_image_mapping.json	76	4	16	1130	showerhead	images_THINGS/object_images/showerhead/showerhead_05s.jpg	/media/psycontrol/HDD/Datasets/THINGS/images_THINGS/object_images/showerhead/showerhead_05s.jpg	True	False	2
P05	Alper_03062026	lab_data/P05/Alper_03062026_EEG_recon_2026-06-03_13h00.00.076_image_mapping.json	77	4	17	1143	mango	images_THINGS/object_images/mango/mango_16s.jpg	/media/psycontrol/HDD/Datasets/THINGS/images_THINGS/object_images/mango/mango_16s.jpg	True	False	2
P05	Alper_03062026	lab_data/P05/Alper_03062026_EEG_recon_2026-06-03_13h00.00.076_image_mapping.json	78	4	18	1123	sorbet	images_THINGS/object_images/sorbet/sorbet_05s.jpg	/media/psycontrol/HDD/Datasets/THINGS/images_THINGS/object_images/sorbet/sorbet_05s.jpg	True	False	1
P05	Alper_03062026	lab_data/P05/Alper_03062026_EEG_recon_2026-06-03_13h00.00.076_image_mapping.json	79	4	19	1013	banana	images_THINGS/object_images/banana/banana_13s.jpg	/media/psycontrol/HDD/Datasets/THINGS/images_THINGS/object_images/banana/banana_13s.jpg	True	False	1
P05	Alper_03062026	lab_data/P05/Alper_03062026_EEG_recon_2026-06-03_13h00.00.076_image_mapping.json	80	4	20	1139	earwig	images_THINGS/object_images/earwig/earwig_09s.jpg	/media/psycontrol/HDD/Datasets/THINGS/images_THINGS/object_images/earwig/earwig_09s.jpg	True	False	1
P05	Alper_03062026	lab_data/P05/Alper_03062026_EEG_recon_2026-06-03_13h00.00.076_image_mapping.json	81	5	1	1079	puppy	images_THINGS/object_images/puppy/puppy_12s.jpg	/media/psycontrol/HDD/Datasets/THINGS/images_THINGS/object_images/puppy/puppy_12s.jpg	True	False	1
P05	Alper_03062026	lab_data/P05/Alper_03062026_EEG_recon_2026-06-03_13h00.00.076_image_mapping.json	82	5	2	1082	necklace	images_THINGS/object_images/necklace/necklace_11s.jpg	/media/psycontrol/HDD/Datasets/THINGS/images_THINGS/object_images/necklace/necklace_11s.jpg	True	False	2
P05	Alper_03062026	lab_data/P05/Alper_03062026_EEG_recon_2026-06-03_13h00.00.076_image_mapping.json	83	5	3	1131	eel	images_THINGS/object_images/eel/eel_09s.jpg	/media/psycontrol/HDD/Datasets/THINGS/images_THINGS/object_images/eel/eel_09s.jpg	True	False	1
P05	Alper_03062026	lab_data/P05/Alper_03062026_EEG_recon_2026-06-03_13h00.00.076_image_mapping.json	84	5	4	1143	mango	images_THINGS/object_images/mango/mango_16s.jpg	/media/psycontrol/HDD/Datasets/THINGS/images_THINGS/object_images/mango/mango_16s.jpg	True	True	2
P05	Alper_03062026	lab_data/P05/Alper_03062026_EEG_recon_2026-06-03_13h00.00.076_image_mapping.json	85	5	5	1109	wasp	images_THINGS/object_images/wasp/wasp_09n.jpg	/media/psycontrol/HDD/Datasets/THINGS/images_THINGS/object_images/wasp/wasp_09n.jpg	True	False	1
P05	Alper_03062026	lab_data/P05/Alper_03062026_EEG_recon_2026-06-03_13h00.00.076_image_mapping.json	86	5	6	1046	tiramisu	images_THINGS/object_images/tiramisu/tiramisu_12s.jpg	/media/psycontrol/HDD/Datasets/THINGS/images_THINGS/object_images/tiramisu/tiramisu_12s.jpg	True	True	2
P05	Alper_03062026	lab_data/P05/Alper_03062026_EEG_recon_2026-06-03_13h00.00.076_image_mapping.json	87	5	7	1133	cockatoo	images_THINGS/object_images/cockatoo/cockatoo_04s.jpg	/media/psycontrol/HDD/Datasets/THINGS/images_THINGS/object_images/cockatoo/cockatoo_04s.jpg	True	False	1
P05	Alper_03062026	lab_data/P05/Alper_03062026_EEG_recon_2026-06-03_13h00.00.076_image_mapping.json	88	5	8	1002	pea	images_THINGS/object_images/pea/pea_10s.jpg	/media/psycontrol/HDD/Datasets/THINGS/images_THINGS/object_images/pea/pea_10s.jpg	True	False	1
P05	Alper_03062026	lab_data/P05/Alper_03062026_EEG_recon_2026-06-03_13h00.00.076_image_mapping.json	89	5	9	1135	pony	images_THINGS/object_images/pony/pony_01b.jpg	/media/psycontrol/HDD/Datasets/THINGS/images_THINGS/object_images/pony/pony_01b.jpg	True	False	1
P05	Alper_03062026	lab_data/P05/Alper_03062026_EEG_recon_2026-06-03_13h00.00.076_image_mapping.json	90	5	10	1125	sundae	images_THINGS/object_images/sundae/sundae_09s.jpg	/media/psycontrol/HDD/Datasets/THINGS/images_THINGS/object_images/sundae/sundae_09s.jpg	True	True	2
P05	Alper_03062026	lab_data/P05/Alper_03062026_EEG_recon_2026-06-03_13h00.00.076_image_mapping.json	91	5	11	1124	nightshirt	images_THINGS/object_images/nightshirt/nightshirt_11s.jpg	/media/psycontrol/HDD/Datasets/THINGS/images_THINGS/object_images/nightshirt/nightshirt_11s.jpg	True	True	2
P05	Alper_03062026	lab_data/P05/Alper_03062026_EEG_recon_2026-06-03_13h00.00.076_image_mapping.json	92	5	12	1140	kayak	images_THINGS/object_images/kayak/kayak_04s.jpg	/media/psycontrol/HDD/Datasets/THINGS/images_THINGS/object_images/kayak/kayak_04s.jpg	True	False	1
P05	Alper_03062026	lab_data/P05/Alper_03062026_EEG_recon_2026-06-03_13h00.00.076_image_mapping.json	93	5	13	1059	zucchini	images_THINGS/object_images/zucchini/zucchini_02s.jpg	/media/psycontrol/HDD/Datasets/THINGS/images_THINGS/object_images/zucchini/zucchini_02s.jpg	True	False	2
P05	Alper_03062026	lab_data/P05/Alper_03062026_EEG_recon_2026-06-03_13h00.00.076_image_mapping.json	94	5	14	1040	panda	images_THINGS/object_images/panda/panda_01b.jpg	/media/psycontrol/HDD/Datasets/THINGS/images_THINGS/object_images/panda/panda_01b.jpg	True	False	1
P05	Alper_03062026	lab_data/P05/Alper_03062026_EEG_recon_2026-06-03_13h00.00.076_image_mapping.json	95	5	15	1061	taco	images_THINGS/object_images/taco/taco_06n.jpg	/media/psycontrol/HDD/Datasets/THINGS/images_THINGS/object_images/taco/taco_06n.jpg	True	True	2
P05	Alper_03062026	lab_data/P05/Alper_03062026_EEG_recon_2026-06-03_13h00.00.076_image_mapping.json	96	5	16	1107	omelet	images_THINGS/object_images/omelet/omelet_06s.jpg	/media/psycontrol/HDD/Datasets/THINGS/images_THINGS/object_images/omelet/omelet_06s.jpg	True	False	1
P05	Alper_03062026	lab_data/P05/Alper_03062026_EEG_recon_2026-06-03_13h00.00.076_image_mapping.json	97	5	17	1086	pasta	images_THINGS/object_images/pasta/pasta_12s.jpg	/media/psycontrol/HDD/Datasets/THINGS/images_THINGS/object_images/pasta/pasta_12s.jpg	True	False	1
P05	Alper_03062026	lab_data/P05/Alper_03062026_EEG_recon_2026-06-03_13h00.00.076_image_mapping.json	98	5	18	1010	pineapple	images_THINGS/object_images/pineapple/pineapple_08s.jpg	/media/psycontrol/HDD/Datasets/THINGS/images_THINGS/object_images/pineapple/pineapple_08s.jpg	True	False	1
P05	Alper_03062026	lab_data/P05/Alper_03062026_EEG_recon_2026-06-03_13h00.00.076_image_mapping.json	99	5	19	1127	space_shuttle	images_THINGS/object_images/space_shuttle/space_shuttle_12s.jpg	/media/psycontrol/HDD/Datasets/THINGS/images_THINGS/object_images/space_shuttle/space_shuttle_12s.jpg	True	False	1
P05	Alper_03062026	lab_data/P05/Alper_03062026_EEG_recon_2026-06-03_13h00.00.076_image_mapping.json	100	5	20	1155	kale	images_THINGS/object_images/kale/kale_01b.jpg	/media/psycontrol/HDD/Datasets/THINGS/images_THINGS/object_images/kale/kale_01b.jpg	True	False	1
P05	Alper_03062026	lab_data/P05/Alper_03062026_EEG_recon_2026-06-03_13h00.00.076_image_mapping.json	101	6	1	1152	speedboat	images_THINGS/object_images/speedboat/speedboat_06s.jpg	/media/psycontrol/HDD/Datasets/THINGS/images_THINGS/object_images/speedboat/speedboat_06s.jpg	True	False	1
P05	Alper_03062026	lab_data/P05/Alper_03062026_EEG_recon_2026-06-03_13h00.00.076_image_mapping.json	102	6	2	1008	keyboard	images_THINGS/object_images/keyboard/keyboard_13s.jpg	/media/psycontrol/HDD/Datasets/THINGS/images_THINGS/object_images/keyboard/keyboard_13s.jpg	True	False	1
P05	Alper_03062026	lab_data/P05/Alper_03062026_EEG_recon_2026-06-03_13h00.00.076_image_mapping.json	103	6	3	1042	eagle	images_THINGS/object_images/eagle/eagle_08s.jpg	/media/psycontrol/HDD/Datasets/THINGS/images_THINGS/object_images/eagle/eagle_08s.jpg	True	False	1
P05	Alper_03062026	lab_data/P05/Alper_03062026_EEG_recon_2026-06-03_13h00.00.076_image_mapping.json	104	6	4	1028	meatball	images_THINGS/object_images/meatball/meatball_04s.jpg	/media/psycontrol/HDD/Datasets/THINGS/images_THINGS/object_images/meatball/meatball_04s.jpg	True	False	1
P05	Alper_03062026	lab_data/P05/Alper_03062026_EEG_recon_2026-06-03_13h00.00.076_image_mapping.json	105	6	5	1062	antelope	images_THINGS/object_images/antelope/antelope_12n.jpg	/media/psycontrol/HDD/Datasets/THINGS/images_THINGS/object_images/antelope/antelope_12n.jpg	True	True	2
P05	Alper_03062026	lab_data/P05/Alper_03062026_EEG_recon_2026-06-03_13h00.00.076_image_mapping.json	106	6	6	1085	frog	images_THINGS/object_images/frog/frog_09s.jpg	/media/psycontrol/HDD/Datasets/THINGS/images_THINGS/object_images/frog/frog_09s.jpg	True	False	1
P05	Alper_03062026	lab_data/P05/Alper_03062026_EEG_recon_2026-06-03_13h00.00.076_image_mapping.json	107	6	7	1074	cobra	images_THINGS/object_images/cobra/cobra_07s.jpg	/media/psycontrol/HDD/Datasets/THINGS/images_THINGS/object_images/cobra/cobra_07s.jpg	True	False	1
P05	Alper_03062026	lab_data/P05/Alper_03062026_EEG_recon_2026-06-03_13h00.00.076_image_mapping.json	108	6	8	1103	blazer	images_THINGS/object_images/blazer/blazer_05s.jpg	/media/psycontrol/HDD/Datasets/THINGS/images_THINGS/object_images/blazer/blazer_05s.jpg	True	False	1
P05	Alper_03062026	lab_data/P05/Alper_03062026_EEG_recon_2026-06-03_13h00.00.076_image_mapping.json	109	6	9	1017	carrot	images_THINGS/object_images/carrot/carrot_01b.jpg	/media/psycontrol/HDD/Datasets/THINGS/images_THINGS/object_images/carrot/carrot_01b.jpg	True	False	1
P05	Alper_03062026	lab_data/P05/Alper_03062026_EEG_recon_2026-06-03_13h00.00.076_image_mapping.json	110	6	10	1126	helicopter	images_THINGS/object_images/helicopter/helicopter_20s.jpg	/media/psycontrol/HDD/Datasets/THINGS/images_THINGS/object_images/helicopter/helicopter_20s.jpg	True	False	2
P05	Alper_03062026	lab_data/P05/Alper_03062026_EEG_recon_2026-06-03_13h00.00.076_image_mapping.json	111	6	11	1106	swordfish	images_THINGS/object_images/swordfish/swordfish_07s.jpg	/media/psycontrol/HDD/Datasets/THINGS/images_THINGS/object_images/swordfish/swordfish_07s.jpg	True	False	1
P05	Alper_03062026	lab_data/P05/Alper_03062026_EEG_recon_2026-06-03_13h00.00.076_image_mapping.json	112	6	12	1068	radio	images_THINGS/object_images/radio/radio_04s.jpg	/media/psycontrol/HDD/Datasets/THINGS/images_THINGS/object_images/radio/radio_04s.jpg	True	False	1
P05	Alper_03062026	lab_data/P05/Alper_03062026_EEG_recon_2026-06-03_13h00.00.076_image_mapping.json	113	6	13	1100	champagne	images_THINGS/object_images/champagne/champagne_01b.jpg	/media/psycontrol/HDD/Datasets/THINGS/images_THINGS/object_images/champagne/champagne_01b.jpg	True	False	1
P05	Alper_03062026	lab_data/P05/Alper_03062026_EEG_recon_2026-06-03_13h00.00.076_image_mapping.json	114	6	14	1084	cheetah	images_THINGS/object_images/cheetah/cheetah_06s.jpg	/media/psycontrol/HDD/Datasets/THINGS/images_THINGS/object_images/cheetah/cheetah_06s.jpg	True	False	2
P05	Alper_03062026	lab_data/P05/Alper_03062026_EEG_recon_2026-06-03_13h00.00.076_image_mapping.json	115	6	15	1120	owl	images_THINGS/object_images/owl/owl_19s.jpg	/media/psycontrol/HDD/Datasets/THINGS/images_THINGS/object_images/owl/owl_19s.jpg	True	True	2
P05	Alper_03062026	lab_data/P05/Alper_03062026_EEG_recon_2026-06-03_13h00.00.076_image_mapping.json	116	6	16	1129	workbench	images_THINGS/object_images/workbench/workbench_07s.jpg	/media/psycontrol/HDD/Datasets/THINGS/images_THINGS/object_images/workbench/workbench_07s.jpg	True	False	2
P05	Alper_03062026	lab_data/P05/Alper_03062026_EEG_recon_2026-06-03_13h00.00.076_image_mapping.json	117	6	17	1053	reindeer	images_THINGS/object_images/reindeer/reindeer_14s.jpg	/media/psycontrol/HDD/Datasets/THINGS/images_THINGS/object_images/reindeer/reindeer_14s.jpg	True	True	2
P05	Alper_03062026	lab_data/P05/Alper_03062026_EEG_recon_2026-06-03_13h00.00.076_image_mapping.json	118	6	18	1039	sailboat	images_THINGS/object_images/sailboat/sailboat_07s.jpg	/media/psycontrol/HDD/Datasets/THINGS/images_THINGS/object_images/sailboat/sailboat_07s.jpg	True	False	1
P05	Alper_03062026	lab_data/P05/Alper_03062026_EEG_recon_2026-06-03_13h00.00.076_image_mapping.json	119	6	19	1111	creme_brulee	images_THINGS/object_images/creme_brulee/creme_brulee_01b.jpg	/media/psycontrol/HDD/Datasets/THINGS/images_THINGS/object_images/creme_brulee/creme_brulee_01b.jpg	True	False	1
P05	Alper_03062026	lab_data/P05/Alper_03062026_EEG_recon_2026-06-03_13h00.00.076_image_mapping.json	120	6	20	1012	burrito	images_THINGS/object_images/burrito/burrito_07s.jpg	/media/psycontrol/HDD/Datasets/THINGS/images_THINGS/object_images/burrito/burrito_07s.jpg	True	True	2
P05	Alper_03062026	lab_data/P05/Alper_03062026_EEG_recon_2026-06-03_13h00.00.076_image_mapping.json	121	7	1	1067	taffy	images_THINGS/object_images/taffy/taffy_11s.jpg	/media/psycontrol/HDD/Datasets/THINGS/images_THINGS/object_images/taffy/taffy_11s.jpg	True	False	1
P05	Alper_03062026	lab_data/P05/Alper_03062026_EEG_recon_2026-06-03_13h00.00.076_image_mapping.json	122	7	2	1084	cheetah	images_THINGS/object_images/cheetah/cheetah_06s.jpg	/media/psycontrol/HDD/Datasets/THINGS/images_THINGS/object_images/cheetah/cheetah_06s.jpg	True	True	2
P05	Alper_03062026	lab_data/P05/Alper_03062026_EEG_recon_2026-06-03_13h00.00.076_image_mapping.json	123	7	3	1082	necklace	images_THINGS/object_images/necklace/necklace_11s.jpg	/media/psycontrol/HDD/Datasets/THINGS/images_THINGS/object_images/necklace/necklace_11s.jpg	True	True	2
P05	Alper_03062026	lab_data/P05/Alper_03062026_EEG_recon_2026-06-03_13h00.00.076_image_mapping.json	124	7	4	1051	yacht	images_THINGS/object_images/yacht/yacht_05s.jpg	/media/psycontrol/HDD/Datasets/THINGS/images_THINGS/object_images/yacht/yacht_05s.jpg	True	False	2
P05	Alper_03062026	lab_data/P05/Alper_03062026_EEG_recon_2026-06-03_13h00.00.076_image_mapping.json	125	7	5	1091	kitten	images_THINGS/object_images/kitten/kitten_09s.jpg	/media/psycontrol/HDD/Datasets/THINGS/images_THINGS/object_images/kitten/kitten_09s.jpg	True	False	1
P05	Alper_03062026	lab_data/P05/Alper_03062026_EEG_recon_2026-06-03_13h00.00.076_image_mapping.json	126	7	6	1081	police_car	images_THINGS/object_images/police_car/police_car_14s.jpg	/media/psycontrol/HDD/Datasets/THINGS/images_THINGS/object_images/police_car/police_car_14s.jpg	True	False	1
P05	Alper_03062026	lab_data/P05/Alper_03062026_EEG_recon_2026-06-03_13h00.00.076_image_mapping.json	127	7	7	1154	chandelier	images_THINGS/object_images/chandelier/chandelier_10s.jpg	/media/psycontrol/HDD/Datasets/THINGS/images_THINGS/object_images/chandelier/chandelier_10s.jpg	True	False	1
P05	Alper_03062026	lab_data/P05/Alper_03062026_EEG_recon_2026-06-03_13h00.00.076_image_mapping.json	128	7	8	1087	bathrobe	images_THINGS/object_images/bathrobe/bathrobe_12s.jpg	/media/psycontrol/HDD/Datasets/THINGS/images_THINGS/object_images/bathrobe/bathrobe_12s.jpg	True	False	1
P05	Alper_03062026	lab_data/P05/Alper_03062026_EEG_recon_2026-06-03_13h00.00.076_image_mapping.json	129	7	9	1065	cabinet	images_THINGS/object_images/cabinet/cabinet_07s.jpg	/media/psycontrol/HDD/Datasets/THINGS/images_THINGS/object_images/cabinet/cabinet_07s.jpg	True	False	1
P05	Alper_03062026	lab_data/P05/Alper_03062026_EEG_recon_2026-06-03_13h00.00.076_image_mapping.json	130	7	10	1114	spinach	images_THINGS/object_images/spinach/spinach_09s.jpg	/media/psycontrol/HDD/Datasets/THINGS/images_THINGS/object_images/spinach/spinach_09s.jpg	True	False	1
P05	Alper_03062026	lab_data/P05/Alper_03062026_EEG_recon_2026-06-03_13h00.00.076_image_mapping.json	131	7	11	1138	ping-pong_table	images_THINGS/object_images/ping-pong_table/ping-pong_table_10s.jpg	/media/psycontrol/HDD/Datasets/THINGS/images_THINGS/object_images/ping-pong_table/ping-pong_table_10s.jpg	True	False	1
P05	Alper_03062026	lab_data/P05/Alper_03062026_EEG_recon_2026-06-03_13h00.00.076_image_mapping.json	132	7	12	1113	firetruck	images_THINGS/object_images/firetruck/firetruck_04s.jpg	/media/psycontrol/HDD/Datasets/THINGS/images_THINGS/object_images/firetruck/firetruck_04s.jpg	True	False	1
P05	Alper_03062026	lab_data/P05/Alper_03062026_EEG_recon_2026-06-03_13h00.00.076_image_mapping.json	133	7	13	1021	tea	images_THINGS/object_images/tea/tea_10s.jpg	/media/psycontrol/HDD/Datasets/THINGS/images_THINGS/object_images/tea/tea_10s.jpg	True	False	1
P05	Alper_03062026	lab_data/P05/Alper_03062026_EEG_recon_2026-06-03_13h00.00.076_image_mapping.json	134	7	14	1023	wolf	images_THINGS/object_images/wolf/wolf_12n.jpg	/media/psycontrol/HDD/Datasets/THINGS/images_THINGS/object_images/wolf/wolf_12n.jpg	True	True	2
P05	Alper_03062026	lab_data/P05/Alper_03062026_EEG_recon_2026-06-03_13h00.00.076_image_mapping.json	135	7	15	1093	duckling	images_THINGS/object_images/duckling/duckling_25s.jpg	/media/psycontrol/HDD/Datasets/THINGS/images_THINGS/object_images/duckling/duckling_25s.jpg	True	False	1
P05	Alper_03062026	lab_data/P05/Alper_03062026_EEG_recon_2026-06-03_13h00.00.076_image_mapping.json	136	7	16	1146	cheesecake	images_THINGS/object_images/cheesecake/cheesecake_06s.jpg	/media/psycontrol/HDD/Datasets/THINGS/images_THINGS/object_images/cheesecake/cheesecake_06s.jpg	True	False	1
P05	Alper_03062026	lab_data/P05/Alper_03062026_EEG_recon_2026-06-03_13h00.00.076_image_mapping.json	137	7	17	1045	goose	images_THINGS/object_images/goose/goose_08s.jpg	/media/psycontrol/HDD/Datasets/THINGS/images_THINGS/object_images/goose/goose_08s.jpg	True	True	2
P05	Alper_03062026	lab_data/P05/Alper_03062026_EEG_recon_2026-06-03_13h00.00.076_image_mapping.json	138	7	18	1156	coconut	images_THINGS/object_images/coconut/coconut_08s.jpg	/media/psycontrol/HDD/Datasets/THINGS/images_THINGS/object_images/coconut/coconut_08s.jpg	True	False	1
P05	Alper_03062026	lab_data/P05/Alper_03062026_EEG_recon_2026-06-03_13h00.00.076_image_mapping.json	139	7	19	1058	loveseat	images_THINGS/object_images/loveseat/loveseat_10s.jpg	/media/psycontrol/HDD/Datasets/THINGS/images_THINGS/object_images/loveseat/loveseat_10s.jpg	True	False	1
P05	Alper_03062026	lab_data/P05/Alper_03062026_EEG_recon_2026-06-03_13h00.00.076_image_mapping.json	140	7	20	1055	seagull	images_THINGS/object_images/seagull/seagull_11s.jpg	/media/psycontrol/HDD/Datasets/THINGS/images_THINGS/object_images/seagull/seagull_11s.jpg	True	False	1
P05	Alper_03062026	lab_data/P05/Alper_03062026_EEG_recon_2026-06-03_13h00.00.076_image_mapping.json	141	8	1	1056	leggings	images_THINGS/object_images/leggings/leggings_02s.jpg	/media/psycontrol/HDD/Datasets/THINGS/images_THINGS/object_images/leggings/leggings_02s.jpg	True	False	1
P05	Alper_03062026	lab_data/P05/Alper_03062026_EEG_recon_2026-06-03_13h00.00.076_image_mapping.json	142	8	2	1054	bathtub	images_THINGS/object_images/bathtub/bathtub_18s.jpg	/media/psycontrol/HDD/Datasets/THINGS/images_THINGS/object_images/bathtub/bathtub_18s.jpg	True	False	1
P05	Alper_03062026	lab_data/P05/Alper_03062026_EEG_recon_2026-06-03_13h00.00.076_image_mapping.json	143	8	3	1034	bracelet1	images_THINGS/object_images/bracelet1/bracelet1_18s.jpg	/media/psycontrol/HDD/Datasets/THINGS/images_THINGS/object_images/bracelet1/bracelet1_18s.jpg	True	False	1
P05	Alper_03062026	lab_data/P05/Alper_03062026_EEG_recon_2026-06-03_13h00.00.076_image_mapping.json	144	8	4	1003	shorts	images_THINGS/object_images/shorts/shorts_14s.jpg	/media/psycontrol/HDD/Datasets/THINGS/images_THINGS/object_images/shorts/shorts_14s.jpg	True	False	1
P05	Alper_03062026	lab_data/P05/Alper_03062026_EEG_recon_2026-06-03_13h00.00.076_image_mapping.json	145	8	5	1078	sea_urchin	images_THINGS/object_images/sea_urchin/sea_urchin_08s.jpg	/media/psycontrol/HDD/Datasets/THINGS/images_THINGS/object_images/sea_urchin/sea_urchin_08s.jpg	True	False	1
P05	Alper_03062026	lab_data/P05/Alper_03062026_EEG_recon_2026-06-03_13h00.00.076_image_mapping.json	146	8	6	1105	gorilla	images_THINGS/object_images/gorilla/gorilla_19s.jpg	/media/psycontrol/HDD/Datasets/THINGS/images_THINGS/object_images/gorilla/gorilla_19s.jpg	True	False	1
P05	Alper_03062026	lab_data/P05/Alper_03062026_EEG_recon_2026-06-03_13h00.00.076_image_mapping.json	147	8	7	1129	workbench	images_THINGS/object_images/workbench/workbench_07s.jpg	/media/psycontrol/HDD/Datasets/THINGS/images_THINGS/object_images/workbench/workbench_07s.jpg	True	True	2
P05	Alper_03062026	lab_data/P05/Alper_03062026_EEG_recon_2026-06-03_13h00.00.076_image_mapping.json	148	8	8	1088	slipper	images_THINGS/object_images/slipper/slipper_02s.jpg	/media/psycontrol/HDD/Datasets/THINGS/images_THINGS/object_images/slipper/slipper_02s.jpg	True	False	1
P05	Alper_03062026	lab_data/P05/Alper_03062026_EEG_recon_2026-06-03_13h00.00.076_image_mapping.json	149	8	9	1102	crab	images_THINGS/object_images/crab/crab_02s.jpg	/media/psycontrol/HDD/Datasets/THINGS/images_THINGS/object_images/crab/crab_02s.jpg	True	False	1
P05	Alper_03062026	lab_data/P05/Alper_03062026_EEG_recon_2026-06-03_13h00.00.076_image_mapping.json	150	8	10	1033	helmet	images_THINGS/object_images/helmet/helmet_11s.jpg	/media/psycontrol/HDD/Datasets/THINGS/images_THINGS/object_images/helmet/helmet_11s.jpg	True	False	1
P05	Alper_03062026	lab_data/P05/Alper_03062026_EEG_recon_2026-06-03_13h00.00.076_image_mapping.json	151	8	11	1141	peach	images_THINGS/object_images/peach/peach_09n.jpg	/media/psycontrol/HDD/Datasets/THINGS/images_THINGS/object_images/peach/peach_09n.jpg	True	False	1
P05	Alper_03062026	lab_data/P05/Alper_03062026_EEG_recon_2026-06-03_13h00.00.076_image_mapping.json	152	8	12	1130	showerhead	images_THINGS/object_images/showerhead/showerhead_05s.jpg	/media/psycontrol/HDD/Datasets/THINGS/images_THINGS/object_images/showerhead/showerhead_05s.jpg	True	True	2
P05	Alper_03062026	lab_data/P05/Alper_03062026_EEG_recon_2026-06-03_13h00.00.076_image_mapping.json	153	8	13	1150	chick	images_THINGS/object_images/chick/chick_10s.jpg	/media/psycontrol/HDD/Datasets/THINGS/images_THINGS/object_images/chick/chick_10s.jpg	True	True	2
P05	Alper_03062026	lab_data/P05/Alper_03062026_EEG_recon_2026-06-03_13h00.00.076_image_mapping.json	154	8	14	1145	rocking_chair	images_THINGS/object_images/rocking_chair/rocking_chair_07s.jpg	/media/psycontrol/HDD/Datasets/THINGS/images_THINGS/object_images/rocking_chair/rocking_chair_07s.jpg	True	True	2
P05	Alper_03062026	lab_data/P05/Alper_03062026_EEG_recon_2026-06-03_13h00.00.076_image_mapping.json	155	8	15	1094	onion	images_THINGS/object_images/onion/onion_03n.jpg	/media/psycontrol/HDD/Datasets/THINGS/images_THINGS/object_images/onion/onion_03n.jpg	True	False	1
P05	Alper_03062026	lab_data/P05/Alper_03062026_EEG_recon_2026-06-03_13h00.00.076_image_mapping.json	156	8	16	1153	donut	images_THINGS/object_images/donut/donut_15s.jpg	/media/psycontrol/HDD/Datasets/THINGS/images_THINGS/object_images/donut/donut_15s.jpg	True	False	1
P05	Alper_03062026	lab_data/P05/Alper_03062026_EEG_recon_2026-06-03_13h00.00.076_image_mapping.json	157	8	17	1027	memory_stick	images_THINGS/object_images/memory_stick/memory_stick_08s.jpg	/media/psycontrol/HDD/Datasets/THINGS/images_THINGS/object_images/memory_stick/memory_stick_08s.jpg	True	False	2
P05	Alper_03062026	lab_data/P05/Alper_03062026_EEG_recon_2026-06-03_13h00.00.076_image_mapping.json	158	8	18	1014	shark	images_THINGS/object_images/shark/shark_07s.jpg	/media/psycontrol/HDD/Datasets/THINGS/images_THINGS/object_images/shark/shark_07s.jpg	True	False	1
P05	Alper_03062026	lab_data/P05/Alper_03062026_EEG_recon_2026-06-03_13h00.00.076_image_mapping.json	159	8	19	1025	llama	images_THINGS/object_images/llama/llama_05s.jpg	/media/psycontrol/HDD/Datasets/THINGS/images_THINGS/object_images/llama/llama_05s.jpg	True	False	1
P05	Alper_03062026	lab_data/P05/Alper_03062026_EEG_recon_2026-06-03_13h00.00.076_image_mapping.json	160	8	20	1148	broccoli	images_THINGS/object_images/broccoli/broccoli_09s.jpg	/media/psycontrol/HDD/Datasets/THINGS/images_THINGS/object_images/broccoli/broccoli_09s.jpg	True	False	1
P05	Alper_03062026	lab_data/P05/Alper_03062026_EEG_recon_2026-06-03_13h00.00.076_image_mapping.json	161	9	1	1147	lemonade	images_THINGS/object_images/lemonade/lemonade_01b.jpg	/media/psycontrol/HDD/Datasets/THINGS/images_THINGS/object_images/lemonade/lemonade_01b.jpg	True	True	2
P05	Alper_03062026	lab_data/P05/Alper_03062026_EEG_recon_2026-06-03_13h00.00.076_image_mapping.json	162	9	2	1083	shirt	images_THINGS/object_images/shirt/shirt_03s.jpg	/media/psycontrol/HDD/Datasets/THINGS/images_THINGS/object_images/shirt/shirt_03s.jpg	True	False	1
P05	Alper_03062026	lab_data/P05/Alper_03062026_EEG_recon_2026-06-03_13h00.00.076_image_mapping.json	163	9	3	1041	octopus	images_THINGS/object_images/octopus/octopus_09s.jpg	/media/psycontrol/HDD/Datasets/THINGS/images_THINGS/object_images/octopus/octopus_09s.jpg	True	False	1
P05	Alper_03062026	lab_data/P05/Alper_03062026_EEG_recon_2026-06-03_13h00.00.076_image_mapping.json	164	9	4	1018	coffee	images_THINGS/object_images/coffee/coffee_15s.jpg	/media/psycontrol/HDD/Datasets/THINGS/images_THINGS/object_images/coffee/coffee_15s.jpg	True	False	1
P05	Alper_03062026	lab_data/P05/Alper_03062026_EEG_recon_2026-06-03_13h00.00.076_image_mapping.json	165	9	5	1136	snake	images_THINGS/object_images/snake/snake_16n.jpg	/media/psycontrol/HDD/Datasets/THINGS/images_THINGS/object_images/snake/snake_16n.jpg	True	False	1
P05	Alper_03062026	lab_data/P05/Alper_03062026_EEG_recon_2026-06-03_13h00.00.076_image_mapping.json	166	9	6	1044	raccoon	images_THINGS/object_images/raccoon/raccoon_08n.jpg	/media/psycontrol/HDD/Datasets/THINGS/images_THINGS/object_images/raccoon/raccoon_08n.jpg	True	False	1
P05	Alper_03062026	lab_data/P05/Alper_03062026_EEG_recon_2026-06-03_13h00.00.076_image_mapping.json	167	9	7	1027	memory_stick	images_THINGS/object_images/memory_stick/memory_stick_08s.jpg	/media/psycontrol/HDD/Datasets/THINGS/images_THINGS/object_images/memory_stick/memory_stick_08s.jpg	True	True	2
P05	Alper_03062026	lab_data/P05/Alper_03062026_EEG_recon_2026-06-03_13h00.00.076_image_mapping.json	168	9	8	1128	toad	images_THINGS/object_images/toad/toad_01b.jpg	/media/psycontrol/HDD/Datasets/THINGS/images_THINGS/object_images/toad/toad_01b.jpg	True	False	1
P05	Alper_03062026	lab_data/P05/Alper_03062026_EEG_recon_2026-06-03_13h00.00.076_image_mapping.json	169	9	9	1043	ostrich	images_THINGS/object_images/ostrich/ostrich_15s.jpg	/media/psycontrol/HDD/Datasets/THINGS/images_THINGS/object_images/ostrich/ostrich_15s.jpg	True	False	1
P05	Alper_03062026	lab_data/P05/Alper_03062026_EEG_recon_2026-06-03_13h00.00.076_image_mapping.json	170	9	10	1099	tricycle	images_THINGS/object_images/tricycle/tricycle_12s.jpg	/media/psycontrol/HDD/Datasets/THINGS/images_THINGS/object_images/tricycle/tricycle_12s.jpg	True	False	1
P05	Alper_03062026	lab_data/P05/Alper_03062026_EEG_recon_2026-06-03_13h00.00.076_image_mapping.json	171	9	11	1117	hamster	images_THINGS/object_images/hamster/hamster_07s.jpg	/media/psycontrol/HDD/Datasets/THINGS/images_THINGS/object_images/hamster/hamster_07s.jpg	True	False	1
P05	Alper_03062026	lab_data/P05/Alper_03062026_EEG_recon_2026-06-03_13h00.00.076_image_mapping.json	172	9	12	1030	puffin	images_THINGS/object_images/puffin/puffin_02s.jpg	/media/psycontrol/HDD/Datasets/THINGS/images_THINGS/object_images/puffin/puffin_02s.jpg	True	False	1
P05	Alper_03062026	lab_data/P05/Alper_03062026_EEG_recon_2026-06-03_13h00.00.076_image_mapping.json	173	9	13	1080	camcorder	images_THINGS/object_images/camcorder/camcorder_07s.jpg	/media/psycontrol/HDD/Datasets/THINGS/images_THINGS/object_images/camcorder/camcorder_07s.jpg	True	False	1
P05	Alper_03062026	lab_data/P05/Alper_03062026_EEG_recon_2026-06-03_13h00.00.076_image_mapping.json	174	9	14	1070	dragonfly	images_THINGS/object_images/dragonfly/dragonfly_10s.jpg	/media/psycontrol/HDD/Datasets/THINGS/images_THINGS/object_images/dragonfly/dragonfly_10s.jpg	True	False	1
P05	Alper_03062026	lab_data/P05/Alper_03062026_EEG_recon_2026-06-03_13h00.00.076_image_mapping.json	175	9	15	1007	mirror	images_THINGS/object_images/mirror/mirror_08s.jpg	/media/psycontrol/HDD/Datasets/THINGS/images_THINGS/object_images/mirror/mirror_08s.jpg	True	False	1
P05	Alper_03062026	lab_data/P05/Alper_03062026_EEG_recon_2026-06-03_13h00.00.076_image_mapping.json	176	9	16	1059	zucchini	images_THINGS/object_images/zucchini/zucchini_02s.jpg	/media/psycontrol/HDD/Datasets/THINGS/images_THINGS/object_images/zucchini/zucchini_02s.jpg	True	True	2
P05	Alper_03062026	lab_data/P05/Alper_03062026_EEG_recon_2026-06-03_13h00.00.076_image_mapping.json	177	9	17	1158	bulldozer	images_THINGS/object_images/bulldozer/bulldozer_06s.jpg	/media/psycontrol/HDD/Datasets/THINGS/images_THINGS/object_images/bulldozer/bulldozer_06s.jpg	True	False	1
P05	Alper_03062026	lab_data/P05/Alper_03062026_EEG_recon_2026-06-03_13h00.00.076_image_mapping.json	178	9	18	1051	yacht	images_THINGS/object_images/yacht/yacht_05s.jpg	/media/psycontrol/HDD/Datasets/THINGS/images_THINGS/object_images/yacht/yacht_05s.jpg	True	True	2
P05	Alper_03062026	lab_data/P05/Alper_03062026_EEG_recon_2026-06-03_13h00.00.076_image_mapping.json	179	9	19	1076	groundhog	images_THINGS/object_images/groundhog/groundhog_01b.jpg	/media/psycontrol/HDD/Datasets/THINGS/images_THINGS/object_images/groundhog/groundhog_01b.jpg	True	False	1
P05	Alper_03062026	lab_data/P05/Alper_03062026_EEG_recon_2026-06-03_13h00.00.076_image_mapping.json	180	9	20	1122	webcam	images_THINGS/object_images/webcam/webcam_08s.jpg	/media/psycontrol/HDD/Datasets/THINGS/images_THINGS/object_images/webcam/webcam_08s.jpg	True	False	1
P05	Alper_03062026	lab_data/P05/Alper_03062026_EEG_recon_2026-06-03_13h00.00.076_image_mapping.json	181	10	1	1052	wallpaper	images_THINGS/object_images/wallpaper/wallpaper_01b.jpg	/media/psycontrol/HDD/Datasets/THINGS/images_THINGS/object_images/wallpaper/wallpaper_01b.jpg	True	True	2
P05	Alper_03062026	lab_data/P05/Alper_03062026_EEG_recon_2026-06-03_13h00.00.076_image_mapping.json	182	10	2	1142	piglet	images_THINGS/object_images/piglet/piglet_07s.jpg	/media/psycontrol/HDD/Datasets/THINGS/images_THINGS/object_images/piglet/piglet_07s.jpg	True	False	1
P05	Alper_03062026	lab_data/P05/Alper_03062026_EEG_recon_2026-06-03_13h00.00.076_image_mapping.json	183	10	3	1064	fly	images_THINGS/object_images/fly/fly_17s.jpg	/media/psycontrol/HDD/Datasets/THINGS/images_THINGS/object_images/fly/fly_17s.jpg	True	False	1
P05	Alper_03062026	lab_data/P05/Alper_03062026_EEG_recon_2026-06-03_13h00.00.076_image_mapping.json	184	10	4	1060	squirrel	images_THINGS/object_images/squirrel/squirrel_12n.jpg	/media/psycontrol/HDD/Datasets/THINGS/images_THINGS/object_images/squirrel/squirrel_12n.jpg	True	True	2
P05	Alper_03062026	lab_data/P05/Alper_03062026_EEG_recon_2026-06-03_13h00.00.076_image_mapping.json	185	10	5	1048	sombrero	images_THINGS/object_images/sombrero/sombrero_11s.jpg	/media/psycontrol/HDD/Datasets/THINGS/images_THINGS/object_images/sombrero/sombrero_11s.jpg	True	False	1
P05	Alper_03062026	lab_data/P05/Alper_03062026_EEG_recon_2026-06-03_13h00.00.076_image_mapping.json	186	10	6	1009	papaya	images_THINGS/object_images/papaya/papaya_08s.jpg	/media/psycontrol/HDD/Datasets/THINGS/images_THINGS/object_images/papaya/papaya_08s.jpg	True	False	1
P05	Alper_03062026	lab_data/P05/Alper_03062026_EEG_recon_2026-06-03_13h00.00.076_image_mapping.json	187	10	7	1072	blackberry	images_THINGS/object_images/blackberry/blackberry_08s.jpg	/media/psycontrol/HDD/Datasets/THINGS/images_THINGS/object_images/blackberry/blackberry_08s.jpg	True	False	1
P05	Alper_03062026	lab_data/P05/Alper_03062026_EEG_recon_2026-06-03_13h00.00.076_image_mapping.json	188	10	8	1089	unicycle	images_THINGS/object_images/unicycle/unicycle_08s.jpg	/media/psycontrol/HDD/Datasets/THINGS/images_THINGS/object_images/unicycle/unicycle_08s.jpg	True	False	1
P05	Alper_03062026	lab_data/P05/Alper_03062026_EEG_recon_2026-06-03_13h00.00.076_image_mapping.json	189	10	9	1075	filing_cabinet	images_THINGS/object_images/filing_cabinet/filing_cabinet_10s.jpg	/media/psycontrol/HDD/Datasets/THINGS/images_THINGS/object_images/filing_cabinet/filing_cabinet_10s.jpg	True	False	1
P05	Alper_03062026	lab_data/P05/Alper_03062026_EEG_recon_2026-06-03_13h00.00.076_image_mapping.json	190	10	10	1029	sheep	images_THINGS/object_images/sheep/sheep_06s.jpg	/media/psycontrol/HDD/Datasets/THINGS/images_THINGS/object_images/sheep/sheep_06s.jpg	True	False	1
P05	Alper_03062026	lab_data/P05/Alper_03062026_EEG_recon_2026-06-03_13h00.00.076_image_mapping.json	191	10	11	1069	rollerblade	images_THINGS/object_images/rollerblade/rollerblade_05s.jpg	/media/psycontrol/HDD/Datasets/THINGS/images_THINGS/object_images/rollerblade/rollerblade_05s.jpg	True	False	1
P05	Alper_03062026	lab_data/P05/Alper_03062026_EEG_recon_2026-06-03_13h00.00.076_image_mapping.json	192	10	12	1126	helicopter	images_THINGS/object_images/helicopter/helicopter_20s.jpg	/media/psycontrol/HDD/Datasets/THINGS/images_THINGS/object_images/helicopter/helicopter_20s.jpg	True	True	2
P05	Alper_03062026	lab_data/P05/Alper_03062026_EEG_recon_2026-06-03_13h00.00.076_image_mapping.json	193	10	13	1019	videocassette	images_THINGS/object_images/videocassette/videocassette_07n.jpg	/media/psycontrol/HDD/Datasets/THINGS/images_THINGS/object_images/videocassette/videocassette_07n.jpg	True	False	1
P05	Alper_03062026	lab_data/P05/Alper_03062026_EEG_recon_2026-06-03_13h00.00.076_image_mapping.json	194	10	14	1005	ottoman	images_THINGS/object_images/ottoman/ottoman_05s.jpg	/media/psycontrol/HDD/Datasets/THINGS/images_THINGS/object_images/ottoman/ottoman_05s.jpg	True	False	1
P05	Alper_03062026	lab_data/P05/Alper_03062026_EEG_recon_2026-06-03_13h00.00.076_image_mapping.json	195	10	15	1116	praying_mantis	images_THINGS/object_images/praying_mantis/praying_mantis_08s.jpg	/media/psycontrol/HDD/Datasets/THINGS/images_THINGS/object_images/praying_mantis/praying_mantis_08s.jpg	True	False	1
P05	Alper_03062026	lab_data/P05/Alper_03062026_EEG_recon_2026-06-03_13h00.00.076_image_mapping.json	196	10	16	1022	shoe	images_THINGS/object_images/shoe/shoe_01s.jpg	/media/psycontrol/HDD/Datasets/THINGS/images_THINGS/object_images/shoe/shoe_01s.jpg	True	False	1
P05	Alper_03062026	lab_data/P05/Alper_03062026_EEG_recon_2026-06-03_13h00.00.076_image_mapping.json	197	10	17	1066	giraffe	images_THINGS/object_images/giraffe/giraffe_17s.jpg	/media/psycontrol/HDD/Datasets/THINGS/images_THINGS/object_images/giraffe/giraffe_17s.jpg	True	False	1
P05	Alper_03062026	lab_data/P05/Alper_03062026_EEG_recon_2026-06-03_13h00.00.076_image_mapping.json	198	10	18	1004	dalmatian	images_THINGS/object_images/dalmatian/dalmatian_02s.jpg	/media/psycontrol/HDD/Datasets/THINGS/images_THINGS/object_images/dalmatian/dalmatian_02s.jpg	True	False	1
P05	Alper_03062026	lab_data/P05/Alper_03062026_EEG_recon_2026-06-03_13h00.00.076_image_mapping.json	199	10	19	1157	barnacle	images_THINGS/object_images/barnacle/barnacle_11s.jpg	/media/psycontrol/HDD/Datasets/THINGS/images_THINGS/object_images/barnacle/barnacle_11s.jpg	True	True	2
P05	Alper_03062026	lab_data/P05/Alper_03062026_EEG_recon_2026-06-03_13h00.00.076_image_mapping.json	200	10	20	1024	lab_coat	images_THINGS/object_images/lab_coat/lab_coat_08s.jpg	/media/psycontrol/HDD/Datasets/THINGS/images_THINGS/object_images/lab_coat/lab_coat_08s.jpg	True	False	1
P06	P06	lab_data/P06/P06_EEG_recon_2026-06-08_09h56.01.608_image_mapping.json	1	1	1	1096	beaver	images_THINGS/object_images/beaver/beaver_13n.jpg	/media/psycontrol/HDD/Datasets/THINGS/images_THINGS/object_images/beaver/beaver_13n.jpg	True	False	1
P06	P06	lab_data/P06/P06_EEG_recon_2026-06-08_09h56.01.608_image_mapping.json	2	1	2	1124	nightshirt	images_THINGS/object_images/nightshirt/nightshirt_11s.jpg	/media/psycontrol/HDD/Datasets/THINGS/images_THINGS/object_images/nightshirt/nightshirt_11s.jpg	True	False	2
P06	P06	lab_data/P06/P06_EEG_recon_2026-06-08_09h56.01.608_image_mapping.json	3	1	3	1006	cardinal	images_THINGS/object_images/cardinal/cardinal_02s.jpg	/media/psycontrol/HDD/Datasets/THINGS/images_THINGS/object_images/cardinal/cardinal_02s.jpg	True	False	2
P06	P06	lab_data/P06/P06_EEG_recon_2026-06-08_09h56.01.608_image_mapping.json	4	1	4	1071	mongoose	images_THINGS/object_images/mongoose/mongoose_10s.jpg	/media/psycontrol/HDD/Datasets/THINGS/images_THINGS/object_images/mongoose/mongoose_10s.jpg	True	False	2
P06	P06	lab_data/P06/P06_EEG_recon_2026-06-08_09h56.01.608_image_mapping.json	5	1	5	1077	bison	images_THINGS/object_images/bison/bison_08s.jpg	/media/psycontrol/HDD/Datasets/THINGS/images_THINGS/object_images/bison/bison_08s.jpg	True	False	1
P06	P06	lab_data/P06/P06_EEG_recon_2026-06-08_09h56.01.608_image_mapping.json	6	1	6	1159	pear	images_THINGS/object_images/pear/pear_09s.jpg	/media/psycontrol/HDD/Datasets/THINGS/images_THINGS/object_images/pear/pear_09s.jpg	True	False	2
P06	P06	lab_data/P06/P06_EEG_recon_2026-06-08_09h56.01.608_image_mapping.json	7	1	7	1062	antelope	images_THINGS/object_images/antelope/antelope_12n.jpg	/media/psycontrol/HDD/Datasets/THINGS/images_THINGS/object_images/antelope/antelope_12n.jpg	True	False	2
P06	P06	lab_data/P06/P06_EEG_recon_2026-06-08_09h56.01.608_image_mapping.json	8	1	8	1145	rocking_chair	images_THINGS/object_images/rocking_chair/rocking_chair_07s.jpg	/media/psycontrol/HDD/Datasets/THINGS/images_THINGS/object_images/rocking_chair/rocking_chair_07s.jpg	True	False	2
P06	P06	lab_data/P06/P06_EEG_recon_2026-06-08_09h56.01.608_image_mapping.json	9	1	9	1015	moose	images_THINGS/object_images/moose/moose_02s.jpg	/media/psycontrol/HDD/Datasets/THINGS/images_THINGS/object_images/moose/moose_02s.jpg	True	False	2
P06	P06	lab_data/P06/P06_EEG_recon_2026-06-08_09h56.01.608_image_mapping.json	10	1	10	1092	bunkbed	images_THINGS/object_images/bunkbed/bunkbed_02s.jpg	/media/psycontrol/HDD/Datasets/THINGS/images_THINGS/object_images/bunkbed/bunkbed_02s.jpg	True	False	2
P06	P06	lab_data/P06/P06_EEG_recon_2026-06-08_09h56.01.608_image_mapping.json	11	1	11	1001	limousine	images_THINGS/object_images/limousine/limousine_03s.jpg	/media/psycontrol/HDD/Datasets/THINGS/images_THINGS/object_images/limousine/limousine_03s.jpg	True	False	2
P06	P06	lab_data/P06/P06_EEG_recon_2026-06-08_09h56.01.608_image_mapping.json	12	1	12	1160	clam	images_THINGS/object_images/clam/clam_06s.jpg	/media/psycontrol/HDD/Datasets/THINGS/images_THINGS/object_images/clam/clam_06s.jpg	True	False	2
P06	P06	lab_data/P06/P06_EEG_recon_2026-06-08_09h56.01.608_image_mapping.json	13	1	13	1020	television	images_THINGS/object_images/television/television_07s.jpg	/media/psycontrol/HDD/Datasets/THINGS/images_THINGS/object_images/television/television_07s.jpg	True	False	2
P06	P06	lab_data/P06/P06_EEG_recon_2026-06-08_09h56.01.608_image_mapping.json	14	1	14	1104	speaker	images_THINGS/object_images/speaker/speaker_19n.jpg	/media/psycontrol/HDD/Datasets/THINGS/images_THINGS/object_images/speaker/speaker_19n.jpg	True	False	2
P06	P06	lab_data/P06/P06_EEG_recon_2026-06-08_09h56.01.608_image_mapping.json	15	1	15	1134	sleeping_bag	images_THINGS/object_images/sleeping_bag/sleeping_bag_07s.jpg	/media/psycontrol/HDD/Datasets/THINGS/images_THINGS/object_images/sleeping_bag/sleeping_bag_07s.jpg	True	False	2
P06	P06	lab_data/P06/P06_EEG_recon_2026-06-08_09h56.01.608_image_mapping.json	16	1	16	1147	lemonade	images_THINGS/object_images/lemonade/lemonade_01b.jpg	/media/psycontrol/HDD/Datasets/THINGS/images_THINGS/object_images/lemonade/lemonade_01b.jpg	True	False	2
P06	P06	lab_data/P06/P06_EEG_recon_2026-06-08_09h56.01.608_image_mapping.json	17	1	17	1121	sunglasses	images_THINGS/object_images/sunglasses/sunglasses_06s.jpg	/media/psycontrol/HDD/Datasets/THINGS/images_THINGS/object_images/sunglasses/sunglasses_06s.jpg	True	False	2
P06	P06	lab_data/P06/P06_EEG_recon_2026-06-08_09h56.01.608_image_mapping.json	18	1	18	1035	lizard	images_THINGS/object_images/lizard/lizard_01b.jpg	/media/psycontrol/HDD/Datasets/THINGS/images_THINGS/object_images/lizard/lizard_01b.jpg	True	False	1
P06	P06	lab_data/P06/P06_EEG_recon_2026-06-08_09h56.01.608_image_mapping.json	19	1	19	1052	wallpaper	images_THINGS/object_images/wallpaper/wallpaper_01b.jpg	/media/psycontrol/HDD/Datasets/THINGS/images_THINGS/object_images/wallpaper/wallpaper_01b.jpg	True	False	2
P06	P06	lab_data/P06/P06_EEG_recon_2026-06-08_09h56.01.608_image_mapping.json	20	1	20	1132	polar_bear	images_THINGS/object_images/polar_bear/polar_bear_18s.jpg	/media/psycontrol/HDD/Datasets/THINGS/images_THINGS/object_images/polar_bear/polar_bear_18s.jpg	True	False	2
P06	P06	lab_data/P06/P06_EEG_recon_2026-06-08_09h56.01.608_image_mapping.json	21	2	1	1071	mongoose	images_THINGS/object_images/mongoose/mongoose_10s.jpg	/media/psycontrol/HDD/Datasets/THINGS/images_THINGS/object_images/mongoose/mongoose_10s.jpg	True	True	2
P06	P06	lab_data/P06/P06_EEG_recon_2026-06-08_09h56.01.608_image_mapping.json	22	2	2	1150	chick	images_THINGS/object_images/chick/chick_10s.jpg	/media/psycontrol/HDD/Datasets/THINGS/images_THINGS/object_images/chick/chick_10s.jpg	True	False	2
P06	P06	lab_data/P06/P06_EEG_recon_2026-06-08_09h56.01.608_image_mapping.json	23	2	3	1134	sleeping_bag	images_THINGS/object_images/sleeping_bag/sleeping_bag_07s.jpg	/media/psycontrol/HDD/Datasets/THINGS/images_THINGS/object_images/sleeping_bag/sleeping_bag_07s.jpg	True	True	2
P06	P06	lab_data/P06/P06_EEG_recon_2026-06-08_09h56.01.608_image_mapping.json	24	2	4	1053	reindeer	images_THINGS/object_images/reindeer/reindeer_14s.jpg	/media/psycontrol/HDD/Datasets/THINGS/images_THINGS/object_images/reindeer/reindeer_14s.jpg	True	False	2
P06	P06	lab_data/P06/P06_EEG_recon_2026-06-08_09h56.01.608_image_mapping.json	25	2	5	1060	squirrel	images_THINGS/object_images/squirrel/squirrel_12n.jpg	/media/psycontrol/HDD/Datasets/THINGS/images_THINGS/object_images/squirrel/squirrel_12n.jpg	True	False	2
P06	P06	lab_data/P06/P06_EEG_recon_2026-06-08_09h56.01.608_image_mapping.json	26	2	6	1001	limousine	images_THINGS/object_images/limousine/limousine_03s.jpg	/media/psycontrol/HDD/Datasets/THINGS/images_THINGS/object_images/limousine/limousine_03s.jpg	True	True	2
P06	P06	lab_data/P06/P06_EEG_recon_2026-06-08_09h56.01.608_image_mapping.json	27	2	7	1115	marshmallow	images_THINGS/object_images/marshmallow/marshmallow_09s.jpg	/media/psycontrol/HDD/Datasets/THINGS/images_THINGS/object_images/marshmallow/marshmallow_09s.jpg	True	False	1
P06	P06	lab_data/P06/P06_EEG_recon_2026-06-08_09h56.01.608_image_mapping.json	28	2	8	1159	pear	images_THINGS/object_images/pear/pear_09s.jpg	/media/psycontrol/HDD/Datasets/THINGS/images_THINGS/object_images/pear/pear_09s.jpg	True	True	2
P06	P06	lab_data/P06/P06_EEG_recon_2026-06-08_09h56.01.608_image_mapping.json	29	2	9	1012	burrito	images_THINGS/object_images/burrito/burrito_07s.jpg	/media/psycontrol/HDD/Datasets/THINGS/images_THINGS/object_images/burrito/burrito_07s.jpg	True	False	2
P06	P06	lab_data/P06/P06_EEG_recon_2026-06-08_09h56.01.608_image_mapping.json	30	2	10	1036	ladybug	images_THINGS/object_images/ladybug/ladybug_07s.jpg	/media/psycontrol/HDD/Datasets/THINGS/images_THINGS/object_images/ladybug/ladybug_07s.jpg	True	False	1
P06	P06	lab_data/P06/P06_EEG_recon_2026-06-08_09h56.01.608_image_mapping.json	31	2	11	1045	goose	images_THINGS/object_images/goose/goose_08s.jpg	/media/psycontrol/HDD/Datasets/THINGS/images_THINGS/object_images/goose/goose_08s.jpg	True	False	2
P06	P06	lab_data/P06/P06_EEG_recon_2026-06-08_09h56.01.608_image_mapping.json	32	2	12	1095	mouse2	images_THINGS/object_images/mouse2/mouse2_17s.jpg	/media/psycontrol/HDD/Datasets/THINGS/images_THINGS/object_images/mouse2/mouse2_17s.jpg	True	False	1
P06	P06	lab_data/P06/P06_EEG_recon_2026-06-08_09h56.01.608_image_mapping.json	33	2	13	1144	tarantula	images_THINGS/object_images/tarantula/tarantula_12s.jpg	/media/psycontrol/HDD/Datasets/THINGS/images_THINGS/object_images/tarantula/tarantula_12s.jpg	True	False	2
P06	P06	lab_data/P06/P06_EEG_recon_2026-06-08_09h56.01.608_image_mapping.json	34	2	14	1057	eggnog	images_THINGS/object_images/eggnog/eggnog_03s.jpg	/media/psycontrol/HDD/Datasets/THINGS/images_THINGS/object_images/eggnog/eggnog_03s.jpg	True	False	1
P06	P06	lab_data/P06/P06_EEG_recon_2026-06-08_09h56.01.608_image_mapping.json	35	2	15	1112	hard_disk	images_THINGS/object_images/hard_disk/hard_disk_13s.jpg	/media/psycontrol/HDD/Datasets/THINGS/images_THINGS/object_images/hard_disk/hard_disk_13s.jpg	True	False	1
P06	P06	lab_data/P06/P06_EEG_recon_2026-06-08_09h56.01.608_image_mapping.json	36	2	16	1108	possum	images_THINGS/object_images/possum/possum_03s.jpg	/media/psycontrol/HDD/Datasets/THINGS/images_THINGS/object_images/possum/possum_03s.jpg	True	False	1
P06	P06	lab_data/P06/P06_EEG_recon_2026-06-08_09h56.01.608_image_mapping.json	37	2	17	1160	clam	images_THINGS/object_images/clam/clam_06s.jpg	/media/psycontrol/HDD/Datasets/THINGS/images_THINGS/object_images/clam/clam_06s.jpg	True	True	2
P06	P06	lab_data/P06/P06_EEG_recon_2026-06-08_09h56.01.608_image_mapping.json	38	2	18	1031	fish	images_THINGS/object_images/fish/fish_01b.jpg	/media/psycontrol/HDD/Datasets/THINGS/images_THINGS/object_images/fish/fish_01b.jpg	True	False	1
P06	P06	lab_data/P06/P06_EEG_recon_2026-06-08_09h56.01.608_image_mapping.json	39	2	19	1016	ant	images_THINGS/object_images/ant/ant_08s.jpg	/media/psycontrol/HDD/Datasets/THINGS/images_THINGS/object_images/ant/ant_08s.jpg	True	False	1
P06	P06	lab_data/P06/P06_EEG_recon_2026-06-08_09h56.01.608_image_mapping.json	40	2	20	1118	candy_bar	images_THINGS/object_images/candy_bar/candy_bar_09s.jpg	/media/psycontrol/HDD/Datasets/THINGS/images_THINGS/object_images/candy_bar/candy_bar_09s.jpg	True	False	2
P06	P06	lab_data/P06/P06_EEG_recon_2026-06-08_09h56.01.608_image_mapping.json	41	3	1	1050	artichoke	images_THINGS/object_images/artichoke/artichoke_08n.jpg	/media/psycontrol/HDD/Datasets/THINGS/images_THINGS/object_images/artichoke/artichoke_08n.jpg	True	False	1
P06	P06	lab_data/P06/P06_EEG_recon_2026-06-08_09h56.01.608_image_mapping.json	42	3	2	1157	barnacle	images_THINGS/object_images/barnacle/barnacle_11s.jpg	/media/psycontrol/HDD/Datasets/THINGS/images_THINGS/object_images/barnacle/barnacle_11s.jpg	True	False	2
P06	P06	lab_data/P06/P06_EEG_recon_2026-06-08_09h56.01.608_image_mapping.json	43	3	3	1098	stool	images_THINGS/object_images/stool/stool_08s.jpg	/media/psycontrol/HDD/Datasets/THINGS/images_THINGS/object_images/stool/stool_08s.jpg	True	False	1
P06	P06	lab_data/P06/P06_EEG_recon_2026-06-08_09h56.01.608_image_mapping.json	44	3	4	1073	bull	images_THINGS/object_images/bull/bull_09s.jpg	/media/psycontrol/HDD/Datasets/THINGS/images_THINGS/object_images/bull/bull_09s.jpg	True	False	1
P06	P06	lab_data/P06/P06_EEG_recon_2026-06-08_09h56.01.608_image_mapping.json	45	3	5	1020	television	images_THINGS/object_images/television/television_07s.jpg	/media/psycontrol/HDD/Datasets/THINGS/images_THINGS/object_images/television/television_07s.jpg	True	True	2
P06	P06	lab_data/P06/P06_EEG_recon_2026-06-08_09h56.01.608_image_mapping.json	46	3	6	1151	tractor	images_THINGS/object_images/tractor/tractor_10n.jpg	/media/psycontrol/HDD/Datasets/THINGS/images_THINGS/object_images/tractor/tractor_10n.jpg	True	False	1
P06	P06	lab_data/P06/P06_EEG_recon_2026-06-08_09h56.01.608_image_mapping.json	47	3	7	1119	star_fruit	images_THINGS/object_images/star_fruit/star_fruit_06s.jpg	/media/psycontrol/HDD/Datasets/THINGS/images_THINGS/object_images/star_fruit/star_fruit_06s.jpg	True	False	1
P06	P06	lab_data/P06/P06_EEG_recon_2026-06-08_09h56.01.608_image_mapping.json	48	3	8	1011	raspberry	images_THINGS/object_images/raspberry/raspberry_11s.jpg	/media/psycontrol/HDD/Datasets/THINGS/images_THINGS/object_images/raspberry/raspberry_11s.jpg	True	False	1
P06	P06	lab_data/P06/P06_EEG_recon_2026-06-08_09h56.01.608_image_mapping.json	49	3	9	1137	lamb	images_THINGS/object_images/lamb/lamb_12s.jpg	/media/psycontrol/HDD/Datasets/THINGS/images_THINGS/object_images/lamb/lamb_12s.jpg	True	False	1
P06	P06	lab_data/P06/P06_EEG_recon_2026-06-08_09h56.01.608_image_mapping.json	50	3	10	1104	speaker	images_THINGS/object_images/speaker/speaker_19n.jpg	/media/psycontrol/HDD/Datasets/THINGS/images_THINGS/object_images/speaker/speaker_19n.jpg	True	True	2
P06	P06	lab_data/P06/P06_EEG_recon_2026-06-08_09h56.01.608_image_mapping.json	51	3	11	1110	jet	images_THINGS/object_images/jet/jet_04s.jpg	/media/psycontrol/HDD/Datasets/THINGS/images_THINGS/object_images/jet/jet_04s.jpg	True	False	2
P06	P06	lab_data/P06/P06_EEG_recon_2026-06-08_09h56.01.608_image_mapping.json	52	3	12	1144	tarantula	images_THINGS/object_images/tarantula/tarantula_12s.jpg	/media/psycontrol/HDD/Datasets/THINGS/images_THINGS/object_images/tarantula/tarantula_12s.jpg	True	True	2
P06	P06	lab_data/P06/P06_EEG_recon_2026-06-08_09h56.01.608_image_mapping.json	53	3	13	1006	cardinal	images_THINGS/object_images/cardinal/cardinal_02s.jpg	/media/psycontrol/HDD/Datasets/THINGS/images_THINGS/object_images/cardinal/cardinal_02s.jpg	True	True	2
P06	P06	lab_data/P06/P06_EEG_recon_2026-06-08_09h56.01.608_image_mapping.json	54	3	14	1097	sandwich	images_THINGS/object_images/sandwich/sandwich_06s.jpg	/media/psycontrol/HDD/Datasets/THINGS/images_THINGS/object_images/sandwich/sandwich_06s.jpg	True	False	1
P06	P06	lab_data/P06/P06_EEG_recon_2026-06-08_09h56.01.608_image_mapping.json	55	3	15	1090	garlic	images_THINGS/object_images/garlic/garlic_11s.jpg	/media/psycontrol/HDD/Datasets/THINGS/images_THINGS/object_images/garlic/garlic_11s.jpg	True	False	1
P06	P06	lab_data/P06/P06_EEG_recon_2026-06-08_09h56.01.608_image_mapping.json	56	3	16	1101	boat	images_THINGS/object_images/boat/boat_08s.jpg	/media/psycontrol/HDD/Datasets/THINGS/images_THINGS/object_images/boat/boat_08s.jpg	True	False	1
P06	P06	lab_data/P06/P06_EEG_recon_2026-06-08_09h56.01.608_image_mapping.json	57	3	17	1132	polar_bear	images_THINGS/object_images/polar_bear/polar_bear_18s.jpg	/media/psycontrol/HDD/Datasets/THINGS/images_THINGS/object_images/polar_bear/polar_bear_18s.jpg	True	True	2
P06	P06	lab_data/P06/P06_EEG_recon_2026-06-08_09h56.01.608_image_mapping.json	58	3	18	1047	drawer	images_THINGS/object_images/drawer/drawer_04s.jpg	/media/psycontrol/HDD/Datasets/THINGS/images_THINGS/object_images/drawer/drawer_04s.jpg	True	False	1
P06	P06	lab_data/P06/P06_EEG_recon_2026-06-08_09h56.01.608_image_mapping.json	59	3	19	1026	asparagus	images_THINGS/object_images/asparagus/asparagus_12s.jpg	/media/psycontrol/HDD/Datasets/THINGS/images_THINGS/object_images/asparagus/asparagus_12s.jpg	True	False	1
P06	P06	lab_data/P06/P06_EEG_recon_2026-06-08_09h56.01.608_image_mapping.json	60	3	20	1046	tiramisu	images_THINGS/object_images/tiramisu/tiramisu_12s.jpg	/media/psycontrol/HDD/Datasets/THINGS/images_THINGS/object_images/tiramisu/tiramisu_12s.jpg	True	False	2
P06	P06	lab_data/P06/P06_EEG_recon_2026-06-08_09h56.01.608_image_mapping.json	61	4	1	1110	jet	images_THINGS/object_images/jet/jet_04s.jpg	/media/psycontrol/HDD/Datasets/THINGS/images_THINGS/object_images/jet/jet_04s.jpg	True	True	2
P06	P06	lab_data/P06/P06_EEG_recon_2026-06-08_09h56.01.608_image_mapping.json	62	4	2	1149	mole	images_THINGS/object_images/mole/mole_09s.jpg	/media/psycontrol/HDD/Datasets/THINGS/images_THINGS/object_images/mole/mole_09s.jpg	True	False	1
P06	P06	lab_data/P06/P06_EEG_recon_2026-06-08_09h56.01.608_image_mapping.json	63	4	3	1023	wolf	images_THINGS/object_images/wolf/wolf_12n.jpg	/media/psycontrol/HDD/Datasets/THINGS/images_THINGS/object_images/wolf/wolf_12n.jpg	True	False	2
P06	P06	lab_data/P06/P06_EEG_recon_2026-06-08_09h56.01.608_image_mapping.json	64	4	4	1125	sundae	images_THINGS/object_images/sundae/sundae_09s.jpg	/media/psycontrol/HDD/Datasets/THINGS/images_THINGS/object_images/sundae/sundae_09s.jpg	True	False	2
P06	P06	lab_data/P06/P06_EEG_recon_2026-06-08_09h56.01.608_image_mapping.json	65	4	5	1037	steamroller	images_THINGS/object_images/steamroller/steamroller_11n.jpg	/media/psycontrol/HDD/Datasets/THINGS/images_THINGS/object_images/steamroller/steamroller_11n.jpg	True	False	1
P06	P06	lab_data/P06/P06_EEG_recon_2026-06-08_09h56.01.608_image_mapping.json	66	4	6	1120	owl	images_THINGS/object_images/owl/owl_19s.jpg	/media/psycontrol/HDD/Datasets/THINGS/images_THINGS/object_images/owl/owl_19s.jpg	True	False	2
P06	P06	lab_data/P06/P06_EEG_recon_2026-06-08_09h56.01.608_image_mapping.json	67	4	7	1015	moose	images_THINGS/object_images/moose/moose_02s.jpg	/media/psycontrol/HDD/Datasets/THINGS/images_THINGS/object_images/moose/moose_02s.jpg	True	True	2
P06	P06	lab_data/P06/P06_EEG_recon_2026-06-08_09h56.01.608_image_mapping.json	68	4	8	1121	sunglasses	images_THINGS/object_images/sunglasses/sunglasses_06s.jpg	/media/psycontrol/HDD/Datasets/THINGS/images_THINGS/object_images/sunglasses/sunglasses_06s.jpg	True	True	2
P06	P06	lab_data/P06/P06_EEG_recon_2026-06-08_09h56.01.608_image_mapping.json	69	4	9	1049	rat	images_THINGS/object_images/rat/rat_04s.jpg	/media/psycontrol/HDD/Datasets/THINGS/images_THINGS/object_images/rat/rat_04s.jpg	True	False	1
P06	P06	lab_data/P06/P06_EEG_recon_2026-06-08_09h56.01.608_image_mapping.json	70	4	10	1032	pants	images_THINGS/object_images/pants/pants_01b.jpg	/media/psycontrol/HDD/Datasets/THINGS/images_THINGS/object_images/pants/pants_01b.jpg	True	False	1
P06	P06	lab_data/P06/P06_EEG_recon_2026-06-08_09h56.01.608_image_mapping.json	71	4	11	1063	car	images_THINGS/object_images/car/car_12s.jpg	/media/psycontrol/HDD/Datasets/THINGS/images_THINGS/object_images/car/car_12s.jpg	True	False	1
P06	P06	lab_data/P06/P06_EEG_recon_2026-06-08_09h56.01.608_image_mapping.json	72	4	12	1118	candy_bar	images_THINGS/object_images/candy_bar/candy_bar_09s.jpg	/media/psycontrol/HDD/Datasets/THINGS/images_THINGS/object_images/candy_bar/candy_bar_09s.jpg	True	True	2
P06	P06	lab_data/P06/P06_EEG_recon_2026-06-08_09h56.01.608_image_mapping.json	73	4	13	1092	bunkbed	images_THINGS/object_images/bunkbed/bunkbed_02s.jpg	/media/psycontrol/HDD/Datasets/THINGS/images_THINGS/object_images/bunkbed/bunkbed_02s.jpg	True	True	2
P06	P06	lab_data/P06/P06_EEG_recon_2026-06-08_09h56.01.608_image_mapping.json	74	4	14	1038	cupcake	images_THINGS/object_images/cupcake/cupcake_07s.jpg	/media/psycontrol/HDD/Datasets/THINGS/images_THINGS/object_images/cupcake/cupcake_07s.jpg	True	False	1
P06	P06	lab_data/P06/P06_EEG_recon_2026-06-08_09h56.01.608_image_mapping.json	75	4	15	1061	taco	images_THINGS/object_images/taco/taco_06n.jpg	/media/psycontrol/HDD/Datasets/THINGS/images_THINGS/object_images/taco/taco_06n.jpg	True	False	2
P06	P06	lab_data/P06/P06_EEG_recon_2026-06-08_09h56.01.608_image_mapping.json	76	4	16	1130	showerhead	images_THINGS/object_images/showerhead/showerhead_05s.jpg	/media/psycontrol/HDD/Datasets/THINGS/images_THINGS/object_images/showerhead/showerhead_05s.jpg	True	False	2
P06	P06	lab_data/P06/P06_EEG_recon_2026-06-08_09h56.01.608_image_mapping.json	77	4	17	1143	mango	images_THINGS/object_images/mango/mango_16s.jpg	/media/psycontrol/HDD/Datasets/THINGS/images_THINGS/object_images/mango/mango_16s.jpg	True	False	2
P06	P06	lab_data/P06/P06_EEG_recon_2026-06-08_09h56.01.608_image_mapping.json	78	4	18	1123	sorbet	images_THINGS/object_images/sorbet/sorbet_05s.jpg	/media/psycontrol/HDD/Datasets/THINGS/images_THINGS/object_images/sorbet/sorbet_05s.jpg	True	False	1
P06	P06	lab_data/P06/P06_EEG_recon_2026-06-08_09h56.01.608_image_mapping.json	79	4	19	1013	banana	images_THINGS/object_images/banana/banana_13s.jpg	/media/psycontrol/HDD/Datasets/THINGS/images_THINGS/object_images/banana/banana_13s.jpg	True	False	1
P06	P06	lab_data/P06/P06_EEG_recon_2026-06-08_09h56.01.608_image_mapping.json	80	4	20	1139	earwig	images_THINGS/object_images/earwig/earwig_09s.jpg	/media/psycontrol/HDD/Datasets/THINGS/images_THINGS/object_images/earwig/earwig_09s.jpg	True	False	1
P06	P06	lab_data/P06/P06_EEG_recon_2026-06-08_09h56.01.608_image_mapping.json	81	5	1	1079	puppy	images_THINGS/object_images/puppy/puppy_12s.jpg	/media/psycontrol/HDD/Datasets/THINGS/images_THINGS/object_images/puppy/puppy_12s.jpg	True	False	1
P06	P06	lab_data/P06/P06_EEG_recon_2026-06-08_09h56.01.608_image_mapping.json	82	5	2	1082	necklace	images_THINGS/object_images/necklace/necklace_11s.jpg	/media/psycontrol/HDD/Datasets/THINGS/images_THINGS/object_images/necklace/necklace_11s.jpg	True	False	2
P06	P06	lab_data/P06/P06_EEG_recon_2026-06-08_09h56.01.608_image_mapping.json	83	5	3	1131	eel	images_THINGS/object_images/eel/eel_09s.jpg	/media/psycontrol/HDD/Datasets/THINGS/images_THINGS/object_images/eel/eel_09s.jpg	True	False	1
P06	P06	lab_data/P06/P06_EEG_recon_2026-06-08_09h56.01.608_image_mapping.json	84	5	4	1143	mango	images_THINGS/object_images/mango/mango_16s.jpg	/media/psycontrol/HDD/Datasets/THINGS/images_THINGS/object_images/mango/mango_16s.jpg	True	True	2
P06	P06	lab_data/P06/P06_EEG_recon_2026-06-08_09h56.01.608_image_mapping.json	85	5	5	1109	wasp	images_THINGS/object_images/wasp/wasp_09n.jpg	/media/psycontrol/HDD/Datasets/THINGS/images_THINGS/object_images/wasp/wasp_09n.jpg	True	False	1
P06	P06	lab_data/P06/P06_EEG_recon_2026-06-08_09h56.01.608_image_mapping.json	86	5	6	1046	tiramisu	images_THINGS/object_images/tiramisu/tiramisu_12s.jpg	/media/psycontrol/HDD/Datasets/THINGS/images_THINGS/object_images/tiramisu/tiramisu_12s.jpg	True	True	2
P06	P06	lab_data/P06/P06_EEG_recon_2026-06-08_09h56.01.608_image_mapping.json	87	5	7	1133	cockatoo	images_THINGS/object_images/cockatoo/cockatoo_04s.jpg	/media/psycontrol/HDD/Datasets/THINGS/images_THINGS/object_images/cockatoo/cockatoo_04s.jpg	True	False	1
P06	P06	lab_data/P06/P06_EEG_recon_2026-06-08_09h56.01.608_image_mapping.json	88	5	8	1002	pea	images_THINGS/object_images/pea/pea_10s.jpg	/media/psycontrol/HDD/Datasets/THINGS/images_THINGS/object_images/pea/pea_10s.jpg	True	False	1
P06	P06	lab_data/P06/P06_EEG_recon_2026-06-08_09h56.01.608_image_mapping.json	89	5	9	1135	pony	images_THINGS/object_images/pony/pony_01b.jpg	/media/psycontrol/HDD/Datasets/THINGS/images_THINGS/object_images/pony/pony_01b.jpg	True	False	1
P06	P06	lab_data/P06/P06_EEG_recon_2026-06-08_09h56.01.608_image_mapping.json	90	5	10	1125	sundae	images_THINGS/object_images/sundae/sundae_09s.jpg	/media/psycontrol/HDD/Datasets/THINGS/images_THINGS/object_images/sundae/sundae_09s.jpg	True	True	2
P06	P06	lab_data/P06/P06_EEG_recon_2026-06-08_09h56.01.608_image_mapping.json	91	5	11	1124	nightshirt	images_THINGS/object_images/nightshirt/nightshirt_11s.jpg	/media/psycontrol/HDD/Datasets/THINGS/images_THINGS/object_images/nightshirt/nightshirt_11s.jpg	True	True	2
P06	P06	lab_data/P06/P06_EEG_recon_2026-06-08_09h56.01.608_image_mapping.json	92	5	12	1140	kayak	images_THINGS/object_images/kayak/kayak_04s.jpg	/media/psycontrol/HDD/Datasets/THINGS/images_THINGS/object_images/kayak/kayak_04s.jpg	True	False	1
P06	P06	lab_data/P06/P06_EEG_recon_2026-06-08_09h56.01.608_image_mapping.json	93	5	13	1059	zucchini	images_THINGS/object_images/zucchini/zucchini_02s.jpg	/media/psycontrol/HDD/Datasets/THINGS/images_THINGS/object_images/zucchini/zucchini_02s.jpg	True	False	2
P06	P06	lab_data/P06/P06_EEG_recon_2026-06-08_09h56.01.608_image_mapping.json	94	5	14	1040	panda	images_THINGS/object_images/panda/panda_01b.jpg	/media/psycontrol/HDD/Datasets/THINGS/images_THINGS/object_images/panda/panda_01b.jpg	True	False	1
P06	P06	lab_data/P06/P06_EEG_recon_2026-06-08_09h56.01.608_image_mapping.json	95	5	15	1061	taco	images_THINGS/object_images/taco/taco_06n.jpg	/media/psycontrol/HDD/Datasets/THINGS/images_THINGS/object_images/taco/taco_06n.jpg	True	True	2
P06	P06	lab_data/P06/P06_EEG_recon_2026-06-08_09h56.01.608_image_mapping.json	96	5	16	1107	omelet	images_THINGS/object_images/omelet/omelet_06s.jpg	/media/psycontrol/HDD/Datasets/THINGS/images_THINGS/object_images/omelet/omelet_06s.jpg	True	False	1
P06	P06	lab_data/P06/P06_EEG_recon_2026-06-08_09h56.01.608_image_mapping.json	97	5	17	1086	pasta	images_THINGS/object_images/pasta/pasta_12s.jpg	/media/psycontrol/HDD/Datasets/THINGS/images_THINGS/object_images/pasta/pasta_12s.jpg	True	False	1
P06	P06	lab_data/P06/P06_EEG_recon_2026-06-08_09h56.01.608_image_mapping.json	98	5	18	1010	pineapple	images_THINGS/object_images/pineapple/pineapple_08s.jpg	/media/psycontrol/HDD/Datasets/THINGS/images_THINGS/object_images/pineapple/pineapple_08s.jpg	True	False	1
P06	P06	lab_data/P06/P06_EEG_recon_2026-06-08_09h56.01.608_image_mapping.json	99	5	19	1127	space_shuttle	images_THINGS/object_images/space_shuttle/space_shuttle_12s.jpg	/media/psycontrol/HDD/Datasets/THINGS/images_THINGS/object_images/space_shuttle/space_shuttle_12s.jpg	True	False	1
P06	P06	lab_data/P06/P06_EEG_recon_2026-06-08_09h56.01.608_image_mapping.json	100	5	20	1155	kale	images_THINGS/object_images/kale/kale_01b.jpg	/media/psycontrol/HDD/Datasets/THINGS/images_THINGS/object_images/kale/kale_01b.jpg	True	False	1
P06	P06	lab_data/P06/P06_EEG_recon_2026-06-08_09h56.01.608_image_mapping.json	101	6	1	1152	speedboat	images_THINGS/object_images/speedboat/speedboat_06s.jpg	/media/psycontrol/HDD/Datasets/THINGS/images_THINGS/object_images/speedboat/speedboat_06s.jpg	True	False	1
P06	P06	lab_data/P06/P06_EEG_recon_2026-06-08_09h56.01.608_image_mapping.json	102	6	2	1008	keyboard	images_THINGS/object_images/keyboard/keyboard_13s.jpg	/media/psycontrol/HDD/Datasets/THINGS/images_THINGS/object_images/keyboard/keyboard_13s.jpg	True	False	1
P06	P06	lab_data/P06/P06_EEG_recon_2026-06-08_09h56.01.608_image_mapping.json	103	6	3	1042	eagle	images_THINGS/object_images/eagle/eagle_08s.jpg	/media/psycontrol/HDD/Datasets/THINGS/images_THINGS/object_images/eagle/eagle_08s.jpg	True	False	1
P06	P06	lab_data/P06/P06_EEG_recon_2026-06-08_09h56.01.608_image_mapping.json	104	6	4	1028	meatball	images_THINGS/object_images/meatball/meatball_04s.jpg	/media/psycontrol/HDD/Datasets/THINGS/images_THINGS/object_images/meatball/meatball_04s.jpg	True	False	1
P06	P06	lab_data/P06/P06_EEG_recon_2026-06-08_09h56.01.608_image_mapping.json	105	6	5	1062	antelope	images_THINGS/object_images/antelope/antelope_12n.jpg	/media/psycontrol/HDD/Datasets/THINGS/images_THINGS/object_images/antelope/antelope_12n.jpg	True	True	2
P06	P06	lab_data/P06/P06_EEG_recon_2026-06-08_09h56.01.608_image_mapping.json	106	6	6	1085	frog	images_THINGS/object_images/frog/frog_09s.jpg	/media/psycontrol/HDD/Datasets/THINGS/images_THINGS/object_images/frog/frog_09s.jpg	True	False	1
P06	P06	lab_data/P06/P06_EEG_recon_2026-06-08_09h56.01.608_image_mapping.json	107	6	7	1074	cobra	images_THINGS/object_images/cobra/cobra_07s.jpg	/media/psycontrol/HDD/Datasets/THINGS/images_THINGS/object_images/cobra/cobra_07s.jpg	True	False	1
P06	P06	lab_data/P06/P06_EEG_recon_2026-06-08_09h56.01.608_image_mapping.json	108	6	8	1103	blazer	images_THINGS/object_images/blazer/blazer_05s.jpg	/media/psycontrol/HDD/Datasets/THINGS/images_THINGS/object_images/blazer/blazer_05s.jpg	True	False	1
P06	P06	lab_data/P06/P06_EEG_recon_2026-06-08_09h56.01.608_image_mapping.json	109	6	9	1017	carrot	images_THINGS/object_images/carrot/carrot_01b.jpg	/media/psycontrol/HDD/Datasets/THINGS/images_THINGS/object_images/carrot/carrot_01b.jpg	True	False	1
P06	P06	lab_data/P06/P06_EEG_recon_2026-06-08_09h56.01.608_image_mapping.json	110	6	10	1126	helicopter	images_THINGS/object_images/helicopter/helicopter_20s.jpg	/media/psycontrol/HDD/Datasets/THINGS/images_THINGS/object_images/helicopter/helicopter_20s.jpg	True	False	2
P06	P06	lab_data/P06/P06_EEG_recon_2026-06-08_09h56.01.608_image_mapping.json	111	6	11	1106	swordfish	images_THINGS/object_images/swordfish/swordfish_07s.jpg	/media/psycontrol/HDD/Datasets/THINGS/images_THINGS/object_images/swordfish/swordfish_07s.jpg	True	False	1
P06	P06	lab_data/P06/P06_EEG_recon_2026-06-08_09h56.01.608_image_mapping.json	112	6	12	1068	radio	images_THINGS/object_images/radio/radio_04s.jpg	/media/psycontrol/HDD/Datasets/THINGS/images_THINGS/object_images/radio/radio_04s.jpg	True	False	1
P06	P06	lab_data/P06/P06_EEG_recon_2026-06-08_09h56.01.608_image_mapping.json	113	6	13	1100	champagne	images_THINGS/object_images/champagne/champagne_01b.jpg	/media/psycontrol/HDD/Datasets/THINGS/images_THINGS/object_images/champagne/champagne_01b.jpg	True	False	1
P06	P06	lab_data/P06/P06_EEG_recon_2026-06-08_09h56.01.608_image_mapping.json	114	6	14	1084	cheetah	images_THINGS/object_images/cheetah/cheetah_06s.jpg	/media/psycontrol/HDD/Datasets/THINGS/images_THINGS/object_images/cheetah/cheetah_06s.jpg	True	False	2
P06	P06	lab_data/P06/P06_EEG_recon_2026-06-08_09h56.01.608_image_mapping.json	115	6	15	1120	owl	images_THINGS/object_images/owl/owl_19s.jpg	/media/psycontrol/HDD/Datasets/THINGS/images_THINGS/object_images/owl/owl_19s.jpg	True	True	2
P06	P06	lab_data/P06/P06_EEG_recon_2026-06-08_09h56.01.608_image_mapping.json	116	6	16	1129	workbench	images_THINGS/object_images/workbench/workbench_07s.jpg	/media/psycontrol/HDD/Datasets/THINGS/images_THINGS/object_images/workbench/workbench_07s.jpg	True	False	2
P06	P06	lab_data/P06/P06_EEG_recon_2026-06-08_09h56.01.608_image_mapping.json	117	6	17	1053	reindeer	images_THINGS/object_images/reindeer/reindeer_14s.jpg	/media/psycontrol/HDD/Datasets/THINGS/images_THINGS/object_images/reindeer/reindeer_14s.jpg	True	True	2
P06	P06	lab_data/P06/P06_EEG_recon_2026-06-08_09h56.01.608_image_mapping.json	118	6	18	1039	sailboat	images_THINGS/object_images/sailboat/sailboat_07s.jpg	/media/psycontrol/HDD/Datasets/THINGS/images_THINGS/object_images/sailboat/sailboat_07s.jpg	True	False	1
P06	P06	lab_data/P06/P06_EEG_recon_2026-06-08_09h56.01.608_image_mapping.json	119	6	19	1111	creme_brulee	images_THINGS/object_images/creme_brulee/creme_brulee_01b.jpg	/media/psycontrol/HDD/Datasets/THINGS/images_THINGS/object_images/creme_brulee/creme_brulee_01b.jpg	True	False	1
P06	P06	lab_data/P06/P06_EEG_recon_2026-06-08_09h56.01.608_image_mapping.json	120	6	20	1012	burrito	images_THINGS/object_images/burrito/burrito_07s.jpg	/media/psycontrol/HDD/Datasets/THINGS/images_THINGS/object_images/burrito/burrito_07s.jpg	True	True	2
P06	P06	lab_data/P06/P06_EEG_recon_2026-06-08_09h56.01.608_image_mapping.json	121	7	1	1067	taffy	images_THINGS/object_images/taffy/taffy_11s.jpg	/media/psycontrol/HDD/Datasets/THINGS/images_THINGS/object_images/taffy/taffy_11s.jpg	True	False	1
P06	P06	lab_data/P06/P06_EEG_recon_2026-06-08_09h56.01.608_image_mapping.json	122	7	2	1084	cheetah	images_THINGS/object_images/cheetah/cheetah_06s.jpg	/media/psycontrol/HDD/Datasets/THINGS/images_THINGS/object_images/cheetah/cheetah_06s.jpg	True	True	2
P06	P06	lab_data/P06/P06_EEG_recon_2026-06-08_09h56.01.608_image_mapping.json	123	7	3	1082	necklace	images_THINGS/object_images/necklace/necklace_11s.jpg	/media/psycontrol/HDD/Datasets/THINGS/images_THINGS/object_images/necklace/necklace_11s.jpg	True	True	2
P06	P06	lab_data/P06/P06_EEG_recon_2026-06-08_09h56.01.608_image_mapping.json	124	7	4	1051	yacht	images_THINGS/object_images/yacht/yacht_05s.jpg	/media/psycontrol/HDD/Datasets/THINGS/images_THINGS/object_images/yacht/yacht_05s.jpg	True	False	2
P06	P06	lab_data/P06/P06_EEG_recon_2026-06-08_09h56.01.608_image_mapping.json	125	7	5	1091	kitten	images_THINGS/object_images/kitten/kitten_09s.jpg	/media/psycontrol/HDD/Datasets/THINGS/images_THINGS/object_images/kitten/kitten_09s.jpg	True	False	1
P06	P06	lab_data/P06/P06_EEG_recon_2026-06-08_09h56.01.608_image_mapping.json	126	7	6	1081	police_car	images_THINGS/object_images/police_car/police_car_14s.jpg	/media/psycontrol/HDD/Datasets/THINGS/images_THINGS/object_images/police_car/police_car_14s.jpg	True	False	1
P06	P06	lab_data/P06/P06_EEG_recon_2026-06-08_09h56.01.608_image_mapping.json	127	7	7	1154	chandelier	images_THINGS/object_images/chandelier/chandelier_10s.jpg	/media/psycontrol/HDD/Datasets/THINGS/images_THINGS/object_images/chandelier/chandelier_10s.jpg	True	False	1
P06	P06	lab_data/P06/P06_EEG_recon_2026-06-08_09h56.01.608_image_mapping.json	128	7	8	1087	bathrobe	images_THINGS/object_images/bathrobe/bathrobe_12s.jpg	/media/psycontrol/HDD/Datasets/THINGS/images_THINGS/object_images/bathrobe/bathrobe_12s.jpg	True	False	1
P06	P06	lab_data/P06/P06_EEG_recon_2026-06-08_09h56.01.608_image_mapping.json	129	7	9	1065	cabinet	images_THINGS/object_images/cabinet/cabinet_07s.jpg	/media/psycontrol/HDD/Datasets/THINGS/images_THINGS/object_images/cabinet/cabinet_07s.jpg	True	False	1
P06	P06	lab_data/P06/P06_EEG_recon_2026-06-08_09h56.01.608_image_mapping.json	130	7	10	1114	spinach	images_THINGS/object_images/spinach/spinach_09s.jpg	/media/psycontrol/HDD/Datasets/THINGS/images_THINGS/object_images/spinach/spinach_09s.jpg	True	False	1
P06	P06	lab_data/P06/P06_EEG_recon_2026-06-08_09h56.01.608_image_mapping.json	131	7	11	1138	ping-pong_table	images_THINGS/object_images/ping-pong_table/ping-pong_table_10s.jpg	/media/psycontrol/HDD/Datasets/THINGS/images_THINGS/object_images/ping-pong_table/ping-pong_table_10s.jpg	True	False	1
P06	P06	lab_data/P06/P06_EEG_recon_2026-06-08_09h56.01.608_image_mapping.json	132	7	12	1113	firetruck	images_THINGS/object_images/firetruck/firetruck_04s.jpg	/media/psycontrol/HDD/Datasets/THINGS/images_THINGS/object_images/firetruck/firetruck_04s.jpg	True	False	1
P06	P06	lab_data/P06/P06_EEG_recon_2026-06-08_09h56.01.608_image_mapping.json	133	7	13	1021	tea	images_THINGS/object_images/tea/tea_10s.jpg	/media/psycontrol/HDD/Datasets/THINGS/images_THINGS/object_images/tea/tea_10s.jpg	True	False	1
P06	P06	lab_data/P06/P06_EEG_recon_2026-06-08_09h56.01.608_image_mapping.json	134	7	14	1023	wolf	images_THINGS/object_images/wolf/wolf_12n.jpg	/media/psycontrol/HDD/Datasets/THINGS/images_THINGS/object_images/wolf/wolf_12n.jpg	True	True	2
P06	P06	lab_data/P06/P06_EEG_recon_2026-06-08_09h56.01.608_image_mapping.json	135	7	15	1093	duckling	images_THINGS/object_images/duckling/duckling_25s.jpg	/media/psycontrol/HDD/Datasets/THINGS/images_THINGS/object_images/duckling/duckling_25s.jpg	True	False	1
P06	P06	lab_data/P06/P06_EEG_recon_2026-06-08_09h56.01.608_image_mapping.json	136	7	16	1146	cheesecake	images_THINGS/object_images/cheesecake/cheesecake_06s.jpg	/media/psycontrol/HDD/Datasets/THINGS/images_THINGS/object_images/cheesecake/cheesecake_06s.jpg	True	False	1
P06	P06	lab_data/P06/P06_EEG_recon_2026-06-08_09h56.01.608_image_mapping.json	137	7	17	1045	goose	images_THINGS/object_images/goose/goose_08s.jpg	/media/psycontrol/HDD/Datasets/THINGS/images_THINGS/object_images/goose/goose_08s.jpg	True	True	2
P06	P06	lab_data/P06/P06_EEG_recon_2026-06-08_09h56.01.608_image_mapping.json	138	7	18	1156	coconut	images_THINGS/object_images/coconut/coconut_08s.jpg	/media/psycontrol/HDD/Datasets/THINGS/images_THINGS/object_images/coconut/coconut_08s.jpg	True	False	1
P06	P06	lab_data/P06/P06_EEG_recon_2026-06-08_09h56.01.608_image_mapping.json	139	7	19	1058	loveseat	images_THINGS/object_images/loveseat/loveseat_10s.jpg	/media/psycontrol/HDD/Datasets/THINGS/images_THINGS/object_images/loveseat/loveseat_10s.jpg	True	False	1
P06	P06	lab_data/P06/P06_EEG_recon_2026-06-08_09h56.01.608_image_mapping.json	140	7	20	1055	seagull	images_THINGS/object_images/seagull/seagull_11s.jpg	/media/psycontrol/HDD/Datasets/THINGS/images_THINGS/object_images/seagull/seagull_11s.jpg	True	False	1
P06	P06	lab_data/P06/P06_EEG_recon_2026-06-08_09h56.01.608_image_mapping.json	141	8	1	1056	leggings	images_THINGS/object_images/leggings/leggings_02s.jpg	/media/psycontrol/HDD/Datasets/THINGS/images_THINGS/object_images/leggings/leggings_02s.jpg	True	False	1
P06	P06	lab_data/P06/P06_EEG_recon_2026-06-08_09h56.01.608_image_mapping.json	142	8	2	1054	bathtub	images_THINGS/object_images/bathtub/bathtub_18s.jpg	/media/psycontrol/HDD/Datasets/THINGS/images_THINGS/object_images/bathtub/bathtub_18s.jpg	True	False	1
P06	P06	lab_data/P06/P06_EEG_recon_2026-06-08_09h56.01.608_image_mapping.json	143	8	3	1034	bracelet1	images_THINGS/object_images/bracelet1/bracelet1_18s.jpg	/media/psycontrol/HDD/Datasets/THINGS/images_THINGS/object_images/bracelet1/bracelet1_18s.jpg	True	False	1
P06	P06	lab_data/P06/P06_EEG_recon_2026-06-08_09h56.01.608_image_mapping.json	144	8	4	1003	shorts	images_THINGS/object_images/shorts/shorts_14s.jpg	/media/psycontrol/HDD/Datasets/THINGS/images_THINGS/object_images/shorts/shorts_14s.jpg	True	False	1
P06	P06	lab_data/P06/P06_EEG_recon_2026-06-08_09h56.01.608_image_mapping.json	145	8	5	1078	sea_urchin	images_THINGS/object_images/sea_urchin/sea_urchin_08s.jpg	/media/psycontrol/HDD/Datasets/THINGS/images_THINGS/object_images/sea_urchin/sea_urchin_08s.jpg	True	False	1
P06	P06	lab_data/P06/P06_EEG_recon_2026-06-08_09h56.01.608_image_mapping.json	146	8	6	1105	gorilla	images_THINGS/object_images/gorilla/gorilla_19s.jpg	/media/psycontrol/HDD/Datasets/THINGS/images_THINGS/object_images/gorilla/gorilla_19s.jpg	True	False	1
P06	P06	lab_data/P06/P06_EEG_recon_2026-06-08_09h56.01.608_image_mapping.json	147	8	7	1129	workbench	images_THINGS/object_images/workbench/workbench_07s.jpg	/media/psycontrol/HDD/Datasets/THINGS/images_THINGS/object_images/workbench/workbench_07s.jpg	True	True	2
P06	P06	lab_data/P06/P06_EEG_recon_2026-06-08_09h56.01.608_image_mapping.json	148	8	8	1088	slipper	images_THINGS/object_images/slipper/slipper_02s.jpg	/media/psycontrol/HDD/Datasets/THINGS/images_THINGS/object_images/slipper/slipper_02s.jpg	True	False	1
P06	P06	lab_data/P06/P06_EEG_recon_2026-06-08_09h56.01.608_image_mapping.json	149	8	9	1102	crab	images_THINGS/object_images/crab/crab_02s.jpg	/media/psycontrol/HDD/Datasets/THINGS/images_THINGS/object_images/crab/crab_02s.jpg	True	False	1
P06	P06	lab_data/P06/P06_EEG_recon_2026-06-08_09h56.01.608_image_mapping.json	150	8	10	1033	helmet	images_THINGS/object_images/helmet/helmet_11s.jpg	/media/psycontrol/HDD/Datasets/THINGS/images_THINGS/object_images/helmet/helmet_11s.jpg	True	False	1
P06	P06	lab_data/P06/P06_EEG_recon_2026-06-08_09h56.01.608_image_mapping.json	151	8	11	1141	peach	images_THINGS/object_images/peach/peach_09n.jpg	/media/psycontrol/HDD/Datasets/THINGS/images_THINGS/object_images/peach/peach_09n.jpg	True	False	1
P06	P06	lab_data/P06/P06_EEG_recon_2026-06-08_09h56.01.608_image_mapping.json	152	8	12	1130	showerhead	images_THINGS/object_images/showerhead/showerhead_05s.jpg	/media/psycontrol/HDD/Datasets/THINGS/images_THINGS/object_images/showerhead/showerhead_05s.jpg	True	True	2
P06	P06	lab_data/P06/P06_EEG_recon_2026-06-08_09h56.01.608_image_mapping.json	153	8	13	1150	chick	images_THINGS/object_images/chick/chick_10s.jpg	/media/psycontrol/HDD/Datasets/THINGS/images_THINGS/object_images/chick/chick_10s.jpg	True	True	2
P06	P06	lab_data/P06/P06_EEG_recon_2026-06-08_09h56.01.608_image_mapping.json	154	8	14	1145	rocking_chair	images_THINGS/object_images/rocking_chair/rocking_chair_07s.jpg	/media/psycontrol/HDD/Datasets/THINGS/images_THINGS/object_images/rocking_chair/rocking_chair_07s.jpg	True	True	2
P06	P06	lab_data/P06/P06_EEG_recon_2026-06-08_09h56.01.608_image_mapping.json	155	8	15	1094	onion	images_THINGS/object_images/onion/onion_03n.jpg	/media/psycontrol/HDD/Datasets/THINGS/images_THINGS/object_images/onion/onion_03n.jpg	True	False	1
P06	P06	lab_data/P06/P06_EEG_recon_2026-06-08_09h56.01.608_image_mapping.json	156	8	16	1153	donut	images_THINGS/object_images/donut/donut_15s.jpg	/media/psycontrol/HDD/Datasets/THINGS/images_THINGS/object_images/donut/donut_15s.jpg	True	False	1
P06	P06	lab_data/P06/P06_EEG_recon_2026-06-08_09h56.01.608_image_mapping.json	157	8	17	1027	memory_stick	images_THINGS/object_images/memory_stick/memory_stick_08s.jpg	/media/psycontrol/HDD/Datasets/THINGS/images_THINGS/object_images/memory_stick/memory_stick_08s.jpg	True	False	2
P06	P06	lab_data/P06/P06_EEG_recon_2026-06-08_09h56.01.608_image_mapping.json	158	8	18	1014	shark	images_THINGS/object_images/shark/shark_07s.jpg	/media/psycontrol/HDD/Datasets/THINGS/images_THINGS/object_images/shark/shark_07s.jpg	True	False	1
P06	P06	lab_data/P06/P06_EEG_recon_2026-06-08_09h56.01.608_image_mapping.json	159	8	19	1025	llama	images_THINGS/object_images/llama/llama_05s.jpg	/media/psycontrol/HDD/Datasets/THINGS/images_THINGS/object_images/llama/llama_05s.jpg	True	False	1
P06	P06	lab_data/P06/P06_EEG_recon_2026-06-08_09h56.01.608_image_mapping.json	160	8	20	1148	broccoli	images_THINGS/object_images/broccoli/broccoli_09s.jpg	/media/psycontrol/HDD/Datasets/THINGS/images_THINGS/object_images/broccoli/broccoli_09s.jpg	True	False	1
P06	P06	lab_data/P06/P06_EEG_recon_2026-06-08_09h56.01.608_image_mapping.json	161	9	1	1147	lemonade	images_THINGS/object_images/lemonade/lemonade_01b.jpg	/media/psycontrol/HDD/Datasets/THINGS/images_THINGS/object_images/lemonade/lemonade_01b.jpg	True	True	2
P06	P06	lab_data/P06/P06_EEG_recon_2026-06-08_09h56.01.608_image_mapping.json	162	9	2	1083	shirt	images_THINGS/object_images/shirt/shirt_03s.jpg	/media/psycontrol/HDD/Datasets/THINGS/images_THINGS/object_images/shirt/shirt_03s.jpg	True	False	1
P06	P06	lab_data/P06/P06_EEG_recon_2026-06-08_09h56.01.608_image_mapping.json	163	9	3	1041	octopus	images_THINGS/object_images/octopus/octopus_09s.jpg	/media/psycontrol/HDD/Datasets/THINGS/images_THINGS/object_images/octopus/octopus_09s.jpg	True	False	1
P06	P06	lab_data/P06/P06_EEG_recon_2026-06-08_09h56.01.608_image_mapping.json	164	9	4	1018	coffee	images_THINGS/object_images/coffee/coffee_15s.jpg	/media/psycontrol/HDD/Datasets/THINGS/images_THINGS/object_images/coffee/coffee_15s.jpg	True	False	1
P06	P06	lab_data/P06/P06_EEG_recon_2026-06-08_09h56.01.608_image_mapping.json	165	9	5	1136	snake	images_THINGS/object_images/snake/snake_16n.jpg	/media/psycontrol/HDD/Datasets/THINGS/images_THINGS/object_images/snake/snake_16n.jpg	True	False	1
P06	P06	lab_data/P06/P06_EEG_recon_2026-06-08_09h56.01.608_image_mapping.json	166	9	6	1044	raccoon	images_THINGS/object_images/raccoon/raccoon_08n.jpg	/media/psycontrol/HDD/Datasets/THINGS/images_THINGS/object_images/raccoon/raccoon_08n.jpg	True	False	1
P06	P06	lab_data/P06/P06_EEG_recon_2026-06-08_09h56.01.608_image_mapping.json	167	9	7	1027	memory_stick	images_THINGS/object_images/memory_stick/memory_stick_08s.jpg	/media/psycontrol/HDD/Datasets/THINGS/images_THINGS/object_images/memory_stick/memory_stick_08s.jpg	True	True	2
P06	P06	lab_data/P06/P06_EEG_recon_2026-06-08_09h56.01.608_image_mapping.json	168	9	8	1128	toad	images_THINGS/object_images/toad/toad_01b.jpg	/media/psycontrol/HDD/Datasets/THINGS/images_THINGS/object_images/toad/toad_01b.jpg	True	False	1
P06	P06	lab_data/P06/P06_EEG_recon_2026-06-08_09h56.01.608_image_mapping.json	169	9	9	1043	ostrich	images_THINGS/object_images/ostrich/ostrich_15s.jpg	/media/psycontrol/HDD/Datasets/THINGS/images_THINGS/object_images/ostrich/ostrich_15s.jpg	True	False	1
P06	P06	lab_data/P06/P06_EEG_recon_2026-06-08_09h56.01.608_image_mapping.json	170	9	10	1099	tricycle	images_THINGS/object_images/tricycle/tricycle_12s.jpg	/media/psycontrol/HDD/Datasets/THINGS/images_THINGS/object_images/tricycle/tricycle_12s.jpg	True	False	1
P06	P06	lab_data/P06/P06_EEG_recon_2026-06-08_09h56.01.608_image_mapping.json	171	9	11	1117	hamster	images_THINGS/object_images/hamster/hamster_07s.jpg	/media/psycontrol/HDD/Datasets/THINGS/images_THINGS/object_images/hamster/hamster_07s.jpg	True	False	1
P06	P06	lab_data/P06/P06_EEG_recon_2026-06-08_09h56.01.608_image_mapping.json	172	9	12	1030	puffin	images_THINGS/object_images/puffin/puffin_02s.jpg	/media/psycontrol/HDD/Datasets/THINGS/images_THINGS/object_images/puffin/puffin_02s.jpg	True	False	1
P06	P06	lab_data/P06/P06_EEG_recon_2026-06-08_09h56.01.608_image_mapping.json	173	9	13	1080	camcorder	images_THINGS/object_images/camcorder/camcorder_07s.jpg	/media/psycontrol/HDD/Datasets/THINGS/images_THINGS/object_images/camcorder/camcorder_07s.jpg	True	False	1
P06	P06	lab_data/P06/P06_EEG_recon_2026-06-08_09h56.01.608_image_mapping.json	174	9	14	1070	dragonfly	images_THINGS/object_images/dragonfly/dragonfly_10s.jpg	/media/psycontrol/HDD/Datasets/THINGS/images_THINGS/object_images/dragonfly/dragonfly_10s.jpg	True	False	1
P06	P06	lab_data/P06/P06_EEG_recon_2026-06-08_09h56.01.608_image_mapping.json	175	9	15	1007	mirror	images_THINGS/object_images/mirror/mirror_08s.jpg	/media/psycontrol/HDD/Datasets/THINGS/images_THINGS/object_images/mirror/mirror_08s.jpg	True	False	1
P06	P06	lab_data/P06/P06_EEG_recon_2026-06-08_09h56.01.608_image_mapping.json	176	9	16	1059	zucchini	images_THINGS/object_images/zucchini/zucchini_02s.jpg	/media/psycontrol/HDD/Datasets/THINGS/images_THINGS/object_images/zucchini/zucchini_02s.jpg	True	True	2
P06	P06	lab_data/P06/P06_EEG_recon_2026-06-08_09h56.01.608_image_mapping.json	177	9	17	1158	bulldozer	images_THINGS/object_images/bulldozer/bulldozer_06s.jpg	/media/psycontrol/HDD/Datasets/THINGS/images_THINGS/object_images/bulldozer/bulldozer_06s.jpg	True	False	1
P06	P06	lab_data/P06/P06_EEG_recon_2026-06-08_09h56.01.608_image_mapping.json	178	9	18	1051	yacht	images_THINGS/object_images/yacht/yacht_05s.jpg	/media/psycontrol/HDD/Datasets/THINGS/images_THINGS/object_images/yacht/yacht_05s.jpg	True	True	2
P06	P06	lab_data/P06/P06_EEG_recon_2026-06-08_09h56.01.608_image_mapping.json	179	9	19	1076	groundhog	images_THINGS/object_images/groundhog/groundhog_01b.jpg	/media/psycontrol/HDD/Datasets/THINGS/images_THINGS/object_images/groundhog/groundhog_01b.jpg	True	False	1
P06	P06	lab_data/P06/P06_EEG_recon_2026-06-08_09h56.01.608_image_mapping.json	180	9	20	1122	webcam	images_THINGS/object_images/webcam/webcam_08s.jpg	/media/psycontrol/HDD/Datasets/THINGS/images_THINGS/object_images/webcam/webcam_08s.jpg	True	False	1
P06	P06	lab_data/P06/P06_EEG_recon_2026-06-08_09h56.01.608_image_mapping.json	181	10	1	1052	wallpaper	images_THINGS/object_images/wallpaper/wallpaper_01b.jpg	/media/psycontrol/HDD/Datasets/THINGS/images_THINGS/object_images/wallpaper/wallpaper_01b.jpg	True	True	2
P06	P06	lab_data/P06/P06_EEG_recon_2026-06-08_09h56.01.608_image_mapping.json	182	10	2	1142	piglet	images_THINGS/object_images/piglet/piglet_07s.jpg	/media/psycontrol/HDD/Datasets/THINGS/images_THINGS/object_images/piglet/piglet_07s.jpg	True	False	1
P06	P06	lab_data/P06/P06_EEG_recon_2026-06-08_09h56.01.608_image_mapping.json	183	10	3	1064	fly	images_THINGS/object_images/fly/fly_17s.jpg	/media/psycontrol/HDD/Datasets/THINGS/images_THINGS/object_images/fly/fly_17s.jpg	True	False	1
P06	P06	lab_data/P06/P06_EEG_recon_2026-06-08_09h56.01.608_image_mapping.json	184	10	4	1060	squirrel	images_THINGS/object_images/squirrel/squirrel_12n.jpg	/media/psycontrol/HDD/Datasets/THINGS/images_THINGS/object_images/squirrel/squirrel_12n.jpg	True	True	2
P06	P06	lab_data/P06/P06_EEG_recon_2026-06-08_09h56.01.608_image_mapping.json	185	10	5	1048	sombrero	images_THINGS/object_images/sombrero/sombrero_11s.jpg	/media/psycontrol/HDD/Datasets/THINGS/images_THINGS/object_images/sombrero/sombrero_11s.jpg	True	False	1
P06	P06	lab_data/P06/P06_EEG_recon_2026-06-08_09h56.01.608_image_mapping.json	186	10	6	1009	papaya	images_THINGS/object_images/papaya/papaya_08s.jpg	/media/psycontrol/HDD/Datasets/THINGS/images_THINGS/object_images/papaya/papaya_08s.jpg	True	False	1
P06	P06	lab_data/P06/P06_EEG_recon_2026-06-08_09h56.01.608_image_mapping.json	187	10	7	1072	blackberry	images_THINGS/object_images/blackberry/blackberry_08s.jpg	/media/psycontrol/HDD/Datasets/THINGS/images_THINGS/object_images/blackberry/blackberry_08s.jpg	True	False	1
P06	P06	lab_data/P06/P06_EEG_recon_2026-06-08_09h56.01.608_image_mapping.json	188	10	8	1089	unicycle	images_THINGS/object_images/unicycle/unicycle_08s.jpg	/media/psycontrol/HDD/Datasets/THINGS/images_THINGS/object_images/unicycle/unicycle_08s.jpg	True	False	1
P06	P06	lab_data/P06/P06_EEG_recon_2026-06-08_09h56.01.608_image_mapping.json	189	10	9	1075	filing_cabinet	images_THINGS/object_images/filing_cabinet/filing_cabinet_10s.jpg	/media/psycontrol/HDD/Datasets/THINGS/images_THINGS/object_images/filing_cabinet/filing_cabinet_10s.jpg	True	False	1
P06	P06	lab_data/P06/P06_EEG_recon_2026-06-08_09h56.01.608_image_mapping.json	190	10	10	1029	sheep	images_THINGS/object_images/sheep/sheep_06s.jpg	/media/psycontrol/HDD/Datasets/THINGS/images_THINGS/object_images/sheep/sheep_06s.jpg	True	False	1
P06	P06	lab_data/P06/P06_EEG_recon_2026-06-08_09h56.01.608_image_mapping.json	191	10	11	1069	rollerblade	images_THINGS/object_images/rollerblade/rollerblade_05s.jpg	/media/psycontrol/HDD/Datasets/THINGS/images_THINGS/object_images/rollerblade/rollerblade_05s.jpg	True	False	1
P06	P06	lab_data/P06/P06_EEG_recon_2026-06-08_09h56.01.608_image_mapping.json	192	10	12	1126	helicopter	images_THINGS/object_images/helicopter/helicopter_20s.jpg	/media/psycontrol/HDD/Datasets/THINGS/images_THINGS/object_images/helicopter/helicopter_20s.jpg	True	True	2
P06	P06	lab_data/P06/P06_EEG_recon_2026-06-08_09h56.01.608_image_mapping.json	193	10	13	1019	videocassette	images_THINGS/object_images/videocassette/videocassette_07n.jpg	/media/psycontrol/HDD/Datasets/THINGS/images_THINGS/object_images/videocassette/videocassette_07n.jpg	True	False	1
P06	P06	lab_data/P06/P06_EEG_recon_2026-06-08_09h56.01.608_image_mapping.json	194	10	14	1005	ottoman	images_THINGS/object_images/ottoman/ottoman_05s.jpg	/media/psycontrol/HDD/Datasets/THINGS/images_THINGS/object_images/ottoman/ottoman_05s.jpg	True	False	1
P06	P06	lab_data/P06/P06_EEG_recon_2026-06-08_09h56.01.608_image_mapping.json	195	10	15	1116	praying_mantis	images_THINGS/object_images/praying_mantis/praying_mantis_08s.jpg	/media/psycontrol/HDD/Datasets/THINGS/images_THINGS/object_images/praying_mantis/praying_mantis_08s.jpg	True	False	1
P06	P06	lab_data/P06/P06_EEG_recon_2026-06-08_09h56.01.608_image_mapping.json	196	10	16	1022	shoe	images_THINGS/object_images/shoe/shoe_01s.jpg	/media/psycontrol/HDD/Datasets/THINGS/images_THINGS/object_images/shoe/shoe_01s.jpg	True	False	1
P06	P06	lab_data/P06/P06_EEG_recon_2026-06-08_09h56.01.608_image_mapping.json	197	10	17	1066	giraffe	images_THINGS/object_images/giraffe/giraffe_17s.jpg	/media/psycontrol/HDD/Datasets/THINGS/images_THINGS/object_images/giraffe/giraffe_17s.jpg	True	False	1
P06	P06	lab_data/P06/P06_EEG_recon_2026-06-08_09h56.01.608_image_mapping.json	198	10	18	1004	dalmatian	images_THINGS/object_images/dalmatian/dalmatian_02s.jpg	/media/psycontrol/HDD/Datasets/THINGS/images_THINGS/object_images/dalmatian/dalmatian_02s.jpg	True	False	1
P06	P06	lab_data/P06/P06_EEG_recon_2026-06-08_09h56.01.608_image_mapping.json	199	10	19	1157	barnacle	images_THINGS/object_images/barnacle/barnacle_11s.jpg	/media/psycontrol/HDD/Datasets/THINGS/images_THINGS/object_images/barnacle/barnacle_11s.jpg	True	True	2
P06	P06	lab_data/P06/P06_EEG_recon_2026-06-08_09h56.01.608_image_mapping.json	200	10	20	1024	lab_coat	images_THINGS/object_images/lab_coat/lab_coat_08s.jpg	/media/psycontrol/HDD/Datasets/THINGS/images_THINGS/object_images/lab_coat/lab_coat_08s.jpg	True	False	1
P07	P07	lab_data/P07/P07_EEG_recon_2026-06-08_13h33.36.114_image_mapping.json	1	1	1	1096	beaver	images_THINGS/object_images/beaver/beaver_13n.jpg	/media/psycontrol/HDD/Datasets/THINGS/images_THINGS/object_images/beaver/beaver_13n.jpg	True	False	1
P07	P07	lab_data/P07/P07_EEG_recon_2026-06-08_13h33.36.114_image_mapping.json	2	1	2	1124	nightshirt	images_THINGS/object_images/nightshirt/nightshirt_11s.jpg	/media/psycontrol/HDD/Datasets/THINGS/images_THINGS/object_images/nightshirt/nightshirt_11s.jpg	True	False	2
P07	P07	lab_data/P07/P07_EEG_recon_2026-06-08_13h33.36.114_image_mapping.json	3	1	3	1006	cardinal	images_THINGS/object_images/cardinal/cardinal_02s.jpg	/media/psycontrol/HDD/Datasets/THINGS/images_THINGS/object_images/cardinal/cardinal_02s.jpg	True	False	2
P07	P07	lab_data/P07/P07_EEG_recon_2026-06-08_13h33.36.114_image_mapping.json	4	1	4	1071	mongoose	images_THINGS/object_images/mongoose/mongoose_10s.jpg	/media/psycontrol/HDD/Datasets/THINGS/images_THINGS/object_images/mongoose/mongoose_10s.jpg	True	False	2
P07	P07	lab_data/P07/P07_EEG_recon_2026-06-08_13h33.36.114_image_mapping.json	5	1	5	1077	bison	images_THINGS/object_images/bison/bison_08s.jpg	/media/psycontrol/HDD/Datasets/THINGS/images_THINGS/object_images/bison/bison_08s.jpg	True	False	1
P07	P07	lab_data/P07/P07_EEG_recon_2026-06-08_13h33.36.114_image_mapping.json	6	1	6	1159	pear	images_THINGS/object_images/pear/pear_09s.jpg	/media/psycontrol/HDD/Datasets/THINGS/images_THINGS/object_images/pear/pear_09s.jpg	True	False	2
P07	P07	lab_data/P07/P07_EEG_recon_2026-06-08_13h33.36.114_image_mapping.json	7	1	7	1062	antelope	images_THINGS/object_images/antelope/antelope_12n.jpg	/media/psycontrol/HDD/Datasets/THINGS/images_THINGS/object_images/antelope/antelope_12n.jpg	True	False	2
P07	P07	lab_data/P07/P07_EEG_recon_2026-06-08_13h33.36.114_image_mapping.json	8	1	8	1145	rocking_chair	images_THINGS/object_images/rocking_chair/rocking_chair_07s.jpg	/media/psycontrol/HDD/Datasets/THINGS/images_THINGS/object_images/rocking_chair/rocking_chair_07s.jpg	True	False	2
P07	P07	lab_data/P07/P07_EEG_recon_2026-06-08_13h33.36.114_image_mapping.json	9	1	9	1015	moose	images_THINGS/object_images/moose/moose_02s.jpg	/media/psycontrol/HDD/Datasets/THINGS/images_THINGS/object_images/moose/moose_02s.jpg	True	False	2
P07	P07	lab_data/P07/P07_EEG_recon_2026-06-08_13h33.36.114_image_mapping.json	10	1	10	1092	bunkbed	images_THINGS/object_images/bunkbed/bunkbed_02s.jpg	/media/psycontrol/HDD/Datasets/THINGS/images_THINGS/object_images/bunkbed/bunkbed_02s.jpg	True	False	2
P07	P07	lab_data/P07/P07_EEG_recon_2026-06-08_13h33.36.114_image_mapping.json	11	1	11	1001	limousine	images_THINGS/object_images/limousine/limousine_03s.jpg	/media/psycontrol/HDD/Datasets/THINGS/images_THINGS/object_images/limousine/limousine_03s.jpg	True	False	2
P07	P07	lab_data/P07/P07_EEG_recon_2026-06-08_13h33.36.114_image_mapping.json	12	1	12	1160	clam	images_THINGS/object_images/clam/clam_06s.jpg	/media/psycontrol/HDD/Datasets/THINGS/images_THINGS/object_images/clam/clam_06s.jpg	True	False	2
P07	P07	lab_data/P07/P07_EEG_recon_2026-06-08_13h33.36.114_image_mapping.json	13	1	13	1020	television	images_THINGS/object_images/television/television_07s.jpg	/media/psycontrol/HDD/Datasets/THINGS/images_THINGS/object_images/television/television_07s.jpg	True	False	2
P07	P07	lab_data/P07/P07_EEG_recon_2026-06-08_13h33.36.114_image_mapping.json	14	1	14	1104	speaker	images_THINGS/object_images/speaker/speaker_19n.jpg	/media/psycontrol/HDD/Datasets/THINGS/images_THINGS/object_images/speaker/speaker_19n.jpg	True	False	2
P07	P07	lab_data/P07/P07_EEG_recon_2026-06-08_13h33.36.114_image_mapping.json	15	1	15	1134	sleeping_bag	images_THINGS/object_images/sleeping_bag/sleeping_bag_07s.jpg	/media/psycontrol/HDD/Datasets/THINGS/images_THINGS/object_images/sleeping_bag/sleeping_bag_07s.jpg	True	False	2
P07	P07	lab_data/P07/P07_EEG_recon_2026-06-08_13h33.36.114_image_mapping.json	16	1	16	1147	lemonade	images_THINGS/object_images/lemonade/lemonade_01b.jpg	/media/psycontrol/HDD/Datasets/THINGS/images_THINGS/object_images/lemonade/lemonade_01b.jpg	True	False	2
P07	P07	lab_data/P07/P07_EEG_recon_2026-06-08_13h33.36.114_image_mapping.json	17	1	17	1121	sunglasses	images_THINGS/object_images/sunglasses/sunglasses_06s.jpg	/media/psycontrol/HDD/Datasets/THINGS/images_THINGS/object_images/sunglasses/sunglasses_06s.jpg	True	False	2
P07	P07	lab_data/P07/P07_EEG_recon_2026-06-08_13h33.36.114_image_mapping.json	18	1	18	1035	lizard	images_THINGS/object_images/lizard/lizard_01b.jpg	/media/psycontrol/HDD/Datasets/THINGS/images_THINGS/object_images/lizard/lizard_01b.jpg	True	False	1
P07	P07	lab_data/P07/P07_EEG_recon_2026-06-08_13h33.36.114_image_mapping.json	19	1	19	1052	wallpaper	images_THINGS/object_images/wallpaper/wallpaper_01b.jpg	/media/psycontrol/HDD/Datasets/THINGS/images_THINGS/object_images/wallpaper/wallpaper_01b.jpg	True	False	2
P07	P07	lab_data/P07/P07_EEG_recon_2026-06-08_13h33.36.114_image_mapping.json	20	1	20	1132	polar_bear	images_THINGS/object_images/polar_bear/polar_bear_18s.jpg	/media/psycontrol/HDD/Datasets/THINGS/images_THINGS/object_images/polar_bear/polar_bear_18s.jpg	True	False	2
P07	P07	lab_data/P07/P07_EEG_recon_2026-06-08_13h33.36.114_image_mapping.json	21	2	1	1071	mongoose	images_THINGS/object_images/mongoose/mongoose_10s.jpg	/media/psycontrol/HDD/Datasets/THINGS/images_THINGS/object_images/mongoose/mongoose_10s.jpg	True	True	2
P07	P07	lab_data/P07/P07_EEG_recon_2026-06-08_13h33.36.114_image_mapping.json	22	2	2	1150	chick	images_THINGS/object_images/chick/chick_10s.jpg	/media/psycontrol/HDD/Datasets/THINGS/images_THINGS/object_images/chick/chick_10s.jpg	True	False	2
P07	P07	lab_data/P07/P07_EEG_recon_2026-06-08_13h33.36.114_image_mapping.json	23	2	3	1134	sleeping_bag	images_THINGS/object_images/sleeping_bag/sleeping_bag_07s.jpg	/media/psycontrol/HDD/Datasets/THINGS/images_THINGS/object_images/sleeping_bag/sleeping_bag_07s.jpg	True	True	2
P07	P07	lab_data/P07/P07_EEG_recon_2026-06-08_13h33.36.114_image_mapping.json	24	2	4	1053	reindeer	images_THINGS/object_images/reindeer/reindeer_14s.jpg	/media/psycontrol/HDD/Datasets/THINGS/images_THINGS/object_images/reindeer/reindeer_14s.jpg	True	False	2
P07	P07	lab_data/P07/P07_EEG_recon_2026-06-08_13h33.36.114_image_mapping.json	25	2	5	1060	squirrel	images_THINGS/object_images/squirrel/squirrel_12n.jpg	/media/psycontrol/HDD/Datasets/THINGS/images_THINGS/object_images/squirrel/squirrel_12n.jpg	True	False	2
P07	P07	lab_data/P07/P07_EEG_recon_2026-06-08_13h33.36.114_image_mapping.json	26	2	6	1001	limousine	images_THINGS/object_images/limousine/limousine_03s.jpg	/media/psycontrol/HDD/Datasets/THINGS/images_THINGS/object_images/limousine/limousine_03s.jpg	True	True	2
P07	P07	lab_data/P07/P07_EEG_recon_2026-06-08_13h33.36.114_image_mapping.json	27	2	7	1115	marshmallow	images_THINGS/object_images/marshmallow/marshmallow_09s.jpg	/media/psycontrol/HDD/Datasets/THINGS/images_THINGS/object_images/marshmallow/marshmallow_09s.jpg	True	False	1
P07	P07	lab_data/P07/P07_EEG_recon_2026-06-08_13h33.36.114_image_mapping.json	28	2	8	1159	pear	images_THINGS/object_images/pear/pear_09s.jpg	/media/psycontrol/HDD/Datasets/THINGS/images_THINGS/object_images/pear/pear_09s.jpg	True	True	2
P07	P07	lab_data/P07/P07_EEG_recon_2026-06-08_13h33.36.114_image_mapping.json	29	2	9	1012	burrito	images_THINGS/object_images/burrito/burrito_07s.jpg	/media/psycontrol/HDD/Datasets/THINGS/images_THINGS/object_images/burrito/burrito_07s.jpg	True	False	2
P07	P07	lab_data/P07/P07_EEG_recon_2026-06-08_13h33.36.114_image_mapping.json	30	2	10	1036	ladybug	images_THINGS/object_images/ladybug/ladybug_07s.jpg	/media/psycontrol/HDD/Datasets/THINGS/images_THINGS/object_images/ladybug/ladybug_07s.jpg	True	False	1
P07	P07	lab_data/P07/P07_EEG_recon_2026-06-08_13h33.36.114_image_mapping.json	31	2	11	1045	goose	images_THINGS/object_images/goose/goose_08s.jpg	/media/psycontrol/HDD/Datasets/THINGS/images_THINGS/object_images/goose/goose_08s.jpg	True	False	2
P07	P07	lab_data/P07/P07_EEG_recon_2026-06-08_13h33.36.114_image_mapping.json	32	2	12	1095	mouse2	images_THINGS/object_images/mouse2/mouse2_17s.jpg	/media/psycontrol/HDD/Datasets/THINGS/images_THINGS/object_images/mouse2/mouse2_17s.jpg	True	False	1
P07	P07	lab_data/P07/P07_EEG_recon_2026-06-08_13h33.36.114_image_mapping.json	33	2	13	1144	tarantula	images_THINGS/object_images/tarantula/tarantula_12s.jpg	/media/psycontrol/HDD/Datasets/THINGS/images_THINGS/object_images/tarantula/tarantula_12s.jpg	True	False	2
P07	P07	lab_data/P07/P07_EEG_recon_2026-06-08_13h33.36.114_image_mapping.json	34	2	14	1057	eggnog	images_THINGS/object_images/eggnog/eggnog_03s.jpg	/media/psycontrol/HDD/Datasets/THINGS/images_THINGS/object_images/eggnog/eggnog_03s.jpg	True	False	1
P07	P07	lab_data/P07/P07_EEG_recon_2026-06-08_13h33.36.114_image_mapping.json	35	2	15	1112	hard_disk	images_THINGS/object_images/hard_disk/hard_disk_13s.jpg	/media/psycontrol/HDD/Datasets/THINGS/images_THINGS/object_images/hard_disk/hard_disk_13s.jpg	True	False	1
P07	P07	lab_data/P07/P07_EEG_recon_2026-06-08_13h33.36.114_image_mapping.json	36	2	16	1108	possum	images_THINGS/object_images/possum/possum_03s.jpg	/media/psycontrol/HDD/Datasets/THINGS/images_THINGS/object_images/possum/possum_03s.jpg	True	False	1
P07	P07	lab_data/P07/P07_EEG_recon_2026-06-08_13h33.36.114_image_mapping.json	37	2	17	1160	clam	images_THINGS/object_images/clam/clam_06s.jpg	/media/psycontrol/HDD/Datasets/THINGS/images_THINGS/object_images/clam/clam_06s.jpg	True	True	2
P07	P07	lab_data/P07/P07_EEG_recon_2026-06-08_13h33.36.114_image_mapping.json	38	2	18	1031	fish	images_THINGS/object_images/fish/fish_01b.jpg	/media/psycontrol/HDD/Datasets/THINGS/images_THINGS/object_images/fish/fish_01b.jpg	True	False	1
P07	P07	lab_data/P07/P07_EEG_recon_2026-06-08_13h33.36.114_image_mapping.json	39	2	19	1016	ant	images_THINGS/object_images/ant/ant_08s.jpg	/media/psycontrol/HDD/Datasets/THINGS/images_THINGS/object_images/ant/ant_08s.jpg	True	False	1
P07	P07	lab_data/P07/P07_EEG_recon_2026-06-08_13h33.36.114_image_mapping.json	40	2	20	1118	candy_bar	images_THINGS/object_images/candy_bar/candy_bar_09s.jpg	/media/psycontrol/HDD/Datasets/THINGS/images_THINGS/object_images/candy_bar/candy_bar_09s.jpg	True	False	2
P07	P07	lab_data/P07/P07_EEG_recon_2026-06-08_13h33.36.114_image_mapping.json	41	3	1	1050	artichoke	images_THINGS/object_images/artichoke/artichoke_08n.jpg	/media/psycontrol/HDD/Datasets/THINGS/images_THINGS/object_images/artichoke/artichoke_08n.jpg	True	False	1
P07	P07	lab_data/P07/P07_EEG_recon_2026-06-08_13h33.36.114_image_mapping.json	42	3	2	1157	barnacle	images_THINGS/object_images/barnacle/barnacle_11s.jpg	/media/psycontrol/HDD/Datasets/THINGS/images_THINGS/object_images/barnacle/barnacle_11s.jpg	True	False	2
P07	P07	lab_data/P07/P07_EEG_recon_2026-06-08_13h33.36.114_image_mapping.json	43	3	3	1098	stool	images_THINGS/object_images/stool/stool_08s.jpg	/media/psycontrol/HDD/Datasets/THINGS/images_THINGS/object_images/stool/stool_08s.jpg	True	False	1
P07	P07	lab_data/P07/P07_EEG_recon_2026-06-08_13h33.36.114_image_mapping.json	44	3	4	1073	bull	images_THINGS/object_images/bull/bull_09s.jpg	/media/psycontrol/HDD/Datasets/THINGS/images_THINGS/object_images/bull/bull_09s.jpg	True	False	1
P07	P07	lab_data/P07/P07_EEG_recon_2026-06-08_13h33.36.114_image_mapping.json	45	3	5	1020	television	images_THINGS/object_images/television/television_07s.jpg	/media/psycontrol/HDD/Datasets/THINGS/images_THINGS/object_images/television/television_07s.jpg	True	True	2
P07	P07	lab_data/P07/P07_EEG_recon_2026-06-08_13h33.36.114_image_mapping.json	46	3	6	1151	tractor	images_THINGS/object_images/tractor/tractor_10n.jpg	/media/psycontrol/HDD/Datasets/THINGS/images_THINGS/object_images/tractor/tractor_10n.jpg	True	False	1
P07	P07	lab_data/P07/P07_EEG_recon_2026-06-08_13h33.36.114_image_mapping.json	47	3	7	1119	star_fruit	images_THINGS/object_images/star_fruit/star_fruit_06s.jpg	/media/psycontrol/HDD/Datasets/THINGS/images_THINGS/object_images/star_fruit/star_fruit_06s.jpg	True	False	1
P07	P07	lab_data/P07/P07_EEG_recon_2026-06-08_13h33.36.114_image_mapping.json	48	3	8	1011	raspberry	images_THINGS/object_images/raspberry/raspberry_11s.jpg	/media/psycontrol/HDD/Datasets/THINGS/images_THINGS/object_images/raspberry/raspberry_11s.jpg	True	False	1
P07	P07	lab_data/P07/P07_EEG_recon_2026-06-08_13h33.36.114_image_mapping.json	49	3	9	1137	lamb	images_THINGS/object_images/lamb/lamb_12s.jpg	/media/psycontrol/HDD/Datasets/THINGS/images_THINGS/object_images/lamb/lamb_12s.jpg	True	False	1
P07	P07	lab_data/P07/P07_EEG_recon_2026-06-08_13h33.36.114_image_mapping.json	50	3	10	1104	speaker	images_THINGS/object_images/speaker/speaker_19n.jpg	/media/psycontrol/HDD/Datasets/THINGS/images_THINGS/object_images/speaker/speaker_19n.jpg	True	True	2
P07	P07	lab_data/P07/P07_EEG_recon_2026-06-08_13h33.36.114_image_mapping.json	51	3	11	1110	jet	images_THINGS/object_images/jet/jet_04s.jpg	/media/psycontrol/HDD/Datasets/THINGS/images_THINGS/object_images/jet/jet_04s.jpg	True	False	2
P07	P07	lab_data/P07/P07_EEG_recon_2026-06-08_13h33.36.114_image_mapping.json	52	3	12	1144	tarantula	images_THINGS/object_images/tarantula/tarantula_12s.jpg	/media/psycontrol/HDD/Datasets/THINGS/images_THINGS/object_images/tarantula/tarantula_12s.jpg	True	True	2
P07	P07	lab_data/P07/P07_EEG_recon_2026-06-08_13h33.36.114_image_mapping.json	53	3	13	1006	cardinal	images_THINGS/object_images/cardinal/cardinal_02s.jpg	/media/psycontrol/HDD/Datasets/THINGS/images_THINGS/object_images/cardinal/cardinal_02s.jpg	True	True	2
P07	P07	lab_data/P07/P07_EEG_recon_2026-06-08_13h33.36.114_image_mapping.json	54	3	14	1097	sandwich	images_THINGS/object_images/sandwich/sandwich_06s.jpg	/media/psycontrol/HDD/Datasets/THINGS/images_THINGS/object_images/sandwich/sandwich_06s.jpg	True	False	1
P07	P07	lab_data/P07/P07_EEG_recon_2026-06-08_13h33.36.114_image_mapping.json	55	3	15	1090	garlic	images_THINGS/object_images/garlic/garlic_11s.jpg	/media/psycontrol/HDD/Datasets/THINGS/images_THINGS/object_images/garlic/garlic_11s.jpg	True	False	1
P07	P07	lab_data/P07/P07_EEG_recon_2026-06-08_13h33.36.114_image_mapping.json	56	3	16	1101	boat	images_THINGS/object_images/boat/boat_08s.jpg	/media/psycontrol/HDD/Datasets/THINGS/images_THINGS/object_images/boat/boat_08s.jpg	True	False	1
P07	P07	lab_data/P07/P07_EEG_recon_2026-06-08_13h33.36.114_image_mapping.json	57	3	17	1132	polar_bear	images_THINGS/object_images/polar_bear/polar_bear_18s.jpg	/media/psycontrol/HDD/Datasets/THINGS/images_THINGS/object_images/polar_bear/polar_bear_18s.jpg	True	True	2
P07	P07	lab_data/P07/P07_EEG_recon_2026-06-08_13h33.36.114_image_mapping.json	58	3	18	1047	drawer	images_THINGS/object_images/drawer/drawer_04s.jpg	/media/psycontrol/HDD/Datasets/THINGS/images_THINGS/object_images/drawer/drawer_04s.jpg	True	False	1
P07	P07	lab_data/P07/P07_EEG_recon_2026-06-08_13h33.36.114_image_mapping.json	59	3	19	1026	asparagus	images_THINGS/object_images/asparagus/asparagus_12s.jpg	/media/psycontrol/HDD/Datasets/THINGS/images_THINGS/object_images/asparagus/asparagus_12s.jpg	True	False	1
P07	P07	lab_data/P07/P07_EEG_recon_2026-06-08_13h33.36.114_image_mapping.json	60	3	20	1046	tiramisu	images_THINGS/object_images/tiramisu/tiramisu_12s.jpg	/media/psycontrol/HDD/Datasets/THINGS/images_THINGS/object_images/tiramisu/tiramisu_12s.jpg	True	False	2
P07	P07	lab_data/P07/P07_EEG_recon_2026-06-08_13h33.36.114_image_mapping.json	61	4	1	1110	jet	images_THINGS/object_images/jet/jet_04s.jpg	/media/psycontrol/HDD/Datasets/THINGS/images_THINGS/object_images/jet/jet_04s.jpg	True	True	2
P07	P07	lab_data/P07/P07_EEG_recon_2026-06-08_13h33.36.114_image_mapping.json	62	4	2	1149	mole	images_THINGS/object_images/mole/mole_09s.jpg	/media/psycontrol/HDD/Datasets/THINGS/images_THINGS/object_images/mole/mole_09s.jpg	True	False	1
P07	P07	lab_data/P07/P07_EEG_recon_2026-06-08_13h33.36.114_image_mapping.json	63	4	3	1023	wolf	images_THINGS/object_images/wolf/wolf_12n.jpg	/media/psycontrol/HDD/Datasets/THINGS/images_THINGS/object_images/wolf/wolf_12n.jpg	True	False	2
P07	P07	lab_data/P07/P07_EEG_recon_2026-06-08_13h33.36.114_image_mapping.json	64	4	4	1125	sundae	images_THINGS/object_images/sundae/sundae_09s.jpg	/media/psycontrol/HDD/Datasets/THINGS/images_THINGS/object_images/sundae/sundae_09s.jpg	True	False	2
P07	P07	lab_data/P07/P07_EEG_recon_2026-06-08_13h33.36.114_image_mapping.json	65	4	5	1037	steamroller	images_THINGS/object_images/steamroller/steamroller_11n.jpg	/media/psycontrol/HDD/Datasets/THINGS/images_THINGS/object_images/steamroller/steamroller_11n.jpg	True	False	1
P07	P07	lab_data/P07/P07_EEG_recon_2026-06-08_13h33.36.114_image_mapping.json	66	4	6	1120	owl	images_THINGS/object_images/owl/owl_19s.jpg	/media/psycontrol/HDD/Datasets/THINGS/images_THINGS/object_images/owl/owl_19s.jpg	True	False	2
P07	P07	lab_data/P07/P07_EEG_recon_2026-06-08_13h33.36.114_image_mapping.json	67	4	7	1015	moose	images_THINGS/object_images/moose/moose_02s.jpg	/media/psycontrol/HDD/Datasets/THINGS/images_THINGS/object_images/moose/moose_02s.jpg	True	True	2
P07	P07	lab_data/P07/P07_EEG_recon_2026-06-08_13h33.36.114_image_mapping.json	68	4	8	1121	sunglasses	images_THINGS/object_images/sunglasses/sunglasses_06s.jpg	/media/psycontrol/HDD/Datasets/THINGS/images_THINGS/object_images/sunglasses/sunglasses_06s.jpg	True	True	2
P07	P07	lab_data/P07/P07_EEG_recon_2026-06-08_13h33.36.114_image_mapping.json	69	4	9	1049	rat	images_THINGS/object_images/rat/rat_04s.jpg	/media/psycontrol/HDD/Datasets/THINGS/images_THINGS/object_images/rat/rat_04s.jpg	True	False	1
P07	P07	lab_data/P07/P07_EEG_recon_2026-06-08_13h33.36.114_image_mapping.json	70	4	10	1032	pants	images_THINGS/object_images/pants/pants_01b.jpg	/media/psycontrol/HDD/Datasets/THINGS/images_THINGS/object_images/pants/pants_01b.jpg	True	False	1
P07	P07	lab_data/P07/P07_EEG_recon_2026-06-08_13h33.36.114_image_mapping.json	71	4	11	1063	car	images_THINGS/object_images/car/car_12s.jpg	/media/psycontrol/HDD/Datasets/THINGS/images_THINGS/object_images/car/car_12s.jpg	True	False	1
P07	P07	lab_data/P07/P07_EEG_recon_2026-06-08_13h33.36.114_image_mapping.json	72	4	12	1118	candy_bar	images_THINGS/object_images/candy_bar/candy_bar_09s.jpg	/media/psycontrol/HDD/Datasets/THINGS/images_THINGS/object_images/candy_bar/candy_bar_09s.jpg	True	True	2
P07	P07	lab_data/P07/P07_EEG_recon_2026-06-08_13h33.36.114_image_mapping.json	73	4	13	1092	bunkbed	images_THINGS/object_images/bunkbed/bunkbed_02s.jpg	/media/psycontrol/HDD/Datasets/THINGS/images_THINGS/object_images/bunkbed/bunkbed_02s.jpg	True	True	2
P07	P07	lab_data/P07/P07_EEG_recon_2026-06-08_13h33.36.114_image_mapping.json	74	4	14	1038	cupcake	images_THINGS/object_images/cupcake/cupcake_07s.jpg	/media/psycontrol/HDD/Datasets/THINGS/images_THINGS/object_images/cupcake/cupcake_07s.jpg	True	False	1
P07	P07	lab_data/P07/P07_EEG_recon_2026-06-08_13h33.36.114_image_mapping.json	75	4	15	1061	taco	images_THINGS/object_images/taco/taco_06n.jpg	/media/psycontrol/HDD/Datasets/THINGS/images_THINGS/object_images/taco/taco_06n.jpg	True	False	2
P07	P07	lab_data/P07/P07_EEG_recon_2026-06-08_13h33.36.114_image_mapping.json	76	4	16	1130	showerhead	images_THINGS/object_images/showerhead/showerhead_05s.jpg	/media/psycontrol/HDD/Datasets/THINGS/images_THINGS/object_images/showerhead/showerhead_05s.jpg	True	False	2
P07	P07	lab_data/P07/P07_EEG_recon_2026-06-08_13h33.36.114_image_mapping.json	77	4	17	1143	mango	images_THINGS/object_images/mango/mango_16s.jpg	/media/psycontrol/HDD/Datasets/THINGS/images_THINGS/object_images/mango/mango_16s.jpg	True	False	2
P07	P07	lab_data/P07/P07_EEG_recon_2026-06-08_13h33.36.114_image_mapping.json	78	4	18	1123	sorbet	images_THINGS/object_images/sorbet/sorbet_05s.jpg	/media/psycontrol/HDD/Datasets/THINGS/images_THINGS/object_images/sorbet/sorbet_05s.jpg	True	False	1
P07	P07	lab_data/P07/P07_EEG_recon_2026-06-08_13h33.36.114_image_mapping.json	79	4	19	1013	banana	images_THINGS/object_images/banana/banana_13s.jpg	/media/psycontrol/HDD/Datasets/THINGS/images_THINGS/object_images/banana/banana_13s.jpg	True	False	1
P07	P07	lab_data/P07/P07_EEG_recon_2026-06-08_13h33.36.114_image_mapping.json	80	4	20	1139	earwig	images_THINGS/object_images/earwig/earwig_09s.jpg	/media/psycontrol/HDD/Datasets/THINGS/images_THINGS/object_images/earwig/earwig_09s.jpg	True	False	1
P07	P07	lab_data/P07/P07_EEG_recon_2026-06-08_13h33.36.114_image_mapping.json	81	5	1	1079	puppy	images_THINGS/object_images/puppy/puppy_12s.jpg	/media/psycontrol/HDD/Datasets/THINGS/images_THINGS/object_images/puppy/puppy_12s.jpg	True	False	1
P07	P07	lab_data/P07/P07_EEG_recon_2026-06-08_13h33.36.114_image_mapping.json	82	5	2	1082	necklace	images_THINGS/object_images/necklace/necklace_11s.jpg	/media/psycontrol/HDD/Datasets/THINGS/images_THINGS/object_images/necklace/necklace_11s.jpg	True	False	2
P07	P07	lab_data/P07/P07_EEG_recon_2026-06-08_13h33.36.114_image_mapping.json	83	5	3	1131	eel	images_THINGS/object_images/eel/eel_09s.jpg	/media/psycontrol/HDD/Datasets/THINGS/images_THINGS/object_images/eel/eel_09s.jpg	True	False	1
P07	P07	lab_data/P07/P07_EEG_recon_2026-06-08_13h33.36.114_image_mapping.json	84	5	4	1143	mango	images_THINGS/object_images/mango/mango_16s.jpg	/media/psycontrol/HDD/Datasets/THINGS/images_THINGS/object_images/mango/mango_16s.jpg	True	True	2
P07	P07	lab_data/P07/P07_EEG_recon_2026-06-08_13h33.36.114_image_mapping.json	85	5	5	1109	wasp	images_THINGS/object_images/wasp/wasp_09n.jpg	/media/psycontrol/HDD/Datasets/THINGS/images_THINGS/object_images/wasp/wasp_09n.jpg	True	False	1
P07	P07	lab_data/P07/P07_EEG_recon_2026-06-08_13h33.36.114_image_mapping.json	86	5	6	1046	tiramisu	images_THINGS/object_images/tiramisu/tiramisu_12s.jpg	/media/psycontrol/HDD/Datasets/THINGS/images_THINGS/object_images/tiramisu/tiramisu_12s.jpg	True	True	2
P07	P07	lab_data/P07/P07_EEG_recon_2026-06-08_13h33.36.114_image_mapping.json	87	5	7	1133	cockatoo	images_THINGS/object_images/cockatoo/cockatoo_04s.jpg	/media/psycontrol/HDD/Datasets/THINGS/images_THINGS/object_images/cockatoo/cockatoo_04s.jpg	True	False	1
P07	P07	lab_data/P07/P07_EEG_recon_2026-06-08_13h33.36.114_image_mapping.json	88	5	8	1002	pea	images_THINGS/object_images/pea/pea_10s.jpg	/media/psycontrol/HDD/Datasets/THINGS/images_THINGS/object_images/pea/pea_10s.jpg	True	False	1
P07	P07	lab_data/P07/P07_EEG_recon_2026-06-08_13h33.36.114_image_mapping.json	89	5	9	1135	pony	images_THINGS/object_images/pony/pony_01b.jpg	/media/psycontrol/HDD/Datasets/THINGS/images_THINGS/object_images/pony/pony_01b.jpg	True	False	1
P07	P07	lab_data/P07/P07_EEG_recon_2026-06-08_13h33.36.114_image_mapping.json	90	5	10	1125	sundae	images_THINGS/object_images/sundae/sundae_09s.jpg	/media/psycontrol/HDD/Datasets/THINGS/images_THINGS/object_images/sundae/sundae_09s.jpg	True	True	2
P07	P07	lab_data/P07/P07_EEG_recon_2026-06-08_13h33.36.114_image_mapping.json	91	5	11	1124	nightshirt	images_THINGS/object_images/nightshirt/nightshirt_11s.jpg	/media/psycontrol/HDD/Datasets/THINGS/images_THINGS/object_images/nightshirt/nightshirt_11s.jpg	True	True	2
P07	P07	lab_data/P07/P07_EEG_recon_2026-06-08_13h33.36.114_image_mapping.json	92	5	12	1140	kayak	images_THINGS/object_images/kayak/kayak_04s.jpg	/media/psycontrol/HDD/Datasets/THINGS/images_THINGS/object_images/kayak/kayak_04s.jpg	True	False	1
P07	P07	lab_data/P07/P07_EEG_recon_2026-06-08_13h33.36.114_image_mapping.json	93	5	13	1059	zucchini	images_THINGS/object_images/zucchini/zucchini_02s.jpg	/media/psycontrol/HDD/Datasets/THINGS/images_THINGS/object_images/zucchini/zucchini_02s.jpg	True	False	2
P07	P07	lab_data/P07/P07_EEG_recon_2026-06-08_13h33.36.114_image_mapping.json	94	5	14	1040	panda	images_THINGS/object_images/panda/panda_01b.jpg	/media/psycontrol/HDD/Datasets/THINGS/images_THINGS/object_images/panda/panda_01b.jpg	True	False	1
P07	P07	lab_data/P07/P07_EEG_recon_2026-06-08_13h33.36.114_image_mapping.json	95	5	15	1061	taco	images_THINGS/object_images/taco/taco_06n.jpg	/media/psycontrol/HDD/Datasets/THINGS/images_THINGS/object_images/taco/taco_06n.jpg	True	True	2
P07	P07	lab_data/P07/P07_EEG_recon_2026-06-08_13h33.36.114_image_mapping.json	96	5	16	1107	omelet	images_THINGS/object_images/omelet/omelet_06s.jpg	/media/psycontrol/HDD/Datasets/THINGS/images_THINGS/object_images/omelet/omelet_06s.jpg	True	False	1
P07	P07	lab_data/P07/P07_EEG_recon_2026-06-08_13h33.36.114_image_mapping.json	97	5	17	1086	pasta	images_THINGS/object_images/pasta/pasta_12s.jpg	/media/psycontrol/HDD/Datasets/THINGS/images_THINGS/object_images/pasta/pasta_12s.jpg	True	False	1
P07	P07	lab_data/P07/P07_EEG_recon_2026-06-08_13h33.36.114_image_mapping.json	98	5	18	1010	pineapple	images_THINGS/object_images/pineapple/pineapple_08s.jpg	/media/psycontrol/HDD/Datasets/THINGS/images_THINGS/object_images/pineapple/pineapple_08s.jpg	True	False	1
P07	P07	lab_data/P07/P07_EEG_recon_2026-06-08_13h33.36.114_image_mapping.json	99	5	19	1127	space_shuttle	images_THINGS/object_images/space_shuttle/space_shuttle_12s.jpg	/media/psycontrol/HDD/Datasets/THINGS/images_THINGS/object_images/space_shuttle/space_shuttle_12s.jpg	True	False	1
P07	P07	lab_data/P07/P07_EEG_recon_2026-06-08_13h33.36.114_image_mapping.json	100	5	20	1155	kale	images_THINGS/object_images/kale/kale_01b.jpg	/media/psycontrol/HDD/Datasets/THINGS/images_THINGS/object_images/kale/kale_01b.jpg	True	False	1
P07	P07	lab_data/P07/P07_EEG_recon_2026-06-08_13h33.36.114_image_mapping.json	101	6	1	1152	speedboat	images_THINGS/object_images/speedboat/speedboat_06s.jpg	/media/psycontrol/HDD/Datasets/THINGS/images_THINGS/object_images/speedboat/speedboat_06s.jpg	True	False	1
P07	P07	lab_data/P07/P07_EEG_recon_2026-06-08_13h33.36.114_image_mapping.json	102	6	2	1008	keyboard	images_THINGS/object_images/keyboard/keyboard_13s.jpg	/media/psycontrol/HDD/Datasets/THINGS/images_THINGS/object_images/keyboard/keyboard_13s.jpg	True	False	1
P07	P07	lab_data/P07/P07_EEG_recon_2026-06-08_13h33.36.114_image_mapping.json	103	6	3	1042	eagle	images_THINGS/object_images/eagle/eagle_08s.jpg	/media/psycontrol/HDD/Datasets/THINGS/images_THINGS/object_images/eagle/eagle_08s.jpg	True	False	1
P07	P07	lab_data/P07/P07_EEG_recon_2026-06-08_13h33.36.114_image_mapping.json	104	6	4	1028	meatball	images_THINGS/object_images/meatball/meatball_04s.jpg	/media/psycontrol/HDD/Datasets/THINGS/images_THINGS/object_images/meatball/meatball_04s.jpg	True	False	1
P07	P07	lab_data/P07/P07_EEG_recon_2026-06-08_13h33.36.114_image_mapping.json	105	6	5	1062	antelope	images_THINGS/object_images/antelope/antelope_12n.jpg	/media/psycontrol/HDD/Datasets/THINGS/images_THINGS/object_images/antelope/antelope_12n.jpg	True	True	2
P07	P07	lab_data/P07/P07_EEG_recon_2026-06-08_13h33.36.114_image_mapping.json	106	6	6	1085	frog	images_THINGS/object_images/frog/frog_09s.jpg	/media/psycontrol/HDD/Datasets/THINGS/images_THINGS/object_images/frog/frog_09s.jpg	True	False	1
P07	P07	lab_data/P07/P07_EEG_recon_2026-06-08_13h33.36.114_image_mapping.json	107	6	7	1074	cobra	images_THINGS/object_images/cobra/cobra_07s.jpg	/media/psycontrol/HDD/Datasets/THINGS/images_THINGS/object_images/cobra/cobra_07s.jpg	True	False	1
P07	P07	lab_data/P07/P07_EEG_recon_2026-06-08_13h33.36.114_image_mapping.json	108	6	8	1103	blazer	images_THINGS/object_images/blazer/blazer_05s.jpg	/media/psycontrol/HDD/Datasets/THINGS/images_THINGS/object_images/blazer/blazer_05s.jpg	True	False	1
P07	P07	lab_data/P07/P07_EEG_recon_2026-06-08_13h33.36.114_image_mapping.json	109	6	9	1017	carrot	images_THINGS/object_images/carrot/carrot_01b.jpg	/media/psycontrol/HDD/Datasets/THINGS/images_THINGS/object_images/carrot/carrot_01b.jpg	True	False	1
P07	P07	lab_data/P07/P07_EEG_recon_2026-06-08_13h33.36.114_image_mapping.json	110	6	10	1126	helicopter	images_THINGS/object_images/helicopter/helicopter_20s.jpg	/media/psycontrol/HDD/Datasets/THINGS/images_THINGS/object_images/helicopter/helicopter_20s.jpg	True	False	2
P07	P07	lab_data/P07/P07_EEG_recon_2026-06-08_13h33.36.114_image_mapping.json	111	6	11	1106	swordfish	images_THINGS/object_images/swordfish/swordfish_07s.jpg	/media/psycontrol/HDD/Datasets/THINGS/images_THINGS/object_images/swordfish/swordfish_07s.jpg	True	False	1
P07	P07	lab_data/P07/P07_EEG_recon_2026-06-08_13h33.36.114_image_mapping.json	112	6	12	1068	radio	images_THINGS/object_images/radio/radio_04s.jpg	/media/psycontrol/HDD/Datasets/THINGS/images_THINGS/object_images/radio/radio_04s.jpg	True	False	1
P07	P07	lab_data/P07/P07_EEG_recon_2026-06-08_13h33.36.114_image_mapping.json	113	6	13	1100	champagne	images_THINGS/object_images/champagne/champagne_01b.jpg	/media/psycontrol/HDD/Datasets/THINGS/images_THINGS/object_images/champagne/champagne_01b.jpg	True	False	1
P07	P07	lab_data/P07/P07_EEG_recon_2026-06-08_13h33.36.114_image_mapping.json	114	6	14	1084	cheetah	images_THINGS/object_images/cheetah/cheetah_06s.jpg	/media/psycontrol/HDD/Datasets/THINGS/images_THINGS/object_images/cheetah/cheetah_06s.jpg	True	False	2
P07	P07	lab_data/P07/P07_EEG_recon_2026-06-08_13h33.36.114_image_mapping.json	115	6	15	1120	owl	images_THINGS/object_images/owl/owl_19s.jpg	/media/psycontrol/HDD/Datasets/THINGS/images_THINGS/object_images/owl/owl_19s.jpg	True	True	2
P07	P07	lab_data/P07/P07_EEG_recon_2026-06-08_13h33.36.114_image_mapping.json	116	6	16	1129	workbench	images_THINGS/object_images/workbench/workbench_07s.jpg	/media/psycontrol/HDD/Datasets/THINGS/images_THINGS/object_images/workbench/workbench_07s.jpg	True	False	2
P07	P07	lab_data/P07/P07_EEG_recon_2026-06-08_13h33.36.114_image_mapping.json	117	6	17	1053	reindeer	images_THINGS/object_images/reindeer/reindeer_14s.jpg	/media/psycontrol/HDD/Datasets/THINGS/images_THINGS/object_images/reindeer/reindeer_14s.jpg	True	True	2
P07	P07	lab_data/P07/P07_EEG_recon_2026-06-08_13h33.36.114_image_mapping.json	118	6	18	1039	sailboat	images_THINGS/object_images/sailboat/sailboat_07s.jpg	/media/psycontrol/HDD/Datasets/THINGS/images_THINGS/object_images/sailboat/sailboat_07s.jpg	True	False	1
P07	P07	lab_data/P07/P07_EEG_recon_2026-06-08_13h33.36.114_image_mapping.json	119	6	19	1111	creme_brulee	images_THINGS/object_images/creme_brulee/creme_brulee_01b.jpg	/media/psycontrol/HDD/Datasets/THINGS/images_THINGS/object_images/creme_brulee/creme_brulee_01b.jpg	True	False	1
P07	P07	lab_data/P07/P07_EEG_recon_2026-06-08_13h33.36.114_image_mapping.json	120	6	20	1012	burrito	images_THINGS/object_images/burrito/burrito_07s.jpg	/media/psycontrol/HDD/Datasets/THINGS/images_THINGS/object_images/burrito/burrito_07s.jpg	True	True	2
P07	P07	lab_data/P07/P07_EEG_recon_2026-06-08_13h33.36.114_image_mapping.json	121	7	1	1067	taffy	images_THINGS/object_images/taffy/taffy_11s.jpg	/media/psycontrol/HDD/Datasets/THINGS/images_THINGS/object_images/taffy/taffy_11s.jpg	True	False	1
P07	P07	lab_data/P07/P07_EEG_recon_2026-06-08_13h33.36.114_image_mapping.json	122	7	2	1084	cheetah	images_THINGS/object_images/cheetah/cheetah_06s.jpg	/media/psycontrol/HDD/Datasets/THINGS/images_THINGS/object_images/cheetah/cheetah_06s.jpg	True	True	2
P07	P07	lab_data/P07/P07_EEG_recon_2026-06-08_13h33.36.114_image_mapping.json	123	7	3	1082	necklace	images_THINGS/object_images/necklace/necklace_11s.jpg	/media/psycontrol/HDD/Datasets/THINGS/images_THINGS/object_images/necklace/necklace_11s.jpg	True	True	2
P07	P07	lab_data/P07/P07_EEG_recon_2026-06-08_13h33.36.114_image_mapping.json	124	7	4	1051	yacht	images_THINGS/object_images/yacht/yacht_05s.jpg	/media/psycontrol/HDD/Datasets/THINGS/images_THINGS/object_images/yacht/yacht_05s.jpg	True	False	2
P07	P07	lab_data/P07/P07_EEG_recon_2026-06-08_13h33.36.114_image_mapping.json	125	7	5	1091	kitten	images_THINGS/object_images/kitten/kitten_09s.jpg	/media/psycontrol/HDD/Datasets/THINGS/images_THINGS/object_images/kitten/kitten_09s.jpg	True	False	1
P07	P07	lab_data/P07/P07_EEG_recon_2026-06-08_13h33.36.114_image_mapping.json	126	7	6	1081	police_car	images_THINGS/object_images/police_car/police_car_14s.jpg	/media/psycontrol/HDD/Datasets/THINGS/images_THINGS/object_images/police_car/police_car_14s.jpg	True	False	1
P07	P07	lab_data/P07/P07_EEG_recon_2026-06-08_13h33.36.114_image_mapping.json	127	7	7	1154	chandelier	images_THINGS/object_images/chandelier/chandelier_10s.jpg	/media/psycontrol/HDD/Datasets/THINGS/images_THINGS/object_images/chandelier/chandelier_10s.jpg	True	False	1
P07	P07	lab_data/P07/P07_EEG_recon_2026-06-08_13h33.36.114_image_mapping.json	128	7	8	1087	bathrobe	images_THINGS/object_images/bathrobe/bathrobe_12s.jpg	/media/psycontrol/HDD/Datasets/THINGS/images_THINGS/object_images/bathrobe/bathrobe_12s.jpg	True	False	1
P07	P07	lab_data/P07/P07_EEG_recon_2026-06-08_13h33.36.114_image_mapping.json	129	7	9	1065	cabinet	images_THINGS/object_images/cabinet/cabinet_07s.jpg	/media/psycontrol/HDD/Datasets/THINGS/images_THINGS/object_images/cabinet/cabinet_07s.jpg	True	False	1
P07	P07	lab_data/P07/P07_EEG_recon_2026-06-08_13h33.36.114_image_mapping.json	130	7	10	1114	spinach	images_THINGS/object_images/spinach/spinach_09s.jpg	/media/psycontrol/HDD/Datasets/THINGS/images_THINGS/object_images/spinach/spinach_09s.jpg	True	False	1
P07	P07	lab_data/P07/P07_EEG_recon_2026-06-08_13h33.36.114_image_mapping.json	131	7	11	1138	ping-pong_table	images_THINGS/object_images/ping-pong_table/ping-pong_table_10s.jpg	/media/psycontrol/HDD/Datasets/THINGS/images_THINGS/object_images/ping-pong_table/ping-pong_table_10s.jpg	True	False	1
P07	P07	lab_data/P07/P07_EEG_recon_2026-06-08_13h33.36.114_image_mapping.json	132	7	12	1113	firetruck	images_THINGS/object_images/firetruck/firetruck_04s.jpg	/media/psycontrol/HDD/Datasets/THINGS/images_THINGS/object_images/firetruck/firetruck_04s.jpg	True	False	1
P07	P07	lab_data/P07/P07_EEG_recon_2026-06-08_13h33.36.114_image_mapping.json	133	7	13	1021	tea	images_THINGS/object_images/tea/tea_10s.jpg	/media/psycontrol/HDD/Datasets/THINGS/images_THINGS/object_images/tea/tea_10s.jpg	True	False	1
P07	P07	lab_data/P07/P07_EEG_recon_2026-06-08_13h33.36.114_image_mapping.json	134	7	14	1023	wolf	images_THINGS/object_images/wolf/wolf_12n.jpg	/media/psycontrol/HDD/Datasets/THINGS/images_THINGS/object_images/wolf/wolf_12n.jpg	True	True	2
P07	P07	lab_data/P07/P07_EEG_recon_2026-06-08_13h33.36.114_image_mapping.json	135	7	15	1093	duckling	images_THINGS/object_images/duckling/duckling_25s.jpg	/media/psycontrol/HDD/Datasets/THINGS/images_THINGS/object_images/duckling/duckling_25s.jpg	True	False	1
P07	P07	lab_data/P07/P07_EEG_recon_2026-06-08_13h33.36.114_image_mapping.json	136	7	16	1146	cheesecake	images_THINGS/object_images/cheesecake/cheesecake_06s.jpg	/media/psycontrol/HDD/Datasets/THINGS/images_THINGS/object_images/cheesecake/cheesecake_06s.jpg	True	False	1
P07	P07	lab_data/P07/P07_EEG_recon_2026-06-08_13h33.36.114_image_mapping.json	137	7	17	1045	goose	images_THINGS/object_images/goose/goose_08s.jpg	/media/psycontrol/HDD/Datasets/THINGS/images_THINGS/object_images/goose/goose_08s.jpg	True	True	2
P07	P07	lab_data/P07/P07_EEG_recon_2026-06-08_13h33.36.114_image_mapping.json	138	7	18	1156	coconut	images_THINGS/object_images/coconut/coconut_08s.jpg	/media/psycontrol/HDD/Datasets/THINGS/images_THINGS/object_images/coconut/coconut_08s.jpg	True	False	1
P07	P07	lab_data/P07/P07_EEG_recon_2026-06-08_13h33.36.114_image_mapping.json	139	7	19	1058	loveseat	images_THINGS/object_images/loveseat/loveseat_10s.jpg	/media/psycontrol/HDD/Datasets/THINGS/images_THINGS/object_images/loveseat/loveseat_10s.jpg	True	False	1
P07	P07	lab_data/P07/P07_EEG_recon_2026-06-08_13h33.36.114_image_mapping.json	140	7	20	1055	seagull	images_THINGS/object_images/seagull/seagull_11s.jpg	/media/psycontrol/HDD/Datasets/THINGS/images_THINGS/object_images/seagull/seagull_11s.jpg	True	False	1
P07	P07	lab_data/P07/P07_EEG_recon_2026-06-08_13h33.36.114_image_mapping.json	141	8	1	1056	leggings	images_THINGS/object_images/leggings/leggings_02s.jpg	/media/psycontrol/HDD/Datasets/THINGS/images_THINGS/object_images/leggings/leggings_02s.jpg	True	False	1
P07	P07	lab_data/P07/P07_EEG_recon_2026-06-08_13h33.36.114_image_mapping.json	142	8	2	1054	bathtub	images_THINGS/object_images/bathtub/bathtub_18s.jpg	/media/psycontrol/HDD/Datasets/THINGS/images_THINGS/object_images/bathtub/bathtub_18s.jpg	True	False	1
P07	P07	lab_data/P07/P07_EEG_recon_2026-06-08_13h33.36.114_image_mapping.json	143	8	3	1034	bracelet1	images_THINGS/object_images/bracelet1/bracelet1_18s.jpg	/media/psycontrol/HDD/Datasets/THINGS/images_THINGS/object_images/bracelet1/bracelet1_18s.jpg	True	False	1
P07	P07	lab_data/P07/P07_EEG_recon_2026-06-08_13h33.36.114_image_mapping.json	144	8	4	1003	shorts	images_THINGS/object_images/shorts/shorts_14s.jpg	/media/psycontrol/HDD/Datasets/THINGS/images_THINGS/object_images/shorts/shorts_14s.jpg	True	False	1
P07	P07	lab_data/P07/P07_EEG_recon_2026-06-08_13h33.36.114_image_mapping.json	145	8	5	1078	sea_urchin	images_THINGS/object_images/sea_urchin/sea_urchin_08s.jpg	/media/psycontrol/HDD/Datasets/THINGS/images_THINGS/object_images/sea_urchin/sea_urchin_08s.jpg	True	False	1
P07	P07	lab_data/P07/P07_EEG_recon_2026-06-08_13h33.36.114_image_mapping.json	146	8	6	1105	gorilla	images_THINGS/object_images/gorilla/gorilla_19s.jpg	/media/psycontrol/HDD/Datasets/THINGS/images_THINGS/object_images/gorilla/gorilla_19s.jpg	True	False	1
P07	P07	lab_data/P07/P07_EEG_recon_2026-06-08_13h33.36.114_image_mapping.json	147	8	7	1129	workbench	images_THINGS/object_images/workbench/workbench_07s.jpg	/media/psycontrol/HDD/Datasets/THINGS/images_THINGS/object_images/workbench/workbench_07s.jpg	True	True	2
P07	P07	lab_data/P07/P07_EEG_recon_2026-06-08_13h33.36.114_image_mapping.json	148	8	8	1088	slipper	images_THINGS/object_images/slipper/slipper_02s.jpg	/media/psycontrol/HDD/Datasets/THINGS/images_THINGS/object_images/slipper/slipper_02s.jpg	True	False	1
P07	P07	lab_data/P07/P07_EEG_recon_2026-06-08_13h33.36.114_image_mapping.json	149	8	9	1102	crab	images_THINGS/object_images/crab/crab_02s.jpg	/media/psycontrol/HDD/Datasets/THINGS/images_THINGS/object_images/crab/crab_02s.jpg	True	False	1
P07	P07	lab_data/P07/P07_EEG_recon_2026-06-08_13h33.36.114_image_mapping.json	150	8	10	1033	helmet	images_THINGS/object_images/helmet/helmet_11s.jpg	/media/psycontrol/HDD/Datasets/THINGS/images_THINGS/object_images/helmet/helmet_11s.jpg	True	False	1
P07	P07	lab_data/P07/P07_EEG_recon_2026-06-08_13h33.36.114_image_mapping.json	151	8	11	1141	peach	images_THINGS/object_images/peach/peach_09n.jpg	/media/psycontrol/HDD/Datasets/THINGS/images_THINGS/object_images/peach/peach_09n.jpg	True	False	1
P07	P07	lab_data/P07/P07_EEG_recon_2026-06-08_13h33.36.114_image_mapping.json	152	8	12	1130	showerhead	images_THINGS/object_images/showerhead/showerhead_05s.jpg	/media/psycontrol/HDD/Datasets/THINGS/images_THINGS/object_images/showerhead/showerhead_05s.jpg	True	True	2
P07	P07	lab_data/P07/P07_EEG_recon_2026-06-08_13h33.36.114_image_mapping.json	153	8	13	1150	chick	images_THINGS/object_images/chick/chick_10s.jpg	/media/psycontrol/HDD/Datasets/THINGS/images_THINGS/object_images/chick/chick_10s.jpg	True	True	2
P07	P07	lab_data/P07/P07_EEG_recon_2026-06-08_13h33.36.114_image_mapping.json	154	8	14	1145	rocking_chair	images_THINGS/object_images/rocking_chair/rocking_chair_07s.jpg	/media/psycontrol/HDD/Datasets/THINGS/images_THINGS/object_images/rocking_chair/rocking_chair_07s.jpg	True	True	2
P07	P07	lab_data/P07/P07_EEG_recon_2026-06-08_13h33.36.114_image_mapping.json	155	8	15	1094	onion	images_THINGS/object_images/onion/onion_03n.jpg	/media/psycontrol/HDD/Datasets/THINGS/images_THINGS/object_images/onion/onion_03n.jpg	True	False	1
P07	P07	lab_data/P07/P07_EEG_recon_2026-06-08_13h33.36.114_image_mapping.json	156	8	16	1153	donut	images_THINGS/object_images/donut/donut_15s.jpg	/media/psycontrol/HDD/Datasets/THINGS/images_THINGS/object_images/donut/donut_15s.jpg	True	False	1
P07	P07	lab_data/P07/P07_EEG_recon_2026-06-08_13h33.36.114_image_mapping.json	157	8	17	1027	memory_stick	images_THINGS/object_images/memory_stick/memory_stick_08s.jpg	/media/psycontrol/HDD/Datasets/THINGS/images_THINGS/object_images/memory_stick/memory_stick_08s.jpg	True	False	2
P07	P07	lab_data/P07/P07_EEG_recon_2026-06-08_13h33.36.114_image_mapping.json	158	8	18	1014	shark	images_THINGS/object_images/shark/shark_07s.jpg	/media/psycontrol/HDD/Datasets/THINGS/images_THINGS/object_images/shark/shark_07s.jpg	True	False	1
P07	P07	lab_data/P07/P07_EEG_recon_2026-06-08_13h33.36.114_image_mapping.json	159	8	19	1025	llama	images_THINGS/object_images/llama/llama_05s.jpg	/media/psycontrol/HDD/Datasets/THINGS/images_THINGS/object_images/llama/llama_05s.jpg	True	False	1
P07	P07	lab_data/P07/P07_EEG_recon_2026-06-08_13h33.36.114_image_mapping.json	160	8	20	1148	broccoli	images_THINGS/object_images/broccoli/broccoli_09s.jpg	/media/psycontrol/HDD/Datasets/THINGS/images_THINGS/object_images/broccoli/broccoli_09s.jpg	True	False	1
P07	P07	lab_data/P07/P07_EEG_recon_2026-06-08_13h33.36.114_image_mapping.json	161	9	1	1147	lemonade	images_THINGS/object_images/lemonade/lemonade_01b.jpg	/media/psycontrol/HDD/Datasets/THINGS/images_THINGS/object_images/lemonade/lemonade_01b.jpg	True	True	2
P07	P07	lab_data/P07/P07_EEG_recon_2026-06-08_13h33.36.114_image_mapping.json	162	9	2	1083	shirt	images_THINGS/object_images/shirt/shirt_03s.jpg	/media/psycontrol/HDD/Datasets/THINGS/images_THINGS/object_images/shirt/shirt_03s.jpg	True	False	1
P07	P07	lab_data/P07/P07_EEG_recon_2026-06-08_13h33.36.114_image_mapping.json	163	9	3	1041	octopus	images_THINGS/object_images/octopus/octopus_09s.jpg	/media/psycontrol/HDD/Datasets/THINGS/images_THINGS/object_images/octopus/octopus_09s.jpg	True	False	1
P07	P07	lab_data/P07/P07_EEG_recon_2026-06-08_13h33.36.114_image_mapping.json	164	9	4	1018	coffee	images_THINGS/object_images/coffee/coffee_15s.jpg	/media/psycontrol/HDD/Datasets/THINGS/images_THINGS/object_images/coffee/coffee_15s.jpg	True	False	1
P07	P07	lab_data/P07/P07_EEG_recon_2026-06-08_13h33.36.114_image_mapping.json	165	9	5	1136	snake	images_THINGS/object_images/snake/snake_16n.jpg	/media/psycontrol/HDD/Datasets/THINGS/images_THINGS/object_images/snake/snake_16n.jpg	True	False	1
P07	P07	lab_data/P07/P07_EEG_recon_2026-06-08_13h33.36.114_image_mapping.json	166	9	6	1044	raccoon	images_THINGS/object_images/raccoon/raccoon_08n.jpg	/media/psycontrol/HDD/Datasets/THINGS/images_THINGS/object_images/raccoon/raccoon_08n.jpg	True	False	1
P07	P07	lab_data/P07/P07_EEG_recon_2026-06-08_13h33.36.114_image_mapping.json	167	9	7	1027	memory_stick	images_THINGS/object_images/memory_stick/memory_stick_08s.jpg	/media/psycontrol/HDD/Datasets/THINGS/images_THINGS/object_images/memory_stick/memory_stick_08s.jpg	True	True	2
P07	P07	lab_data/P07/P07_EEG_recon_2026-06-08_13h33.36.114_image_mapping.json	168	9	8	1128	toad	images_THINGS/object_images/toad/toad_01b.jpg	/media/psycontrol/HDD/Datasets/THINGS/images_THINGS/object_images/toad/toad_01b.jpg	True	False	1
P07	P07	lab_data/P07/P07_EEG_recon_2026-06-08_13h33.36.114_image_mapping.json	169	9	9	1043	ostrich	images_THINGS/object_images/ostrich/ostrich_15s.jpg	/media/psycontrol/HDD/Datasets/THINGS/images_THINGS/object_images/ostrich/ostrich_15s.jpg	True	False	1
P07	P07	lab_data/P07/P07_EEG_recon_2026-06-08_13h33.36.114_image_mapping.json	170	9	10	1099	tricycle	images_THINGS/object_images/tricycle/tricycle_12s.jpg	/media/psycontrol/HDD/Datasets/THINGS/images_THINGS/object_images/tricycle/tricycle_12s.jpg	True	False	1
P07	P07	lab_data/P07/P07_EEG_recon_2026-06-08_13h33.36.114_image_mapping.json	171	9	11	1117	hamster	images_THINGS/object_images/hamster/hamster_07s.jpg	/media/psycontrol/HDD/Datasets/THINGS/images_THINGS/object_images/hamster/hamster_07s.jpg	True	False	1
P07	P07	lab_data/P07/P07_EEG_recon_2026-06-08_13h33.36.114_image_mapping.json	172	9	12	1030	puffin	images_THINGS/object_images/puffin/puffin_02s.jpg	/media/psycontrol/HDD/Datasets/THINGS/images_THINGS/object_images/puffin/puffin_02s.jpg	True	False	1
P07	P07	lab_data/P07/P07_EEG_recon_2026-06-08_13h33.36.114_image_mapping.json	173	9	13	1080	camcorder	images_THINGS/object_images/camcorder/camcorder_07s.jpg	/media/psycontrol/HDD/Datasets/THINGS/images_THINGS/object_images/camcorder/camcorder_07s.jpg	True	False	1
P07	P07	lab_data/P07/P07_EEG_recon_2026-06-08_13h33.36.114_image_mapping.json	174	9	14	1070	dragonfly	images_THINGS/object_images/dragonfly/dragonfly_10s.jpg	/media/psycontrol/HDD/Datasets/THINGS/images_THINGS/object_images/dragonfly/dragonfly_10s.jpg	True	False	1
P07	P07	lab_data/P07/P07_EEG_recon_2026-06-08_13h33.36.114_image_mapping.json	175	9	15	1007	mirror	images_THINGS/object_images/mirror/mirror_08s.jpg	/media/psycontrol/HDD/Datasets/THINGS/images_THINGS/object_images/mirror/mirror_08s.jpg	True	False	1
P07	P07	lab_data/P07/P07_EEG_recon_2026-06-08_13h33.36.114_image_mapping.json	176	9	16	1059	zucchini	images_THINGS/object_images/zucchini/zucchini_02s.jpg	/media/psycontrol/HDD/Datasets/THINGS/images_THINGS/object_images/zucchini/zucchini_02s.jpg	True	True	2
P07	P07	lab_data/P07/P07_EEG_recon_2026-06-08_13h33.36.114_image_mapping.json	177	9	17	1158	bulldozer	images_THINGS/object_images/bulldozer/bulldozer_06s.jpg	/media/psycontrol/HDD/Datasets/THINGS/images_THINGS/object_images/bulldozer/bulldozer_06s.jpg	True	False	1
P07	P07	lab_data/P07/P07_EEG_recon_2026-06-08_13h33.36.114_image_mapping.json	178	9	18	1051	yacht	images_THINGS/object_images/yacht/yacht_05s.jpg	/media/psycontrol/HDD/Datasets/THINGS/images_THINGS/object_images/yacht/yacht_05s.jpg	True	True	2
P07	P07	lab_data/P07/P07_EEG_recon_2026-06-08_13h33.36.114_image_mapping.json	179	9	19	1076	groundhog	images_THINGS/object_images/groundhog/groundhog_01b.jpg	/media/psycontrol/HDD/Datasets/THINGS/images_THINGS/object_images/groundhog/groundhog_01b.jpg	True	False	1
P07	P07	lab_data/P07/P07_EEG_recon_2026-06-08_13h33.36.114_image_mapping.json	180	9	20	1122	webcam	images_THINGS/object_images/webcam/webcam_08s.jpg	/media/psycontrol/HDD/Datasets/THINGS/images_THINGS/object_images/webcam/webcam_08s.jpg	True	False	1
P07	P07	lab_data/P07/P07_EEG_recon_2026-06-08_13h33.36.114_image_mapping.json	181	10	1	1052	wallpaper	images_THINGS/object_images/wallpaper/wallpaper_01b.jpg	/media/psycontrol/HDD/Datasets/THINGS/images_THINGS/object_images/wallpaper/wallpaper_01b.jpg	True	True	2
P07	P07	lab_data/P07/P07_EEG_recon_2026-06-08_13h33.36.114_image_mapping.json	182	10	2	1142	piglet	images_THINGS/object_images/piglet/piglet_07s.jpg	/media/psycontrol/HDD/Datasets/THINGS/images_THINGS/object_images/piglet/piglet_07s.jpg	True	False	1
P07	P07	lab_data/P07/P07_EEG_recon_2026-06-08_13h33.36.114_image_mapping.json	183	10	3	1064	fly	images_THINGS/object_images/fly/fly_17s.jpg	/media/psycontrol/HDD/Datasets/THINGS/images_THINGS/object_images/fly/fly_17s.jpg	True	False	1
P07	P07	lab_data/P07/P07_EEG_recon_2026-06-08_13h33.36.114_image_mapping.json	184	10	4	1060	squirrel	images_THINGS/object_images/squirrel/squirrel_12n.jpg	/media/psycontrol/HDD/Datasets/THINGS/images_THINGS/object_images/squirrel/squirrel_12n.jpg	True	True	2
P07	P07	lab_data/P07/P07_EEG_recon_2026-06-08_13h33.36.114_image_mapping.json	185	10	5	1048	sombrero	images_THINGS/object_images/sombrero/sombrero_11s.jpg	/media/psycontrol/HDD/Datasets/THINGS/images_THINGS/object_images/sombrero/sombrero_11s.jpg	True	False	1
P07	P07	lab_data/P07/P07_EEG_recon_2026-06-08_13h33.36.114_image_mapping.json	186	10	6	1009	papaya	images_THINGS/object_images/papaya/papaya_08s.jpg	/media/psycontrol/HDD/Datasets/THINGS/images_THINGS/object_images/papaya/papaya_08s.jpg	True	False	1
P07	P07	lab_data/P07/P07_EEG_recon_2026-06-08_13h33.36.114_image_mapping.json	187	10	7	1072	blackberry	images_THINGS/object_images/blackberry/blackberry_08s.jpg	/media/psycontrol/HDD/Datasets/THINGS/images_THINGS/object_images/blackberry/blackberry_08s.jpg	True	False	1
P07	P07	lab_data/P07/P07_EEG_recon_2026-06-08_13h33.36.114_image_mapping.json	188	10	8	1089	unicycle	images_THINGS/object_images/unicycle/unicycle_08s.jpg	/media/psycontrol/HDD/Datasets/THINGS/images_THINGS/object_images/unicycle/unicycle_08s.jpg	True	False	1
P07	P07	lab_data/P07/P07_EEG_recon_2026-06-08_13h33.36.114_image_mapping.json	189	10	9	1075	filing_cabinet	images_THINGS/object_images/filing_cabinet/filing_cabinet_10s.jpg	/media/psycontrol/HDD/Datasets/THINGS/images_THINGS/object_images/filing_cabinet/filing_cabinet_10s.jpg	True	False	1
P07	P07	lab_data/P07/P07_EEG_recon_2026-06-08_13h33.36.114_image_mapping.json	190	10	10	1029	sheep	images_THINGS/object_images/sheep/sheep_06s.jpg	/media/psycontrol/HDD/Datasets/THINGS/images_THINGS/object_images/sheep/sheep_06s.jpg	True	False	1
P07	P07	lab_data/P07/P07_EEG_recon_2026-06-08_13h33.36.114_image_mapping.json	191	10	11	1069	rollerblade	images_THINGS/object_images/rollerblade/rollerblade_05s.jpg	/media/psycontrol/HDD/Datasets/THINGS/images_THINGS/object_images/rollerblade/rollerblade_05s.jpg	True	False	1
P07	P07	lab_data/P07/P07_EEG_recon_2026-06-08_13h33.36.114_image_mapping.json	192	10	12	1126	helicopter	images_THINGS/object_images/helicopter/helicopter_20s.jpg	/media/psycontrol/HDD/Datasets/THINGS/images_THINGS/object_images/helicopter/helicopter_20s.jpg	True	True	2
P07	P07	lab_data/P07/P07_EEG_recon_2026-06-08_13h33.36.114_image_mapping.json	193	10	13	1019	videocassette	images_THINGS/object_images/videocassette/videocassette_07n.jpg	/media/psycontrol/HDD/Datasets/THINGS/images_THINGS/object_images/videocassette/videocassette_07n.jpg	True	False	1
P07	P07	lab_data/P07/P07_EEG_recon_2026-06-08_13h33.36.114_image_mapping.json	194	10	14	1005	ottoman	images_THINGS/object_images/ottoman/ottoman_05s.jpg	/media/psycontrol/HDD/Datasets/THINGS/images_THINGS/object_images/ottoman/ottoman_05s.jpg	True	False	1
P07	P07	lab_data/P07/P07_EEG_recon_2026-06-08_13h33.36.114_image_mapping.json	195	10	15	1116	praying_mantis	images_THINGS/object_images/praying_mantis/praying_mantis_08s.jpg	/media/psycontrol/HDD/Datasets/THINGS/images_THINGS/object_images/praying_mantis/praying_mantis_08s.jpg	True	False	1
P07	P07	lab_data/P07/P07_EEG_recon_2026-06-08_13h33.36.114_image_mapping.json	196	10	16	1022	shoe	images_THINGS/object_images/shoe/shoe_01s.jpg	/media/psycontrol/HDD/Datasets/THINGS/images_THINGS/object_images/shoe/shoe_01s.jpg	True	False	1
P07	P07	lab_data/P07/P07_EEG_recon_2026-06-08_13h33.36.114_image_mapping.json	197	10	17	1066	giraffe	images_THINGS/object_images/giraffe/giraffe_17s.jpg	/media/psycontrol/HDD/Datasets/THINGS/images_THINGS/object_images/giraffe/giraffe_17s.jpg	True	False	1
P07	P07	lab_data/P07/P07_EEG_recon_2026-06-08_13h33.36.114_image_mapping.json	198	10	18	1004	dalmatian	images_THINGS/object_images/dalmatian/dalmatian_02s.jpg	/media/psycontrol/HDD/Datasets/THINGS/images_THINGS/object_images/dalmatian/dalmatian_02s.jpg	True	False	1
P07	P07	lab_data/P07/P07_EEG_recon_2026-06-08_13h33.36.114_image_mapping.json	199	10	19	1157	barnacle	images_THINGS/object_images/barnacle/barnacle_11s.jpg	/media/psycontrol/HDD/Datasets/THINGS/images_THINGS/object_images/barnacle/barnacle_11s.jpg	True	True	2
P07	P07	lab_data/P07/P07_EEG_recon_2026-06-08_13h33.36.114_image_mapping.json	200	10	20	1024	lab_coat	images_THINGS/object_images/lab_coat/lab_coat_08s.jpg	/media/psycontrol/HDD/Datasets/THINGS/images_THINGS/object_images/lab_coat/lab_coat_08s.jpg	True	False	1
melina	Melina_02062026	lab_data/melina/Melina_02062026_EEG_recon_2026-06-02_13h08.29.077_image_mapping.json	1	1	1	1096	beaver	images_THINGS/object_images/beaver/beaver_13n.jpg	/media/psycontrol/HDD/Datasets/THINGS/images_THINGS/object_images/beaver/beaver_13n.jpg	True	False	1
melina	Melina_02062026	lab_data/melina/Melina_02062026_EEG_recon_2026-06-02_13h08.29.077_image_mapping.json	2	1	2	1124	nightshirt	images_THINGS/object_images/nightshirt/nightshirt_11s.jpg	/media/psycontrol/HDD/Datasets/THINGS/images_THINGS/object_images/nightshirt/nightshirt_11s.jpg	True	False	2
melina	Melina_02062026	lab_data/melina/Melina_02062026_EEG_recon_2026-06-02_13h08.29.077_image_mapping.json	3	1	3	1006	cardinal	images_THINGS/object_images/cardinal/cardinal_02s.jpg	/media/psycontrol/HDD/Datasets/THINGS/images_THINGS/object_images/cardinal/cardinal_02s.jpg	True	False	2
melina	Melina_02062026	lab_data/melina/Melina_02062026_EEG_recon_2026-06-02_13h08.29.077_image_mapping.json	4	1	4	1071	mongoose	images_THINGS/object_images/mongoose/mongoose_10s.jpg	/media/psycontrol/HDD/Datasets/THINGS/images_THINGS/object_images/mongoose/mongoose_10s.jpg	True	False	2
melina	Melina_02062026	lab_data/melina/Melina_02062026_EEG_recon_2026-06-02_13h08.29.077_image_mapping.json	5	1	5	1077	bison	images_THINGS/object_images/bison/bison_08s.jpg	/media/psycontrol/HDD/Datasets/THINGS/images_THINGS/object_images/bison/bison_08s.jpg	True	False	1
melina	Melina_02062026	lab_data/melina/Melina_02062026_EEG_recon_2026-06-02_13h08.29.077_image_mapping.json	6	1	6	1159	pear	images_THINGS/object_images/pear/pear_09s.jpg	/media/psycontrol/HDD/Datasets/THINGS/images_THINGS/object_images/pear/pear_09s.jpg	True	False	2
melina	Melina_02062026	lab_data/melina/Melina_02062026_EEG_recon_2026-06-02_13h08.29.077_image_mapping.json	7	1	7	1062	antelope	images_THINGS/object_images/antelope/antelope_12n.jpg	/media/psycontrol/HDD/Datasets/THINGS/images_THINGS/object_images/antelope/antelope_12n.jpg	True	False	2
melina	Melina_02062026	lab_data/melina/Melina_02062026_EEG_recon_2026-06-02_13h08.29.077_image_mapping.json	8	1	8	1145	rocking_chair	images_THINGS/object_images/rocking_chair/rocking_chair_07s.jpg	/media/psycontrol/HDD/Datasets/THINGS/images_THINGS/object_images/rocking_chair/rocking_chair_07s.jpg	True	False	2
melina	Melina_02062026	lab_data/melina/Melina_02062026_EEG_recon_2026-06-02_13h08.29.077_image_mapping.json	9	1	9	1015	moose	images_THINGS/object_images/moose/moose_02s.jpg	/media/psycontrol/HDD/Datasets/THINGS/images_THINGS/object_images/moose/moose_02s.jpg	True	False	2
melina	Melina_02062026	lab_data/melina/Melina_02062026_EEG_recon_2026-06-02_13h08.29.077_image_mapping.json	10	1	10	1092	bunkbed	images_THINGS/object_images/bunkbed/bunkbed_02s.jpg	/media/psycontrol/HDD/Datasets/THINGS/images_THINGS/object_images/bunkbed/bunkbed_02s.jpg	True	False	2
melina	Melina_02062026	lab_data/melina/Melina_02062026_EEG_recon_2026-06-02_13h08.29.077_image_mapping.json	11	1	11	1001	limousine	images_THINGS/object_images/limousine/limousine_03s.jpg	/media/psycontrol/HDD/Datasets/THINGS/images_THINGS/object_images/limousine/limousine_03s.jpg	True	False	2
melina	Melina_02062026	lab_data/melina/Melina_02062026_EEG_recon_2026-06-02_13h08.29.077_image_mapping.json	12	1	12	1160	clam	images_THINGS/object_images/clam/clam_06s.jpg	/media/psycontrol/HDD/Datasets/THINGS/images_THINGS/object_images/clam/clam_06s.jpg	True	False	2
melina	Melina_02062026	lab_data/melina/Melina_02062026_EEG_recon_2026-06-02_13h08.29.077_image_mapping.json	13	1	13	1020	television	images_THINGS/object_images/television/television_07s.jpg	/media/psycontrol/HDD/Datasets/THINGS/images_THINGS/object_images/television/television_07s.jpg	True	False	2
melina	Melina_02062026	lab_data/melina/Melina_02062026_EEG_recon_2026-06-02_13h08.29.077_image_mapping.json	14	1	14	1104	speaker	images_THINGS/object_images/speaker/speaker_19n.jpg	/media/psycontrol/HDD/Datasets/THINGS/images_THINGS/object_images/speaker/speaker_19n.jpg	True	False	2
melina	Melina_02062026	lab_data/melina/Melina_02062026_EEG_recon_2026-06-02_13h08.29.077_image_mapping.json	15	1	15	1134	sleeping_bag	images_THINGS/object_images/sleeping_bag/sleeping_bag_07s.jpg	/media/psycontrol/HDD/Datasets/THINGS/images_THINGS/object_images/sleeping_bag/sleeping_bag_07s.jpg	True	False	2
melina	Melina_02062026	lab_data/melina/Melina_02062026_EEG_recon_2026-06-02_13h08.29.077_image_mapping.json	16	1	16	1147	lemonade	images_THINGS/object_images/lemonade/lemonade_01b.jpg	/media/psycontrol/HDD/Datasets/THINGS/images_THINGS/object_images/lemonade/lemonade_01b.jpg	True	False	2
melina	Melina_02062026	lab_data/melina/Melina_02062026_EEG_recon_2026-06-02_13h08.29.077_image_mapping.json	17	1	17	1121	sunglasses	images_THINGS/object_images/sunglasses/sunglasses_06s.jpg	/media/psycontrol/HDD/Datasets/THINGS/images_THINGS/object_images/sunglasses/sunglasses_06s.jpg	True	False	2
melina	Melina_02062026	lab_data/melina/Melina_02062026_EEG_recon_2026-06-02_13h08.29.077_image_mapping.json	18	1	18	1035	lizard	images_THINGS/object_images/lizard/lizard_01b.jpg	/media/psycontrol/HDD/Datasets/THINGS/images_THINGS/object_images/lizard/lizard_01b.jpg	True	False	1
melina	Melina_02062026	lab_data/melina/Melina_02062026_EEG_recon_2026-06-02_13h08.29.077_image_mapping.json	19	1	19	1052	wallpaper	images_THINGS/object_images/wallpaper/wallpaper_01b.jpg	/media/psycontrol/HDD/Datasets/THINGS/images_THINGS/object_images/wallpaper/wallpaper_01b.jpg	True	False	2
melina	Melina_02062026	lab_data/melina/Melina_02062026_EEG_recon_2026-06-02_13h08.29.077_image_mapping.json	20	1	20	1132	polar_bear	images_THINGS/object_images/polar_bear/polar_bear_18s.jpg	/media/psycontrol/HDD/Datasets/THINGS/images_THINGS/object_images/polar_bear/polar_bear_18s.jpg	True	False	2
melina	Melina_02062026	lab_data/melina/Melina_02062026_EEG_recon_2026-06-02_13h08.29.077_image_mapping.json	21	2	1	1071	mongoose	images_THINGS/object_images/mongoose/mongoose_10s.jpg	/media/psycontrol/HDD/Datasets/THINGS/images_THINGS/object_images/mongoose/mongoose_10s.jpg	True	True	2
melina	Melina_02062026	lab_data/melina/Melina_02062026_EEG_recon_2026-06-02_13h08.29.077_image_mapping.json	22	2	2	1150	chick	images_THINGS/object_images/chick/chick_10s.jpg	/media/psycontrol/HDD/Datasets/THINGS/images_THINGS/object_images/chick/chick_10s.jpg	True	False	2
melina	Melina_02062026	lab_data/melina/Melina_02062026_EEG_recon_2026-06-02_13h08.29.077_image_mapping.json	23	2	3	1134	sleeping_bag	images_THINGS/object_images/sleeping_bag/sleeping_bag_07s.jpg	/media/psycontrol/HDD/Datasets/THINGS/images_THINGS/object_images/sleeping_bag/sleeping_bag_07s.jpg	True	True	2
melina	Melina_02062026	lab_data/melina/Melina_02062026_EEG_recon_2026-06-02_13h08.29.077_image_mapping.json	24	2	4	1053	reindeer	images_THINGS/object_images/reindeer/reindeer_14s.jpg	/media/psycontrol/HDD/Datasets/THINGS/images_THINGS/object_images/reindeer/reindeer_14s.jpg	True	False	2
melina	Melina_02062026	lab_data/melina/Melina_02062026_EEG_recon_2026-06-02_13h08.29.077_image_mapping.json	25	2	5	1060	squirrel	images_THINGS/object_images/squirrel/squirrel_12n.jpg	/media/psycontrol/HDD/Datasets/THINGS/images_THINGS/object_images/squirrel/squirrel_12n.jpg	True	False	2
melina	Melina_02062026	lab_data/melina/Melina_02062026_EEG_recon_2026-06-02_13h08.29.077_image_mapping.json	26	2	6	1001	limousine	images_THINGS/object_images/limousine/limousine_03s.jpg	/media/psycontrol/HDD/Datasets/THINGS/images_THINGS/object_images/limousine/limousine_03s.jpg	True	True	2
melina	Melina_02062026	lab_data/melina/Melina_02062026_EEG_recon_2026-06-02_13h08.29.077_image_mapping.json	27	2	7	1115	marshmallow	images_THINGS/object_images/marshmallow/marshmallow_09s.jpg	/media/psycontrol/HDD/Datasets/THINGS/images_THINGS/object_images/marshmallow/marshmallow_09s.jpg	True	False	1
melina	Melina_02062026	lab_data/melina/Melina_02062026_EEG_recon_2026-06-02_13h08.29.077_image_mapping.json	28	2	8	1159	pear	images_THINGS/object_images/pear/pear_09s.jpg	/media/psycontrol/HDD/Datasets/THINGS/images_THINGS/object_images/pear/pear_09s.jpg	True	True	2
melina	Melina_02062026	lab_data/melina/Melina_02062026_EEG_recon_2026-06-02_13h08.29.077_image_mapping.json	29	2	9	1012	burrito	images_THINGS/object_images/burrito/burrito_07s.jpg	/media/psycontrol/HDD/Datasets/THINGS/images_THINGS/object_images/burrito/burrito_07s.jpg	True	False	2
melina	Melina_02062026	lab_data/melina/Melina_02062026_EEG_recon_2026-06-02_13h08.29.077_image_mapping.json	30	2	10	1036	ladybug	images_THINGS/object_images/ladybug/ladybug_07s.jpg	/media/psycontrol/HDD/Datasets/THINGS/images_THINGS/object_images/ladybug/ladybug_07s.jpg	True	False	1
melina	Melina_02062026	lab_data/melina/Melina_02062026_EEG_recon_2026-06-02_13h08.29.077_image_mapping.json	31	2	11	1045	goose	images_THINGS/object_images/goose/goose_08s.jpg	/media/psycontrol/HDD/Datasets/THINGS/images_THINGS/object_images/goose/goose_08s.jpg	True	False	2
melina	Melina_02062026	lab_data/melina/Melina_02062026_EEG_recon_2026-06-02_13h08.29.077_image_mapping.json	32	2	12	1095	mouse2	images_THINGS/object_images/mouse2/mouse2_17s.jpg	/media/psycontrol/HDD/Datasets/THINGS/images_THINGS/object_images/mouse2/mouse2_17s.jpg	True	False	1
melina	Melina_02062026	lab_data/melina/Melina_02062026_EEG_recon_2026-06-02_13h08.29.077_image_mapping.json	33	2	13	1144	tarantula	images_THINGS/object_images/tarantula/tarantula_12s.jpg	/media/psycontrol/HDD/Datasets/THINGS/images_THINGS/object_images/tarantula/tarantula_12s.jpg	True	False	2
melina	Melina_02062026	lab_data/melina/Melina_02062026_EEG_recon_2026-06-02_13h08.29.077_image_mapping.json	34	2	14	1057	eggnog	images_THINGS/object_images/eggnog/eggnog_03s.jpg	/media/psycontrol/HDD/Datasets/THINGS/images_THINGS/object_images/eggnog/eggnog_03s.jpg	True	False	1
melina	Melina_02062026	lab_data/melina/Melina_02062026_EEG_recon_2026-06-02_13h08.29.077_image_mapping.json	35	2	15	1112	hard_disk	images_THINGS/object_images/hard_disk/hard_disk_13s.jpg	/media/psycontrol/HDD/Datasets/THINGS/images_THINGS/object_images/hard_disk/hard_disk_13s.jpg	True	False	1
melina	Melina_02062026	lab_data/melina/Melina_02062026_EEG_recon_2026-06-02_13h08.29.077_image_mapping.json	36	2	16	1108	possum	images_THINGS/object_images/possum/possum_03s.jpg	/media/psycontrol/HDD/Datasets/THINGS/images_THINGS/object_images/possum/possum_03s.jpg	True	False	1
melina	Melina_02062026	lab_data/melina/Melina_02062026_EEG_recon_2026-06-02_13h08.29.077_image_mapping.json	37	2	17	1160	clam	images_THINGS/object_images/clam/clam_06s.jpg	/media/psycontrol/HDD/Datasets/THINGS/images_THINGS/object_images/clam/clam_06s.jpg	True	True	2
melina	Melina_02062026	lab_data/melina/Melina_02062026_EEG_recon_2026-06-02_13h08.29.077_image_mapping.json	38	2	18	1031	fish	images_THINGS/object_images/fish/fish_01b.jpg	/media/psycontrol/HDD/Datasets/THINGS/images_THINGS/object_images/fish/fish_01b.jpg	True	False	1
melina	Melina_02062026	lab_data/melina/Melina_02062026_EEG_recon_2026-06-02_13h08.29.077_image_mapping.json	39	2	19	1016	ant	images_THINGS/object_images/ant/ant_08s.jpg	/media/psycontrol/HDD/Datasets/THINGS/images_THINGS/object_images/ant/ant_08s.jpg	True	False	1
melina	Melina_02062026	lab_data/melina/Melina_02062026_EEG_recon_2026-06-02_13h08.29.077_image_mapping.json	40	2	20	1118	candy_bar	images_THINGS/object_images/candy_bar/candy_bar_09s.jpg	/media/psycontrol/HDD/Datasets/THINGS/images_THINGS/object_images/candy_bar/candy_bar_09s.jpg	True	False	2
melina	Melina_02062026	lab_data/melina/Melina_02062026_EEG_recon_2026-06-02_13h08.29.077_image_mapping.json	41	3	1	1050	artichoke	images_THINGS/object_images/artichoke/artichoke_08n.jpg	/media/psycontrol/HDD/Datasets/THINGS/images_THINGS/object_images/artichoke/artichoke_08n.jpg	True	False	1
melina	Melina_02062026	lab_data/melina/Melina_02062026_EEG_recon_2026-06-02_13h08.29.077_image_mapping.json	42	3	2	1157	barnacle	images_THINGS/object_images/barnacle/barnacle_11s.jpg	/media/psycontrol/HDD/Datasets/THINGS/images_THINGS/object_images/barnacle/barnacle_11s.jpg	True	False	2
melina	Melina_02062026	lab_data/melina/Melina_02062026_EEG_recon_2026-06-02_13h08.29.077_image_mapping.json	43	3	3	1098	stool	images_THINGS/object_images/stool/stool_08s.jpg	/media/psycontrol/HDD/Datasets/THINGS/images_THINGS/object_images/stool/stool_08s.jpg	True	False	1
melina	Melina_02062026	lab_data/melina/Melina_02062026_EEG_recon_2026-06-02_13h08.29.077_image_mapping.json	44	3	4	1073	bull	images_THINGS/object_images/bull/bull_09s.jpg	/media/psycontrol/HDD/Datasets/THINGS/images_THINGS/object_images/bull/bull_09s.jpg	True	False	1
melina	Melina_02062026	lab_data/melina/Melina_02062026_EEG_recon_2026-06-02_13h08.29.077_image_mapping.json	45	3	5	1020	television	images_THINGS/object_images/television/television_07s.jpg	/media/psycontrol/HDD/Datasets/THINGS/images_THINGS/object_images/television/television_07s.jpg	True	True	2
melina	Melina_02062026	lab_data/melina/Melina_02062026_EEG_recon_2026-06-02_13h08.29.077_image_mapping.json	46	3	6	1151	tractor	images_THINGS/object_images/tractor/tractor_10n.jpg	/media/psycontrol/HDD/Datasets/THINGS/images_THINGS/object_images/tractor/tractor_10n.jpg	True	False	1
melina	Melina_02062026	lab_data/melina/Melina_02062026_EEG_recon_2026-06-02_13h08.29.077_image_mapping.json	47	3	7	1119	star_fruit	images_THINGS/object_images/star_fruit/star_fruit_06s.jpg	/media/psycontrol/HDD/Datasets/THINGS/images_THINGS/object_images/star_fruit/star_fruit_06s.jpg	True	False	1
melina	Melina_02062026	lab_data/melina/Melina_02062026_EEG_recon_2026-06-02_13h08.29.077_image_mapping.json	48	3	8	1011	raspberry	images_THINGS/object_images/raspberry/raspberry_11s.jpg	/media/psycontrol/HDD/Datasets/THINGS/images_THINGS/object_images/raspberry/raspberry_11s.jpg	True	False	1
melina	Melina_02062026	lab_data/melina/Melina_02062026_EEG_recon_2026-06-02_13h08.29.077_image_mapping.json	49	3	9	1137	lamb	images_THINGS/object_images/lamb/lamb_12s.jpg	/media/psycontrol/HDD/Datasets/THINGS/images_THINGS/object_images/lamb/lamb_12s.jpg	True	False	1
melina	Melina_02062026	lab_data/melina/Melina_02062026_EEG_recon_2026-06-02_13h08.29.077_image_mapping.json	50	3	10	1104	speaker	images_THINGS/object_images/speaker/speaker_19n.jpg	/media/psycontrol/HDD/Datasets/THINGS/images_THINGS/object_images/speaker/speaker_19n.jpg	True	True	2
melina	Melina_02062026	lab_data/melina/Melina_02062026_EEG_recon_2026-06-02_13h08.29.077_image_mapping.json	51	3	11	1110	jet	images_THINGS/object_images/jet/jet_04s.jpg	/media/psycontrol/HDD/Datasets/THINGS/images_THINGS/object_images/jet/jet_04s.jpg	True	False	2
melina	Melina_02062026	lab_data/melina/Melina_02062026_EEG_recon_2026-06-02_13h08.29.077_image_mapping.json	52	3	12	1144	tarantula	images_THINGS/object_images/tarantula/tarantula_12s.jpg	/media/psycontrol/HDD/Datasets/THINGS/images_THINGS/object_images/tarantula/tarantula_12s.jpg	True	True	2
melina	Melina_02062026	lab_data/melina/Melina_02062026_EEG_recon_2026-06-02_13h08.29.077_image_mapping.json	53	3	13	1006	cardinal	images_THINGS/object_images/cardinal/cardinal_02s.jpg	/media/psycontrol/HDD/Datasets/THINGS/images_THINGS/object_images/cardinal/cardinal_02s.jpg	True	True	2
melina	Melina_02062026	lab_data/melina/Melina_02062026_EEG_recon_2026-06-02_13h08.29.077_image_mapping.json	54	3	14	1097	sandwich	images_THINGS/object_images/sandwich/sandwich_06s.jpg	/media/psycontrol/HDD/Datasets/THINGS/images_THINGS/object_images/sandwich/sandwich_06s.jpg	True	False	1
melina	Melina_02062026	lab_data/melina/Melina_02062026_EEG_recon_2026-06-02_13h08.29.077_image_mapping.json	55	3	15	1090	garlic	images_THINGS/object_images/garlic/garlic_11s.jpg	/media/psycontrol/HDD/Datasets/THINGS/images_THINGS/object_images/garlic/garlic_11s.jpg	True	False	1
melina	Melina_02062026	lab_data/melina/Melina_02062026_EEG_recon_2026-06-02_13h08.29.077_image_mapping.json	56	3	16	1101	boat	images_THINGS/object_images/boat/boat_08s.jpg	/media/psycontrol/HDD/Datasets/THINGS/images_THINGS/object_images/boat/boat_08s.jpg	True	False	1
melina	Melina_02062026	lab_data/melina/Melina_02062026_EEG_recon_2026-06-02_13h08.29.077_image_mapping.json	57	3	17	1132	polar_bear	images_THINGS/object_images/polar_bear/polar_bear_18s.jpg	/media/psycontrol/HDD/Datasets/THINGS/images_THINGS/object_images/polar_bear/polar_bear_18s.jpg	True	True	2
melina	Melina_02062026	lab_data/melina/Melina_02062026_EEG_recon_2026-06-02_13h08.29.077_image_mapping.json	58	3	18	1047	drawer	images_THINGS/object_images/drawer/drawer_04s.jpg	/media/psycontrol/HDD/Datasets/THINGS/images_THINGS/object_images/drawer/drawer_04s.jpg	True	False	1
melina	Melina_02062026	lab_data/melina/Melina_02062026_EEG_recon_2026-06-02_13h08.29.077_image_mapping.json	59	3	19	1026	asparagus	images_THINGS/object_images/asparagus/asparagus_12s.jpg	/media/psycontrol/HDD/Datasets/THINGS/images_THINGS/object_images/asparagus/asparagus_12s.jpg	True	False	1
melina	Melina_02062026	lab_data/melina/Melina_02062026_EEG_recon_2026-06-02_13h08.29.077_image_mapping.json	60	3	20	1046	tiramisu	images_THINGS/object_images/tiramisu/tiramisu_12s.jpg	/media/psycontrol/HDD/Datasets/THINGS/images_THINGS/object_images/tiramisu/tiramisu_12s.jpg	True	False	2
melina	Melina_02062026	lab_data/melina/Melina_02062026_EEG_recon_2026-06-02_13h08.29.077_image_mapping.json	61	4	1	1110	jet	images_THINGS/object_images/jet/jet_04s.jpg	/media/psycontrol/HDD/Datasets/THINGS/images_THINGS/object_images/jet/jet_04s.jpg	True	True	2
melina	Melina_02062026	lab_data/melina/Melina_02062026_EEG_recon_2026-06-02_13h08.29.077_image_mapping.json	62	4	2	1149	mole	images_THINGS/object_images/mole/mole_09s.jpg	/media/psycontrol/HDD/Datasets/THINGS/images_THINGS/object_images/mole/mole_09s.jpg	True	False	1
melina	Melina_02062026	lab_data/melina/Melina_02062026_EEG_recon_2026-06-02_13h08.29.077_image_mapping.json	63	4	3	1023	wolf	images_THINGS/object_images/wolf/wolf_12n.jpg	/media/psycontrol/HDD/Datasets/THINGS/images_THINGS/object_images/wolf/wolf_12n.jpg	True	False	2
melina	Melina_02062026	lab_data/melina/Melina_02062026_EEG_recon_2026-06-02_13h08.29.077_image_mapping.json	64	4	4	1125	sundae	images_THINGS/object_images/sundae/sundae_09s.jpg	/media/psycontrol/HDD/Datasets/THINGS/images_THINGS/object_images/sundae/sundae_09s.jpg	True	False	2
melina	Melina_02062026	lab_data/melina/Melina_02062026_EEG_recon_2026-06-02_13h08.29.077_image_mapping.json	65	4	5	1037	steamroller	images_THINGS/object_images/steamroller/steamroller_11n.jpg	/media/psycontrol/HDD/Datasets/THINGS/images_THINGS/object_images/steamroller/steamroller_11n.jpg	True	False	1
melina	Melina_02062026	lab_data/melina/Melina_02062026_EEG_recon_2026-06-02_13h08.29.077_image_mapping.json	66	4	6	1120	owl	images_THINGS/object_images/owl/owl_19s.jpg	/media/psycontrol/HDD/Datasets/THINGS/images_THINGS/object_images/owl/owl_19s.jpg	True	False	2
melina	Melina_02062026	lab_data/melina/Melina_02062026_EEG_recon_2026-06-02_13h08.29.077_image_mapping.json	67	4	7	1015	moose	images_THINGS/object_images/moose/moose_02s.jpg	/media/psycontrol/HDD/Datasets/THINGS/images_THINGS/object_images/moose/moose_02s.jpg	True	True	2
melina	Melina_02062026	lab_data/melina/Melina_02062026_EEG_recon_2026-06-02_13h08.29.077_image_mapping.json	68	4	8	1121	sunglasses	images_THINGS/object_images/sunglasses/sunglasses_06s.jpg	/media/psycontrol/HDD/Datasets/THINGS/images_THINGS/object_images/sunglasses/sunglasses_06s.jpg	True	True	2
melina	Melina_02062026	lab_data/melina/Melina_02062026_EEG_recon_2026-06-02_13h08.29.077_image_mapping.json	69	4	9	1049	rat	images_THINGS/object_images/rat/rat_04s.jpg	/media/psycontrol/HDD/Datasets/THINGS/images_THINGS/object_images/rat/rat_04s.jpg	True	False	1
melina	Melina_02062026	lab_data/melina/Melina_02062026_EEG_recon_2026-06-02_13h08.29.077_image_mapping.json	70	4	10	1032	pants	images_THINGS/object_images/pants/pants_01b.jpg	/media/psycontrol/HDD/Datasets/THINGS/images_THINGS/object_images/pants/pants_01b.jpg	True	False	1
melina	Melina_02062026	lab_data/melina/Melina_02062026_EEG_recon_2026-06-02_13h08.29.077_image_mapping.json	71	4	11	1063	car	images_THINGS/object_images/car/car_12s.jpg	/media/psycontrol/HDD/Datasets/THINGS/images_THINGS/object_images/car/car_12s.jpg	True	False	1
melina	Melina_02062026	lab_data/melina/Melina_02062026_EEG_recon_2026-06-02_13h08.29.077_image_mapping.json	72	4	12	1118	candy_bar	images_THINGS/object_images/candy_bar/candy_bar_09s.jpg	/media/psycontrol/HDD/Datasets/THINGS/images_THINGS/object_images/candy_bar/candy_bar_09s.jpg	True	True	2
melina	Melina_02062026	lab_data/melina/Melina_02062026_EEG_recon_2026-06-02_13h08.29.077_image_mapping.json	73	4	13	1092	bunkbed	images_THINGS/object_images/bunkbed/bunkbed_02s.jpg	/media/psycontrol/HDD/Datasets/THINGS/images_THINGS/object_images/bunkbed/bunkbed_02s.jpg	True	True	2
melina	Melina_02062026	lab_data/melina/Melina_02062026_EEG_recon_2026-06-02_13h08.29.077_image_mapping.json	74	4	14	1038	cupcake	images_THINGS/object_images/cupcake/cupcake_07s.jpg	/media/psycontrol/HDD/Datasets/THINGS/images_THINGS/object_images/cupcake/cupcake_07s.jpg	True	False	1
melina	Melina_02062026	lab_data/melina/Melina_02062026_EEG_recon_2026-06-02_13h08.29.077_image_mapping.json	75	4	15	1061	taco	images_THINGS/object_images/taco/taco_06n.jpg	/media/psycontrol/HDD/Datasets/THINGS/images_THINGS/object_images/taco/taco_06n.jpg	True	False	2
melina	Melina_02062026	lab_data/melina/Melina_02062026_EEG_recon_2026-06-02_13h08.29.077_image_mapping.json	76	4	16	1130	showerhead	images_THINGS/object_images/showerhead/showerhead_05s.jpg	/media/psycontrol/HDD/Datasets/THINGS/images_THINGS/object_images/showerhead/showerhead_05s.jpg	True	False	2
melina	Melina_02062026	lab_data/melina/Melina_02062026_EEG_recon_2026-06-02_13h08.29.077_image_mapping.json	77	4	17	1143	mango	images_THINGS/object_images/mango/mango_16s.jpg	/media/psycontrol/HDD/Datasets/THINGS/images_THINGS/object_images/mango/mango_16s.jpg	True	False	2
melina	Melina_02062026	lab_data/melina/Melina_02062026_EEG_recon_2026-06-02_13h08.29.077_image_mapping.json	78	4	18	1123	sorbet	images_THINGS/object_images/sorbet/sorbet_05s.jpg	/media/psycontrol/HDD/Datasets/THINGS/images_THINGS/object_images/sorbet/sorbet_05s.jpg	True	False	1
melina	Melina_02062026	lab_data/melina/Melina_02062026_EEG_recon_2026-06-02_13h08.29.077_image_mapping.json	79	4	19	1013	banana	images_THINGS/object_images/banana/banana_13s.jpg	/media/psycontrol/HDD/Datasets/THINGS/images_THINGS/object_images/banana/banana_13s.jpg	True	False	1
melina	Melina_02062026	lab_data/melina/Melina_02062026_EEG_recon_2026-06-02_13h08.29.077_image_mapping.json	80	4	20	1139	earwig	images_THINGS/object_images/earwig/earwig_09s.jpg	/media/psycontrol/HDD/Datasets/THINGS/images_THINGS/object_images/earwig/earwig_09s.jpg	True	False	1
melina	Melina_02062026	lab_data/melina/Melina_02062026_EEG_recon_2026-06-02_13h08.29.077_image_mapping.json	81	5	1	1079	puppy	images_THINGS/object_images/puppy/puppy_12s.jpg	/media/psycontrol/HDD/Datasets/THINGS/images_THINGS/object_images/puppy/puppy_12s.jpg	True	False	1
melina	Melina_02062026	lab_data/melina/Melina_02062026_EEG_recon_2026-06-02_13h08.29.077_image_mapping.json	82	5	2	1082	necklace	images_THINGS/object_images/necklace/necklace_11s.jpg	/media/psycontrol/HDD/Datasets/THINGS/images_THINGS/object_images/necklace/necklace_11s.jpg	True	False	2
melina	Melina_02062026	lab_data/melina/Melina_02062026_EEG_recon_2026-06-02_13h08.29.077_image_mapping.json	83	5	3	1131	eel	images_THINGS/object_images/eel/eel_09s.jpg	/media/psycontrol/HDD/Datasets/THINGS/images_THINGS/object_images/eel/eel_09s.jpg	True	False	1
melina	Melina_02062026	lab_data/melina/Melina_02062026_EEG_recon_2026-06-02_13h08.29.077_image_mapping.json	84	5	4	1143	mango	images_THINGS/object_images/mango/mango_16s.jpg	/media/psycontrol/HDD/Datasets/THINGS/images_THINGS/object_images/mango/mango_16s.jpg	True	True	2
melina	Melina_02062026	lab_data/melina/Melina_02062026_EEG_recon_2026-06-02_13h08.29.077_image_mapping.json	85	5	5	1109	wasp	images_THINGS/object_images/wasp/wasp_09n.jpg	/media/psycontrol/HDD/Datasets/THINGS/images_THINGS/object_images/wasp/wasp_09n.jpg	True	False	1
melina	Melina_02062026	lab_data/melina/Melina_02062026_EEG_recon_2026-06-02_13h08.29.077_image_mapping.json	86	5	6	1046	tiramisu	images_THINGS/object_images/tiramisu/tiramisu_12s.jpg	/media/psycontrol/HDD/Datasets/THINGS/images_THINGS/object_images/tiramisu/tiramisu_12s.jpg	True	True	2
melina	Melina_02062026	lab_data/melina/Melina_02062026_EEG_recon_2026-06-02_13h08.29.077_image_mapping.json	87	5	7	1133	cockatoo	images_THINGS/object_images/cockatoo/cockatoo_04s.jpg	/media/psycontrol/HDD/Datasets/THINGS/images_THINGS/object_images/cockatoo/cockatoo_04s.jpg	True	False	1
melina	Melina_02062026	lab_data/melina/Melina_02062026_EEG_recon_2026-06-02_13h08.29.077_image_mapping.json	88	5	8	1002	pea	images_THINGS/object_images/pea/pea_10s.jpg	/media/psycontrol/HDD/Datasets/THINGS/images_THINGS/object_images/pea/pea_10s.jpg	True	False	1
melina	Melina_02062026	lab_data/melina/Melina_02062026_EEG_recon_2026-06-02_13h08.29.077_image_mapping.json	89	5	9	1135	pony	images_THINGS/object_images/pony/pony_01b.jpg	/media/psycontrol/HDD/Datasets/THINGS/images_THINGS/object_images/pony/pony_01b.jpg	True	False	1
melina	Melina_02062026	lab_data/melina/Melina_02062026_EEG_recon_2026-06-02_13h08.29.077_image_mapping.json	90	5	10	1125	sundae	images_THINGS/object_images/sundae/sundae_09s.jpg	/media/psycontrol/HDD/Datasets/THINGS/images_THINGS/object_images/sundae/sundae_09s.jpg	True	True	2
melina	Melina_02062026	lab_data/melina/Melina_02062026_EEG_recon_2026-06-02_13h08.29.077_image_mapping.json	91	5	11	1124	nightshirt	images_THINGS/object_images/nightshirt/nightshirt_11s.jpg	/media/psycontrol/HDD/Datasets/THINGS/images_THINGS/object_images/nightshirt/nightshirt_11s.jpg	True	True	2
melina	Melina_02062026	lab_data/melina/Melina_02062026_EEG_recon_2026-06-02_13h08.29.077_image_mapping.json	92	5	12	1140	kayak	images_THINGS/object_images/kayak/kayak_04s.jpg	/media/psycontrol/HDD/Datasets/THINGS/images_THINGS/object_images/kayak/kayak_04s.jpg	True	False	1
melina	Melina_02062026	lab_data/melina/Melina_02062026_EEG_recon_2026-06-02_13h08.29.077_image_mapping.json	93	5	13	1059	zucchini	images_THINGS/object_images/zucchini/zucchini_02s.jpg	/media/psycontrol/HDD/Datasets/THINGS/images_THINGS/object_images/zucchini/zucchini_02s.jpg	True	False	2
melina	Melina_02062026	lab_data/melina/Melina_02062026_EEG_recon_2026-06-02_13h08.29.077_image_mapping.json	94	5	14	1040	panda	images_THINGS/object_images/panda/panda_01b.jpg	/media/psycontrol/HDD/Datasets/THINGS/images_THINGS/object_images/panda/panda_01b.jpg	True	False	1
melina	Melina_02062026	lab_data/melina/Melina_02062026_EEG_recon_2026-06-02_13h08.29.077_image_mapping.json	95	5	15	1061	taco	images_THINGS/object_images/taco/taco_06n.jpg	/media/psycontrol/HDD/Datasets/THINGS/images_THINGS/object_images/taco/taco_06n.jpg	True	True	2
melina	Melina_02062026	lab_data/melina/Melina_02062026_EEG_recon_2026-06-02_13h08.29.077_image_mapping.json	96	5	16	1107	omelet	images_THINGS/object_images/omelet/omelet_06s.jpg	/media/psycontrol/HDD/Datasets/THINGS/images_THINGS/object_images/omelet/omelet_06s.jpg	True	False	1
melina	Melina_02062026	lab_data/melina/Melina_02062026_EEG_recon_2026-06-02_13h08.29.077_image_mapping.json	97	5	17	1086	pasta	images_THINGS/object_images/pasta/pasta_12s.jpg	/media/psycontrol/HDD/Datasets/THINGS/images_THINGS/object_images/pasta/pasta_12s.jpg	True	False	1
melina	Melina_02062026	lab_data/melina/Melina_02062026_EEG_recon_2026-06-02_13h08.29.077_image_mapping.json	98	5	18	1010	pineapple	images_THINGS/object_images/pineapple/pineapple_08s.jpg	/media/psycontrol/HDD/Datasets/THINGS/images_THINGS/object_images/pineapple/pineapple_08s.jpg	True	False	1
melina	Melina_02062026	lab_data/melina/Melina_02062026_EEG_recon_2026-06-02_13h08.29.077_image_mapping.json	99	5	19	1127	space_shuttle	images_THINGS/object_images/space_shuttle/space_shuttle_12s.jpg	/media/psycontrol/HDD/Datasets/THINGS/images_THINGS/object_images/space_shuttle/space_shuttle_12s.jpg	True	False	1
melina	Melina_02062026	lab_data/melina/Melina_02062026_EEG_recon_2026-06-02_13h08.29.077_image_mapping.json	100	5	20	1155	kale	images_THINGS/object_images/kale/kale_01b.jpg	/media/psycontrol/HDD/Datasets/THINGS/images_THINGS/object_images/kale/kale_01b.jpg	True	False	1
melina	Melina_02062026	lab_data/melina/Melina_02062026_EEG_recon_2026-06-02_13h08.29.077_image_mapping.json	101	6	1	1152	speedboat	images_THINGS/object_images/speedboat/speedboat_06s.jpg	/media/psycontrol/HDD/Datasets/THINGS/images_THINGS/object_images/speedboat/speedboat_06s.jpg	True	False	1
melina	Melina_02062026	lab_data/melina/Melina_02062026_EEG_recon_2026-06-02_13h08.29.077_image_mapping.json	102	6	2	1008	keyboard	images_THINGS/object_images/keyboard/keyboard_13s.jpg	/media/psycontrol/HDD/Datasets/THINGS/images_THINGS/object_images/keyboard/keyboard_13s.jpg	True	False	1
melina	Melina_02062026	lab_data/melina/Melina_02062026_EEG_recon_2026-06-02_13h08.29.077_image_mapping.json	103	6	3	1042	eagle	images_THINGS/object_images/eagle/eagle_08s.jpg	/media/psycontrol/HDD/Datasets/THINGS/images_THINGS/object_images/eagle/eagle_08s.jpg	True	False	1
melina	Melina_02062026	lab_data/melina/Melina_02062026_EEG_recon_2026-06-02_13h08.29.077_image_mapping.json	104	6	4	1028	meatball	images_THINGS/object_images/meatball/meatball_04s.jpg	/media/psycontrol/HDD/Datasets/THINGS/images_THINGS/object_images/meatball/meatball_04s.jpg	True	False	1
melina	Melina_02062026	lab_data/melina/Melina_02062026_EEG_recon_2026-06-02_13h08.29.077_image_mapping.json	105	6	5	1062	antelope	images_THINGS/object_images/antelope/antelope_12n.jpg	/media/psycontrol/HDD/Datasets/THINGS/images_THINGS/object_images/antelope/antelope_12n.jpg	True	True	2
melina	Melina_02062026	lab_data/melina/Melina_02062026_EEG_recon_2026-06-02_13h08.29.077_image_mapping.json	106	6	6	1085	frog	images_THINGS/object_images/frog/frog_09s.jpg	/media/psycontrol/HDD/Datasets/THINGS/images_THINGS/object_images/frog/frog_09s.jpg	True	False	1
melina	Melina_02062026	lab_data/melina/Melina_02062026_EEG_recon_2026-06-02_13h08.29.077_image_mapping.json	107	6	7	1074	cobra	images_THINGS/object_images/cobra/cobra_07s.jpg	/media/psycontrol/HDD/Datasets/THINGS/images_THINGS/object_images/cobra/cobra_07s.jpg	True	False	1
melina	Melina_02062026	lab_data/melina/Melina_02062026_EEG_recon_2026-06-02_13h08.29.077_image_mapping.json	108	6	8	1103	blazer	images_THINGS/object_images/blazer/blazer_05s.jpg	/media/psycontrol/HDD/Datasets/THINGS/images_THINGS/object_images/blazer/blazer_05s.jpg	True	False	1
melina	Melina_02062026	lab_data/melina/Melina_02062026_EEG_recon_2026-06-02_13h08.29.077_image_mapping.json	109	6	9	1017	carrot	images_THINGS/object_images/carrot/carrot_01b.jpg	/media/psycontrol/HDD/Datasets/THINGS/images_THINGS/object_images/carrot/carrot_01b.jpg	True	False	1
melina	Melina_02062026	lab_data/melina/Melina_02062026_EEG_recon_2026-06-02_13h08.29.077_image_mapping.json	110	6	10	1126	helicopter	images_THINGS/object_images/helicopter/helicopter_20s.jpg	/media/psycontrol/HDD/Datasets/THINGS/images_THINGS/object_images/helicopter/helicopter_20s.jpg	True	False	2
melina	Melina_02062026	lab_data/melina/Melina_02062026_EEG_recon_2026-06-02_13h08.29.077_image_mapping.json	111	6	11	1106	swordfish	images_THINGS/object_images/swordfish/swordfish_07s.jpg	/media/psycontrol/HDD/Datasets/THINGS/images_THINGS/object_images/swordfish/swordfish_07s.jpg	True	False	1
melina	Melina_02062026	lab_data/melina/Melina_02062026_EEG_recon_2026-06-02_13h08.29.077_image_mapping.json	112	6	12	1068	radio	images_THINGS/object_images/radio/radio_04s.jpg	/media/psycontrol/HDD/Datasets/THINGS/images_THINGS/object_images/radio/radio_04s.jpg	True	False	1
melina	Melina_02062026	lab_data/melina/Melina_02062026_EEG_recon_2026-06-02_13h08.29.077_image_mapping.json	113	6	13	1100	champagne	images_THINGS/object_images/champagne/champagne_01b.jpg	/media/psycontrol/HDD/Datasets/THINGS/images_THINGS/object_images/champagne/champagne_01b.jpg	True	False	1
melina	Melina_02062026	lab_data/melina/Melina_02062026_EEG_recon_2026-06-02_13h08.29.077_image_mapping.json	114	6	14	1084	cheetah	images_THINGS/object_images/cheetah/cheetah_06s.jpg	/media/psycontrol/HDD/Datasets/THINGS/images_THINGS/object_images/cheetah/cheetah_06s.jpg	True	False	2
melina	Melina_02062026	lab_data/melina/Melina_02062026_EEG_recon_2026-06-02_13h08.29.077_image_mapping.json	115	6	15	1120	owl	images_THINGS/object_images/owl/owl_19s.jpg	/media/psycontrol/HDD/Datasets/THINGS/images_THINGS/object_images/owl/owl_19s.jpg	True	True	2
melina	Melina_02062026	lab_data/melina/Melina_02062026_EEG_recon_2026-06-02_13h08.29.077_image_mapping.json	116	6	16	1129	workbench	images_THINGS/object_images/workbench/workbench_07s.jpg	/media/psycontrol/HDD/Datasets/THINGS/images_THINGS/object_images/workbench/workbench_07s.jpg	True	False	2
melina	Melina_02062026	lab_data/melina/Melina_02062026_EEG_recon_2026-06-02_13h08.29.077_image_mapping.json	117	6	17	1053	reindeer	images_THINGS/object_images/reindeer/reindeer_14s.jpg	/media/psycontrol/HDD/Datasets/THINGS/images_THINGS/object_images/reindeer/reindeer_14s.jpg	True	True	2
melina	Melina_02062026	lab_data/melina/Melina_02062026_EEG_recon_2026-06-02_13h08.29.077_image_mapping.json	118	6	18	1039	sailboat	images_THINGS/object_images/sailboat/sailboat_07s.jpg	/media/psycontrol/HDD/Datasets/THINGS/images_THINGS/object_images/sailboat/sailboat_07s.jpg	True	False	1
melina	Melina_02062026	lab_data/melina/Melina_02062026_EEG_recon_2026-06-02_13h08.29.077_image_mapping.json	119	6	19	1111	creme_brulee	images_THINGS/object_images/creme_brulee/creme_brulee_01b.jpg	/media/psycontrol/HDD/Datasets/THINGS/images_THINGS/object_images/creme_brulee/creme_brulee_01b.jpg	True	False	1
melina	Melina_02062026	lab_data/melina/Melina_02062026_EEG_recon_2026-06-02_13h08.29.077_image_mapping.json	120	6	20	1012	burrito	images_THINGS/object_images/burrito/burrito_07s.jpg	/media/psycontrol/HDD/Datasets/THINGS/images_THINGS/object_images/burrito/burrito_07s.jpg	True	True	2
melina	Melina_02062026	lab_data/melina/Melina_02062026_EEG_recon_2026-06-02_13h08.29.077_image_mapping.json	121	7	1	1067	taffy	images_THINGS/object_images/taffy/taffy_11s.jpg	/media/psycontrol/HDD/Datasets/THINGS/images_THINGS/object_images/taffy/taffy_11s.jpg	True	False	1
melina	Melina_02062026	lab_data/melina/Melina_02062026_EEG_recon_2026-06-02_13h08.29.077_image_mapping.json	122	7	2	1084	cheetah	images_THINGS/object_images/cheetah/cheetah_06s.jpg	/media/psycontrol/HDD/Datasets/THINGS/images_THINGS/object_images/cheetah/cheetah_06s.jpg	True	True	2
melina	Melina_02062026	lab_data/melina/Melina_02062026_EEG_recon_2026-06-02_13h08.29.077_image_mapping.json	123	7	3	1082	necklace	images_THINGS/object_images/necklace/necklace_11s.jpg	/media/psycontrol/HDD/Datasets/THINGS/images_THINGS/object_images/necklace/necklace_11s.jpg	True	True	2
melina	Melina_02062026	lab_data/melina/Melina_02062026_EEG_recon_2026-06-02_13h08.29.077_image_mapping.json	124	7	4	1051	yacht	images_THINGS/object_images/yacht/yacht_05s.jpg	/media/psycontrol/HDD/Datasets/THINGS/images_THINGS/object_images/yacht/yacht_05s.jpg	True	False	2
melina	Melina_02062026	lab_data/melina/Melina_02062026_EEG_recon_2026-06-02_13h08.29.077_image_mapping.json	125	7	5	1091	kitten	images_THINGS/object_images/kitten/kitten_09s.jpg	/media/psycontrol/HDD/Datasets/THINGS/images_THINGS/object_images/kitten/kitten_09s.jpg	True	False	1
melina	Melina_02062026	lab_data/melina/Melina_02062026_EEG_recon_2026-06-02_13h08.29.077_image_mapping.json	126	7	6	1081	police_car	images_THINGS/object_images/police_car/police_car_14s.jpg	/media/psycontrol/HDD/Datasets/THINGS/images_THINGS/object_images/police_car/police_car_14s.jpg	True	False	1
melina	Melina_02062026	lab_data/melina/Melina_02062026_EEG_recon_2026-06-02_13h08.29.077_image_mapping.json	127	7	7	1154	chandelier	images_THINGS/object_images/chandelier/chandelier_10s.jpg	/media/psycontrol/HDD/Datasets/THINGS/images_THINGS/object_images/chandelier/chandelier_10s.jpg	True	False	1
melina	Melina_02062026	lab_data/melina/Melina_02062026_EEG_recon_2026-06-02_13h08.29.077_image_mapping.json	128	7	8	1087	bathrobe	images_THINGS/object_images/bathrobe/bathrobe_12s.jpg	/media/psycontrol/HDD/Datasets/THINGS/images_THINGS/object_images/bathrobe/bathrobe_12s.jpg	True	False	1
melina	Melina_02062026	lab_data/melina/Melina_02062026_EEG_recon_2026-06-02_13h08.29.077_image_mapping.json	129	7	9	1065	cabinet	images_THINGS/object_images/cabinet/cabinet_07s.jpg	/media/psycontrol/HDD/Datasets/THINGS/images_THINGS/object_images/cabinet/cabinet_07s.jpg	True	False	1
melina	Melina_02062026	lab_data/melina/Melina_02062026_EEG_recon_2026-06-02_13h08.29.077_image_mapping.json	130	7	10	1114	spinach	images_THINGS/object_images/spinach/spinach_09s.jpg	/media/psycontrol/HDD/Datasets/THINGS/images_THINGS/object_images/spinach/spinach_09s.jpg	True	False	1
melina	Melina_02062026	lab_data/melina/Melina_02062026_EEG_recon_2026-06-02_13h08.29.077_image_mapping.json	131	7	11	1138	ping-pong_table	images_THINGS/object_images/ping-pong_table/ping-pong_table_10s.jpg	/media/psycontrol/HDD/Datasets/THINGS/images_THINGS/object_images/ping-pong_table/ping-pong_table_10s.jpg	True	False	1
melina	Melina_02062026	lab_data/melina/Melina_02062026_EEG_recon_2026-06-02_13h08.29.077_image_mapping.json	132	7	12	1113	firetruck	images_THINGS/object_images/firetruck/firetruck_04s.jpg	/media/psycontrol/HDD/Datasets/THINGS/images_THINGS/object_images/firetruck/firetruck_04s.jpg	True	False	1
melina	Melina_02062026	lab_data/melina/Melina_02062026_EEG_recon_2026-06-02_13h08.29.077_image_mapping.json	133	7	13	1021	tea	images_THINGS/object_images/tea/tea_10s.jpg	/media/psycontrol/HDD/Datasets/THINGS/images_THINGS/object_images/tea/tea_10s.jpg	True	False	1
melina	Melina_02062026	lab_data/melina/Melina_02062026_EEG_recon_2026-06-02_13h08.29.077_image_mapping.json	134	7	14	1023	wolf	images_THINGS/object_images/wolf/wolf_12n.jpg	/media/psycontrol/HDD/Datasets/THINGS/images_THINGS/object_images/wolf/wolf_12n.jpg	True	True	2
melina	Melina_02062026	lab_data/melina/Melina_02062026_EEG_recon_2026-06-02_13h08.29.077_image_mapping.json	135	7	15	1093	duckling	images_THINGS/object_images/duckling/duckling_25s.jpg	/media/psycontrol/HDD/Datasets/THINGS/images_THINGS/object_images/duckling/duckling_25s.jpg	True	False	1
melina	Melina_02062026	lab_data/melina/Melina_02062026_EEG_recon_2026-06-02_13h08.29.077_image_mapping.json	136	7	16	1146	cheesecake	images_THINGS/object_images/cheesecake/cheesecake_06s.jpg	/media/psycontrol/HDD/Datasets/THINGS/images_THINGS/object_images/cheesecake/cheesecake_06s.jpg	True	False	1
melina	Melina_02062026	lab_data/melina/Melina_02062026_EEG_recon_2026-06-02_13h08.29.077_image_mapping.json	137	7	17	1045	goose	images_THINGS/object_images/goose/goose_08s.jpg	/media/psycontrol/HDD/Datasets/THINGS/images_THINGS/object_images/goose/goose_08s.jpg	True	True	2
melina	Melina_02062026	lab_data/melina/Melina_02062026_EEG_recon_2026-06-02_13h08.29.077_image_mapping.json	138	7	18	1156	coconut	images_THINGS/object_images/coconut/coconut_08s.jpg	/media/psycontrol/HDD/Datasets/THINGS/images_THINGS/object_images/coconut/coconut_08s.jpg	True	False	1
melina	Melina_02062026	lab_data/melina/Melina_02062026_EEG_recon_2026-06-02_13h08.29.077_image_mapping.json	139	7	19	1058	loveseat	images_THINGS/object_images/loveseat/loveseat_10s.jpg	/media/psycontrol/HDD/Datasets/THINGS/images_THINGS/object_images/loveseat/loveseat_10s.jpg	True	False	1
melina	Melina_02062026	lab_data/melina/Melina_02062026_EEG_recon_2026-06-02_13h08.29.077_image_mapping.json	140	7	20	1055	seagull	images_THINGS/object_images/seagull/seagull_11s.jpg	/media/psycontrol/HDD/Datasets/THINGS/images_THINGS/object_images/seagull/seagull_11s.jpg	True	False	1
melina	Melina_02062026	lab_data/melina/Melina_02062026_EEG_recon_2026-06-02_13h08.29.077_image_mapping.json	141	8	1	1056	leggings	images_THINGS/object_images/leggings/leggings_02s.jpg	/media/psycontrol/HDD/Datasets/THINGS/images_THINGS/object_images/leggings/leggings_02s.jpg	True	False	1
melina	Melina_02062026	lab_data/melina/Melina_02062026_EEG_recon_2026-06-02_13h08.29.077_image_mapping.json	142	8	2	1054	bathtub	images_THINGS/object_images/bathtub/bathtub_18s.jpg	/media/psycontrol/HDD/Datasets/THINGS/images_THINGS/object_images/bathtub/bathtub_18s.jpg	True	False	1
melina	Melina_02062026	lab_data/melina/Melina_02062026_EEG_recon_2026-06-02_13h08.29.077_image_mapping.json	143	8	3	1034	bracelet1	images_THINGS/object_images/bracelet1/bracelet1_18s.jpg	/media/psycontrol/HDD/Datasets/THINGS/images_THINGS/object_images/bracelet1/bracelet1_18s.jpg	True	False	1
melina	Melina_02062026	lab_data/melina/Melina_02062026_EEG_recon_2026-06-02_13h08.29.077_image_mapping.json	144	8	4	1003	shorts	images_THINGS/object_images/shorts/shorts_14s.jpg	/media/psycontrol/HDD/Datasets/THINGS/images_THINGS/object_images/shorts/shorts_14s.jpg	True	False	1
melina	Melina_02062026	lab_data/melina/Melina_02062026_EEG_recon_2026-06-02_13h08.29.077_image_mapping.json	145	8	5	1078	sea_urchin	images_THINGS/object_images/sea_urchin/sea_urchin_08s.jpg	/media/psycontrol/HDD/Datasets/THINGS/images_THINGS/object_images/sea_urchin/sea_urchin_08s.jpg	True	False	1
melina	Melina_02062026	lab_data/melina/Melina_02062026_EEG_recon_2026-06-02_13h08.29.077_image_mapping.json	146	8	6	1105	gorilla	images_THINGS/object_images/gorilla/gorilla_19s.jpg	/media/psycontrol/HDD/Datasets/THINGS/images_THINGS/object_images/gorilla/gorilla_19s.jpg	True	False	1
melina	Melina_02062026	lab_data/melina/Melina_02062026_EEG_recon_2026-06-02_13h08.29.077_image_mapping.json	147	8	7	1129	workbench	images_THINGS/object_images/workbench/workbench_07s.jpg	/media/psycontrol/HDD/Datasets/THINGS/images_THINGS/object_images/workbench/workbench_07s.jpg	True	True	2
melina	Melina_02062026	lab_data/melina/Melina_02062026_EEG_recon_2026-06-02_13h08.29.077_image_mapping.json	148	8	8	1088	slipper	images_THINGS/object_images/slipper/slipper_02s.jpg	/media/psycontrol/HDD/Datasets/THINGS/images_THINGS/object_images/slipper/slipper_02s.jpg	True	False	1
melina	Melina_02062026	lab_data/melina/Melina_02062026_EEG_recon_2026-06-02_13h08.29.077_image_mapping.json	149	8	9	1102	crab	images_THINGS/object_images/crab/crab_02s.jpg	/media/psycontrol/HDD/Datasets/THINGS/images_THINGS/object_images/crab/crab_02s.jpg	True	False	1
melina	Melina_02062026	lab_data/melina/Melina_02062026_EEG_recon_2026-06-02_13h08.29.077_image_mapping.json	150	8	10	1033	helmet	images_THINGS/object_images/helmet/helmet_11s.jpg	/media/psycontrol/HDD/Datasets/THINGS/images_THINGS/object_images/helmet/helmet_11s.jpg	True	False	1
melina	Melina_02062026	lab_data/melina/Melina_02062026_EEG_recon_2026-06-02_13h08.29.077_image_mapping.json	151	8	11	1141	peach	images_THINGS/object_images/peach/peach_09n.jpg	/media/psycontrol/HDD/Datasets/THINGS/images_THINGS/object_images/peach/peach_09n.jpg	True	False	1
melina	Melina_02062026	lab_data/melina/Melina_02062026_EEG_recon_2026-06-02_13h08.29.077_image_mapping.json	152	8	12	1130	showerhead	images_THINGS/object_images/showerhead/showerhead_05s.jpg	/media/psycontrol/HDD/Datasets/THINGS/images_THINGS/object_images/showerhead/showerhead_05s.jpg	True	True	2
melina	Melina_02062026	lab_data/melina/Melina_02062026_EEG_recon_2026-06-02_13h08.29.077_image_mapping.json	153	8	13	1150	chick	images_THINGS/object_images/chick/chick_10s.jpg	/media/psycontrol/HDD/Datasets/THINGS/images_THINGS/object_images/chick/chick_10s.jpg	True	True	2
melina	Melina_02062026	lab_data/melina/Melina_02062026_EEG_recon_2026-06-02_13h08.29.077_image_mapping.json	154	8	14	1145	rocking_chair	images_THINGS/object_images/rocking_chair/rocking_chair_07s.jpg	/media/psycontrol/HDD/Datasets/THINGS/images_THINGS/object_images/rocking_chair/rocking_chair_07s.jpg	True	True	2
melina	Melina_02062026	lab_data/melina/Melina_02062026_EEG_recon_2026-06-02_13h08.29.077_image_mapping.json	155	8	15	1094	onion	images_THINGS/object_images/onion/onion_03n.jpg	/media/psycontrol/HDD/Datasets/THINGS/images_THINGS/object_images/onion/onion_03n.jpg	True	False	1
melina	Melina_02062026	lab_data/melina/Melina_02062026_EEG_recon_2026-06-02_13h08.29.077_image_mapping.json	156	8	16	1153	donut	images_THINGS/object_images/donut/donut_15s.jpg	/media/psycontrol/HDD/Datasets/THINGS/images_THINGS/object_images/donut/donut_15s.jpg	True	False	1
melina	Melina_02062026	lab_data/melina/Melina_02062026_EEG_recon_2026-06-02_13h08.29.077_image_mapping.json	157	8	17	1027	memory_stick	images_THINGS/object_images/memory_stick/memory_stick_08s.jpg	/media/psycontrol/HDD/Datasets/THINGS/images_THINGS/object_images/memory_stick/memory_stick_08s.jpg	True	False	2
melina	Melina_02062026	lab_data/melina/Melina_02062026_EEG_recon_2026-06-02_13h08.29.077_image_mapping.json	158	8	18	1014	shark	images_THINGS/object_images/shark/shark_07s.jpg	/media/psycontrol/HDD/Datasets/THINGS/images_THINGS/object_images/shark/shark_07s.jpg	True	False	1
melina	Melina_02062026	lab_data/melina/Melina_02062026_EEG_recon_2026-06-02_13h08.29.077_image_mapping.json	159	8	19	1025	llama	images_THINGS/object_images/llama/llama_05s.jpg	/media/psycontrol/HDD/Datasets/THINGS/images_THINGS/object_images/llama/llama_05s.jpg	True	False	1
melina	Melina_02062026	lab_data/melina/Melina_02062026_EEG_recon_2026-06-02_13h08.29.077_image_mapping.json	160	8	20	1148	broccoli	images_THINGS/object_images/broccoli/broccoli_09s.jpg	/media/psycontrol/HDD/Datasets/THINGS/images_THINGS/object_images/broccoli/broccoli_09s.jpg	True	False	1
melina	Melina_02062026	lab_data/melina/Melina_02062026_EEG_recon_2026-06-02_13h08.29.077_image_mapping.json	161	9	1	1147	lemonade	images_THINGS/object_images/lemonade/lemonade_01b.jpg	/media/psycontrol/HDD/Datasets/THINGS/images_THINGS/object_images/lemonade/lemonade_01b.jpg	True	True	2
melina	Melina_02062026	lab_data/melina/Melina_02062026_EEG_recon_2026-06-02_13h08.29.077_image_mapping.json	162	9	2	1083	shirt	images_THINGS/object_images/shirt/shirt_03s.jpg	/media/psycontrol/HDD/Datasets/THINGS/images_THINGS/object_images/shirt/shirt_03s.jpg	True	False	1
melina	Melina_02062026	lab_data/melina/Melina_02062026_EEG_recon_2026-06-02_13h08.29.077_image_mapping.json	163	9	3	1041	octopus	images_THINGS/object_images/octopus/octopus_09s.jpg	/media/psycontrol/HDD/Datasets/THINGS/images_THINGS/object_images/octopus/octopus_09s.jpg	True	False	1
melina	Melina_02062026	lab_data/melina/Melina_02062026_EEG_recon_2026-06-02_13h08.29.077_image_mapping.json	164	9	4	1018	coffee	images_THINGS/object_images/coffee/coffee_15s.jpg	/media/psycontrol/HDD/Datasets/THINGS/images_THINGS/object_images/coffee/coffee_15s.jpg	True	False	1
melina	Melina_02062026	lab_data/melina/Melina_02062026_EEG_recon_2026-06-02_13h08.29.077_image_mapping.json	165	9	5	1136	snake	images_THINGS/object_images/snake/snake_16n.jpg	/media/psycontrol/HDD/Datasets/THINGS/images_THINGS/object_images/snake/snake_16n.jpg	True	False	1
melina	Melina_02062026	lab_data/melina/Melina_02062026_EEG_recon_2026-06-02_13h08.29.077_image_mapping.json	166	9	6	1044	raccoon	images_THINGS/object_images/raccoon/raccoon_08n.jpg	/media/psycontrol/HDD/Datasets/THINGS/images_THINGS/object_images/raccoon/raccoon_08n.jpg	True	False	1
melina	Melina_02062026	lab_data/melina/Melina_02062026_EEG_recon_2026-06-02_13h08.29.077_image_mapping.json	167	9	7	1027	memory_stick	images_THINGS/object_images/memory_stick/memory_stick_08s.jpg	/media/psycontrol/HDD/Datasets/THINGS/images_THINGS/object_images/memory_stick/memory_stick_08s.jpg	True	True	2
melina	Melina_02062026	lab_data/melina/Melina_02062026_EEG_recon_2026-06-02_13h08.29.077_image_mapping.json	168	9	8	1128	toad	images_THINGS/object_images/toad/toad_01b.jpg	/media/psycontrol/HDD/Datasets/THINGS/images_THINGS/object_images/toad/toad_01b.jpg	True	False	1
melina	Melina_02062026	lab_data/melina/Melina_02062026_EEG_recon_2026-06-02_13h08.29.077_image_mapping.json	169	9	9	1043	ostrich	images_THINGS/object_images/ostrich/ostrich_15s.jpg	/media/psycontrol/HDD/Datasets/THINGS/images_THINGS/object_images/ostrich/ostrich_15s.jpg	True	False	1
melina	Melina_02062026	lab_data/melina/Melina_02062026_EEG_recon_2026-06-02_13h08.29.077_image_mapping.json	170	9	10	1099	tricycle	images_THINGS/object_images/tricycle/tricycle_12s.jpg	/media/psycontrol/HDD/Datasets/THINGS/images_THINGS/object_images/tricycle/tricycle_12s.jpg	True	False	1
melina	Melina_02062026	lab_data/melina/Melina_02062026_EEG_recon_2026-06-02_13h08.29.077_image_mapping.json	171	9	11	1117	hamster	images_THINGS/object_images/hamster/hamster_07s.jpg	/media/psycontrol/HDD/Datasets/THINGS/images_THINGS/object_images/hamster/hamster_07s.jpg	True	False	1
melina	Melina_02062026	lab_data/melina/Melina_02062026_EEG_recon_2026-06-02_13h08.29.077_image_mapping.json	172	9	12	1030	puffin	images_THINGS/object_images/puffin/puffin_02s.jpg	/media/psycontrol/HDD/Datasets/THINGS/images_THINGS/object_images/puffin/puffin_02s.jpg	True	False	1
melina	Melina_02062026	lab_data/melina/Melina_02062026_EEG_recon_2026-06-02_13h08.29.077_image_mapping.json	173	9	13	1080	camcorder	images_THINGS/object_images/camcorder/camcorder_07s.jpg	/media/psycontrol/HDD/Datasets/THINGS/images_THINGS/object_images/camcorder/camcorder_07s.jpg	True	False	1
melina	Melina_02062026	lab_data/melina/Melina_02062026_EEG_recon_2026-06-02_13h08.29.077_image_mapping.json	174	9	14	1070	dragonfly	images_THINGS/object_images/dragonfly/dragonfly_10s.jpg	/media/psycontrol/HDD/Datasets/THINGS/images_THINGS/object_images/dragonfly/dragonfly_10s.jpg	True	False	1
melina	Melina_02062026	lab_data/melina/Melina_02062026_EEG_recon_2026-06-02_13h08.29.077_image_mapping.json	175	9	15	1007	mirror	images_THINGS/object_images/mirror/mirror_08s.jpg	/media/psycontrol/HDD/Datasets/THINGS/images_THINGS/object_images/mirror/mirror_08s.jpg	True	False	1
melina	Melina_02062026	lab_data/melina/Melina_02062026_EEG_recon_2026-06-02_13h08.29.077_image_mapping.json	176	9	16	1059	zucchini	images_THINGS/object_images/zucchini/zucchini_02s.jpg	/media/psycontrol/HDD/Datasets/THINGS/images_THINGS/object_images/zucchini/zucchini_02s.jpg	True	True	2
melina	Melina_02062026	lab_data/melina/Melina_02062026_EEG_recon_2026-06-02_13h08.29.077_image_mapping.json	177	9	17	1158	bulldozer	images_THINGS/object_images/bulldozer/bulldozer_06s.jpg	/media/psycontrol/HDD/Datasets/THINGS/images_THINGS/object_images/bulldozer/bulldozer_06s.jpg	True	False	1
melina	Melina_02062026	lab_data/melina/Melina_02062026_EEG_recon_2026-06-02_13h08.29.077_image_mapping.json	178	9	18	1051	yacht	images_THINGS/object_images/yacht/yacht_05s.jpg	/media/psycontrol/HDD/Datasets/THINGS/images_THINGS/object_images/yacht/yacht_05s.jpg	True	True	2
melina	Melina_02062026	lab_data/melina/Melina_02062026_EEG_recon_2026-06-02_13h08.29.077_image_mapping.json	179	9	19	1076	groundhog	images_THINGS/object_images/groundhog/groundhog_01b.jpg	/media/psycontrol/HDD/Datasets/THINGS/images_THINGS/object_images/groundhog/groundhog_01b.jpg	True	False	1
melina	Melina_02062026	lab_data/melina/Melina_02062026_EEG_recon_2026-06-02_13h08.29.077_image_mapping.json	180	9	20	1122	webcam	images_THINGS/object_images/webcam/webcam_08s.jpg	/media/psycontrol/HDD/Datasets/THINGS/images_THINGS/object_images/webcam/webcam_08s.jpg	True	False	1
melina	Melina_02062026	lab_data/melina/Melina_02062026_EEG_recon_2026-06-02_13h08.29.077_image_mapping.json	181	10	1	1052	wallpaper	images_THINGS/object_images/wallpaper/wallpaper_01b.jpg	/media/psycontrol/HDD/Datasets/THINGS/images_THINGS/object_images/wallpaper/wallpaper_01b.jpg	True	True	2
melina	Melina_02062026	lab_data/melina/Melina_02062026_EEG_recon_2026-06-02_13h08.29.077_image_mapping.json	182	10	2	1142	piglet	images_THINGS/object_images/piglet/piglet_07s.jpg	/media/psycontrol/HDD/Datasets/THINGS/images_THINGS/object_images/piglet/piglet_07s.jpg	True	False	1
melina	Melina_02062026	lab_data/melina/Melina_02062026_EEG_recon_2026-06-02_13h08.29.077_image_mapping.json	183	10	3	1064	fly	images_THINGS/object_images/fly/fly_17s.jpg	/media/psycontrol/HDD/Datasets/THINGS/images_THINGS/object_images/fly/fly_17s.jpg	True	False	1
melina	Melina_02062026	lab_data/melina/Melina_02062026_EEG_recon_2026-06-02_13h08.29.077_image_mapping.json	184	10	4	1060	squirrel	images_THINGS/object_images/squirrel/squirrel_12n.jpg	/media/psycontrol/HDD/Datasets/THINGS/images_THINGS/object_images/squirrel/squirrel_12n.jpg	True	True	2
melina	Melina_02062026	lab_data/melina/Melina_02062026_EEG_recon_2026-06-02_13h08.29.077_image_mapping.json	185	10	5	1048	sombrero	images_THINGS/object_images/sombrero/sombrero_11s.jpg	/media/psycontrol/HDD/Datasets/THINGS/images_THINGS/object_images/sombrero/sombrero_11s.jpg	True	False	1
melina	Melina_02062026	lab_data/melina/Melina_02062026_EEG_recon_2026-06-02_13h08.29.077_image_mapping.json	186	10	6	1009	papaya	images_THINGS/object_images/papaya/papaya_08s.jpg	/media/psycontrol/HDD/Datasets/THINGS/images_THINGS/object_images/papaya/papaya_08s.jpg	True	False	1
melina	Melina_02062026	lab_data/melina/Melina_02062026_EEG_recon_2026-06-02_13h08.29.077_image_mapping.json	187	10	7	1072	blackberry	images_THINGS/object_images/blackberry/blackberry_08s.jpg	/media/psycontrol/HDD/Datasets/THINGS/images_THINGS/object_images/blackberry/blackberry_08s.jpg	True	False	1
melina	Melina_02062026	lab_data/melina/Melina_02062026_EEG_recon_2026-06-02_13h08.29.077_image_mapping.json	188	10	8	1089	unicycle	images_THINGS/object_images/unicycle/unicycle_08s.jpg	/media/psycontrol/HDD/Datasets/THINGS/images_THINGS/object_images/unicycle/unicycle_08s.jpg	True	False	1
melina	Melina_02062026	lab_data/melina/Melina_02062026_EEG_recon_2026-06-02_13h08.29.077_image_mapping.json	189	10	9	1075	filing_cabinet	images_THINGS/object_images/filing_cabinet/filing_cabinet_10s.jpg	/media/psycontrol/HDD/Datasets/THINGS/images_THINGS/object_images/filing_cabinet/filing_cabinet_10s.jpg	True	False	1
melina	Melina_02062026	lab_data/melina/Melina_02062026_EEG_recon_2026-06-02_13h08.29.077_image_mapping.json	190	10	10	1029	sheep	images_THINGS/object_images/sheep/sheep_06s.jpg	/media/psycontrol/HDD/Datasets/THINGS/images_THINGS/object_images/sheep/sheep_06s.jpg	True	False	1
melina	Melina_02062026	lab_data/melina/Melina_02062026_EEG_recon_2026-06-02_13h08.29.077_image_mapping.json	191	10	11	1069	rollerblade	images_THINGS/object_images/rollerblade/rollerblade_05s.jpg	/media/psycontrol/HDD/Datasets/THINGS/images_THINGS/object_images/rollerblade/rollerblade_05s.jpg	True	False	1
melina	Melina_02062026	lab_data/melina/Melina_02062026_EEG_recon_2026-06-02_13h08.29.077_image_mapping.json	192	10	12	1126	helicopter	images_THINGS/object_images/helicopter/helicopter_20s.jpg	/media/psycontrol/HDD/Datasets/THINGS/images_THINGS/object_images/helicopter/helicopter_20s.jpg	True	True	2
melina	Melina_02062026	lab_data/melina/Melina_02062026_EEG_recon_2026-06-02_13h08.29.077_image_mapping.json	193	10	13	1019	videocassette	images_THINGS/object_images/videocassette/videocassette_07n.jpg	/media/psycontrol/HDD/Datasets/THINGS/images_THINGS/object_images/videocassette/videocassette_07n.jpg	True	False	1
melina	Melina_02062026	lab_data/melina/Melina_02062026_EEG_recon_2026-06-02_13h08.29.077_image_mapping.json	194	10	14	1005	ottoman	images_THINGS/object_images/ottoman/ottoman_05s.jpg	/media/psycontrol/HDD/Datasets/THINGS/images_THINGS/object_images/ottoman/ottoman_05s.jpg	True	False	1
melina	Melina_02062026	lab_data/melina/Melina_02062026_EEG_recon_2026-06-02_13h08.29.077_image_mapping.json	195	10	15	1116	praying_mantis	images_THINGS/object_images/praying_mantis/praying_mantis_08s.jpg	/media/psycontrol/HDD/Datasets/THINGS/images_THINGS/object_images/praying_mantis/praying_mantis_08s.jpg	True	False	1
melina	Melina_02062026	lab_data/melina/Melina_02062026_EEG_recon_2026-06-02_13h08.29.077_image_mapping.json	196	10	16	1022	shoe	images_THINGS/object_images/shoe/shoe_01s.jpg	/media/psycontrol/HDD/Datasets/THINGS/images_THINGS/object_images/shoe/shoe_01s.jpg	True	False	1
melina	Melina_02062026	lab_data/melina/Melina_02062026_EEG_recon_2026-06-02_13h08.29.077_image_mapping.json	197	10	17	1066	giraffe	images_THINGS/object_images/giraffe/giraffe_17s.jpg	/media/psycontrol/HDD/Datasets/THINGS/images_THINGS/object_images/giraffe/giraffe_17s.jpg	True	False	1
melina	Melina_02062026	lab_data/melina/Melina_02062026_EEG_recon_2026-06-02_13h08.29.077_image_mapping.json	198	10	18	1004	dalmatian	images_THINGS/object_images/dalmatian/dalmatian_02s.jpg	/media/psycontrol/HDD/Datasets/THINGS/images_THINGS/object_images/dalmatian/dalmatian_02s.jpg	True	False	1
melina	Melina_02062026	lab_data/melina/Melina_02062026_EEG_recon_2026-06-02_13h08.29.077_image_mapping.json	199	10	19	1157	barnacle	images_THINGS/object_images/barnacle/barnacle_11s.jpg	/media/psycontrol/HDD/Datasets/THINGS/images_THINGS/object_images/barnacle/barnacle_11s.jpg	True	True	2
melina	Melina_02062026	lab_data/melina/Melina_02062026_EEG_recon_2026-06-02_13h08.29.077_image_mapping.json	200	10	20	1024	lab_coat	images_THINGS/object_images/lab_coat/lab_coat_08s.jpg	/media/psycontrol/HDD/Datasets/THINGS/images_THINGS/object_images/lab_coat/lab_coat_08s.jpg	True	False	1
zar	004-zar	lab_data/zar/004-zar_EEG_recon_2026-05-21_13h23.20.049_image_mapping.json	1	1	1	1096	beaver	images_THINGS/object_images/beaver/beaver_13n.jpg	/media/psycontrol/HDD/Datasets/THINGS/images_THINGS/object_images/beaver/beaver_13n.jpg	True	False	1
zar	004-zar	lab_data/zar/004-zar_EEG_recon_2026-05-21_13h23.20.049_image_mapping.json	2	1	2	1124	nightshirt	images_THINGS/object_images/nightshirt/nightshirt_11s.jpg	/media/psycontrol/HDD/Datasets/THINGS/images_THINGS/object_images/nightshirt/nightshirt_11s.jpg	True	False	2
zar	004-zar	lab_data/zar/004-zar_EEG_recon_2026-05-21_13h23.20.049_image_mapping.json	3	1	3	1006	cardinal	images_THINGS/object_images/cardinal/cardinal_02s.jpg	/media/psycontrol/HDD/Datasets/THINGS/images_THINGS/object_images/cardinal/cardinal_02s.jpg	True	False	2
zar	004-zar	lab_data/zar/004-zar_EEG_recon_2026-05-21_13h23.20.049_image_mapping.json	4	1	4	1071	mongoose	images_THINGS/object_images/mongoose/mongoose_10s.jpg	/media/psycontrol/HDD/Datasets/THINGS/images_THINGS/object_images/mongoose/mongoose_10s.jpg	True	False	2
zar	004-zar	lab_data/zar/004-zar_EEG_recon_2026-05-21_13h23.20.049_image_mapping.json	5	1	5	1077	bison	images_THINGS/object_images/bison/bison_08s.jpg	/media/psycontrol/HDD/Datasets/THINGS/images_THINGS/object_images/bison/bison_08s.jpg	True	False	1
zar	004-zar	lab_data/zar/004-zar_EEG_recon_2026-05-21_13h23.20.049_image_mapping.json	6	1	6	1159	pear	images_THINGS/object_images/pear/pear_09s.jpg	/media/psycontrol/HDD/Datasets/THINGS/images_THINGS/object_images/pear/pear_09s.jpg	True	False	2
zar	004-zar	lab_data/zar/004-zar_EEG_recon_2026-05-21_13h23.20.049_image_mapping.json	7	1	7	1062	antelope	images_THINGS/object_images/antelope/antelope_12n.jpg	/media/psycontrol/HDD/Datasets/THINGS/images_THINGS/object_images/antelope/antelope_12n.jpg	True	False	2
zar	004-zar	lab_data/zar/004-zar_EEG_recon_2026-05-21_13h23.20.049_image_mapping.json	8	1	8	1145	rocking_chair	images_THINGS/object_images/rocking_chair/rocking_chair_07s.jpg	/media/psycontrol/HDD/Datasets/THINGS/images_THINGS/object_images/rocking_chair/rocking_chair_07s.jpg	True	False	2
zar	004-zar	lab_data/zar/004-zar_EEG_recon_2026-05-21_13h23.20.049_image_mapping.json	9	1	9	1015	moose	images_THINGS/object_images/moose/moose_02s.jpg	/media/psycontrol/HDD/Datasets/THINGS/images_THINGS/object_images/moose/moose_02s.jpg	True	False	2
zar	004-zar	lab_data/zar/004-zar_EEG_recon_2026-05-21_13h23.20.049_image_mapping.json	10	1	10	1092	bunkbed	images_THINGS/object_images/bunkbed/bunkbed_02s.jpg	/media/psycontrol/HDD/Datasets/THINGS/images_THINGS/object_images/bunkbed/bunkbed_02s.jpg	True	False	2
zar	004-zar	lab_data/zar/004-zar_EEG_recon_2026-05-21_13h23.20.049_image_mapping.json	11	1	11	1001	limousine	images_THINGS/object_images/limousine/limousine_03s.jpg	/media/psycontrol/HDD/Datasets/THINGS/images_THINGS/object_images/limousine/limousine_03s.jpg	True	False	2
zar	004-zar	lab_data/zar/004-zar_EEG_recon_2026-05-21_13h23.20.049_image_mapping.json	12	1	12	1160	clam	images_THINGS/object_images/clam/clam_06s.jpg	/media/psycontrol/HDD/Datasets/THINGS/images_THINGS/object_images/clam/clam_06s.jpg	True	False	2
zar	004-zar	lab_data/zar/004-zar_EEG_recon_2026-05-21_13h23.20.049_image_mapping.json	13	1	13	1020	television	images_THINGS/object_images/television/television_07s.jpg	/media/psycontrol/HDD/Datasets/THINGS/images_THINGS/object_images/television/television_07s.jpg	True	False	2
zar	004-zar	lab_data/zar/004-zar_EEG_recon_2026-05-21_13h23.20.049_image_mapping.json	14	1	14	1104	speaker	images_THINGS/object_images/speaker/speaker_19n.jpg	/media/psycontrol/HDD/Datasets/THINGS/images_THINGS/object_images/speaker/speaker_19n.jpg	True	False	2
zar	004-zar	lab_data/zar/004-zar_EEG_recon_2026-05-21_13h23.20.049_image_mapping.json	15	1	15	1134	sleeping_bag	images_THINGS/object_images/sleeping_bag/sleeping_bag_07s.jpg	/media/psycontrol/HDD/Datasets/THINGS/images_THINGS/object_images/sleeping_bag/sleeping_bag_07s.jpg	True	False	2
zar	004-zar	lab_data/zar/004-zar_EEG_recon_2026-05-21_13h23.20.049_image_mapping.json	16	1	16	1147	lemonade	images_THINGS/object_images/lemonade/lemonade_01b.jpg	/media/psycontrol/HDD/Datasets/THINGS/images_THINGS/object_images/lemonade/lemonade_01b.jpg	True	False	2
zar	004-zar	lab_data/zar/004-zar_EEG_recon_2026-05-21_13h23.20.049_image_mapping.json	17	1	17	1121	sunglasses	images_THINGS/object_images/sunglasses/sunglasses_06s.jpg	/media/psycontrol/HDD/Datasets/THINGS/images_THINGS/object_images/sunglasses/sunglasses_06s.jpg	True	False	2
zar	004-zar	lab_data/zar/004-zar_EEG_recon_2026-05-21_13h23.20.049_image_mapping.json	18	1	18	1035	lizard	images_THINGS/object_images/lizard/lizard_01b.jpg	/media/psycontrol/HDD/Datasets/THINGS/images_THINGS/object_images/lizard/lizard_01b.jpg	True	False	1
zar	004-zar	lab_data/zar/004-zar_EEG_recon_2026-05-21_13h23.20.049_image_mapping.json	19	1	19	1052	wallpaper	images_THINGS/object_images/wallpaper/wallpaper_01b.jpg	/media/psycontrol/HDD/Datasets/THINGS/images_THINGS/object_images/wallpaper/wallpaper_01b.jpg	True	False	2
zar	004-zar	lab_data/zar/004-zar_EEG_recon_2026-05-21_13h23.20.049_image_mapping.json	20	1	20	1132	polar_bear	images_THINGS/object_images/polar_bear/polar_bear_18s.jpg	/media/psycontrol/HDD/Datasets/THINGS/images_THINGS/object_images/polar_bear/polar_bear_18s.jpg	True	False	2
zar	004-zar	lab_data/zar/004-zar_EEG_recon_2026-05-21_13h23.20.049_image_mapping.json	21	2	1	1071	mongoose	images_THINGS/object_images/mongoose/mongoose_10s.jpg	/media/psycontrol/HDD/Datasets/THINGS/images_THINGS/object_images/mongoose/mongoose_10s.jpg	True	True	2
zar	004-zar	lab_data/zar/004-zar_EEG_recon_2026-05-21_13h23.20.049_image_mapping.json	22	2	2	1150	chick	images_THINGS/object_images/chick/chick_10s.jpg	/media/psycontrol/HDD/Datasets/THINGS/images_THINGS/object_images/chick/chick_10s.jpg	True	False	2
zar	004-zar	lab_data/zar/004-zar_EEG_recon_2026-05-21_13h23.20.049_image_mapping.json	23	2	3	1134	sleeping_bag	images_THINGS/object_images/sleeping_bag/sleeping_bag_07s.jpg	/media/psycontrol/HDD/Datasets/THINGS/images_THINGS/object_images/sleeping_bag/sleeping_bag_07s.jpg	True	True	2
zar	004-zar	lab_data/zar/004-zar_EEG_recon_2026-05-21_13h23.20.049_image_mapping.json	24	2	4	1053	reindeer	images_THINGS/object_images/reindeer/reindeer_14s.jpg	/media/psycontrol/HDD/Datasets/THINGS/images_THINGS/object_images/reindeer/reindeer_14s.jpg	True	False	2
zar	004-zar	lab_data/zar/004-zar_EEG_recon_2026-05-21_13h23.20.049_image_mapping.json	25	2	5	1060	squirrel	images_THINGS/object_images/squirrel/squirrel_12n.jpg	/media/psycontrol/HDD/Datasets/THINGS/images_THINGS/object_images/squirrel/squirrel_12n.jpg	True	False	2
zar	004-zar	lab_data/zar/004-zar_EEG_recon_2026-05-21_13h23.20.049_image_mapping.json	26	2	6	1001	limousine	images_THINGS/object_images/limousine/limousine_03s.jpg	/media/psycontrol/HDD/Datasets/THINGS/images_THINGS/object_images/limousine/limousine_03s.jpg	True	True	2
zar	004-zar	lab_data/zar/004-zar_EEG_recon_2026-05-21_13h23.20.049_image_mapping.json	27	2	7	1115	marshmallow	images_THINGS/object_images/marshmallow/marshmallow_09s.jpg	/media/psycontrol/HDD/Datasets/THINGS/images_THINGS/object_images/marshmallow/marshmallow_09s.jpg	True	False	1
zar	004-zar	lab_data/zar/004-zar_EEG_recon_2026-05-21_13h23.20.049_image_mapping.json	28	2	8	1159	pear	images_THINGS/object_images/pear/pear_09s.jpg	/media/psycontrol/HDD/Datasets/THINGS/images_THINGS/object_images/pear/pear_09s.jpg	True	True	2
zar	004-zar	lab_data/zar/004-zar_EEG_recon_2026-05-21_13h23.20.049_image_mapping.json	29	2	9	1012	burrito	images_THINGS/object_images/burrito/burrito_07s.jpg	/media/psycontrol/HDD/Datasets/THINGS/images_THINGS/object_images/burrito/burrito_07s.jpg	True	False	2
zar	004-zar	lab_data/zar/004-zar_EEG_recon_2026-05-21_13h23.20.049_image_mapping.json	30	2	10	1036	ladybug	images_THINGS/object_images/ladybug/ladybug_07s.jpg	/media/psycontrol/HDD/Datasets/THINGS/images_THINGS/object_images/ladybug/ladybug_07s.jpg	True	False	1
zar	004-zar	lab_data/zar/004-zar_EEG_recon_2026-05-21_13h23.20.049_image_mapping.json	31	2	11	1045	goose	images_THINGS/object_images/goose/goose_08s.jpg	/media/psycontrol/HDD/Datasets/THINGS/images_THINGS/object_images/goose/goose_08s.jpg	True	False	2
zar	004-zar	lab_data/zar/004-zar_EEG_recon_2026-05-21_13h23.20.049_image_mapping.json	32	2	12	1095	mouse2	images_THINGS/object_images/mouse2/mouse2_17s.jpg	/media/psycontrol/HDD/Datasets/THINGS/images_THINGS/object_images/mouse2/mouse2_17s.jpg	True	False	1
zar	004-zar	lab_data/zar/004-zar_EEG_recon_2026-05-21_13h23.20.049_image_mapping.json	33	2	13	1144	tarantula	images_THINGS/object_images/tarantula/tarantula_12s.jpg	/media/psycontrol/HDD/Datasets/THINGS/images_THINGS/object_images/tarantula/tarantula_12s.jpg	True	False	2
zar	004-zar	lab_data/zar/004-zar_EEG_recon_2026-05-21_13h23.20.049_image_mapping.json	34	2	14	1057	eggnog	images_THINGS/object_images/eggnog/eggnog_03s.jpg	/media/psycontrol/HDD/Datasets/THINGS/images_THINGS/object_images/eggnog/eggnog_03s.jpg	True	False	1
zar	004-zar	lab_data/zar/004-zar_EEG_recon_2026-05-21_13h23.20.049_image_mapping.json	35	2	15	1112	hard_disk	images_THINGS/object_images/hard_disk/hard_disk_13s.jpg	/media/psycontrol/HDD/Datasets/THINGS/images_THINGS/object_images/hard_disk/hard_disk_13s.jpg	True	False	1
zar	004-zar	lab_data/zar/004-zar_EEG_recon_2026-05-21_13h23.20.049_image_mapping.json	36	2	16	1108	possum	images_THINGS/object_images/possum/possum_03s.jpg	/media/psycontrol/HDD/Datasets/THINGS/images_THINGS/object_images/possum/possum_03s.jpg	True	False	1
zar	004-zar	lab_data/zar/004-zar_EEG_recon_2026-05-21_13h23.20.049_image_mapping.json	37	2	17	1160	clam	images_THINGS/object_images/clam/clam_06s.jpg	/media/psycontrol/HDD/Datasets/THINGS/images_THINGS/object_images/clam/clam_06s.jpg	True	True	2
zar	004-zar	lab_data/zar/004-zar_EEG_recon_2026-05-21_13h23.20.049_image_mapping.json	38	2	18	1031	fish	images_THINGS/object_images/fish/fish_01b.jpg	/media/psycontrol/HDD/Datasets/THINGS/images_THINGS/object_images/fish/fish_01b.jpg	True	False	1
zar	004-zar	lab_data/zar/004-zar_EEG_recon_2026-05-21_13h23.20.049_image_mapping.json	39	2	19	1016	ant	images_THINGS/object_images/ant/ant_08s.jpg	/media/psycontrol/HDD/Datasets/THINGS/images_THINGS/object_images/ant/ant_08s.jpg	True	False	1
zar	004-zar	lab_data/zar/004-zar_EEG_recon_2026-05-21_13h23.20.049_image_mapping.json	40	2	20	1118	candy_bar	images_THINGS/object_images/candy_bar/candy_bar_09s.jpg	/media/psycontrol/HDD/Datasets/THINGS/images_THINGS/object_images/candy_bar/candy_bar_09s.jpg	True	False	2
zar	004-zar	lab_data/zar/004-zar_EEG_recon_2026-05-21_13h23.20.049_image_mapping.json	41	3	1	1050	artichoke	images_THINGS/object_images/artichoke/artichoke_08n.jpg	/media/psycontrol/HDD/Datasets/THINGS/images_THINGS/object_images/artichoke/artichoke_08n.jpg	True	False	1
zar	004-zar	lab_data/zar/004-zar_EEG_recon_2026-05-21_13h23.20.049_image_mapping.json	42	3	2	1157	barnacle	images_THINGS/object_images/barnacle/barnacle_11s.jpg	/media/psycontrol/HDD/Datasets/THINGS/images_THINGS/object_images/barnacle/barnacle_11s.jpg	True	False	2
zar	004-zar	lab_data/zar/004-zar_EEG_recon_2026-05-21_13h23.20.049_image_mapping.json	43	3	3	1098	stool	images_THINGS/object_images/stool/stool_08s.jpg	/media/psycontrol/HDD/Datasets/THINGS/images_THINGS/object_images/stool/stool_08s.jpg	True	False	1
zar	004-zar	lab_data/zar/004-zar_EEG_recon_2026-05-21_13h23.20.049_image_mapping.json	44	3	4	1073	bull	images_THINGS/object_images/bull/bull_09s.jpg	/media/psycontrol/HDD/Datasets/THINGS/images_THINGS/object_images/bull/bull_09s.jpg	True	False	1
zar	004-zar	lab_data/zar/004-zar_EEG_recon_2026-05-21_13h23.20.049_image_mapping.json	45	3	5	1020	television	images_THINGS/object_images/television/television_07s.jpg	/media/psycontrol/HDD/Datasets/THINGS/images_THINGS/object_images/television/television_07s.jpg	True	True	2
zar	004-zar	lab_data/zar/004-zar_EEG_recon_2026-05-21_13h23.20.049_image_mapping.json	46	3	6	1151	tractor	images_THINGS/object_images/tractor/tractor_10n.jpg	/media/psycontrol/HDD/Datasets/THINGS/images_THINGS/object_images/tractor/tractor_10n.jpg	True	False	1
zar	004-zar	lab_data/zar/004-zar_EEG_recon_2026-05-21_13h23.20.049_image_mapping.json	47	3	7	1119	star_fruit	images_THINGS/object_images/star_fruit/star_fruit_06s.jpg	/media/psycontrol/HDD/Datasets/THINGS/images_THINGS/object_images/star_fruit/star_fruit_06s.jpg	True	False	1
zar	004-zar	lab_data/zar/004-zar_EEG_recon_2026-05-21_13h23.20.049_image_mapping.json	48	3	8	1011	raspberry	images_THINGS/object_images/raspberry/raspberry_11s.jpg	/media/psycontrol/HDD/Datasets/THINGS/images_THINGS/object_images/raspberry/raspberry_11s.jpg	True	False	1
zar	004-zar	lab_data/zar/004-zar_EEG_recon_2026-05-21_13h23.20.049_image_mapping.json	49	3	9	1137	lamb	images_THINGS/object_images/lamb/lamb_12s.jpg	/media/psycontrol/HDD/Datasets/THINGS/images_THINGS/object_images/lamb/lamb_12s.jpg	True	False	1
zar	004-zar	lab_data/zar/004-zar_EEG_recon_2026-05-21_13h23.20.049_image_mapping.json	50	3	10	1104	speaker	images_THINGS/object_images/speaker/speaker_19n.jpg	/media/psycontrol/HDD/Datasets/THINGS/images_THINGS/object_images/speaker/speaker_19n.jpg	True	True	2
zar	004-zar	lab_data/zar/004-zar_EEG_recon_2026-05-21_13h23.20.049_image_mapping.json	51	3	11	1110	jet	images_THINGS/object_images/jet/jet_04s.jpg	/media/psycontrol/HDD/Datasets/THINGS/images_THINGS/object_images/jet/jet_04s.jpg	True	False	2
zar	004-zar	lab_data/zar/004-zar_EEG_recon_2026-05-21_13h23.20.049_image_mapping.json	52	3	12	1144	tarantula	images_THINGS/object_images/tarantula/tarantula_12s.jpg	/media/psycontrol/HDD/Datasets/THINGS/images_THINGS/object_images/tarantula/tarantula_12s.jpg	True	True	2
zar	004-zar	lab_data/zar/004-zar_EEG_recon_2026-05-21_13h23.20.049_image_mapping.json	53	3	13	1006	cardinal	images_THINGS/object_images/cardinal/cardinal_02s.jpg	/media/psycontrol/HDD/Datasets/THINGS/images_THINGS/object_images/cardinal/cardinal_02s.jpg	True	True	2
zar	004-zar	lab_data/zar/004-zar_EEG_recon_2026-05-21_13h23.20.049_image_mapping.json	54	3	14	1097	sandwich	images_THINGS/object_images/sandwich/sandwich_06s.jpg	/media/psycontrol/HDD/Datasets/THINGS/images_THINGS/object_images/sandwich/sandwich_06s.jpg	True	False	1
zar	004-zar	lab_data/zar/004-zar_EEG_recon_2026-05-21_13h23.20.049_image_mapping.json	55	3	15	1090	garlic	images_THINGS/object_images/garlic/garlic_11s.jpg	/media/psycontrol/HDD/Datasets/THINGS/images_THINGS/object_images/garlic/garlic_11s.jpg	True	False	1
zar	004-zar	lab_data/zar/004-zar_EEG_recon_2026-05-21_13h23.20.049_image_mapping.json	56	3	16	1101	boat	images_THINGS/object_images/boat/boat_08s.jpg	/media/psycontrol/HDD/Datasets/THINGS/images_THINGS/object_images/boat/boat_08s.jpg	True	False	1
zar	004-zar	lab_data/zar/004-zar_EEG_recon_2026-05-21_13h23.20.049_image_mapping.json	57	3	17	1132	polar_bear	images_THINGS/object_images/polar_bear/polar_bear_18s.jpg	/media/psycontrol/HDD/Datasets/THINGS/images_THINGS/object_images/polar_bear/polar_bear_18s.jpg	True	True	2
zar	004-zar	lab_data/zar/004-zar_EEG_recon_2026-05-21_13h23.20.049_image_mapping.json	58	3	18	1047	drawer	images_THINGS/object_images/drawer/drawer_04s.jpg	/media/psycontrol/HDD/Datasets/THINGS/images_THINGS/object_images/drawer/drawer_04s.jpg	True	False	1
zar	004-zar	lab_data/zar/004-zar_EEG_recon_2026-05-21_13h23.20.049_image_mapping.json	59	3	19	1026	asparagus	images_THINGS/object_images/asparagus/asparagus_12s.jpg	/media/psycontrol/HDD/Datasets/THINGS/images_THINGS/object_images/asparagus/asparagus_12s.jpg	True	False	1
zar	004-zar	lab_data/zar/004-zar_EEG_recon_2026-05-21_13h23.20.049_image_mapping.json	60	3	20	1046	tiramisu	images_THINGS/object_images/tiramisu/tiramisu_12s.jpg	/media/psycontrol/HDD/Datasets/THINGS/images_THINGS/object_images/tiramisu/tiramisu_12s.jpg	True	False	2
zar	004-zar	lab_data/zar/004-zar_EEG_recon_2026-05-21_13h23.20.049_image_mapping.json	61	4	1	1110	jet	images_THINGS/object_images/jet/jet_04s.jpg	/media/psycontrol/HDD/Datasets/THINGS/images_THINGS/object_images/jet/jet_04s.jpg	True	True	2
zar	004-zar	lab_data/zar/004-zar_EEG_recon_2026-05-21_13h23.20.049_image_mapping.json	62	4	2	1149	mole	images_THINGS/object_images/mole/mole_09s.jpg	/media/psycontrol/HDD/Datasets/THINGS/images_THINGS/object_images/mole/mole_09s.jpg	True	False	1
zar	004-zar	lab_data/zar/004-zar_EEG_recon_2026-05-21_13h23.20.049_image_mapping.json	63	4	3	1023	wolf	images_THINGS/object_images/wolf/wolf_12n.jpg	/media/psycontrol/HDD/Datasets/THINGS/images_THINGS/object_images/wolf/wolf_12n.jpg	True	False	2
zar	004-zar	lab_data/zar/004-zar_EEG_recon_2026-05-21_13h23.20.049_image_mapping.json	64	4	4	1125	sundae	images_THINGS/object_images/sundae/sundae_09s.jpg	/media/psycontrol/HDD/Datasets/THINGS/images_THINGS/object_images/sundae/sundae_09s.jpg	True	False	2
zar	004-zar	lab_data/zar/004-zar_EEG_recon_2026-05-21_13h23.20.049_image_mapping.json	65	4	5	1037	steamroller	images_THINGS/object_images/steamroller/steamroller_11n.jpg	/media/psycontrol/HDD/Datasets/THINGS/images_THINGS/object_images/steamroller/steamroller_11n.jpg	True	False	1
zar	004-zar	lab_data/zar/004-zar_EEG_recon_2026-05-21_13h23.20.049_image_mapping.json	66	4	6	1120	owl	images_THINGS/object_images/owl/owl_19s.jpg	/media/psycontrol/HDD/Datasets/THINGS/images_THINGS/object_images/owl/owl_19s.jpg	True	False	2
zar	004-zar	lab_data/zar/004-zar_EEG_recon_2026-05-21_13h23.20.049_image_mapping.json	67	4	7	1015	moose	images_THINGS/object_images/moose/moose_02s.jpg	/media/psycontrol/HDD/Datasets/THINGS/images_THINGS/object_images/moose/moose_02s.jpg	True	True	2
zar	004-zar	lab_data/zar/004-zar_EEG_recon_2026-05-21_13h23.20.049_image_mapping.json	68	4	8	1121	sunglasses	images_THINGS/object_images/sunglasses/sunglasses_06s.jpg	/media/psycontrol/HDD/Datasets/THINGS/images_THINGS/object_images/sunglasses/sunglasses_06s.jpg	True	True	2
zar	004-zar	lab_data/zar/004-zar_EEG_recon_2026-05-21_13h23.20.049_image_mapping.json	69	4	9	1049	rat	images_THINGS/object_images/rat/rat_04s.jpg	/media/psycontrol/HDD/Datasets/THINGS/images_THINGS/object_images/rat/rat_04s.jpg	True	False	1
zar	004-zar	lab_data/zar/004-zar_EEG_recon_2026-05-21_13h23.20.049_image_mapping.json	70	4	10	1032	pants	images_THINGS/object_images/pants/pants_01b.jpg	/media/psycontrol/HDD/Datasets/THINGS/images_THINGS/object_images/pants/pants_01b.jpg	True	False	1
zar	004-zar	lab_data/zar/004-zar_EEG_recon_2026-05-21_13h23.20.049_image_mapping.json	71	4	11	1063	car	images_THINGS/object_images/car/car_12s.jpg	/media/psycontrol/HDD/Datasets/THINGS/images_THINGS/object_images/car/car_12s.jpg	True	False	1
zar	004-zar	lab_data/zar/004-zar_EEG_recon_2026-05-21_13h23.20.049_image_mapping.json	72	4	12	1118	candy_bar	images_THINGS/object_images/candy_bar/candy_bar_09s.jpg	/media/psycontrol/HDD/Datasets/THINGS/images_THINGS/object_images/candy_bar/candy_bar_09s.jpg	True	True	2
zar	004-zar	lab_data/zar/004-zar_EEG_recon_2026-05-21_13h23.20.049_image_mapping.json	73	4	13	1092	bunkbed	images_THINGS/object_images/bunkbed/bunkbed_02s.jpg	/media/psycontrol/HDD/Datasets/THINGS/images_THINGS/object_images/bunkbed/bunkbed_02s.jpg	True	True	2
zar	004-zar	lab_data/zar/004-zar_EEG_recon_2026-05-21_13h23.20.049_image_mapping.json	74	4	14	1038	cupcake	images_THINGS/object_images/cupcake/cupcake_07s.jpg	/media/psycontrol/HDD/Datasets/THINGS/images_THINGS/object_images/cupcake/cupcake_07s.jpg	True	False	1
zar	004-zar	lab_data/zar/004-zar_EEG_recon_2026-05-21_13h23.20.049_image_mapping.json	75	4	15	1061	taco	images_THINGS/object_images/taco/taco_06n.jpg	/media/psycontrol/HDD/Datasets/THINGS/images_THINGS/object_images/taco/taco_06n.jpg	True	False	2
zar	004-zar	lab_data/zar/004-zar_EEG_recon_2026-05-21_13h23.20.049_image_mapping.json	76	4	16	1130	showerhead	images_THINGS/object_images/showerhead/showerhead_05s.jpg	/media/psycontrol/HDD/Datasets/THINGS/images_THINGS/object_images/showerhead/showerhead_05s.jpg	True	False	2
zar	004-zar	lab_data/zar/004-zar_EEG_recon_2026-05-21_13h23.20.049_image_mapping.json	77	4	17	1143	mango	images_THINGS/object_images/mango/mango_16s.jpg	/media/psycontrol/HDD/Datasets/THINGS/images_THINGS/object_images/mango/mango_16s.jpg	True	False	2
zar	004-zar	lab_data/zar/004-zar_EEG_recon_2026-05-21_13h23.20.049_image_mapping.json	78	4	18	1123	sorbet	images_THINGS/object_images/sorbet/sorbet_05s.jpg	/media/psycontrol/HDD/Datasets/THINGS/images_THINGS/object_images/sorbet/sorbet_05s.jpg	True	False	1
zar	004-zar	lab_data/zar/004-zar_EEG_recon_2026-05-21_13h23.20.049_image_mapping.json	79	4	19	1013	banana	images_THINGS/object_images/banana/banana_13s.jpg	/media/psycontrol/HDD/Datasets/THINGS/images_THINGS/object_images/banana/banana_13s.jpg	True	False	1
zar	004-zar	lab_data/zar/004-zar_EEG_recon_2026-05-21_13h23.20.049_image_mapping.json	80	4	20	1139	earwig	images_THINGS/object_images/earwig/earwig_09s.jpg	/media/psycontrol/HDD/Datasets/THINGS/images_THINGS/object_images/earwig/earwig_09s.jpg	True	False	1
zar	004-zar	lab_data/zar/004-zar_EEG_recon_2026-05-21_13h23.20.049_image_mapping.json	81	5	1	1079	puppy	images_THINGS/object_images/puppy/puppy_12s.jpg	/media/psycontrol/HDD/Datasets/THINGS/images_THINGS/object_images/puppy/puppy_12s.jpg	True	False	1
zar	004-zar	lab_data/zar/004-zar_EEG_recon_2026-05-21_13h23.20.049_image_mapping.json	82	5	2	1082	necklace	images_THINGS/object_images/necklace/necklace_11s.jpg	/media/psycontrol/HDD/Datasets/THINGS/images_THINGS/object_images/necklace/necklace_11s.jpg	True	False	2
zar	004-zar	lab_data/zar/004-zar_EEG_recon_2026-05-21_13h23.20.049_image_mapping.json	83	5	3	1131	eel	images_THINGS/object_images/eel/eel_09s.jpg	/media/psycontrol/HDD/Datasets/THINGS/images_THINGS/object_images/eel/eel_09s.jpg	True	False	1
zar	004-zar	lab_data/zar/004-zar_EEG_recon_2026-05-21_13h23.20.049_image_mapping.json	84	5	4	1143	mango	images_THINGS/object_images/mango/mango_16s.jpg	/media/psycontrol/HDD/Datasets/THINGS/images_THINGS/object_images/mango/mango_16s.jpg	True	True	2
zar	004-zar	lab_data/zar/004-zar_EEG_recon_2026-05-21_13h23.20.049_image_mapping.json	85	5	5	1109	wasp	images_THINGS/object_images/wasp/wasp_09n.jpg	/media/psycontrol/HDD/Datasets/THINGS/images_THINGS/object_images/wasp/wasp_09n.jpg	True	False	1
zar	004-zar	lab_data/zar/004-zar_EEG_recon_2026-05-21_13h23.20.049_image_mapping.json	86	5	6	1046	tiramisu	images_THINGS/object_images/tiramisu/tiramisu_12s.jpg	/media/psycontrol/HDD/Datasets/THINGS/images_THINGS/object_images/tiramisu/tiramisu_12s.jpg	True	True	2
zar	004-zar	lab_data/zar/004-zar_EEG_recon_2026-05-21_13h23.20.049_image_mapping.json	87	5	7	1133	cockatoo	images_THINGS/object_images/cockatoo/cockatoo_04s.jpg	/media/psycontrol/HDD/Datasets/THINGS/images_THINGS/object_images/cockatoo/cockatoo_04s.jpg	True	False	1
zar	004-zar	lab_data/zar/004-zar_EEG_recon_2026-05-21_13h23.20.049_image_mapping.json	88	5	8	1002	pea	images_THINGS/object_images/pea/pea_10s.jpg	/media/psycontrol/HDD/Datasets/THINGS/images_THINGS/object_images/pea/pea_10s.jpg	True	False	1
zar	004-zar	lab_data/zar/004-zar_EEG_recon_2026-05-21_13h23.20.049_image_mapping.json	89	5	9	1135	pony	images_THINGS/object_images/pony/pony_01b.jpg	/media/psycontrol/HDD/Datasets/THINGS/images_THINGS/object_images/pony/pony_01b.jpg	True	False	1
zar	004-zar	lab_data/zar/004-zar_EEG_recon_2026-05-21_13h23.20.049_image_mapping.json	90	5	10	1125	sundae	images_THINGS/object_images/sundae/sundae_09s.jpg	/media/psycontrol/HDD/Datasets/THINGS/images_THINGS/object_images/sundae/sundae_09s.jpg	True	True	2
zar	004-zar	lab_data/zar/004-zar_EEG_recon_2026-05-21_13h23.20.049_image_mapping.json	91	5	11	1124	nightshirt	images_THINGS/object_images/nightshirt/nightshirt_11s.jpg	/media/psycontrol/HDD/Datasets/THINGS/images_THINGS/object_images/nightshirt/nightshirt_11s.jpg	True	True	2
zar	004-zar	lab_data/zar/004-zar_EEG_recon_2026-05-21_13h23.20.049_image_mapping.json	92	5	12	1140	kayak	images_THINGS/object_images/kayak/kayak_04s.jpg	/media/psycontrol/HDD/Datasets/THINGS/images_THINGS/object_images/kayak/kayak_04s.jpg	True	False	1
zar	004-zar	lab_data/zar/004-zar_EEG_recon_2026-05-21_13h23.20.049_image_mapping.json	93	5	13	1059	zucchini	images_THINGS/object_images/zucchini/zucchini_02s.jpg	/media/psycontrol/HDD/Datasets/THINGS/images_THINGS/object_images/zucchini/zucchini_02s.jpg	True	False	2
zar	004-zar	lab_data/zar/004-zar_EEG_recon_2026-05-21_13h23.20.049_image_mapping.json	94	5	14	1040	panda	images_THINGS/object_images/panda/panda_01b.jpg	/media/psycontrol/HDD/Datasets/THINGS/images_THINGS/object_images/panda/panda_01b.jpg	True	False	1
zar	004-zar	lab_data/zar/004-zar_EEG_recon_2026-05-21_13h23.20.049_image_mapping.json	95	5	15	1061	taco	images_THINGS/object_images/taco/taco_06n.jpg	/media/psycontrol/HDD/Datasets/THINGS/images_THINGS/object_images/taco/taco_06n.jpg	True	True	2
zar	004-zar	lab_data/zar/004-zar_EEG_recon_2026-05-21_13h23.20.049_image_mapping.json	96	5	16	1107	omelet	images_THINGS/object_images/omelet/omelet_06s.jpg	/media/psycontrol/HDD/Datasets/THINGS/images_THINGS/object_images/omelet/omelet_06s.jpg	True	False	1
zar	004-zar	lab_data/zar/004-zar_EEG_recon_2026-05-21_13h23.20.049_image_mapping.json	97	5	17	1086	pasta	images_THINGS/object_images/pasta/pasta_12s.jpg	/media/psycontrol/HDD/Datasets/THINGS/images_THINGS/object_images/pasta/pasta_12s.jpg	True	False	1
zar	004-zar	lab_data/zar/004-zar_EEG_recon_2026-05-21_13h23.20.049_image_mapping.json	98	5	18	1010	pineapple	images_THINGS/object_images/pineapple/pineapple_08s.jpg	/media/psycontrol/HDD/Datasets/THINGS/images_THINGS/object_images/pineapple/pineapple_08s.jpg	True	False	1
zar	004-zar	lab_data/zar/004-zar_EEG_recon_2026-05-21_13h23.20.049_image_mapping.json	99	5	19	1127	space_shuttle	images_THINGS/object_images/space_shuttle/space_shuttle_12s.jpg	/media/psycontrol/HDD/Datasets/THINGS/images_THINGS/object_images/space_shuttle/space_shuttle_12s.jpg	True	False	1
zar	004-zar	lab_data/zar/004-zar_EEG_recon_2026-05-21_13h23.20.049_image_mapping.json	100	5	20	1155	kale	images_THINGS/object_images/kale/kale_01b.jpg	/media/psycontrol/HDD/Datasets/THINGS/images_THINGS/object_images/kale/kale_01b.jpg	True	False	1
zar	004-zar	lab_data/zar/004-zar_EEG_recon_2026-05-21_13h23.20.049_image_mapping.json	101	6	1	1152	speedboat	images_THINGS/object_images/speedboat/speedboat_06s.jpg	/media/psycontrol/HDD/Datasets/THINGS/images_THINGS/object_images/speedboat/speedboat_06s.jpg	True	False	1
zar	004-zar	lab_data/zar/004-zar_EEG_recon_2026-05-21_13h23.20.049_image_mapping.json	102	6	2	1008	keyboard	images_THINGS/object_images/keyboard/keyboard_13s.jpg	/media/psycontrol/HDD/Datasets/THINGS/images_THINGS/object_images/keyboard/keyboard_13s.jpg	True	False	1
zar	004-zar	lab_data/zar/004-zar_EEG_recon_2026-05-21_13h23.20.049_image_mapping.json	103	6	3	1042	eagle	images_THINGS/object_images/eagle/eagle_08s.jpg	/media/psycontrol/HDD/Datasets/THINGS/images_THINGS/object_images/eagle/eagle_08s.jpg	True	False	1
zar	004-zar	lab_data/zar/004-zar_EEG_recon_2026-05-21_13h23.20.049_image_mapping.json	104	6	4	1028	meatball	images_THINGS/object_images/meatball/meatball_04s.jpg	/media/psycontrol/HDD/Datasets/THINGS/images_THINGS/object_images/meatball/meatball_04s.jpg	True	False	1
zar	004-zar	lab_data/zar/004-zar_EEG_recon_2026-05-21_13h23.20.049_image_mapping.json	105	6	5	1062	antelope	images_THINGS/object_images/antelope/antelope_12n.jpg	/media/psycontrol/HDD/Datasets/THINGS/images_THINGS/object_images/antelope/antelope_12n.jpg	True	True	2
zar	004-zar	lab_data/zar/004-zar_EEG_recon_2026-05-21_13h23.20.049_image_mapping.json	106	6	6	1085	frog	images_THINGS/object_images/frog/frog_09s.jpg	/media/psycontrol/HDD/Datasets/THINGS/images_THINGS/object_images/frog/frog_09s.jpg	True	False	1
zar	004-zar	lab_data/zar/004-zar_EEG_recon_2026-05-21_13h23.20.049_image_mapping.json	107	6	7	1074	cobra	images_THINGS/object_images/cobra/cobra_07s.jpg	/media/psycontrol/HDD/Datasets/THINGS/images_THINGS/object_images/cobra/cobra_07s.jpg	True	False	1
zar	004-zar	lab_data/zar/004-zar_EEG_recon_2026-05-21_13h23.20.049_image_mapping.json	108	6	8	1103	blazer	images_THINGS/object_images/blazer/blazer_05s.jpg	/media/psycontrol/HDD/Datasets/THINGS/images_THINGS/object_images/blazer/blazer_05s.jpg	True	False	1
zar	004-zar	lab_data/zar/004-zar_EEG_recon_2026-05-21_13h23.20.049_image_mapping.json	109	6	9	1017	carrot	images_THINGS/object_images/carrot/carrot_01b.jpg	/media/psycontrol/HDD/Datasets/THINGS/images_THINGS/object_images/carrot/carrot_01b.jpg	True	False	1
zar	004-zar	lab_data/zar/004-zar_EEG_recon_2026-05-21_13h23.20.049_image_mapping.json	110	6	10	1126	helicopter	images_THINGS/object_images/helicopter/helicopter_20s.jpg	/media/psycontrol/HDD/Datasets/THINGS/images_THINGS/object_images/helicopter/helicopter_20s.jpg	True	False	2
zar	004-zar	lab_data/zar/004-zar_EEG_recon_2026-05-21_13h23.20.049_image_mapping.json	111	6	11	1106	swordfish	images_THINGS/object_images/swordfish/swordfish_07s.jpg	/media/psycontrol/HDD/Datasets/THINGS/images_THINGS/object_images/swordfish/swordfish_07s.jpg	True	False	1
zar	004-zar	lab_data/zar/004-zar_EEG_recon_2026-05-21_13h23.20.049_image_mapping.json	112	6	12	1068	radio	images_THINGS/object_images/radio/radio_04s.jpg	/media/psycontrol/HDD/Datasets/THINGS/images_THINGS/object_images/radio/radio_04s.jpg	True	False	1
zar	004-zar	lab_data/zar/004-zar_EEG_recon_2026-05-21_13h23.20.049_image_mapping.json	113	6	13	1100	champagne	images_THINGS/object_images/champagne/champagne_01b.jpg	/media/psycontrol/HDD/Datasets/THINGS/images_THINGS/object_images/champagne/champagne_01b.jpg	True	False	1
zar	004-zar	lab_data/zar/004-zar_EEG_recon_2026-05-21_13h23.20.049_image_mapping.json	114	6	14	1084	cheetah	images_THINGS/object_images/cheetah/cheetah_06s.jpg	/media/psycontrol/HDD/Datasets/THINGS/images_THINGS/object_images/cheetah/cheetah_06s.jpg	True	False	2
zar	004-zar	lab_data/zar/004-zar_EEG_recon_2026-05-21_13h23.20.049_image_mapping.json	115	6	15	1120	owl	images_THINGS/object_images/owl/owl_19s.jpg	/media/psycontrol/HDD/Datasets/THINGS/images_THINGS/object_images/owl/owl_19s.jpg	True	True	2
zar	004-zar	lab_data/zar/004-zar_EEG_recon_2026-05-21_13h23.20.049_image_mapping.json	116	6	16	1129	workbench	images_THINGS/object_images/workbench/workbench_07s.jpg	/media/psycontrol/HDD/Datasets/THINGS/images_THINGS/object_images/workbench/workbench_07s.jpg	True	False	2
zar	004-zar	lab_data/zar/004-zar_EEG_recon_2026-05-21_13h23.20.049_image_mapping.json	117	6	17	1053	reindeer	images_THINGS/object_images/reindeer/reindeer_14s.jpg	/media/psycontrol/HDD/Datasets/THINGS/images_THINGS/object_images/reindeer/reindeer_14s.jpg	True	True	2
zar	004-zar	lab_data/zar/004-zar_EEG_recon_2026-05-21_13h23.20.049_image_mapping.json	118	6	18	1039	sailboat	images_THINGS/object_images/sailboat/sailboat_07s.jpg	/media/psycontrol/HDD/Datasets/THINGS/images_THINGS/object_images/sailboat/sailboat_07s.jpg	True	False	1
zar	004-zar	lab_data/zar/004-zar_EEG_recon_2026-05-21_13h23.20.049_image_mapping.json	119	6	19	1111	creme_brulee	images_THINGS/object_images/creme_brulee/creme_brulee_01b.jpg	/media/psycontrol/HDD/Datasets/THINGS/images_THINGS/object_images/creme_brulee/creme_brulee_01b.jpg	True	False	1
zar	004-zar	lab_data/zar/004-zar_EEG_recon_2026-05-21_13h23.20.049_image_mapping.json	120	6	20	1012	burrito	images_THINGS/object_images/burrito/burrito_07s.jpg	/media/psycontrol/HDD/Datasets/THINGS/images_THINGS/object_images/burrito/burrito_07s.jpg	True	True	2
zar	004-zar	lab_data/zar/004-zar_EEG_recon_2026-05-21_13h23.20.049_image_mapping.json	121	7	1	1067	taffy	images_THINGS/object_images/taffy/taffy_11s.jpg	/media/psycontrol/HDD/Datasets/THINGS/images_THINGS/object_images/taffy/taffy_11s.jpg	True	False	1
zar	004-zar	lab_data/zar/004-zar_EEG_recon_2026-05-21_13h23.20.049_image_mapping.json	122	7	2	1084	cheetah	images_THINGS/object_images/cheetah/cheetah_06s.jpg	/media/psycontrol/HDD/Datasets/THINGS/images_THINGS/object_images/cheetah/cheetah_06s.jpg	True	True	2
zar	004-zar	lab_data/zar/004-zar_EEG_recon_2026-05-21_13h23.20.049_image_mapping.json	123	7	3	1082	necklace	images_THINGS/object_images/necklace/necklace_11s.jpg	/media/psycontrol/HDD/Datasets/THINGS/images_THINGS/object_images/necklace/necklace_11s.jpg	True	True	2
zar	004-zar	lab_data/zar/004-zar_EEG_recon_2026-05-21_13h23.20.049_image_mapping.json	124	7	4	1051	yacht	images_THINGS/object_images/yacht/yacht_05s.jpg	/media/psycontrol/HDD/Datasets/THINGS/images_THINGS/object_images/yacht/yacht_05s.jpg	True	False	2
zar	004-zar	lab_data/zar/004-zar_EEG_recon_2026-05-21_13h23.20.049_image_mapping.json	125	7	5	1091	kitten	images_THINGS/object_images/kitten/kitten_09s.jpg	/media/psycontrol/HDD/Datasets/THINGS/images_THINGS/object_images/kitten/kitten_09s.jpg	True	False	1
zar	004-zar	lab_data/zar/004-zar_EEG_recon_2026-05-21_13h23.20.049_image_mapping.json	126	7	6	1081	police_car	images_THINGS/object_images/police_car/police_car_14s.jpg	/media/psycontrol/HDD/Datasets/THINGS/images_THINGS/object_images/police_car/police_car_14s.jpg	True	False	1
zar	004-zar	lab_data/zar/004-zar_EEG_recon_2026-05-21_13h23.20.049_image_mapping.json	127	7	7	1154	chandelier	images_THINGS/object_images/chandelier/chandelier_10s.jpg	/media/psycontrol/HDD/Datasets/THINGS/images_THINGS/object_images/chandelier/chandelier_10s.jpg	True	False	1
zar	004-zar	lab_data/zar/004-zar_EEG_recon_2026-05-21_13h23.20.049_image_mapping.json	128	7	8	1087	bathrobe	images_THINGS/object_images/bathrobe/bathrobe_12s.jpg	/media/psycontrol/HDD/Datasets/THINGS/images_THINGS/object_images/bathrobe/bathrobe_12s.jpg	True	False	1
zar	004-zar	lab_data/zar/004-zar_EEG_recon_2026-05-21_13h23.20.049_image_mapping.json	129	7	9	1065	cabinet	images_THINGS/object_images/cabinet/cabinet_07s.jpg	/media/psycontrol/HDD/Datasets/THINGS/images_THINGS/object_images/cabinet/cabinet_07s.jpg	True	False	1
zar	004-zar	lab_data/zar/004-zar_EEG_recon_2026-05-21_13h23.20.049_image_mapping.json	130	7	10	1114	spinach	images_THINGS/object_images/spinach/spinach_09s.jpg	/media/psycontrol/HDD/Datasets/THINGS/images_THINGS/object_images/spinach/spinach_09s.jpg	True	False	1
zar	004-zar	lab_data/zar/004-zar_EEG_recon_2026-05-21_13h23.20.049_image_mapping.json	131	7	11	1138	ping-pong_table	images_THINGS/object_images/ping-pong_table/ping-pong_table_10s.jpg	/media/psycontrol/HDD/Datasets/THINGS/images_THINGS/object_images/ping-pong_table/ping-pong_table_10s.jpg	True	False	1
zar	004-zar	lab_data/zar/004-zar_EEG_recon_2026-05-21_13h23.20.049_image_mapping.json	132	7	12	1113	firetruck	images_THINGS/object_images/firetruck/firetruck_04s.jpg	/media/psycontrol/HDD/Datasets/THINGS/images_THINGS/object_images/firetruck/firetruck_04s.jpg	True	False	1
zar	004-zar	lab_data/zar/004-zar_EEG_recon_2026-05-21_13h23.20.049_image_mapping.json	133	7	13	1021	tea	images_THINGS/object_images/tea/tea_10s.jpg	/media/psycontrol/HDD/Datasets/THINGS/images_THINGS/object_images/tea/tea_10s.jpg	True	False	1
zar	004-zar	lab_data/zar/004-zar_EEG_recon_2026-05-21_13h23.20.049_image_mapping.json	134	7	14	1023	wolf	images_THINGS/object_images/wolf/wolf_12n.jpg	/media/psycontrol/HDD/Datasets/THINGS/images_THINGS/object_images/wolf/wolf_12n.jpg	True	True	2
zar	004-zar	lab_data/zar/004-zar_EEG_recon_2026-05-21_13h23.20.049_image_mapping.json	135	7	15	1093	duckling	images_THINGS/object_images/duckling/duckling_25s.jpg	/media/psycontrol/HDD/Datasets/THINGS/images_THINGS/object_images/duckling/duckling_25s.jpg	True	False	1
zar	004-zar	lab_data/zar/004-zar_EEG_recon_2026-05-21_13h23.20.049_image_mapping.json	136	7	16	1146	cheesecake	images_THINGS/object_images/cheesecake/cheesecake_06s.jpg	/media/psycontrol/HDD/Datasets/THINGS/images_THINGS/object_images/cheesecake/cheesecake_06s.jpg	True	False	1
zar	004-zar	lab_data/zar/004-zar_EEG_recon_2026-05-21_13h23.20.049_image_mapping.json	137	7	17	1045	goose	images_THINGS/object_images/goose/goose_08s.jpg	/media/psycontrol/HDD/Datasets/THINGS/images_THINGS/object_images/goose/goose_08s.jpg	True	True	2
zar	004-zar	lab_data/zar/004-zar_EEG_recon_2026-05-21_13h23.20.049_image_mapping.json	138	7	18	1156	coconut	images_THINGS/object_images/coconut/coconut_08s.jpg	/media/psycontrol/HDD/Datasets/THINGS/images_THINGS/object_images/coconut/coconut_08s.jpg	True	False	1
zar	004-zar	lab_data/zar/004-zar_EEG_recon_2026-05-21_13h23.20.049_image_mapping.json	139	7	19	1058	loveseat	images_THINGS/object_images/loveseat/loveseat_10s.jpg	/media/psycontrol/HDD/Datasets/THINGS/images_THINGS/object_images/loveseat/loveseat_10s.jpg	True	False	1
zar	004-zar	lab_data/zar/004-zar_EEG_recon_2026-05-21_13h23.20.049_image_mapping.json	140	7	20	1055	seagull	images_THINGS/object_images/seagull/seagull_11s.jpg	/media/psycontrol/HDD/Datasets/THINGS/images_THINGS/object_images/seagull/seagull_11s.jpg	True	False	1
zar	004-zar	lab_data/zar/004-zar_EEG_recon_2026-05-21_13h23.20.049_image_mapping.json	141	8	1	1056	leggings	images_THINGS/object_images/leggings/leggings_02s.jpg	/media/psycontrol/HDD/Datasets/THINGS/images_THINGS/object_images/leggings/leggings_02s.jpg	True	False	1
zar	004-zar	lab_data/zar/004-zar_EEG_recon_2026-05-21_13h23.20.049_image_mapping.json	142	8	2	1054	bathtub	images_THINGS/object_images/bathtub/bathtub_18s.jpg	/media/psycontrol/HDD/Datasets/THINGS/images_THINGS/object_images/bathtub/bathtub_18s.jpg	True	False	1
zar	004-zar	lab_data/zar/004-zar_EEG_recon_2026-05-21_13h23.20.049_image_mapping.json	143	8	3	1034	bracelet1	images_THINGS/object_images/bracelet1/bracelet1_18s.jpg	/media/psycontrol/HDD/Datasets/THINGS/images_THINGS/object_images/bracelet1/bracelet1_18s.jpg	True	False	1
zar	004-zar	lab_data/zar/004-zar_EEG_recon_2026-05-21_13h23.20.049_image_mapping.json	144	8	4	1003	shorts	images_THINGS/object_images/shorts/shorts_14s.jpg	/media/psycontrol/HDD/Datasets/THINGS/images_THINGS/object_images/shorts/shorts_14s.jpg	True	False	1
zar	004-zar	lab_data/zar/004-zar_EEG_recon_2026-05-21_13h23.20.049_image_mapping.json	145	8	5	1078	sea_urchin	images_THINGS/object_images/sea_urchin/sea_urchin_08s.jpg	/media/psycontrol/HDD/Datasets/THINGS/images_THINGS/object_images/sea_urchin/sea_urchin_08s.jpg	True	False	1
zar	004-zar	lab_data/zar/004-zar_EEG_recon_2026-05-21_13h23.20.049_image_mapping.json	146	8	6	1105	gorilla	images_THINGS/object_images/gorilla/gorilla_19s.jpg	/media/psycontrol/HDD/Datasets/THINGS/images_THINGS/object_images/gorilla/gorilla_19s.jpg	True	False	1
zar	004-zar	lab_data/zar/004-zar_EEG_recon_2026-05-21_13h23.20.049_image_mapping.json	147	8	7	1129	workbench	images_THINGS/object_images/workbench/workbench_07s.jpg	/media/psycontrol/HDD/Datasets/THINGS/images_THINGS/object_images/workbench/workbench_07s.jpg	True	True	2
zar	004-zar	lab_data/zar/004-zar_EEG_recon_2026-05-21_13h23.20.049_image_mapping.json	148	8	8	1088	slipper	images_THINGS/object_images/slipper/slipper_02s.jpg	/media/psycontrol/HDD/Datasets/THINGS/images_THINGS/object_images/slipper/slipper_02s.jpg	True	False	1
zar	004-zar	lab_data/zar/004-zar_EEG_recon_2026-05-21_13h23.20.049_image_mapping.json	149	8	9	1102	crab	images_THINGS/object_images/crab/crab_02s.jpg	/media/psycontrol/HDD/Datasets/THINGS/images_THINGS/object_images/crab/crab_02s.jpg	True	False	1
zar	004-zar	lab_data/zar/004-zar_EEG_recon_2026-05-21_13h23.20.049_image_mapping.json	150	8	10	1033	helmet	images_THINGS/object_images/helmet/helmet_11s.jpg	/media/psycontrol/HDD/Datasets/THINGS/images_THINGS/object_images/helmet/helmet_11s.jpg	True	False	1
zar	004-zar	lab_data/zar/004-zar_EEG_recon_2026-05-21_13h23.20.049_image_mapping.json	151	8	11	1141	peach	images_THINGS/object_images/peach/peach_09n.jpg	/media/psycontrol/HDD/Datasets/THINGS/images_THINGS/object_images/peach/peach_09n.jpg	True	False	1
zar	004-zar	lab_data/zar/004-zar_EEG_recon_2026-05-21_13h23.20.049_image_mapping.json	152	8	12	1130	showerhead	images_THINGS/object_images/showerhead/showerhead_05s.jpg	/media/psycontrol/HDD/Datasets/THINGS/images_THINGS/object_images/showerhead/showerhead_05s.jpg	True	True	2
zar	004-zar	lab_data/zar/004-zar_EEG_recon_2026-05-21_13h23.20.049_image_mapping.json	153	8	13	1150	chick	images_THINGS/object_images/chick/chick_10s.jpg	/media/psycontrol/HDD/Datasets/THINGS/images_THINGS/object_images/chick/chick_10s.jpg	True	True	2
zar	004-zar	lab_data/zar/004-zar_EEG_recon_2026-05-21_13h23.20.049_image_mapping.json	154	8	14	1145	rocking_chair	images_THINGS/object_images/rocking_chair/rocking_chair_07s.jpg	/media/psycontrol/HDD/Datasets/THINGS/images_THINGS/object_images/rocking_chair/rocking_chair_07s.jpg	True	True	2
zar	004-zar	lab_data/zar/004-zar_EEG_recon_2026-05-21_13h23.20.049_image_mapping.json	155	8	15	1094	onion	images_THINGS/object_images/onion/onion_03n.jpg	/media/psycontrol/HDD/Datasets/THINGS/images_THINGS/object_images/onion/onion_03n.jpg	True	False	1
zar	004-zar	lab_data/zar/004-zar_EEG_recon_2026-05-21_13h23.20.049_image_mapping.json	156	8	16	1153	donut	images_THINGS/object_images/donut/donut_15s.jpg	/media/psycontrol/HDD/Datasets/THINGS/images_THINGS/object_images/donut/donut_15s.jpg	True	False	1
zar	004-zar	lab_data/zar/004-zar_EEG_recon_2026-05-21_13h23.20.049_image_mapping.json	157	8	17	1027	memory_stick	images_THINGS/object_images/memory_stick/memory_stick_08s.jpg	/media/psycontrol/HDD/Datasets/THINGS/images_THINGS/object_images/memory_stick/memory_stick_08s.jpg	True	False	2
zar	004-zar	lab_data/zar/004-zar_EEG_recon_2026-05-21_13h23.20.049_image_mapping.json	158	8	18	1014	shark	images_THINGS/object_images/shark/shark_07s.jpg	/media/psycontrol/HDD/Datasets/THINGS/images_THINGS/object_images/shark/shark_07s.jpg	True	False	1
zar	004-zar	lab_data/zar/004-zar_EEG_recon_2026-05-21_13h23.20.049_image_mapping.json	159	8	19	1025	llama	images_THINGS/object_images/llama/llama_05s.jpg	/media/psycontrol/HDD/Datasets/THINGS/images_THINGS/object_images/llama/llama_05s.jpg	True	False	1
zar	004-zar	lab_data/zar/004-zar_EEG_recon_2026-05-21_13h23.20.049_image_mapping.json	160	8	20	1148	broccoli	images_THINGS/object_images/broccoli/broccoli_09s.jpg	/media/psycontrol/HDD/Datasets/THINGS/images_THINGS/object_images/broccoli/broccoli_09s.jpg	True	False	1
zar	004-zar	lab_data/zar/004-zar_EEG_recon_2026-05-21_13h23.20.049_image_mapping.json	161	9	1	1147	lemonade	images_THINGS/object_images/lemonade/lemonade_01b.jpg	/media/psycontrol/HDD/Datasets/THINGS/images_THINGS/object_images/lemonade/lemonade_01b.jpg	True	True	2
zar	004-zar	lab_data/zar/004-zar_EEG_recon_2026-05-21_13h23.20.049_image_mapping.json	162	9	2	1083	shirt	images_THINGS/object_images/shirt/shirt_03s.jpg	/media/psycontrol/HDD/Datasets/THINGS/images_THINGS/object_images/shirt/shirt_03s.jpg	True	False	1
zar	004-zar	lab_data/zar/004-zar_EEG_recon_2026-05-21_13h23.20.049_image_mapping.json	163	9	3	1041	octopus	images_THINGS/object_images/octopus/octopus_09s.jpg	/media/psycontrol/HDD/Datasets/THINGS/images_THINGS/object_images/octopus/octopus_09s.jpg	True	False	1
zar	004-zar	lab_data/zar/004-zar_EEG_recon_2026-05-21_13h23.20.049_image_mapping.json	164	9	4	1018	coffee	images_THINGS/object_images/coffee/coffee_15s.jpg	/media/psycontrol/HDD/Datasets/THINGS/images_THINGS/object_images/coffee/coffee_15s.jpg	True	False	1
zar	004-zar	lab_data/zar/004-zar_EEG_recon_2026-05-21_13h23.20.049_image_mapping.json	165	9	5	1136	snake	images_THINGS/object_images/snake/snake_16n.jpg	/media/psycontrol/HDD/Datasets/THINGS/images_THINGS/object_images/snake/snake_16n.jpg	True	False	1
zar	004-zar	lab_data/zar/004-zar_EEG_recon_2026-05-21_13h23.20.049_image_mapping.json	166	9	6	1044	raccoon	images_THINGS/object_images/raccoon/raccoon_08n.jpg	/media/psycontrol/HDD/Datasets/THINGS/images_THINGS/object_images/raccoon/raccoon_08n.jpg	True	False	1
zar	004-zar	lab_data/zar/004-zar_EEG_recon_2026-05-21_13h23.20.049_image_mapping.json	167	9	7	1027	memory_stick	images_THINGS/object_images/memory_stick/memory_stick_08s.jpg	/media/psycontrol/HDD/Datasets/THINGS/images_THINGS/object_images/memory_stick/memory_stick_08s.jpg	True	True	2
zar	004-zar	lab_data/zar/004-zar_EEG_recon_2026-05-21_13h23.20.049_image_mapping.json	168	9	8	1128	toad	images_THINGS/object_images/toad/toad_01b.jpg	/media/psycontrol/HDD/Datasets/THINGS/images_THINGS/object_images/toad/toad_01b.jpg	True	False	1
zar	004-zar	lab_data/zar/004-zar_EEG_recon_2026-05-21_13h23.20.049_image_mapping.json	169	9	9	1043	ostrich	images_THINGS/object_images/ostrich/ostrich_15s.jpg	/media/psycontrol/HDD/Datasets/THINGS/images_THINGS/object_images/ostrich/ostrich_15s.jpg	True	False	1
zar	004-zar	lab_data/zar/004-zar_EEG_recon_2026-05-21_13h23.20.049_image_mapping.json	170	9	10	1099	tricycle	images_THINGS/object_images/tricycle/tricycle_12s.jpg	/media/psycontrol/HDD/Datasets/THINGS/images_THINGS/object_images/tricycle/tricycle_12s.jpg	True	False	1
zar	004-zar	lab_data/zar/004-zar_EEG_recon_2026-05-21_13h23.20.049_image_mapping.json	171	9	11	1117	hamster	images_THINGS/object_images/hamster/hamster_07s.jpg	/media/psycontrol/HDD/Datasets/THINGS/images_THINGS/object_images/hamster/hamster_07s.jpg	True	False	1
zar	004-zar	lab_data/zar/004-zar_EEG_recon_2026-05-21_13h23.20.049_image_mapping.json	172	9	12	1030	puffin	images_THINGS/object_images/puffin/puffin_02s.jpg	/media/psycontrol/HDD/Datasets/THINGS/images_THINGS/object_images/puffin/puffin_02s.jpg	True	False	1
zar	004-zar	lab_data/zar/004-zar_EEG_recon_2026-05-21_13h23.20.049_image_mapping.json	173	9	13	1080	camcorder	images_THINGS/object_images/camcorder/camcorder_07s.jpg	/media/psycontrol/HDD/Datasets/THINGS/images_THINGS/object_images/camcorder/camcorder_07s.jpg	True	False	1
zar	004-zar	lab_data/zar/004-zar_EEG_recon_2026-05-21_13h23.20.049_image_mapping.json	174	9	14	1070	dragonfly	images_THINGS/object_images/dragonfly/dragonfly_10s.jpg	/media/psycontrol/HDD/Datasets/THINGS/images_THINGS/object_images/dragonfly/dragonfly_10s.jpg	True	False	1
zar	004-zar	lab_data/zar/004-zar_EEG_recon_2026-05-21_13h23.20.049_image_mapping.json	175	9	15	1007	mirror	images_THINGS/object_images/mirror/mirror_08s.jpg	/media/psycontrol/HDD/Datasets/THINGS/images_THINGS/object_images/mirror/mirror_08s.jpg	True	False	1
zar	004-zar	lab_data/zar/004-zar_EEG_recon_2026-05-21_13h23.20.049_image_mapping.json	176	9	16	1059	zucchini	images_THINGS/object_images/zucchini/zucchini_02s.jpg	/media/psycontrol/HDD/Datasets/THINGS/images_THINGS/object_images/zucchini/zucchini_02s.jpg	True	True	2
zar	004-zar	lab_data/zar/004-zar_EEG_recon_2026-05-21_13h23.20.049_image_mapping.json	177	9	17	1158	bulldozer	images_THINGS/object_images/bulldozer/bulldozer_06s.jpg	/media/psycontrol/HDD/Datasets/THINGS/images_THINGS/object_images/bulldozer/bulldozer_06s.jpg	True	False	1
zar	004-zar	lab_data/zar/004-zar_EEG_recon_2026-05-21_13h23.20.049_image_mapping.json	178	9	18	1051	yacht	images_THINGS/object_images/yacht/yacht_05s.jpg	/media/psycontrol/HDD/Datasets/THINGS/images_THINGS/object_images/yacht/yacht_05s.jpg	True	True	2
zar	004-zar	lab_data/zar/004-zar_EEG_recon_2026-05-21_13h23.20.049_image_mapping.json	179	9	19	1076	groundhog	images_THINGS/object_images/groundhog/groundhog_01b.jpg	/media/psycontrol/HDD/Datasets/THINGS/images_THINGS/object_images/groundhog/groundhog_01b.jpg	True	False	1
zar	004-zar	lab_data/zar/004-zar_EEG_recon_2026-05-21_13h23.20.049_image_mapping.json	180	9	20	1122	webcam	images_THINGS/object_images/webcam/webcam_08s.jpg	/media/psycontrol/HDD/Datasets/THINGS/images_THINGS/object_images/webcam/webcam_08s.jpg	True	False	1
zar	004-zar	lab_data/zar/004-zar_EEG_recon_2026-05-21_13h23.20.049_image_mapping.json	181	10	1	1052	wallpaper	images_THINGS/object_images/wallpaper/wallpaper_01b.jpg	/media/psycontrol/HDD/Datasets/THINGS/images_THINGS/object_images/wallpaper/wallpaper_01b.jpg	True	True	2
zar	004-zar	lab_data/zar/004-zar_EEG_recon_2026-05-21_13h23.20.049_image_mapping.json	182	10	2	1142	piglet	images_THINGS/object_images/piglet/piglet_07s.jpg	/media/psycontrol/HDD/Datasets/THINGS/images_THINGS/object_images/piglet/piglet_07s.jpg	True	False	1
zar	004-zar	lab_data/zar/004-zar_EEG_recon_2026-05-21_13h23.20.049_image_mapping.json	183	10	3	1064	fly	images_THINGS/object_images/fly/fly_17s.jpg	/media/psycontrol/HDD/Datasets/THINGS/images_THINGS/object_images/fly/fly_17s.jpg	True	False	1
zar	004-zar	lab_data/zar/004-zar_EEG_recon_2026-05-21_13h23.20.049_image_mapping.json	184	10	4	1060	squirrel	images_THINGS/object_images/squirrel/squirrel_12n.jpg	/media/psycontrol/HDD/Datasets/THINGS/images_THINGS/object_images/squirrel/squirrel_12n.jpg	True	True	2
zar	004-zar	lab_data/zar/004-zar_EEG_recon_2026-05-21_13h23.20.049_image_mapping.json	185	10	5	1048	sombrero	images_THINGS/object_images/sombrero/sombrero_11s.jpg	/media/psycontrol/HDD/Datasets/THINGS/images_THINGS/object_images/sombrero/sombrero_11s.jpg	True	False	1
zar	004-zar	lab_data/zar/004-zar_EEG_recon_2026-05-21_13h23.20.049_image_mapping.json	186	10	6	1009	papaya	images_THINGS/object_images/papaya/papaya_08s.jpg	/media/psycontrol/HDD/Datasets/THINGS/images_THINGS/object_images/papaya/papaya_08s.jpg	True	False	1
zar	004-zar	lab_data/zar/004-zar_EEG_recon_2026-05-21_13h23.20.049_image_mapping.json	187	10	7	1072	blackberry	images_THINGS/object_images/blackberry/blackberry_08s.jpg	/media/psycontrol/HDD/Datasets/THINGS/images_THINGS/object_images/blackberry/blackberry_08s.jpg	True	False	1
zar	004-zar	lab_data/zar/004-zar_EEG_recon_2026-05-21_13h23.20.049_image_mapping.json	188	10	8	1089	unicycle	images_THINGS/object_images/unicycle/unicycle_08s.jpg	/media/psycontrol/HDD/Datasets/THINGS/images_THINGS/object_images/unicycle/unicycle_08s.jpg	True	False	1
zar	004-zar	lab_data/zar/004-zar_EEG_recon_2026-05-21_13h23.20.049_image_mapping.json	189	10	9	1075	filing_cabinet	images_THINGS/object_images/filing_cabinet/filing_cabinet_10s.jpg	/media/psycontrol/HDD/Datasets/THINGS/images_THINGS/object_images/filing_cabinet/filing_cabinet_10s.jpg	True	False	1
zar	004-zar	lab_data/zar/004-zar_EEG_recon_2026-05-21_13h23.20.049_image_mapping.json	190	10	10	1029	sheep	images_THINGS/object_images/sheep/sheep_06s.jpg	/media/psycontrol/HDD/Datasets/THINGS/images_THINGS/object_images/sheep/sheep_06s.jpg	True	False	1
zar	004-zar	lab_data/zar/004-zar_EEG_recon_2026-05-21_13h23.20.049_image_mapping.json	191	10	11	1069	rollerblade	images_THINGS/object_images/rollerblade/rollerblade_05s.jpg	/media/psycontrol/HDD/Datasets/THINGS/images_THINGS/object_images/rollerblade/rollerblade_05s.jpg	True	False	1
zar	004-zar	lab_data/zar/004-zar_EEG_recon_2026-05-21_13h23.20.049_image_mapping.json	192	10	12	1126	helicopter	images_THINGS/object_images/helicopter/helicopter_20s.jpg	/media/psycontrol/HDD/Datasets/THINGS/images_THINGS/object_images/helicopter/helicopter_20s.jpg	True	True	2
zar	004-zar	lab_data/zar/004-zar_EEG_recon_2026-05-21_13h23.20.049_image_mapping.json	193	10	13	1019	videocassette	images_THINGS/object_images/videocassette/videocassette_07n.jpg	/media/psycontrol/HDD/Datasets/THINGS/images_THINGS/object_images/videocassette/videocassette_07n.jpg	True	False	1
zar	004-zar	lab_data/zar/004-zar_EEG_recon_2026-05-21_13h23.20.049_image_mapping.json	194	10	14	1005	ottoman	images_THINGS/object_images/ottoman/ottoman_05s.jpg	/media/psycontrol/HDD/Datasets/THINGS/images_THINGS/object_images/ottoman/ottoman_05s.jpg	True	False	1
zar	004-zar	lab_data/zar/004-zar_EEG_recon_2026-05-21_13h23.20.049_image_mapping.json	195	10	15	1116	praying_mantis	images_THINGS/object_images/praying_mantis/praying_mantis_08s.jpg	/media/psycontrol/HDD/Datasets/THINGS/images_THINGS/object_images/praying_mantis/praying_mantis_08s.jpg	True	False	1
zar	004-zar	lab_data/zar/004-zar_EEG_recon_2026-05-21_13h23.20.049_image_mapping.json	196	10	16	1022	shoe	images_THINGS/object_images/shoe/shoe_01s.jpg	/media/psycontrol/HDD/Datasets/THINGS/images_THINGS/object_images/shoe/shoe_01s.jpg	True	False	1
zar	004-zar	lab_data/zar/004-zar_EEG_recon_2026-05-21_13h23.20.049_image_mapping.json	197	10	17	1066	giraffe	images_THINGS/object_images/giraffe/giraffe_17s.jpg	/media/psycontrol/HDD/Datasets/THINGS/images_THINGS/object_images/giraffe/giraffe_17s.jpg	True	False	1
zar	004-zar	lab_data/zar/004-zar_EEG_recon_2026-05-21_13h23.20.049_image_mapping.json	198	10	18	1004	dalmatian	images_THINGS/object_images/dalmatian/dalmatian_02s.jpg	/media/psycontrol/HDD/Datasets/THINGS/images_THINGS/object_images/dalmatian/dalmatian_02s.jpg	True	False	1
zar	004-zar	lab_data/zar/004-zar_EEG_recon_2026-05-21_13h23.20.049_image_mapping.json	199	10	19	1157	barnacle	images_THINGS/object_images/barnacle/barnacle_11s.jpg	/media/psycontrol/HDD/Datasets/THINGS/images_THINGS/object_images/barnacle/barnacle_11s.jpg	True	True	2
zar	004-zar	lab_data/zar/004-zar_EEG_recon_2026-05-21_13h23.20.049_image_mapping.json	200	10	20	1024	lab_coat	images_THINGS/object_images/lab_coat/lab_coat_08s.jpg	/media/psycontrol/HDD/Datasets/THINGS/images_THINGS/object_images/lab_coat/lab_coat_08s.jpg	True	False	1
