subject_folder	mapping_participant	mapping_file	trial_index	block	trial_in_block	trigger	category	mapped_path	exact_image_path	image_found	is_repeat	expected_presentations_for_trigger	eeg_sample	eeg_time_ms	timing_source	timing_status	csv_available	csv_order_match	epoch_valid	artifact_peak_uv	artifact_status
P04	Moris	lab_data/P04/P04_EEG_recon_2026-06-03_09h59.07.369_image_mapping.json	1	1	1	1096	beaver	images_THINGS/object_images/beaver/beaver_13n.jpg	/media/psycontrol/HDD/Datasets/THINGS/images_THINGS/object_images/beaver/beaver_13n.jpg	True	False	1	473780	1780477439217.000	easy_marker_manifest_order_min_gap_5s	pass	False		True	28.757494	pass
P04	Moris	lab_data/P04/P04_EEG_recon_2026-06-03_09h59.07.369_image_mapping.json	2	1	2	1124	nightshirt	images_THINGS/object_images/nightshirt/nightshirt_11s.jpg	/media/psycontrol/HDD/Datasets/THINGS/images_THINGS/object_images/nightshirt/nightshirt_11s.jpg	True	False	2	476887	1780477445431.000	easy_marker_manifest_order_min_gap_5s	pass	False		True	36.612019	pass
P04	Moris	lab_data/P04/P04_EEG_recon_2026-06-03_09h59.07.369_image_mapping.json	3	1	3	1006	cardinal	images_THINGS/object_images/cardinal/cardinal_02s.jpg	/media/psycontrol/HDD/Datasets/THINGS/images_THINGS/object_images/cardinal/cardinal_02s.jpg	True	False	2	479846	1780477451349.000	easy_marker_manifest_order_min_gap_5s	pass	False		True	203.271729	pass
P04	Moris	lab_data/P04/P04_EEG_recon_2026-06-03_09h59.07.369_image_mapping.json	4	1	4	1071	mongoose	images_THINGS/object_images/mongoose/mongoose_10s.jpg	/media/psycontrol/HDD/Datasets/THINGS/images_THINGS/object_images/mongoose/mongoose_10s.jpg	True	False	2	482793	1780477457244.000	easy_marker_manifest_order_min_gap_5s	pass	False		True	15.482880	pass
P04	Moris	lab_data/P04/P04_EEG_recon_2026-06-03_09h59.07.369_image_mapping.json	5	1	5	1077	bison	images_THINGS/object_images/bison/bison_08s.jpg	/media/psycontrol/HDD/Datasets/THINGS/images_THINGS/object_images/bison/bison_08s.jpg	True	False	1	485797	1780477463252.000	easy_marker_manifest_order_min_gap_5s	pass	False		True	32.121223	pass
P04	Moris	lab_data/P04/P04_EEG_recon_2026-06-03_09h59.07.369_image_mapping.json	6	1	6	1159	pear	images_THINGS/object_images/pear/pear_09s.jpg	/media/psycontrol/HDD/Datasets/THINGS/images_THINGS/object_images/pear/pear_09s.jpg	True	False	2	488696	1780477469050.000	easy_marker_manifest_order_min_gap_5s	pass	False		True	269.876190	review
P04	Moris	lab_data/P04/P04_EEG_recon_2026-06-03_09h59.07.369_image_mapping.json	7	1	7	1062	antelope	images_THINGS/object_images/antelope/antelope_12n.jpg	/media/psycontrol/HDD/Datasets/THINGS/images_THINGS/object_images/antelope/antelope_12n.jpg	True	False	2	491789	1780477475237.000	easy_marker_manifest_order_min_gap_5s	pass	False		True	223.897110	pass
P04	Moris	lab_data/P04/P04_EEG_recon_2026-06-03_09h59.07.369_image_mapping.json	8	1	8	1145	rocking_chair	images_THINGS/object_images/rocking_chair/rocking_chair_07s.jpg	/media/psycontrol/HDD/Datasets/THINGS/images_THINGS/object_images/rocking_chair/rocking_chair_07s.jpg	True	False	2	494682	1780477481023.000	easy_marker_manifest_order_min_gap_5s	pass	False		True	242.640945	pass
P04	Moris	lab_data/P04/P04_EEG_recon_2026-06-03_09h59.07.369_image_mapping.json	9	1	9	1015	moose	images_THINGS/object_images/moose/moose_02s.jpg	/media/psycontrol/HDD/Datasets/THINGS/images_THINGS/object_images/moose/moose_02s.jpg	True	False	2	497560	1780477486779.000	easy_marker_manifest_order_min_gap_5s	pass	False		True	38.226379	pass
P04	Moris	lab_data/P04/P04_EEG_recon_2026-06-03_09h59.07.369_image_mapping.json	10	1	10	1092	bunkbed	images_THINGS/object_images/bunkbed/bunkbed_02s.jpg	/media/psycontrol/HDD/Datasets/THINGS/images_THINGS/object_images/bunkbed/bunkbed_02s.jpg	True	False	2	500504	1780477492668.000	easy_marker_manifest_order_min_gap_5s	pass	False		True	25.586645	pass
P04	Moris	lab_data/P04/P04_EEG_recon_2026-06-03_09h59.07.369_image_mapping.json	11	1	11	1001	limousine	images_THINGS/object_images/limousine/limousine_03s.jpg	/media/psycontrol/HDD/Datasets/THINGS/images_THINGS/object_images/limousine/limousine_03s.jpg	True	False	2	503528	1780477498716.000	easy_marker_manifest_order_min_gap_5s	pass	False		True	46.882797	pass
P04	Moris	lab_data/P04/P04_EEG_recon_2026-06-03_09h59.07.369_image_mapping.json	12	1	12	1160	clam	images_THINGS/object_images/clam/clam_06s.jpg	/media/psycontrol/HDD/Datasets/THINGS/images_THINGS/object_images/clam/clam_06s.jpg	True	False	2	506400	1780477504460.000	easy_marker_manifest_order_min_gap_5s	pass	False		True	257.350739	review
P04	Moris	lab_data/P04/P04_EEG_recon_2026-06-03_09h59.07.369_image_mapping.json	13	1	13	1020	television	images_THINGS/object_images/television/television_07s.jpg	/media/psycontrol/HDD/Datasets/THINGS/images_THINGS/object_images/television/television_07s.jpg	True	False	2	509372	1780477510405.000	easy_marker_manifest_order_min_gap_5s	pass	False		True	44.615707	pass
P04	Moris	lab_data/P04/P04_EEG_recon_2026-06-03_09h59.07.369_image_mapping.json	14	1	14	1104	speaker	images_THINGS/object_images/speaker/speaker_19n.jpg	/media/psycontrol/HDD/Datasets/THINGS/images_THINGS/object_images/speaker/speaker_19n.jpg	True	False	2	512445	1780477516551.000	easy_marker_manifest_order_min_gap_5s	pass	False		True	25.383993	pass
P04	Moris	lab_data/P04/P04_EEG_recon_2026-06-03_09h59.07.369_image_mapping.json	15	1	15	1134	sleeping_bag	images_THINGS/object_images/sleeping_bag/sleeping_bag_07s.jpg	/media/psycontrol/HDD/Datasets/THINGS/images_THINGS/object_images/sleeping_bag/sleeping_bag_07s.jpg	True	False	2	515507	1780477522675.000	easy_marker_manifest_order_min_gap_5s	pass	False		True	74.739052	pass
P04	Moris	lab_data/P04/P04_EEG_recon_2026-06-03_09h59.07.369_image_mapping.json	16	1	16	1147	lemonade	images_THINGS/object_images/lemonade/lemonade_01b.jpg	/media/psycontrol/HDD/Datasets/THINGS/images_THINGS/object_images/lemonade/lemonade_01b.jpg	True	False	2	518420	1780477528501.000	easy_marker_manifest_order_min_gap_5s	pass	False		True	57.210228	pass
P04	Moris	lab_data/P04/P04_EEG_recon_2026-06-03_09h59.07.369_image_mapping.json	17	1	17	1121	sunglasses	images_THINGS/object_images/sunglasses/sunglasses_06s.jpg	/media/psycontrol/HDD/Datasets/THINGS/images_THINGS/object_images/sunglasses/sunglasses_06s.jpg	True	False	2	521482	1780477534626.000	easy_marker_manifest_order_min_gap_5s	pass	False		True	241.538910	pass
P04	Moris	lab_data/P04/P04_EEG_recon_2026-06-03_09h59.07.369_image_mapping.json	18	1	18	1035	lizard	images_THINGS/object_images/lizard/lizard_01b.jpg	/media/psycontrol/HDD/Datasets/THINGS/images_THINGS/object_images/lizard/lizard_01b.jpg	True	False	1	524496	1780477540654.000	easy_marker_manifest_order_min_gap_5s	pass	False		True	181.459457	pass
P04	Moris	lab_data/P04/P04_EEG_recon_2026-06-03_09h59.07.369_image_mapping.json	19	1	19	1052	wallpaper	images_THINGS/object_images/wallpaper/wallpaper_01b.jpg	/media/psycontrol/HDD/Datasets/THINGS/images_THINGS/object_images/wallpaper/wallpaper_01b.jpg	True	False	2	527402	1780477546467.000	easy_marker_manifest_order_min_gap_5s	pass	False		True	36.098152	pass
P04	Moris	lab_data/P04/P04_EEG_recon_2026-06-03_09h59.07.369_image_mapping.json	20	1	20	1132	polar_bear	images_THINGS/object_images/polar_bear/polar_bear_18s.jpg	/media/psycontrol/HDD/Datasets/THINGS/images_THINGS/object_images/polar_bear/polar_bear_18s.jpg	True	False	2	530385	1780477552433.000	easy_marker_manifest_order_min_gap_5s	pass	False		True	19.296976	pass
P04	Moris	lab_data/P04/P04_EEG_recon_2026-06-03_09h59.07.369_image_mapping.json	21	2	1	1071	mongoose	images_THINGS/object_images/mongoose/mongoose_10s.jpg	/media/psycontrol/HDD/Datasets/THINGS/images_THINGS/object_images/mongoose/mongoose_10s.jpg	True	True	2	534402	1780477560467.000	easy_marker_manifest_order_min_gap_5s	pass	False		True	61.299423	pass
P04	Moris	lab_data/P04/P04_EEG_recon_2026-06-03_09h59.07.369_image_mapping.json	22	2	2	1150	chick	images_THINGS/object_images/chick/chick_10s.jpg	/media/psycontrol/HDD/Datasets/THINGS/images_THINGS/object_images/chick/chick_10s.jpg	True	False	2	545082	1780477581828.000	easy_marker_manifest_order_min_gap_5s	pass	False		True	25.920719	pass
P04	Moris	lab_data/P04/P04_EEG_recon_2026-06-03_09h59.07.369_image_mapping.json	23	2	3	1134	sleeping_bag	images_THINGS/object_images/sleeping_bag/sleeping_bag_07s.jpg	/media/psycontrol/HDD/Datasets/THINGS/images_THINGS/object_images/sleeping_bag/sleeping_bag_07s.jpg	True	True	2	547924	1780477587513.000	easy_marker_manifest_order_min_gap_5s	pass	False		True	41.061695	pass
P04	Moris	lab_data/P04/P04_EEG_recon_2026-06-03_09h59.07.369_image_mapping.json	24	2	4	1053	reindeer	images_THINGS/object_images/reindeer/reindeer_14s.jpg	/media/psycontrol/HDD/Datasets/THINGS/images_THINGS/object_images/reindeer/reindeer_14s.jpg	True	False	2	551134	1780477593933.000	easy_marker_manifest_order_min_gap_5s	pass	False		True	67.554504	pass
P04	Moris	lab_data/P04/P04_EEG_recon_2026-06-03_09h59.07.369_image_mapping.json	25	2	5	1060	squirrel	images_THINGS/object_images/squirrel/squirrel_12n.jpg	/media/psycontrol/HDD/Datasets/THINGS/images_THINGS/object_images/squirrel/squirrel_12n.jpg	True	False	2	554241	1780477600147.000	easy_marker_manifest_order_min_gap_5s	pass	False		True	23.059132	pass
P04	Moris	lab_data/P04/P04_EEG_recon_2026-06-03_09h59.07.369_image_mapping.json	26	2	6	1001	limousine	images_THINGS/object_images/limousine/limousine_03s.jpg	/media/psycontrol/HDD/Datasets/THINGS/images_THINGS/object_images/limousine/limousine_03s.jpg	True	True	2	557166	1780477605998.000	easy_marker_manifest_order_min_gap_5s	pass	False		True	254.347641	review
P04	Moris	lab_data/P04/P04_EEG_recon_2026-06-03_09h59.07.369_image_mapping.json	27	2	7	1115	marshmallow	images_THINGS/object_images/marshmallow/marshmallow_09s.jpg	/media/psycontrol/HDD/Datasets/THINGS/images_THINGS/object_images/marshmallow/marshmallow_09s.jpg	True	False	1	560314	1780477612294.000	easy_marker_manifest_order_min_gap_5s	pass	False		True	28.128431	pass
P04	Moris	lab_data/P04/P04_EEG_recon_2026-06-03_09h59.07.369_image_mapping.json	28	2	8	1159	pear	images_THINGS/object_images/pear/pear_09s.jpg	/media/psycontrol/HDD/Datasets/THINGS/images_THINGS/object_images/pear/pear_09s.jpg	True	True	2	563156	1780477617978.000	easy_marker_manifest_order_min_gap_5s	pass	False		True	230.490265	pass
P04	Moris	lab_data/P04/P04_EEG_recon_2026-06-03_09h59.07.369_image_mapping.json	29	2	9	1012	burrito	images_THINGS/object_images/burrito/burrito_07s.jpg	/media/psycontrol/HDD/Datasets/THINGS/images_THINGS/object_images/burrito/burrito_07s.jpg	True	False	2	566390	1780477624447.000	easy_marker_manifest_order_min_gap_5s	pass	False		True	251.125580	review
P04	Moris	lab_data/P04/P04_EEG_recon_2026-06-03_09h59.07.369_image_mapping.json	30	2	10	1036	ladybug	images_THINGS/object_images/ladybug/ladybug_07s.jpg	/media/psycontrol/HDD/Datasets/THINGS/images_THINGS/object_images/ladybug/ladybug_07s.jpg	True	False	1	569438	1780477630543.000	easy_marker_manifest_order_min_gap_5s	pass	False		True	22.649944	pass
P04	Moris	lab_data/P04/P04_EEG_recon_2026-06-03_09h59.07.369_image_mapping.json	31	2	11	1045	goose	images_THINGS/object_images/goose/goose_08s.jpg	/media/psycontrol/HDD/Datasets/THINGS/images_THINGS/object_images/goose/goose_08s.jpg	True	False	2	572386	1780477636439.000	easy_marker_manifest_order_min_gap_5s	pass	False		True	24.210947	pass
P04	Moris	lab_data/P04/P04_EEG_recon_2026-06-03_09h59.07.369_image_mapping.json	32	2	12	1095	mouse2	images_THINGS/object_images/mouse2/mouse2_17s.jpg	/media/psycontrol/HDD/Datasets/THINGS/images_THINGS/object_images/mouse2/mouse2_17s.jpg	True	False	1	575303	1780477642274.000	easy_marker_manifest_order_min_gap_5s	pass	False		True	35.662815	pass
P04	Moris	lab_data/P04/P04_EEG_recon_2026-06-03_09h59.07.369_image_mapping.json	33	2	13	1144	tarantula	images_THINGS/object_images/tarantula/tarantula_12s.jpg	/media/psycontrol/HDD/Datasets/THINGS/images_THINGS/object_images/tarantula/tarantula_12s.jpg	True	False	2	578247	1780477648162.000	easy_marker_manifest_order_min_gap_5s	pass	False		True	266.820282	review
P04	Moris	lab_data/P04/P04_EEG_recon_2026-06-03_09h59.07.369_image_mapping.json	34	2	14	1057	eggnog	images_THINGS/object_images/eggnog/eggnog_03s.jpg	/media/psycontrol/HDD/Datasets/THINGS/images_THINGS/object_images/eggnog/eggnog_03s.jpg	True	False	1	581118	1780477653904.000	easy_marker_manifest_order_min_gap_5s	pass	False		True	25.475376	pass
P04	Moris	lab_data/P04/P04_EEG_recon_2026-06-03_09h59.07.369_image_mapping.json	35	2	15	1112	hard_disk	images_THINGS/object_images/hard_disk/hard_disk_13s.jpg	/media/psycontrol/HDD/Datasets/THINGS/images_THINGS/object_images/hard_disk/hard_disk_13s.jpg	True	False	1	584181	1780477660031.000	easy_marker_manifest_order_min_gap_5s	pass	False		True	46.340088	pass
P04	Moris	lab_data/P04/P04_EEG_recon_2026-06-03_09h59.07.369_image_mapping.json	36	2	16	1108	possum	images_THINGS/object_images/possum/possum_03s.jpg	/media/psycontrol/HDD/Datasets/THINGS/images_THINGS/object_images/possum/possum_03s.jpg	True	False	1	587278	1780477666225.000	easy_marker_manifest_order_min_gap_5s	pass	False		True	38.685188	pass
P04	Moris	lab_data/P04/P04_EEG_recon_2026-06-03_09h59.07.369_image_mapping.json	37	2	17	1160	clam	images_THINGS/object_images/clam/clam_06s.jpg	/media/psycontrol/HDD/Datasets/THINGS/images_THINGS/object_images/clam/clam_06s.jpg	True	True	2	590168	1780477672005.000	easy_marker_manifest_order_min_gap_5s	pass	False		True	266.765045	review
P04	Moris	lab_data/P04/P04_EEG_recon_2026-06-03_09h59.07.369_image_mapping.json	38	2	18	1031	fish	images_THINGS/object_images/fish/fish_01b.jpg	/media/psycontrol/HDD/Datasets/THINGS/images_THINGS/object_images/fish/fish_01b.jpg	True	False	1	593270	1780477678210.000	easy_marker_manifest_order_min_gap_5s	pass	False		True	207.839249	pass
P04	Moris	lab_data/P04/P04_EEG_recon_2026-06-03_09h59.07.369_image_mapping.json	39	2	19	1016	ant	images_THINGS/object_images/ant/ant_08s.jpg	/media/psycontrol/HDD/Datasets/THINGS/images_THINGS/object_images/ant/ant_08s.jpg	True	False	1	596239	1780477684148.000	easy_marker_manifest_order_min_gap_5s	pass	False		True	35.721947	pass
P04	Moris	lab_data/P04/P04_EEG_recon_2026-06-03_09h59.07.369_image_mapping.json	40	2	20	1118	candy_bar	images_THINGS/object_images/candy_bar/candy_bar_09s.jpg	/media/psycontrol/HDD/Datasets/THINGS/images_THINGS/object_images/candy_bar/candy_bar_09s.jpg	True	False	2	599208	1780477690086.000	easy_marker_manifest_order_min_gap_5s	pass	False		True	225.348175	pass
P04	Moris	lab_data/P04/P04_EEG_recon_2026-06-03_09h59.07.369_image_mapping.json	41	3	1	1050	artichoke	images_THINGS/object_images/artichoke/artichoke_08n.jpg	/media/psycontrol/HDD/Datasets/THINGS/images_THINGS/object_images/artichoke/artichoke_08n.jpg	True	False	1	610273	1780477712218.000	easy_marker_manifest_order_min_gap_5s	pass	False		True	208.956924	pass
P04	Moris	lab_data/P04/P04_EEG_recon_2026-06-03_09h59.07.369_image_mapping.json	42	3	2	1157	barnacle	images_THINGS/object_images/barnacle/barnacle_11s.jpg	/media/psycontrol/HDD/Datasets/THINGS/images_THINGS/object_images/barnacle/barnacle_11s.jpg	True	False	2	613221	1780477718114.000	easy_marker_manifest_order_min_gap_5s	pass	False		True	37.003895	pass
P04	Moris	lab_data/P04/P04_EEG_recon_2026-06-03_09h59.07.369_image_mapping.json	43	3	3	1098	stool	images_THINGS/object_images/stool/stool_08s.jpg	/media/psycontrol/HDD/Datasets/THINGS/images_THINGS/object_images/stool/stool_08s.jpg	True	False	1	616238	1780477724148.000	easy_marker_manifest_order_min_gap_5s	pass	False		True	440.327209	review
P04	Moris	lab_data/P04/P04_EEG_recon_2026-06-03_09h59.07.369_image_mapping.json	44	3	4	1073	bull	images_THINGS/object_images/bull/bull_09s.jpg	/media/psycontrol/HDD/Datasets/THINGS/images_THINGS/object_images/bull/bull_09s.jpg	True	False	1	619221	1780477730115.000	easy_marker_manifest_order_min_gap_5s	pass	False		True	112.300819	pass
P04	Moris	lab_data/P04/P04_EEG_recon_2026-06-03_09h59.07.369_image_mapping.json	45	3	5	1020	television	images_THINGS/object_images/television/television_07s.jpg	/media/psycontrol/HDD/Datasets/THINGS/images_THINGS/object_images/television/television_07s.jpg	True	True	2	621920	1780477735513.000	easy_marker_manifest_order_min_gap_5s	pass	False		True	33.794243	pass
P04	Moris	lab_data/P04/P04_EEG_recon_2026-06-03_09h59.07.369_image_mapping.json	46	3	6	1151	tractor	images_THINGS/object_images/tractor/tractor_10n.jpg	/media/psycontrol/HDD/Datasets/THINGS/images_THINGS/object_images/tractor/tractor_10n.jpg	True	False	1	625217	1780477742107.000	easy_marker_manifest_order_min_gap_5s	pass	False		True	64.162849	pass
P04	Moris	lab_data/P04/P04_EEG_recon_2026-06-03_09h59.07.369_image_mapping.json	47	3	7	1119	star_fruit	images_THINGS/object_images/star_fruit/star_fruit_06s.jpg	/media/psycontrol/HDD/Datasets/THINGS/images_THINGS/object_images/star_fruit/star_fruit_06s.jpg	True	False	1	628279	1780477748232.000	easy_marker_manifest_order_min_gap_5s	pass	False		True	52.398857	pass
P04	Moris	lab_data/P04/P04_EEG_recon_2026-06-03_09h59.07.369_image_mapping.json	48	3	8	1011	raspberry	images_THINGS/object_images/raspberry/raspberry_11s.jpg	/media/psycontrol/HDD/Datasets/THINGS/images_THINGS/object_images/raspberry/raspberry_11s.jpg	True	False	1	631373	1780477754420.000	easy_marker_manifest_order_min_gap_5s	pass	False		True	37.152405	pass
P04	Moris	lab_data/P04/P04_EEG_recon_2026-06-03_09h59.07.369_image_mapping.json	49	3	9	1137	lamb	images_THINGS/object_images/lamb/lamb_12s.jpg	/media/psycontrol/HDD/Datasets/THINGS/images_THINGS/object_images/lamb/lamb_12s.jpg	True	False	1	634456	1780477760586.000	easy_marker_manifest_order_min_gap_5s	pass	False		True	38.390511	pass
P04	Moris	lab_data/P04/P04_EEG_recon_2026-06-03_09h59.07.369_image_mapping.json	50	3	10	1104	speaker	images_THINGS/object_images/speaker/speaker_19n.jpg	/media/psycontrol/HDD/Datasets/THINGS/images_THINGS/object_images/speaker/speaker_19n.jpg	True	True	2	637172	1780477766019.000	easy_marker_manifest_order_min_gap_5s	pass	False		True	286.431824	review
P04	Moris	lab_data/P04/P04_EEG_recon_2026-06-03_09h59.07.369_image_mapping.json	51	3	11	1110	jet	images_THINGS/object_images/jet/jet_04s.jpg	/media/psycontrol/HDD/Datasets/THINGS/images_THINGS/object_images/jet/jet_04s.jpg	True	False	2	640393	1780477772461.000	easy_marker_manifest_order_min_gap_5s	pass	False		True	19.044060	pass
P04	Moris	lab_data/P04/P04_EEG_recon_2026-06-03_09h59.07.369_image_mapping.json	52	3	12	1144	tarantula	images_THINGS/object_images/tarantula/tarantula_12s.jpg	/media/psycontrol/HDD/Datasets/THINGS/images_THINGS/object_images/tarantula/tarantula_12s.jpg	True	True	2	643214	1780477778103.000	easy_marker_manifest_order_min_gap_5s	pass	False		True	32.602688	pass
P04	Moris	lab_data/P04/P04_EEG_recon_2026-06-03_09h59.07.369_image_mapping.json	53	3	13	1006	cardinal	images_THINGS/object_images/cardinal/cardinal_02s.jpg	/media/psycontrol/HDD/Datasets/THINGS/images_THINGS/object_images/cardinal/cardinal_02s.jpg	True	True	2	645900	1780477783476.000	easy_marker_manifest_order_min_gap_5s	pass	False		True	28.828424	pass
P04	Moris	lab_data/P04/P04_EEG_recon_2026-06-03_09h59.07.369_image_mapping.json	54	3	14	1097	sandwich	images_THINGS/object_images/sandwich/sandwich_06s.jpg	/media/psycontrol/HDD/Datasets/THINGS/images_THINGS/object_images/sandwich/sandwich_06s.jpg	True	False	1	649132	1780477789940.000	easy_marker_manifest_order_min_gap_5s	pass	False		True	10.943359	pass
P04	Moris	lab_data/P04/P04_EEG_recon_2026-06-03_09h59.07.369_image_mapping.json	55	3	15	1090	garlic	images_THINGS/object_images/garlic/garlic_11s.jpg	/media/psycontrol/HDD/Datasets/THINGS/images_THINGS/object_images/garlic/garlic_11s.jpg	True	False	1	652090	1780477795857.000	easy_marker_manifest_order_min_gap_5s	pass	False		True	19.737856	pass
P04	Moris	lab_data/P04/P04_EEG_recon_2026-06-03_09h59.07.369_image_mapping.json	56	3	16	1101	boat	images_THINGS/object_images/boat/boat_08s.jpg	/media/psycontrol/HDD/Datasets/THINGS/images_THINGS/object_images/boat/boat_08s.jpg	True	False	1	655163	1780477802003.000	easy_marker_manifest_order_min_gap_5s	pass	False		True	35.943375	pass
P04	Moris	lab_data/P04/P04_EEG_recon_2026-06-03_09h59.07.369_image_mapping.json	57	3	17	1132	polar_bear	images_THINGS/object_images/polar_bear/polar_bear_18s.jpg	/media/psycontrol/HDD/Datasets/THINGS/images_THINGS/object_images/polar_bear/polar_bear_18s.jpg	True	True	2	657934	1780477807545.000	easy_marker_manifest_order_min_gap_5s	pass	False		True	16.316221	pass
P04	Moris	lab_data/P04/P04_EEG_recon_2026-06-03_09h59.07.369_image_mapping.json	58	3	18	1047	drawer	images_THINGS/object_images/drawer/drawer_04s.jpg	/media/psycontrol/HDD/Datasets/THINGS/images_THINGS/object_images/drawer/drawer_04s.jpg	True	False	1	661108	1780477813893.000	easy_marker_manifest_order_min_gap_5s	pass	False		True	31.832588	pass
P04	Moris	lab_data/P04/P04_EEG_recon_2026-06-03_09h59.07.369_image_mapping.json	59	3	19	1026	asparagus	images_THINGS/object_images/asparagus/asparagus_12s.jpg	/media/psycontrol/HDD/Datasets/THINGS/images_THINGS/object_images/asparagus/asparagus_12s.jpg	True	False	1	664000	1780477819677.000	easy_marker_manifest_order_min_gap_5s	pass	False		True	26.454418	pass
P04	Moris	lab_data/P04/P04_EEG_recon_2026-06-03_09h59.07.369_image_mapping.json	60	3	20	1046	tiramisu	images_THINGS/object_images/tiramisu/tiramisu_12s.jpg	/media/psycontrol/HDD/Datasets/THINGS/images_THINGS/object_images/tiramisu/tiramisu_12s.jpg	True	False	2	667022	1780477825721.000	easy_marker_manifest_order_min_gap_5s	pass	False		True	34.729065	pass
P04	Moris	lab_data/P04/P04_EEG_recon_2026-06-03_09h59.07.369_image_mapping.json	61	4	1	1110	jet	images_THINGS/object_images/jet/jet_04s.jpg	/media/psycontrol/HDD/Datasets/THINGS/images_THINGS/object_images/jet/jet_04s.jpg	True	True	2	671004	1780477833685.000	easy_marker_manifest_order_min_gap_5s	pass	False		True	38.901863	pass
P04	Moris	lab_data/P04/P04_EEG_recon_2026-06-03_09h59.07.369_image_mapping.json	62	4	2	1149	mole	images_THINGS/object_images/mole/mole_09s.jpg	/media/psycontrol/HDD/Datasets/THINGS/images_THINGS/object_images/mole/mole_09s.jpg	True	False	1	680944	1780477853565.000	easy_marker_manifest_order_min_gap_5s	pass	False		True	42.782730	pass
P04	Moris	lab_data/P04/P04_EEG_recon_2026-06-03_09h59.07.369_image_mapping.json	63	4	3	1023	wolf	images_THINGS/object_images/wolf/wolf_12n.jpg	/media/psycontrol/HDD/Datasets/THINGS/images_THINGS/object_images/wolf/wolf_12n.jpg	True	False	2	684049	1780477859775.000	easy_marker_manifest_order_min_gap_5s	pass	False		True	26.638224	pass
P04	Moris	lab_data/P04/P04_EEG_recon_2026-06-03_09h59.07.369_image_mapping.json	64	4	4	1125	sundae	images_THINGS/object_images/sundae/sundae_09s.jpg	/media/psycontrol/HDD/Datasets/THINGS/images_THINGS/object_images/sundae/sundae_09s.jpg	True	False	2	686927	1780477865532.000	easy_marker_manifest_order_min_gap_5s	pass	False		True	275.801544	review
P04	Moris	lab_data/P04/P04_EEG_recon_2026-06-03_09h59.07.369_image_mapping.json	65	4	5	1037	steamroller	images_THINGS/object_images/steamroller/steamroller_11n.jpg	/media/psycontrol/HDD/Datasets/THINGS/images_THINGS/object_images/steamroller/steamroller_11n.jpg	True	False	1	689840	1780477871358.000	easy_marker_manifest_order_min_gap_5s	pass	False		True	30.283243	pass
P04	Moris	lab_data/P04/P04_EEG_recon_2026-06-03_09h59.07.369_image_mapping.json	66	4	6	1120	owl	images_THINGS/object_images/owl/owl_19s.jpg	/media/psycontrol/HDD/Datasets/THINGS/images_THINGS/object_images/owl/owl_19s.jpg	True	False	2	692909	1780477877496.000	easy_marker_manifest_order_min_gap_5s	pass	False		True	42.009632	pass
P04	Moris	lab_data/P04/P04_EEG_recon_2026-06-03_09h59.07.369_image_mapping.json	67	4	7	1015	moose	images_THINGS/object_images/moose/moose_02s.jpg	/media/psycontrol/HDD/Datasets/THINGS/images_THINGS/object_images/moose/moose_02s.jpg	True	True	2	695662	1780477883002.000	easy_marker_manifest_order_min_gap_5s	pass	False		True	37.562279	pass
P04	Moris	lab_data/P04/P04_EEG_recon_2026-06-03_09h59.07.369_image_mapping.json	68	4	8	1121	sunglasses	images_THINGS/object_images/sunglasses/sunglasses_06s.jpg	/media/psycontrol/HDD/Datasets/THINGS/images_THINGS/object_images/sunglasses/sunglasses_06s.jpg	True	True	2	698928	1780477889534.000	easy_marker_manifest_order_min_gap_5s	pass	False		True	36.671883	pass
P04	Moris	lab_data/P04/P04_EEG_recon_2026-06-03_09h59.07.369_image_mapping.json	69	4	9	1049	rat	images_THINGS/object_images/rat/rat_04s.jpg	/media/psycontrol/HDD/Datasets/THINGS/images_THINGS/object_images/rat/rat_04s.jpg	True	False	1	701948	1780477895574.000	easy_marker_manifest_order_min_gap_5s	pass	False		True	39.104782	pass
P04	Moris	lab_data/P04/P04_EEG_recon_2026-06-03_09h59.07.369_image_mapping.json	70	4	10	1032	pants	images_THINGS/object_images/pants/pants_01b.jpg	/media/psycontrol/HDD/Datasets/THINGS/images_THINGS/object_images/pants/pants_01b.jpg	True	False	1	704840	1780477901358.000	easy_marker_manifest_order_min_gap_5s	pass	False		True	32.938259	pass
P04	Moris	lab_data/P04/P04_EEG_recon_2026-06-03_09h59.07.369_image_mapping.json	71	4	11	1063	car	images_THINGS/object_images/car/car_12s.jpg	/media/psycontrol/HDD/Datasets/THINGS/images_THINGS/object_images/car/car_12s.jpg	True	False	1	707864	1780477907406.000	easy_marker_manifest_order_min_gap_5s	pass	False		True	55.844658	pass
P04	Moris	lab_data/P04/P04_EEG_recon_2026-06-03_09h59.07.369_image_mapping.json	72	4	12	1118	candy_bar	images_THINGS/object_images/candy_bar/candy_bar_09s.jpg	/media/psycontrol/HDD/Datasets/THINGS/images_THINGS/object_images/candy_bar/candy_bar_09s.jpg	True	True	2	710728	1780477913134.000	easy_marker_manifest_order_min_gap_5s	pass	False		True	269.081848	review
P04	Moris	lab_data/P04/P04_EEG_recon_2026-06-03_09h59.07.369_image_mapping.json	73	4	13	1092	bunkbed	images_THINGS/object_images/bunkbed/bunkbed_02s.jpg	/media/psycontrol/HDD/Datasets/THINGS/images_THINGS/object_images/bunkbed/bunkbed_02s.jpg	True	True	2	713664	1780477919006.000	easy_marker_manifest_order_min_gap_5s	pass	False		True	35.458782	pass
P04	Moris	lab_data/P04/P04_EEG_recon_2026-06-03_09h59.07.369_image_mapping.json	74	4	14	1038	cupcake	images_THINGS/object_images/cupcake/cupcake_07s.jpg	/media/psycontrol/HDD/Datasets/THINGS/images_THINGS/object_images/cupcake/cupcake_07s.jpg	True	False	1	716750	1780477925178.000	easy_marker_manifest_order_min_gap_5s	pass	False		True	32.469894	pass
P04	Moris	lab_data/P04/P04_EEG_recon_2026-06-03_09h59.07.369_image_mapping.json	75	4	15	1061	taco	images_THINGS/object_images/taco/taco_06n.jpg	/media/psycontrol/HDD/Datasets/THINGS/images_THINGS/object_images/taco/taco_06n.jpg	True	False	2	719819	1780477931316.000	easy_marker_manifest_order_min_gap_5s	pass	False		True	34.844498	pass
P04	Moris	lab_data/P04/P04_EEG_recon_2026-06-03_09h59.07.369_image_mapping.json	76	4	16	1130	showerhead	images_THINGS/object_images/showerhead/showerhead_05s.jpg	/media/psycontrol/HDD/Datasets/THINGS/images_THINGS/object_images/showerhead/showerhead_05s.jpg	True	False	2	722808	1780477937294.000	easy_marker_manifest_order_min_gap_5s	pass	False		True	50.082722	pass
P04	Moris	lab_data/P04/P04_EEG_recon_2026-06-03_09h59.07.369_image_mapping.json	77	4	17	1143	mango	images_THINGS/object_images/mango/mango_16s.jpg	/media/psycontrol/HDD/Datasets/THINGS/images_THINGS/object_images/mango/mango_16s.jpg	True	False	2	725722	1780477943122.000	easy_marker_manifest_order_min_gap_5s	pass	False		True	319.623779	review
P04	Moris	lab_data/P04/P04_EEG_recon_2026-06-03_09h59.07.369_image_mapping.json	78	4	18	1123	sorbet	images_THINGS/object_images/sorbet/sorbet_05s.jpg	/media/psycontrol/HDD/Datasets/THINGS/images_THINGS/object_images/sorbet/sorbet_05s.jpg	True	False	1	728812	1780477949302.000	easy_marker_manifest_order_min_gap_5s	pass	False		True	30.802710	pass
P04	Moris	lab_data/P04/P04_EEG_recon_2026-06-03_09h59.07.369_image_mapping.json	79	4	19	1013	banana	images_THINGS/object_images/banana/banana_13s.jpg	/media/psycontrol/HDD/Datasets/THINGS/images_THINGS/object_images/banana/banana_13s.jpg	True	False	1	731854	1780477955386.000	easy_marker_manifest_order_min_gap_5s	pass	False		True	309.955566	review
P04	Moris	lab_data/P04/P04_EEG_recon_2026-06-03_09h59.07.369_image_mapping.json	80	4	20	1139	earwig	images_THINGS/object_images/earwig/earwig_09s.jpg	/media/psycontrol/HDD/Datasets/THINGS/images_THINGS/object_images/earwig/earwig_09s.jpg	True	False	1	734726	1780477961130.000	easy_marker_manifest_order_min_gap_5s	pass	False		True	27.288799	pass
P04	Moris	lab_data/P04/P04_EEG_recon_2026-06-03_09h59.07.369_image_mapping.json	81	5	1	1079	puppy	images_THINGS/object_images/puppy/puppy_12s.jpg	/media/psycontrol/HDD/Datasets/THINGS/images_THINGS/object_images/puppy/puppy_12s.jpg	True	False	1	745572	1780477982823.000	easy_marker_manifest_order_min_gap_5s	pass	False		True	25.424343	pass
P04	Moris	lab_data/P04/P04_EEG_recon_2026-06-03_09h59.07.369_image_mapping.json	82	5	2	1082	necklace	images_THINGS/object_images/necklace/necklace_11s.jpg	/media/psycontrol/HDD/Datasets/THINGS/images_THINGS/object_images/necklace/necklace_11s.jpg	True	False	2	748574	1780477988828.000	easy_marker_manifest_order_min_gap_5s	pass	False		True	59.748920	pass
P04	Moris	lab_data/P04/P04_EEG_recon_2026-06-03_09h59.07.369_image_mapping.json	83	5	3	1131	eel	images_THINGS/object_images/eel/eel_09s.jpg	/media/psycontrol/HDD/Datasets/THINGS/images_THINGS/object_images/eel/eel_09s.jpg	True	False	1	751576	1780477994832.000	easy_marker_manifest_order_min_gap_5s	pass	False		True	64.579407	pass
P04	Moris	lab_data/P04/P04_EEG_recon_2026-06-03_09h59.07.369_image_mapping.json	84	5	4	1143	mango	images_THINGS/object_images/mango/mango_16s.jpg	/media/psycontrol/HDD/Datasets/THINGS/images_THINGS/object_images/mango/mango_16s.jpg	True	True	2	754560	1780478000800.000	easy_marker_manifest_order_min_gap_5s	pass	False		True	299.588837	review
P04	Moris	lab_data/P04/P04_EEG_recon_2026-06-03_09h59.07.369_image_mapping.json	85	5	5	1109	wasp	images_THINGS/object_images/wasp/wasp_09n.jpg	/media/psycontrol/HDD/Datasets/THINGS/images_THINGS/object_images/wasp/wasp_09n.jpg	True	False	1	757596	1780478006873.000	easy_marker_manifest_order_min_gap_5s	pass	False		True	91.665405	pass
P04	Moris	lab_data/P04/P04_EEG_recon_2026-06-03_09h59.07.369_image_mapping.json	86	5	6	1046	tiramisu	images_THINGS/object_images/tiramisu/tiramisu_12s.jpg	/media/psycontrol/HDD/Datasets/THINGS/images_THINGS/object_images/tiramisu/tiramisu_12s.jpg	True	True	2	760272	1780478012225.000	easy_marker_manifest_order_min_gap_5s	pass	False		True	26.062799	pass
P04	Moris	lab_data/P04/P04_EEG_recon_2026-06-03_09h59.07.369_image_mapping.json	87	5	7	1133	cockatoo	images_THINGS/object_images/cockatoo/cockatoo_04s.jpg	/media/psycontrol/HDD/Datasets/THINGS/images_THINGS/object_images/cockatoo/cockatoo_04s.jpg	True	False	1	763584	1780478018849.000	easy_marker_manifest_order_min_gap_5s	pass	False		True	33.009365	pass
P04	Moris	lab_data/P04/P04_EEG_recon_2026-06-03_09h59.07.369_image_mapping.json	88	5	8	1002	pea	images_THINGS/object_images/pea/pea_10s.jpg	/media/psycontrol/HDD/Datasets/THINGS/images_THINGS/object_images/pea/pea_10s.jpg	True	False	1	766499	1780478024679.000	easy_marker_manifest_order_min_gap_5s	pass	False		True	279.345123	review
P04	Moris	lab_data/P04/P04_EEG_recon_2026-06-03_09h59.07.369_image_mapping.json	89	5	9	1135	pony	images_THINGS/object_images/pony/pony_01b.jpg	/media/psycontrol/HDD/Datasets/THINGS/images_THINGS/object_images/pony/pony_01b.jpg	True	False	1	769491	1780478030664.000	easy_marker_manifest_order_min_gap_5s	pass	False		True	29.011166	pass
P04	Moris	lab_data/P04/P04_EEG_recon_2026-06-03_09h59.07.369_image_mapping.json	90	5	10	1125	sundae	images_THINGS/object_images/sundae/sundae_09s.jpg	/media/psycontrol/HDD/Datasets/THINGS/images_THINGS/object_images/sundae/sundae_09s.jpg	True	True	2	772534	1780478036750.000	easy_marker_manifest_order_min_gap_5s	pass	False		True	169.058228	pass
P04	Moris	lab_data/P04/P04_EEG_recon_2026-06-03_09h59.07.369_image_mapping.json	91	5	11	1124	nightshirt	images_THINGS/object_images/nightshirt/nightshirt_11s.jpg	/media/psycontrol/HDD/Datasets/THINGS/images_THINGS/object_images/nightshirt/nightshirt_11s.jpg	True	True	2	775148	1780478041978.000	easy_marker_manifest_order_min_gap_5s	pass	False		True	25.687693	pass
P04	Moris	lab_data/P04/P04_EEG_recon_2026-06-03_09h59.07.369_image_mapping.json	92	5	12	1140	kayak	images_THINGS/object_images/kayak/kayak_04s.jpg	/media/psycontrol/HDD/Datasets/THINGS/images_THINGS/object_images/kayak/kayak_04s.jpg	True	False	1	778344	1780478048371.000	easy_marker_manifest_order_min_gap_5s	pass	False		True	23.535997	pass
P04	Moris	lab_data/P04/P04_EEG_recon_2026-06-03_09h59.07.369_image_mapping.json	93	5	13	1059	zucchini	images_THINGS/object_images/zucchini/zucchini_02s.jpg	/media/psycontrol/HDD/Datasets/THINGS/images_THINGS/object_images/zucchini/zucchini_02s.jpg	True	False	2	781237	1780478054157.000	easy_marker_manifest_order_min_gap_5s	pass	False		True	29.208389	pass
P04	Moris	lab_data/P04/P04_EEG_recon_2026-06-03_09h59.07.369_image_mapping.json	94	5	14	1040	panda	images_THINGS/object_images/panda/panda_01b.jpg	/media/psycontrol/HDD/Datasets/THINGS/images_THINGS/object_images/panda/panda_01b.jpg	True	False	1	784348	1780478060379.000	easy_marker_manifest_order_min_gap_5s	pass	False		True	256.753693	review
P04	Moris	lab_data/P04/P04_EEG_recon_2026-06-03_09h59.07.369_image_mapping.json	95	5	15	1061	taco	images_THINGS/object_images/taco/taco_06n.jpg	/media/psycontrol/HDD/Datasets/THINGS/images_THINGS/object_images/taco/taco_06n.jpg	True	True	2	787306	1780478066296.000	easy_marker_manifest_order_min_gap_5s	pass	False		True	26.298519	pass
P04	Moris	lab_data/P04/P04_EEG_recon_2026-06-03_09h59.07.369_image_mapping.json	96	5	16	1107	omelet	images_THINGS/object_images/omelet/omelet_06s.jpg	/media/psycontrol/HDD/Datasets/THINGS/images_THINGS/object_images/omelet/omelet_06s.jpg	True	False	1	790352	1780478072388.000	easy_marker_manifest_order_min_gap_5s	pass	False		True	27.305151	pass
P04	Moris	lab_data/P04/P04_EEG_recon_2026-06-03_09h59.07.369_image_mapping.json	97	5	17	1086	pasta	images_THINGS/object_images/pasta/pasta_12s.jpg	/media/psycontrol/HDD/Datasets/THINGS/images_THINGS/object_images/pasta/pasta_12s.jpg	True	False	1	793376	1780478078436.000	easy_marker_manifest_order_min_gap_5s	pass	False		True	40.389313	pass
P04	Moris	lab_data/P04/P04_EEG_recon_2026-06-03_09h59.07.369_image_mapping.json	98	5	18	1010	pineapple	images_THINGS/object_images/pineapple/pineapple_08s.jpg	/media/psycontrol/HDD/Datasets/THINGS/images_THINGS/object_images/pineapple/pineapple_08s.jpg	True	False	1	796393	1780478084471.000	easy_marker_manifest_order_min_gap_5s	pass	False		True	30.155066	pass
P04	Moris	lab_data/P04/P04_EEG_recon_2026-06-03_09h59.07.369_image_mapping.json	99	5	19	1127	space_shuttle	images_THINGS/object_images/space_shuttle/space_shuttle_12s.jpg	/media/psycontrol/HDD/Datasets/THINGS/images_THINGS/object_images/space_shuttle/space_shuttle_12s.jpg	True	False	1	799358	1780478090401.000	easy_marker_manifest_order_min_gap_5s	pass	False		True	28.529715	pass
P04	Moris	lab_data/P04/P04_EEG_recon_2026-06-03_09h59.07.369_image_mapping.json	100	5	20	1155	kale	images_THINGS/object_images/kale/kale_01b.jpg	/media/psycontrol/HDD/Datasets/THINGS/images_THINGS/object_images/kale/kale_01b.jpg	True	False	1	802209	1780478096103.000	easy_marker_manifest_order_min_gap_5s	pass	False		True	48.545383	pass
P04	Moris	lab_data/P04/P04_EEG_recon_2026-06-03_09h59.07.369_image_mapping.json	101	6	1	1152	speedboat	images_THINGS/object_images/speedboat/speedboat_06s.jpg	/media/psycontrol/HDD/Datasets/THINGS/images_THINGS/object_images/speedboat/speedboat_06s.jpg	True	False	1	815366	1780478122419.000	easy_marker_manifest_order_min_gap_5s	pass	False		True	311.603973	review
P04	Moris	lab_data/P04/P04_EEG_recon_2026-06-03_09h59.07.369_image_mapping.json	102	6	2	1008	keyboard	images_THINGS/object_images/keyboard/keyboard_13s.jpg	/media/psycontrol/HDD/Datasets/THINGS/images_THINGS/object_images/keyboard/keyboard_13s.jpg	True	False	1	818385	1780478128457.000	easy_marker_manifest_order_min_gap_5s	pass	False		True	113.284637	pass
P04	Moris	lab_data/P04/P04_EEG_recon_2026-06-03_09h59.07.369_image_mapping.json	103	6	3	1042	eagle	images_THINGS/object_images/eagle/eagle_08s.jpg	/media/psycontrol/HDD/Datasets/THINGS/images_THINGS/object_images/eagle/eagle_08s.jpg	True	False	1	821444	1780478134575.000	easy_marker_manifest_order_min_gap_5s	pass	False		True	22.605326	pass
P04	Moris	lab_data/P04/P04_EEG_recon_2026-06-03_09h59.07.369_image_mapping.json	104	6	4	1028	meatball	images_THINGS/object_images/meatball/meatball_04s.jpg	/media/psycontrol/HDD/Datasets/THINGS/images_THINGS/object_images/meatball/meatball_04s.jpg	True	False	1	824622	1780478140931.000	easy_marker_manifest_order_min_gap_5s	pass	False		True	36.567745	pass
P04	Moris	lab_data/P04/P04_EEG_recon_2026-06-03_09h59.07.369_image_mapping.json	105	6	5	1062	antelope	images_THINGS/object_images/antelope/antelope_12n.jpg	/media/psycontrol/HDD/Datasets/THINGS/images_THINGS/object_images/antelope/antelope_12n.jpg	True	True	2	827408	1780478146504.000	easy_marker_manifest_order_min_gap_5s	pass	False		True	36.144283	pass
P04	Moris	lab_data/P04/P04_EEG_recon_2026-06-03_09h59.07.369_image_mapping.json	106	6	6	1085	frog	images_THINGS/object_images/frog/frog_09s.jpg	/media/psycontrol/HDD/Datasets/THINGS/images_THINGS/object_images/frog/frog_09s.jpg	True	False	1	830626	1780478152940.000	easy_marker_manifest_order_min_gap_5s	pass	False		True	233.688293	pass
P04	Moris	lab_data/P04/P04_EEG_recon_2026-06-03_09h59.07.369_image_mapping.json	107	6	7	1074	cobra	images_THINGS/object_images/cobra/cobra_07s.jpg	/media/psycontrol/HDD/Datasets/THINGS/images_THINGS/object_images/cobra/cobra_07s.jpg	True	False	1	833628	1780478158944.000	easy_marker_manifest_order_min_gap_5s	pass	False		True	29.273165	pass
P04	Moris	lab_data/P04/P04_EEG_recon_2026-06-03_09h59.07.369_image_mapping.json	108	6	8	1103	blazer	images_THINGS/object_images/blazer/blazer_05s.jpg	/media/psycontrol/HDD/Datasets/THINGS/images_THINGS/object_images/blazer/blazer_05s.jpg	True	False	1	836689	1780478165067.000	easy_marker_manifest_order_min_gap_5s	pass	False		True	225.019165	pass
P04	Moris	lab_data/P04/P04_EEG_recon_2026-06-03_09h59.07.369_image_mapping.json	109	6	9	1017	carrot	images_THINGS/object_images/carrot/carrot_01b.jpg	/media/psycontrol/HDD/Datasets/THINGS/images_THINGS/object_images/carrot/carrot_01b.jpg	True	False	1	839882	1780478171453.000	easy_marker_manifest_order_min_gap_5s	pass	False		True	215.607224	pass
P04	Moris	lab_data/P04/P04_EEG_recon_2026-06-03_09h59.07.369_image_mapping.json	110	6	10	1126	helicopter	images_THINGS/object_images/helicopter/helicopter_20s.jpg	/media/psycontrol/HDD/Datasets/THINGS/images_THINGS/object_images/helicopter/helicopter_20s.jpg	True	False	2	842721	1780478177131.000	easy_marker_manifest_order_min_gap_5s	pass	False		True	30.993845	pass
P04	Moris	lab_data/P04/P04_EEG_recon_2026-06-03_09h59.07.369_image_mapping.json	111	6	11	1106	swordfish	images_THINGS/object_images/swordfish/swordfish_07s.jpg	/media/psycontrol/HDD/Datasets/THINGS/images_THINGS/object_images/swordfish/swordfish_07s.jpg	True	False	1	845661	1780478183012.000	easy_marker_manifest_order_min_gap_5s	pass	False		True	223.170792	pass
P04	Moris	lab_data/P04/P04_EEG_recon_2026-06-03_09h59.07.369_image_mapping.json	112	6	12	1068	radio	images_THINGS/object_images/radio/radio_04s.jpg	/media/psycontrol/HDD/Datasets/THINGS/images_THINGS/object_images/radio/radio_04s.jpg	True	False	1	848665	1780478189020.000	easy_marker_manifest_order_min_gap_5s	pass	False		True	43.857304	pass
P04	Moris	lab_data/P04/P04_EEG_recon_2026-06-03_09h59.07.369_image_mapping.json	113	6	13	1100	champagne	images_THINGS/object_images/champagne/champagne_01b.jpg	/media/psycontrol/HDD/Datasets/THINGS/images_THINGS/object_images/champagne/champagne_01b.jpg	True	False	1	851640	1780478194970.000	easy_marker_manifest_order_min_gap_5s	pass	False		True	39.070076	pass
P04	Moris	lab_data/P04/P04_EEG_recon_2026-06-03_09h59.07.369_image_mapping.json	114	6	14	1084	cheetah	images_THINGS/object_images/cheetah/cheetah_06s.jpg	/media/psycontrol/HDD/Datasets/THINGS/images_THINGS/object_images/cheetah/cheetah_06s.jpg	True	False	2	854642	1780478200975.000	easy_marker_manifest_order_min_gap_5s	pass	False		True	18.153217	pass
P04	Moris	lab_data/P04/P04_EEG_recon_2026-06-03_09h59.07.369_image_mapping.json	115	6	15	1120	owl	images_THINGS/object_images/owl/owl_19s.jpg	/media/psycontrol/HDD/Datasets/THINGS/images_THINGS/object_images/owl/owl_19s.jpg	True	True	2	857538	1780478206767.000	easy_marker_manifest_order_min_gap_5s	pass	False		True	45.475330	pass
P04	Moris	lab_data/P04/P04_EEG_recon_2026-06-03_09h59.07.369_image_mapping.json	116	6	16	1129	workbench	images_THINGS/object_images/workbench/workbench_07s.jpg	/media/psycontrol/HDD/Datasets/THINGS/images_THINGS/object_images/workbench/workbench_07s.jpg	True	False	2	860646	1780478212983.000	easy_marker_manifest_order_min_gap_5s	pass	False		True	49.950596	pass
P04	Moris	lab_data/P04/P04_EEG_recon_2026-06-03_09h59.07.369_image_mapping.json	117	6	17	1053	reindeer	images_THINGS/object_images/reindeer/reindeer_14s.jpg	/media/psycontrol/HDD/Datasets/THINGS/images_THINGS/object_images/reindeer/reindeer_14s.jpg	True	True	2	863446	1780478218583.000	easy_marker_manifest_order_min_gap_5s	pass	False		True	18.267332	pass
P04	Moris	lab_data/P04/P04_EEG_recon_2026-06-03_09h59.07.369_image_mapping.json	118	6	18	1039	sailboat	images_THINGS/object_images/sailboat/sailboat_07s.jpg	/media/psycontrol/HDD/Datasets/THINGS/images_THINGS/object_images/sailboat/sailboat_07s.jpg	True	False	1	866650	1780478224992.000	easy_marker_manifest_order_min_gap_5s	pass	False		True	200.366425	pass
P04	Moris	lab_data/P04/P04_EEG_recon_2026-06-03_09h59.07.369_image_mapping.json	119	6	19	1111	creme_brulee	images_THINGS/object_images/creme_brulee/creme_brulee_01b.jpg	/media/psycontrol/HDD/Datasets/THINGS/images_THINGS/object_images/creme_brulee/creme_brulee_01b.jpg	True	False	1	869652	1780478230996.000	easy_marker_manifest_order_min_gap_5s	pass	False		True	42.653553	pass
P04	Moris	lab_data/P04/P04_EEG_recon_2026-06-03_09h59.07.369_image_mapping.json	120	6	20	1012	burrito	images_THINGS/object_images/burrito/burrito_07s.jpg	/media/psycontrol/HDD/Datasets/THINGS/images_THINGS/object_images/burrito/burrito_07s.jpg	True	True	2	872456	1780478236604.000	easy_marker_manifest_order_min_gap_5s	pass	False		True	54.551956	pass
P04	Moris	lab_data/P04/P04_EEG_recon_2026-06-03_09h59.07.369_image_mapping.json	121	7	1	1067	taffy	images_THINGS/object_images/taffy/taffy_11s.jpg	/media/psycontrol/HDD/Datasets/THINGS/images_THINGS/object_images/taffy/taffy_11s.jpg	True	False	1	886500	1780478264694.000	easy_marker_manifest_order_min_gap_5s	pass	False		True	31.822254	pass
P04	Moris	lab_data/P04/P04_EEG_recon_2026-06-03_09h59.07.369_image_mapping.json	122	7	2	1084	cheetah	images_THINGS/object_images/cheetah/cheetah_06s.jpg	/media/psycontrol/HDD/Datasets/THINGS/images_THINGS/object_images/cheetah/cheetah_06s.jpg	True	True	2	889392	1780478270478.000	easy_marker_manifest_order_min_gap_5s	pass	False		True	233.786285	pass
P04	Moris	lab_data/P04/P04_EEG_recon_2026-06-03_09h59.07.369_image_mapping.json	123	7	3	1082	necklace	images_THINGS/object_images/necklace/necklace_11s.jpg	/media/psycontrol/HDD/Datasets/THINGS/images_THINGS/object_images/necklace/necklace_11s.jpg	True	True	2	892324	1780478276342.000	easy_marker_manifest_order_min_gap_5s	pass	False		True	148.691498	pass
P04	Moris	lab_data/P04/P04_EEG_recon_2026-06-03_09h59.07.369_image_mapping.json	124	7	4	1051	yacht	images_THINGS/object_images/yacht/yacht_05s.jpg	/media/psycontrol/HDD/Datasets/THINGS/images_THINGS/object_images/yacht/yacht_05s.jpg	True	False	2	895447	1780478282589.000	easy_marker_manifest_order_min_gap_5s	pass	False		True	40.901260	pass
P04	Moris	lab_data/P04/P04_EEG_recon_2026-06-03_09h59.07.369_image_mapping.json	125	7	5	1091	kitten	images_THINGS/object_images/kitten/kitten_09s.jpg	/media/psycontrol/HDD/Datasets/THINGS/images_THINGS/object_images/kitten/kitten_09s.jpg	True	False	1	898418	1780478288531.000	easy_marker_manifest_order_min_gap_5s	pass	False		True	118.359924	pass
P04	Moris	lab_data/P04/P04_EEG_recon_2026-06-03_09h59.07.369_image_mapping.json	126	7	6	1081	police_car	images_THINGS/object_images/police_car/police_car_14s.jpg	/media/psycontrol/HDD/Datasets/THINGS/images_THINGS/object_images/police_car/police_car_14s.jpg	True	False	1	901420	1780478294535.000	easy_marker_manifest_order_min_gap_5s	pass	False		True	44.889519	pass
P04	Moris	lab_data/P04/P04_EEG_recon_2026-06-03_09h59.07.369_image_mapping.json	127	7	7	1154	chandelier	images_THINGS/object_images/chandelier/chandelier_10s.jpg	/media/psycontrol/HDD/Datasets/THINGS/images_THINGS/object_images/chandelier/chandelier_10s.jpg	True	False	1	904422	1780478300540.000	easy_marker_manifest_order_min_gap_5s	pass	False		True	200.245895	pass
P04	Moris	lab_data/P04/P04_EEG_recon_2026-06-03_09h59.07.369_image_mapping.json	128	7	8	1087	bathrobe	images_THINGS/object_images/bathrobe/bathrobe_12s.jpg	/media/psycontrol/HDD/Datasets/THINGS/images_THINGS/object_images/bathrobe/bathrobe_12s.jpg	True	False	1	907674	1780478307044.000	easy_marker_manifest_order_min_gap_5s	pass	False		True	227.278412	pass
P04	Moris	lab_data/P04/P04_EEG_recon_2026-06-03_09h59.07.369_image_mapping.json	129	7	9	1065	cabinet	images_THINGS/object_images/cabinet/cabinet_07s.jpg	/media/psycontrol/HDD/Datasets/THINGS/images_THINGS/object_images/cabinet/cabinet_07s.jpg	True	False	1	910676	1780478313048.000	easy_marker_manifest_order_min_gap_5s	pass	False		True	25.439075	pass
P04	Moris	lab_data/P04/P04_EEG_recon_2026-06-03_09h59.07.369_image_mapping.json	130	7	10	1114	spinach	images_THINGS/object_images/spinach/spinach_09s.jpg	/media/psycontrol/HDD/Datasets/THINGS/images_THINGS/object_images/spinach/spinach_09s.jpg	True	False	1	913678	1780478319053.000	easy_marker_manifest_order_min_gap_5s	pass	False		True	20.570215	pass
P04	Moris	lab_data/P04/P04_EEG_recon_2026-06-03_09h59.07.369_image_mapping.json	131	7	11	1138	ping-pong_table	images_THINGS/object_images/ping-pong_table/ping-pong_table_10s.jpg	/media/psycontrol/HDD/Datasets/THINGS/images_THINGS/object_images/ping-pong_table/ping-pong_table_10s.jpg	True	False	1	916533	1780478324763.000	easy_marker_manifest_order_min_gap_5s	pass	False		True	29.164047	pass
P04	Moris	lab_data/P04/P04_EEG_recon_2026-06-03_09h59.07.369_image_mapping.json	132	7	12	1113	firetruck	images_THINGS/object_images/firetruck/firetruck_04s.jpg	/media/psycontrol/HDD/Datasets/THINGS/images_THINGS/object_images/firetruck/firetruck_04s.jpg	True	False	1	919544	1780478330785.000	easy_marker_manifest_order_min_gap_5s	pass	False		True	226.350967	pass
P04	Moris	lab_data/P04/P04_EEG_recon_2026-06-03_09h59.07.369_image_mapping.json	133	7	13	1021	tea	images_THINGS/object_images/tea/tea_10s.jpg	/media/psycontrol/HDD/Datasets/THINGS/images_THINGS/object_images/tea/tea_10s.jpg	True	False	1	922684	1780478337066.000	easy_marker_manifest_order_min_gap_5s	pass	False		True	33.792328	pass
P04	Moris	lab_data/P04/P04_EEG_recon_2026-06-03_09h59.07.369_image_mapping.json	134	7	14	1023	wolf	images_THINGS/object_images/wolf/wolf_12n.jpg	/media/psycontrol/HDD/Datasets/THINGS/images_THINGS/object_images/wolf/wolf_12n.jpg	True	True	2	925282	1780478342262.000	easy_marker_manifest_order_min_gap_5s	pass	False		True	229.802551	pass
P04	Moris	lab_data/P04/P04_EEG_recon_2026-06-03_09h59.07.369_image_mapping.json	135	7	15	1093	duckling	images_THINGS/object_images/duckling/duckling_25s.jpg	/media/psycontrol/HDD/Datasets/THINGS/images_THINGS/object_images/duckling/duckling_25s.jpg	True	False	1	928688	1780478349074.000	easy_marker_manifest_order_min_gap_5s	pass	False		True	33.684940	pass
P04	Moris	lab_data/P04/P04_EEG_recon_2026-06-03_09h59.07.369_image_mapping.json	136	7	16	1146	cheesecake	images_THINGS/object_images/cheesecake/cheesecake_06s.jpg	/media/psycontrol/HDD/Datasets/THINGS/images_THINGS/object_images/cheesecake/cheesecake_06s.jpg	True	False	1	931690	1780478355079.000	easy_marker_manifest_order_min_gap_5s	pass	False		True	25.489353	pass
P04	Moris	lab_data/P04/P04_EEG_recon_2026-06-03_09h59.07.369_image_mapping.json	137	7	17	1045	goose	images_THINGS/object_images/goose/goose_08s.jpg	/media/psycontrol/HDD/Datasets/THINGS/images_THINGS/object_images/goose/goose_08s.jpg	True	True	2	934460	1780478360619.000	easy_marker_manifest_order_min_gap_5s	pass	False		True	27.742464	pass
P04	Moris	lab_data/P04/P04_EEG_recon_2026-06-03_09h59.07.369_image_mapping.json	138	7	18	1156	coconut	images_THINGS/object_images/coconut/coconut_08s.jpg	/media/psycontrol/HDD/Datasets/THINGS/images_THINGS/object_images/coconut/coconut_08s.jpg	True	False	1	937444	1780478366587.000	easy_marker_manifest_order_min_gap_5s	pass	False		True	27.678055	pass
P04	Moris	lab_data/P04/P04_EEG_recon_2026-06-03_09h59.07.369_image_mapping.json	139	7	19	1058	loveseat	images_THINGS/object_images/loveseat/loveseat_10s.jpg	/media/psycontrol/HDD/Datasets/THINGS/images_THINGS/object_images/loveseat/loveseat_10s.jpg	True	False	1	940446	1780478372591.000	easy_marker_manifest_order_min_gap_5s	pass	False		True	21.199162	pass
P04	Moris	lab_data/P04/P04_EEG_recon_2026-06-03_09h59.07.369_image_mapping.json	140	7	20	1055	seagull	images_THINGS/object_images/seagull/seagull_11s.jpg	/media/psycontrol/HDD/Datasets/THINGS/images_THINGS/object_images/seagull/seagull_11s.jpg	True	False	1	943303	1780478378306.000	easy_marker_manifest_order_min_gap_5s	pass	False		True	20.192171	pass
P04	Moris	lab_data/P04/P04_EEG_recon_2026-06-03_09h59.07.369_image_mapping.json	141	8	1	1056	leggings	images_THINGS/object_images/leggings/leggings_02s.jpg	/media/psycontrol/HDD/Datasets/THINGS/images_THINGS/object_images/leggings/leggings_02s.jpg	True	False	1	954954	1780478401609.000	easy_marker_manifest_order_min_gap_5s	pass	False		True	106.893509	pass
P04	Moris	lab_data/P04/P04_EEG_recon_2026-06-03_09h59.07.369_image_mapping.json	142	8	2	1054	bathtub	images_THINGS/object_images/bathtub/bathtub_18s.jpg	/media/psycontrol/HDD/Datasets/THINGS/images_THINGS/object_images/bathtub/bathtub_18s.jpg	True	False	1	957733	1780478407167.000	easy_marker_manifest_order_min_gap_5s	pass	False		True	241.079407	pass
P04	Moris	lab_data/P04/P04_EEG_recon_2026-06-03_09h59.07.369_image_mapping.json	143	8	3	1034	bracelet1	images_THINGS/object_images/bracelet1/bracelet1_18s.jpg	/media/psycontrol/HDD/Datasets/THINGS/images_THINGS/object_images/bracelet1/bracelet1_18s.jpg	True	False	1	960958	1780478413618.000	easy_marker_manifest_order_min_gap_5s	pass	False		True	31.657383	pass
P04	Moris	lab_data/P04/P04_EEG_recon_2026-06-03_09h59.07.369_image_mapping.json	144	8	4	1003	shorts	images_THINGS/object_images/shorts/shorts_14s.jpg	/media/psycontrol/HDD/Datasets/THINGS/images_THINGS/object_images/shorts/shorts_14s.jpg	True	False	1	963960	1780478419622.000	easy_marker_manifest_order_min_gap_5s	pass	False		True	34.360428	pass
P04	Moris	lab_data/P04/P04_EEG_recon_2026-06-03_09h59.07.369_image_mapping.json	145	8	5	1078	sea_urchin	images_THINGS/object_images/sea_urchin/sea_urchin_08s.jpg	/media/psycontrol/HDD/Datasets/THINGS/images_THINGS/object_images/sea_urchin/sea_urchin_08s.jpg	True	False	1	967212	1780478426126.000	easy_marker_manifest_order_min_gap_5s	pass	False		True	41.985210	pass
P04	Moris	lab_data/P04/P04_EEG_recon_2026-06-03_09h59.07.369_image_mapping.json	146	8	6	1105	gorilla	images_THINGS/object_images/gorilla/gorilla_19s.jpg	/media/psycontrol/HDD/Datasets/THINGS/images_THINGS/object_images/gorilla/gorilla_19s.jpg	True	False	1	970214	1780478432130.000	easy_marker_manifest_order_min_gap_5s	pass	False		True	32.808617	pass
P04	Moris	lab_data/P04/P04_EEG_recon_2026-06-03_09h59.07.369_image_mapping.json	147	8	7	1129	workbench	images_THINGS/object_images/workbench/workbench_07s.jpg	/media/psycontrol/HDD/Datasets/THINGS/images_THINGS/object_images/workbench/workbench_07s.jpg	True	True	2	972896	1780478437495.000	easy_marker_manifest_order_min_gap_5s	pass	False		True	200.105911	pass
P04	Moris	lab_data/P04/P04_EEG_recon_2026-06-03_09h59.07.369_image_mapping.json	148	8	8	1088	slipper	images_THINGS/object_images/slipper/slipper_02s.jpg	/media/psycontrol/HDD/Datasets/THINGS/images_THINGS/object_images/slipper/slipper_02s.jpg	True	False	1	975968	1780478443639.000	easy_marker_manifest_order_min_gap_5s	pass	False		True	51.883778	pass
P04	Moris	lab_data/P04/P04_EEG_recon_2026-06-03_09h59.07.369_image_mapping.json	149	8	9	1102	crab	images_THINGS/object_images/crab/crab_02s.jpg	/media/psycontrol/HDD/Datasets/THINGS/images_THINGS/object_images/crab/crab_02s.jpg	True	False	1	978970	1780478449643.000	easy_marker_manifest_order_min_gap_5s	pass	False		True	32.094212	pass
P04	Moris	lab_data/P04/P04_EEG_recon_2026-06-03_09h59.07.369_image_mapping.json	150	8	10	1033	helmet	images_THINGS/object_images/helmet/helmet_11s.jpg	/media/psycontrol/HDD/Datasets/THINGS/images_THINGS/object_images/helmet/helmet_11s.jpg	True	False	1	982222	1780478456148.000	easy_marker_manifest_order_min_gap_5s	pass	False		True	32.286789	pass
P04	Moris	lab_data/P04/P04_EEG_recon_2026-06-03_09h59.07.369_image_mapping.json	151	8	11	1141	peach	images_THINGS/object_images/peach/peach_09n.jpg	/media/psycontrol/HDD/Datasets/THINGS/images_THINGS/object_images/peach/peach_09n.jpg	True	False	1	985224	1780478462152.000	easy_marker_manifest_order_min_gap_5s	pass	False		True	75.230682	pass
P04	Moris	lab_data/P04/P04_EEG_recon_2026-06-03_09h59.07.369_image_mapping.json	152	8	12	1130	showerhead	images_THINGS/object_images/showerhead/showerhead_05s.jpg	/media/psycontrol/HDD/Datasets/THINGS/images_THINGS/object_images/showerhead/showerhead_05s.jpg	True	True	2	988058	1780478467820.000	easy_marker_manifest_order_min_gap_5s	pass	False		True	38.795151	pass
P04	Moris	lab_data/P04/P04_EEG_recon_2026-06-03_09h59.07.369_image_mapping.json	153	8	13	1150	chick	images_THINGS/object_images/chick/chick_10s.jpg	/media/psycontrol/HDD/Datasets/THINGS/images_THINGS/object_images/chick/chick_10s.jpg	True	True	2	990942	1780478473589.000	easy_marker_manifest_order_min_gap_5s	pass	False		True	246.434509	pass
P04	Moris	lab_data/P04/P04_EEG_recon_2026-06-03_09h59.07.369_image_mapping.json	154	8	14	1145	rocking_chair	images_THINGS/object_images/rocking_chair/rocking_chair_07s.jpg	/media/psycontrol/HDD/Datasets/THINGS/images_THINGS/object_images/rocking_chair/rocking_chair_07s.jpg	True	True	2	993910	1780478479525.000	easy_marker_manifest_order_min_gap_5s	pass	False		True	118.219391	pass
P04	Moris	lab_data/P04/P04_EEG_recon_2026-06-03_09h59.07.369_image_mapping.json	155	8	15	1094	onion	images_THINGS/object_images/onion/onion_03n.jpg	/media/psycontrol/HDD/Datasets/THINGS/images_THINGS/object_images/onion/onion_03n.jpg	True	False	1	997232	1780478486169.000	easy_marker_manifest_order_min_gap_5s	pass	False		True	32.726688	pass
P04	Moris	lab_data/P04/P04_EEG_recon_2026-06-03_09h59.07.369_image_mapping.json	156	8	16	1153	donut	images_THINGS/object_images/donut/donut_15s.jpg	/media/psycontrol/HDD/Datasets/THINGS/images_THINGS/object_images/donut/donut_15s.jpg	True	False	1	1000484	1780478492674.000	easy_marker_manifest_order_min_gap_5s	pass	False		True	34.554363	pass
P04	Moris	lab_data/P04/P04_EEG_recon_2026-06-03_09h59.07.369_image_mapping.json	157	8	17	1027	memory_stick	images_THINGS/object_images/memory_stick/memory_stick_08s.jpg	/media/psycontrol/HDD/Datasets/THINGS/images_THINGS/object_images/memory_stick/memory_stick_08s.jpg	True	False	2	1003236	1780478498178.000	easy_marker_manifest_order_min_gap_5s	pass	False		True	44.108234	pass
P04	Moris	lab_data/P04/P04_EEG_recon_2026-06-03_09h59.07.369_image_mapping.json	158	8	18	1014	shark	images_THINGS/object_images/shark/shark_07s.jpg	/media/psycontrol/HDD/Datasets/THINGS/images_THINGS/object_images/shark/shark_07s.jpg	True	False	1	1006488	1780478504682.000	easy_marker_manifest_order_min_gap_5s	pass	False		True	25.564278	pass
P04	Moris	lab_data/P04/P04_EEG_recon_2026-06-03_09h59.07.369_image_mapping.json	159	8	19	1025	llama	images_THINGS/object_images/llama/llama_05s.jpg	/media/psycontrol/HDD/Datasets/THINGS/images_THINGS/object_images/llama/llama_05s.jpg	True	False	1	1009490	1780478510687.000	easy_marker_manifest_order_min_gap_5s	pass	False		True	28.425241	pass
P04	Moris	lab_data/P04/P04_EEG_recon_2026-06-03_09h59.07.369_image_mapping.json	160	8	20	1148	broccoli	images_THINGS/object_images/broccoli/broccoli_09s.jpg	/media/psycontrol/HDD/Datasets/THINGS/images_THINGS/object_images/broccoli/broccoli_09s.jpg	True	False	1	1012492	1780478516691.000	easy_marker_manifest_order_min_gap_5s	pass	False		True	43.298367	pass
P04	Moris	lab_data/P04/P04_EEG_recon_2026-06-03_09h59.07.369_image_mapping.json	161	9	1	1147	lemonade	images_THINGS/object_images/lemonade/lemonade_01b.jpg	/media/psycontrol/HDD/Datasets/THINGS/images_THINGS/object_images/lemonade/lemonade_01b.jpg	True	True	2	1016176	1780478524059.000	easy_marker_manifest_order_min_gap_5s	pass	False		True	29.587208	pass
P04	Moris	lab_data/P04/P04_EEG_recon_2026-06-03_09h59.07.369_image_mapping.json	162	9	2	1083	shirt	images_THINGS/object_images/shirt/shirt_03s.jpg	/media/psycontrol/HDD/Datasets/THINGS/images_THINGS/object_images/shirt/shirt_03s.jpg	True	False	1	1026750	1780478545208.000	easy_marker_manifest_order_min_gap_5s	pass	False		True	35.918781	pass
P04	Moris	lab_data/P04/P04_EEG_recon_2026-06-03_09h59.07.369_image_mapping.json	163	9	3	1041	octopus	images_THINGS/object_images/octopus/octopus_09s.jpg	/media/psycontrol/HDD/Datasets/THINGS/images_THINGS/object_images/octopus/octopus_09s.jpg	True	False	1	1029752	1780478551213.000	easy_marker_manifest_order_min_gap_5s	pass	False		True	51.205658	pass
P04	Moris	lab_data/P04/P04_EEG_recon_2026-06-03_09h59.07.369_image_mapping.json	164	9	4	1018	coffee	images_THINGS/object_images/coffee/coffee_15s.jpg	/media/psycontrol/HDD/Datasets/THINGS/images_THINGS/object_images/coffee/coffee_15s.jpg	True	False	1	1032754	1780478557217.000	easy_marker_manifest_order_min_gap_5s	pass	False		True	47.725803	pass
P04	Moris	lab_data/P04/P04_EEG_recon_2026-06-03_09h59.07.369_image_mapping.json	165	9	5	1136	snake	images_THINGS/object_images/snake/snake_16n.jpg	/media/psycontrol/HDD/Datasets/THINGS/images_THINGS/object_images/snake/snake_16n.jpg	True	False	1	1035756	1780478563221.000	easy_marker_manifest_order_min_gap_5s	pass	False		True	32.182301	pass
P04	Moris	lab_data/P04/P04_EEG_recon_2026-06-03_09h59.07.369_image_mapping.json	166	9	6	1044	raccoon	images_THINGS/object_images/raccoon/raccoon_08n.jpg	/media/psycontrol/HDD/Datasets/THINGS/images_THINGS/object_images/raccoon/raccoon_08n.jpg	True	False	1	1038508	1780478568726.000	easy_marker_manifest_order_min_gap_5s	pass	False		True	227.842407	pass
P04	Moris	lab_data/P04/P04_EEG_recon_2026-06-03_09h59.07.369_image_mapping.json	167	9	7	1027	memory_stick	images_THINGS/object_images/memory_stick/memory_stick_08s.jpg	/media/psycontrol/HDD/Datasets/THINGS/images_THINGS/object_images/memory_stick/memory_stick_08s.jpg	True	True	2	1041486	1780478574682.000	easy_marker_manifest_order_min_gap_5s	pass	False		True	17.595501	pass
P04	Moris	lab_data/P04/P04_EEG_recon_2026-06-03_09h59.07.369_image_mapping.json	168	9	8	1128	toad	images_THINGS/object_images/toad/toad_01b.jpg	/media/psycontrol/HDD/Datasets/THINGS/images_THINGS/object_images/toad/toad_01b.jpg	True	False	1	1044512	1780478580734.000	easy_marker_manifest_order_min_gap_5s	pass	False		True	20.674992	pass
P04	Moris	lab_data/P04/P04_EEG_recon_2026-06-03_09h59.07.369_image_mapping.json	169	9	9	1043	ostrich	images_THINGS/object_images/ostrich/ostrich_15s.jpg	/media/psycontrol/HDD/Datasets/THINGS/images_THINGS/object_images/ostrich/ostrich_15s.jpg	True	False	1	1047514	1780478586738.000	easy_marker_manifest_order_min_gap_5s	pass	False		True	31.900625	pass
P04	Moris	lab_data/P04/P04_EEG_recon_2026-06-03_09h59.07.369_image_mapping.json	170	9	10	1099	tricycle	images_THINGS/object_images/tricycle/tricycle_12s.jpg	/media/psycontrol/HDD/Datasets/THINGS/images_THINGS/object_images/tricycle/tricycle_12s.jpg	True	False	1	1050516	1780478592743.000	easy_marker_manifest_order_min_gap_5s	pass	False		True	194.620132	pass
P04	Moris	lab_data/P04/P04_EEG_recon_2026-06-03_09h59.07.369_image_mapping.json	171	9	11	1117	hamster	images_THINGS/object_images/hamster/hamster_07s.jpg	/media/psycontrol/HDD/Datasets/THINGS/images_THINGS/object_images/hamster/hamster_07s.jpg	True	False	1	1053518	1780478598747.000	easy_marker_manifest_order_min_gap_5s	pass	False		True	32.440422	pass
P04	Moris	lab_data/P04/P04_EEG_recon_2026-06-03_09h59.07.369_image_mapping.json	172	9	12	1030	puffin	images_THINGS/object_images/puffin/puffin_02s.jpg	/media/psycontrol/HDD/Datasets/THINGS/images_THINGS/object_images/puffin/puffin_02s.jpg	True	False	1	1056270	1780478604251.000	easy_marker_manifest_order_min_gap_5s	pass	False		True	31.522215	pass
P04	Moris	lab_data/P04/P04_EEG_recon_2026-06-03_09h59.07.369_image_mapping.json	173	9	13	1080	camcorder	images_THINGS/object_images/camcorder/camcorder_07s.jpg	/media/psycontrol/HDD/Datasets/THINGS/images_THINGS/object_images/camcorder/camcorder_07s.jpg	True	False	1	1059272	1780478610256.000	easy_marker_manifest_order_min_gap_5s	pass	False		True	28.595922	pass
P04	Moris	lab_data/P04/P04_EEG_recon_2026-06-03_09h59.07.369_image_mapping.json	174	9	14	1070	dragonfly	images_THINGS/object_images/dragonfly/dragonfly_10s.jpg	/media/psycontrol/HDD/Datasets/THINGS/images_THINGS/object_images/dragonfly/dragonfly_10s.jpg	True	False	1	1062274	1780478616260.000	easy_marker_manifest_order_min_gap_5s	pass	False		True	179.055298	pass
P04	Moris	lab_data/P04/P04_EEG_recon_2026-06-03_09h59.07.369_image_mapping.json	175	9	15	1007	mirror	images_THINGS/object_images/mirror/mirror_08s.jpg	/media/psycontrol/HDD/Datasets/THINGS/images_THINGS/object_images/mirror/mirror_08s.jpg	True	False	1	1065276	1780478622264.000	easy_marker_manifest_order_min_gap_5s	pass	False		True	21.382366	pass
P04	Moris	lab_data/P04/P04_EEG_recon_2026-06-03_09h59.07.369_image_mapping.json	176	9	16	1059	zucchini	images_THINGS/object_images/zucchini/zucchini_02s.jpg	/media/psycontrol/HDD/Datasets/THINGS/images_THINGS/object_images/zucchini/zucchini_02s.jpg	True	True	2	1068096	1780478627905.000	easy_marker_manifest_order_min_gap_5s	pass	False		True	25.073086	pass
P04	Moris	lab_data/P04/P04_EEG_recon_2026-06-03_09h59.07.369_image_mapping.json	177	9	17	1158	bulldozer	images_THINGS/object_images/bulldozer/bulldozer_06s.jpg	/media/psycontrol/HDD/Datasets/THINGS/images_THINGS/object_images/bulldozer/bulldozer_06s.jpg	True	False	1	1071280	1780478634273.000	easy_marker_manifest_order_min_gap_5s	pass	False		True	31.127748	pass
P04	Moris	lab_data/P04/P04_EEG_recon_2026-06-03_09h59.07.369_image_mapping.json	178	9	18	1051	yacht	images_THINGS/object_images/yacht/yacht_05s.jpg	/media/psycontrol/HDD/Datasets/THINGS/images_THINGS/object_images/yacht/yacht_05s.jpg	True	True	2	1074166	1780478640045.000	easy_marker_manifest_order_min_gap_5s	pass	False		True	235.091614	pass
P04	Moris	lab_data/P04/P04_EEG_recon_2026-06-03_09h59.07.369_image_mapping.json	179	9	19	1076	groundhog	images_THINGS/object_images/groundhog/groundhog_01b.jpg	/media/psycontrol/HDD/Datasets/THINGS/images_THINGS/object_images/groundhog/groundhog_01b.jpg	True	False	1	1077284	1780478646282.000	easy_marker_manifest_order_min_gap_5s	pass	False		True	39.383518	pass
P04	Moris	lab_data/P04/P04_EEG_recon_2026-06-03_09h59.07.369_image_mapping.json	180	9	20	1122	webcam	images_THINGS/object_images/webcam/webcam_08s.jpg	/media/psycontrol/HDD/Datasets/THINGS/images_THINGS/object_images/webcam/webcam_08s.jpg	True	False	1	1080536	1780478652786.000	easy_marker_manifest_order_min_gap_5s	pass	False		True	286.670410	review
P04	Moris	lab_data/P04/P04_EEG_recon_2026-06-03_09h59.07.369_image_mapping.json	181	10	1	1052	wallpaper	images_THINGS/object_images/wallpaper/wallpaper_01b.jpg	/media/psycontrol/HDD/Datasets/THINGS/images_THINGS/object_images/wallpaper/wallpaper_01b.jpg	True	True	2	1085682	1780478663078.000	easy_marker_manifest_order_min_gap_5s	pass	False		True	124.606537	pass
P04	Moris	lab_data/P04/P04_EEG_recon_2026-06-03_09h59.07.369_image_mapping.json	182	10	2	1142	piglet	images_THINGS/object_images/piglet/piglet_07s.jpg	/media/psycontrol/HDD/Datasets/THINGS/images_THINGS/object_images/piglet/piglet_07s.jpg	True	False	1	1096294	1780478684303.000	easy_marker_manifest_order_min_gap_5s	pass	False		True	30.055717	pass
P04	Moris	lab_data/P04/P04_EEG_recon_2026-06-03_09h59.07.369_image_mapping.json	183	10	3	1064	fly	images_THINGS/object_images/fly/fly_17s.jpg	/media/psycontrol/HDD/Datasets/THINGS/images_THINGS/object_images/fly/fly_17s.jpg	True	False	1	1099191	1780478690098.000	easy_marker_manifest_order_min_gap_5s	pass	False		True	192.924973	pass
P04	Moris	lab_data/P04/P04_EEG_recon_2026-06-03_09h59.07.369_image_mapping.json	184	10	4	1060	squirrel	images_THINGS/object_images/squirrel/squirrel_12n.jpg	/media/psycontrol/HDD/Datasets/THINGS/images_THINGS/object_images/squirrel/squirrel_12n.jpg	True	True	2	1101948	1780478695612.000	easy_marker_manifest_order_min_gap_5s	pass	False		True	227.381805	pass
P04	Moris	lab_data/P04/P04_EEG_recon_2026-06-03_09h59.07.369_image_mapping.json	185	10	5	1048	sombrero	images_THINGS/object_images/sombrero/sombrero_11s.jpg	/media/psycontrol/HDD/Datasets/THINGS/images_THINGS/object_images/sombrero/sombrero_11s.jpg	True	False	1	1105300	1780478702316.000	easy_marker_manifest_order_min_gap_5s	pass	False		True	42.557598	pass
P04	Moris	lab_data/P04/P04_EEG_recon_2026-06-03_09h59.07.369_image_mapping.json	186	10	6	1009	papaya	images_THINGS/object_images/papaya/papaya_08s.jpg	/media/psycontrol/HDD/Datasets/THINGS/images_THINGS/object_images/papaya/papaya_08s.jpg	True	False	1	1108302	1780478708321.000	easy_marker_manifest_order_min_gap_5s	pass	False		True	165.866287	pass
P04	Moris	lab_data/P04/P04_EEG_recon_2026-06-03_09h59.07.369_image_mapping.json	187	10	7	1072	blackberry	images_THINGS/object_images/blackberry/blackberry_08s.jpg	/media/psycontrol/HDD/Datasets/THINGS/images_THINGS/object_images/blackberry/blackberry_08s.jpg	True	False	1	1111554	1780478714825.000	easy_marker_manifest_order_min_gap_5s	pass	False		True	41.286114	pass
P04	Moris	lab_data/P04/P04_EEG_recon_2026-06-03_09h59.07.369_image_mapping.json	188	10	8	1089	unicycle	images_THINGS/object_images/unicycle/unicycle_08s.jpg	/media/psycontrol/HDD/Datasets/THINGS/images_THINGS/object_images/unicycle/unicycle_08s.jpg	True	False	1	1114556	1780478720829.000	easy_marker_manifest_order_min_gap_5s	pass	False		True	23.224867	pass
P04	Moris	lab_data/P04/P04_EEG_recon_2026-06-03_09h59.07.369_image_mapping.json	189	10	9	1075	filing_cabinet	images_THINGS/object_images/filing_cabinet/filing_cabinet_10s.jpg	/media/psycontrol/HDD/Datasets/THINGS/images_THINGS/object_images/filing_cabinet/filing_cabinet_10s.jpg	True	False	1	1117308	1780478726334.000	easy_marker_manifest_order_min_gap_5s	pass	False		True	35.252388	pass
P04	Moris	lab_data/P04/P04_EEG_recon_2026-06-03_09h59.07.369_image_mapping.json	190	10	10	1029	sheep	images_THINGS/object_images/sheep/sheep_06s.jpg	/media/psycontrol/HDD/Datasets/THINGS/images_THINGS/object_images/sheep/sheep_06s.jpg	True	False	1	1120310	1780478732338.000	easy_marker_manifest_order_min_gap_5s	pass	False		True	43.082943	pass
P04	Moris	lab_data/P04/P04_EEG_recon_2026-06-03_09h59.07.369_image_mapping.json	191	10	11	1069	rollerblade	images_THINGS/object_images/rollerblade/rollerblade_05s.jpg	/media/psycontrol/HDD/Datasets/THINGS/images_THINGS/object_images/rollerblade/rollerblade_05s.jpg	True	False	1	1123312	1780478738342.000	easy_marker_manifest_order_min_gap_5s	pass	False		True	38.722786	pass
P04	Moris	lab_data/P04/P04_EEG_recon_2026-06-03_09h59.07.369_image_mapping.json	192	10	12	1126	helicopter	images_THINGS/object_images/helicopter/helicopter_20s.jpg	/media/psycontrol/HDD/Datasets/THINGS/images_THINGS/object_images/helicopter/helicopter_20s.jpg	True	True	2	1126134	1780478743987.000	easy_marker_manifest_order_min_gap_5s	pass	False		True	25.569668	pass
P04	Moris	lab_data/P04/P04_EEG_recon_2026-06-03_09h59.07.369_image_mapping.json	193	10	13	1019	videocassette	images_THINGS/object_images/videocassette/videocassette_07n.jpg	/media/psycontrol/HDD/Datasets/THINGS/images_THINGS/object_images/videocassette/videocassette_07n.jpg	True	False	1	1129066	1780478749851.000	easy_marker_manifest_order_min_gap_5s	pass	False		True	229.106354	pass
P04	Moris	lab_data/P04/P04_EEG_recon_2026-06-03_09h59.07.369_image_mapping.json	194	10	14	1005	ottoman	images_THINGS/object_images/ottoman/ottoman_05s.jpg	/media/psycontrol/HDD/Datasets/THINGS/images_THINGS/object_images/ottoman/ottoman_05s.jpg	True	False	1	1132318	1780478756355.000	easy_marker_manifest_order_min_gap_5s	pass	False		True	40.470890	pass
P04	Moris	lab_data/P04/P04_EEG_recon_2026-06-03_09h59.07.369_image_mapping.json	195	10	15	1116	praying_mantis	images_THINGS/object_images/praying_mantis/praying_mantis_08s.jpg	/media/psycontrol/HDD/Datasets/THINGS/images_THINGS/object_images/praying_mantis/praying_mantis_08s.jpg	True	False	1	1135320	1780478762360.000	easy_marker_manifest_order_min_gap_5s	pass	False		True	45.175034	pass
P04	Moris	lab_data/P04/P04_EEG_recon_2026-06-03_09h59.07.369_image_mapping.json	196	10	16	1022	shoe	images_THINGS/object_images/shoe/shoe_01s.jpg	/media/psycontrol/HDD/Datasets/THINGS/images_THINGS/object_images/shoe/shoe_01s.jpg	True	False	1	1138322	1780478768364.000	easy_marker_manifest_order_min_gap_5s	pass	False		True	216.316360	pass
P04	Moris	lab_data/P04/P04_EEG_recon_2026-06-03_09h59.07.369_image_mapping.json	197	10	17	1066	giraffe	images_THINGS/object_images/giraffe/giraffe_17s.jpg	/media/psycontrol/HDD/Datasets/THINGS/images_THINGS/object_images/giraffe/giraffe_17s.jpg	True	False	1	1141574	1780478774868.000	easy_marker_manifest_order_min_gap_5s	pass	False		True	27.348240	pass
P04	Moris	lab_data/P04/P04_EEG_recon_2026-06-03_09h59.07.369_image_mapping.json	198	10	18	1004	dalmatian	images_THINGS/object_images/dalmatian/dalmatian_02s.jpg	/media/psycontrol/HDD/Datasets/THINGS/images_THINGS/object_images/dalmatian/dalmatian_02s.jpg	True	False	1	1144576	1780478780872.000	easy_marker_manifest_order_min_gap_5s	pass	False		True	33.462383	pass
P04	Moris	lab_data/P04/P04_EEG_recon_2026-06-03_09h59.07.369_image_mapping.json	199	10	19	1157	barnacle	images_THINGS/object_images/barnacle/barnacle_11s.jpg	/media/psycontrol/HDD/Datasets/THINGS/images_THINGS/object_images/barnacle/barnacle_11s.jpg	True	True	2	1147236	1780478786193.000	easy_marker_manifest_order_min_gap_5s	pass	False		True	219.495468	pass
P04	Moris	lab_data/P04/P04_EEG_recon_2026-06-03_09h59.07.369_image_mapping.json	200	10	20	1024	lab_coat	images_THINGS/object_images/lab_coat/lab_coat_08s.jpg	/media/psycontrol/HDD/Datasets/THINGS/images_THINGS/object_images/lab_coat/lab_coat_08s.jpg	True	False	1	1150580	1780478792881.000	easy_marker_manifest_order_min_gap_5s	pass	False		True	63.742611	pass
P05	Alper_03062026	lab_data/P05/Alper_03062026_EEG_recon_2026-06-03_13h00.00.076_image_mapping.json	1	1	1	1096	beaver	images_THINGS/object_images/beaver/beaver_13n.jpg	/media/psycontrol/HDD/Datasets/THINGS/images_THINGS/object_images/beaver/beaver_13n.jpg	True	False	1	344118	1780486818127.000	easy_marker_manifest_order_min_gap_5s	pass	False		True	14.550143	pass
P05	Alper_03062026	lab_data/P05/Alper_03062026_EEG_recon_2026-06-03_13h00.00.076_image_mapping.json	2	1	2	1124	nightshirt	images_THINGS/object_images/nightshirt/nightshirt_11s.jpg	/media/psycontrol/HDD/Datasets/THINGS/images_THINGS/object_images/nightshirt/nightshirt_11s.jpg	True	False	2	347226	1780486824343.000	easy_marker_manifest_order_min_gap_5s	pass	False		True	77.723602	pass
P05	Alper_03062026	lab_data/P05/Alper_03062026_EEG_recon_2026-06-03_13h00.00.076_image_mapping.json	3	1	3	1006	cardinal	images_THINGS/object_images/cardinal/cardinal_02s.jpg	/media/psycontrol/HDD/Datasets/THINGS/images_THINGS/object_images/cardinal/cardinal_02s.jpg	True	False	2	350184	1780486830259.000	easy_marker_manifest_order_min_gap_5s	pass	False		True	17.014168	pass
P05	Alper_03062026	lab_data/P05/Alper_03062026_EEG_recon_2026-06-03_13h00.00.076_image_mapping.json	4	1	4	1071	mongoose	images_THINGS/object_images/mongoose/mongoose_10s.jpg	/media/psycontrol/HDD/Datasets/THINGS/images_THINGS/object_images/mongoose/mongoose_10s.jpg	True	False	2	353128	1780486836147.000	easy_marker_manifest_order_min_gap_5s	pass	False		True	21.314304	pass
P05	Alper_03062026	lab_data/P05/Alper_03062026_EEG_recon_2026-06-03_13h00.00.076_image_mapping.json	5	1	5	1077	bison	images_THINGS/object_images/bison/bison_08s.jpg	/media/psycontrol/HDD/Datasets/THINGS/images_THINGS/object_images/bison/bison_08s.jpg	True	False	1	356128	1780486842148.000	easy_marker_manifest_order_min_gap_5s	pass	False		True	29.944193	pass
P05	Alper_03062026	lab_data/P05/Alper_03062026_EEG_recon_2026-06-03_13h00.00.076_image_mapping.json	6	1	6	1159	pear	images_THINGS/object_images/pear/pear_09s.jpg	/media/psycontrol/HDD/Datasets/THINGS/images_THINGS/object_images/pear/pear_09s.jpg	True	False	2	359028	1780486847948.000	easy_marker_manifest_order_min_gap_5s	pass	False		True	24.054180	pass
P05	Alper_03062026	lab_data/P05/Alper_03062026_EEG_recon_2026-06-03_13h00.00.076_image_mapping.json	7	1	7	1062	antelope	images_THINGS/object_images/antelope/antelope_12n.jpg	/media/psycontrol/HDD/Datasets/THINGS/images_THINGS/object_images/antelope/antelope_12n.jpg	True	False	2	362121	1780486854134.000	easy_marker_manifest_order_min_gap_5s	pass	False		True	78.879608	pass
P05	Alper_03062026	lab_data/P05/Alper_03062026_EEG_recon_2026-06-03_13h00.00.076_image_mapping.json	8	1	8	1145	rocking_chair	images_THINGS/object_images/rocking_chair/rocking_chair_07s.jpg	/media/psycontrol/HDD/Datasets/THINGS/images_THINGS/object_images/rocking_chair/rocking_chair_07s.jpg	True	False	2	365010	1780486859912.000	easy_marker_manifest_order_min_gap_5s	pass	False		True	71.464508	pass
P05	Alper_03062026	lab_data/P05/Alper_03062026_EEG_recon_2026-06-03_13h00.00.076_image_mapping.json	9	1	9	1015	moose	images_THINGS/object_images/moose/moose_02s.jpg	/media/psycontrol/HDD/Datasets/THINGS/images_THINGS/object_images/moose/moose_02s.jpg	True	False	2	367885	1780486865662.000	easy_marker_manifest_order_min_gap_5s	pass	False		True	18.592304	pass
P05	Alper_03062026	lab_data/P05/Alper_03062026_EEG_recon_2026-06-03_13h00.00.076_image_mapping.json	10	1	10	1092	bunkbed	images_THINGS/object_images/bunkbed/bunkbed_02s.jpg	/media/psycontrol/HDD/Datasets/THINGS/images_THINGS/object_images/bunkbed/bunkbed_02s.jpg	True	False	2	370829	1780486871551.000	easy_marker_manifest_order_min_gap_5s	pass	False		True	27.702045	pass
P05	Alper_03062026	lab_data/P05/Alper_03062026_EEG_recon_2026-06-03_13h00.00.076_image_mapping.json	11	1	11	1001	limousine	images_THINGS/object_images/limousine/limousine_03s.jpg	/media/psycontrol/HDD/Datasets/THINGS/images_THINGS/object_images/limousine/limousine_03s.jpg	True	False	2	373853	1780486877599.000	easy_marker_manifest_order_min_gap_5s	pass	False		True	61.666439	pass
P05	Alper_03062026	lab_data/P05/Alper_03062026_EEG_recon_2026-06-03_13h00.00.076_image_mapping.json	12	1	12	1160	clam	images_THINGS/object_images/clam/clam_06s.jpg	/media/psycontrol/HDD/Datasets/THINGS/images_THINGS/object_images/clam/clam_06s.jpg	True	False	2	376725	1780486883343.000	easy_marker_manifest_order_min_gap_5s	pass	False		True	78.338127	pass
P05	Alper_03062026	lab_data/P05/Alper_03062026_EEG_recon_2026-06-03_13h00.00.076_image_mapping.json	13	1	13	1020	television	images_THINGS/object_images/television/television_07s.jpg	/media/psycontrol/HDD/Datasets/THINGS/images_THINGS/object_images/television/television_07s.jpg	True	False	2	379694	1780486889281.000	easy_marker_manifest_order_min_gap_5s	pass	False		True	77.500900	pass
P05	Alper_03062026	lab_data/P05/Alper_03062026_EEG_recon_2026-06-03_13h00.00.076_image_mapping.json	14	1	14	1104	speaker	images_THINGS/object_images/speaker/speaker_19n.jpg	/media/psycontrol/HDD/Datasets/THINGS/images_THINGS/object_images/speaker/speaker_19n.jpg	True	False	2	382766	1780486895426.000	easy_marker_manifest_order_min_gap_5s	pass	False		True	29.078604	pass
P05	Alper_03062026	lab_data/P05/Alper_03062026_EEG_recon_2026-06-03_13h00.00.076_image_mapping.json	15	1	15	1134	sleeping_bag	images_THINGS/object_images/sleeping_bag/sleeping_bag_07s.jpg	/media/psycontrol/HDD/Datasets/THINGS/images_THINGS/object_images/sleeping_bag/sleeping_bag_07s.jpg	True	False	2	385825	1780486901544.000	easy_marker_manifest_order_min_gap_5s	pass	False		True	82.463959	pass
P05	Alper_03062026	lab_data/P05/Alper_03062026_EEG_recon_2026-06-03_13h00.00.076_image_mapping.json	16	1	16	1147	lemonade	images_THINGS/object_images/lemonade/lemonade_01b.jpg	/media/psycontrol/HDD/Datasets/THINGS/images_THINGS/object_images/lemonade/lemonade_01b.jpg	True	False	2	388739	1780486907372.000	easy_marker_manifest_order_min_gap_5s	pass	False		True	72.825600	pass
P05	Alper_03062026	lab_data/P05/Alper_03062026_EEG_recon_2026-06-03_13h00.00.076_image_mapping.json	17	1	17	1121	sunglasses	images_THINGS/object_images/sunglasses/sunglasses_06s.jpg	/media/psycontrol/HDD/Datasets/THINGS/images_THINGS/object_images/sunglasses/sunglasses_06s.jpg	True	False	2	391801	1780486913496.000	easy_marker_manifest_order_min_gap_5s	pass	False		True	62.064938	pass
P05	Alper_03062026	lab_data/P05/Alper_03062026_EEG_recon_2026-06-03_13h00.00.076_image_mapping.json	18	1	18	1035	lizard	images_THINGS/object_images/lizard/lizard_01b.jpg	/media/psycontrol/HDD/Datasets/THINGS/images_THINGS/object_images/lizard/lizard_01b.jpg	True	False	1	394815	1780486919524.000	easy_marker_manifest_order_min_gap_5s	pass	False		True	76.303352	pass
P05	Alper_03062026	lab_data/P05/Alper_03062026_EEG_recon_2026-06-03_13h00.00.076_image_mapping.json	19	1	19	1052	wallpaper	images_THINGS/object_images/wallpaper/wallpaper_01b.jpg	/media/psycontrol/HDD/Datasets/THINGS/images_THINGS/object_images/wallpaper/wallpaper_01b.jpg	True	False	2	397721	1780486925337.000	easy_marker_manifest_order_min_gap_5s	pass	False		True	67.790535	pass
P05	Alper_03062026	lab_data/P05/Alper_03062026_EEG_recon_2026-06-03_13h00.00.076_image_mapping.json	20	1	20	1132	polar_bear	images_THINGS/object_images/polar_bear/polar_bear_18s.jpg	/media/psycontrol/HDD/Datasets/THINGS/images_THINGS/object_images/polar_bear/polar_bear_18s.jpg	True	False	2	400703	1780486931301.000	easy_marker_manifest_order_min_gap_5s	pass	False		True	18.605528	pass
P05	Alper_03062026	lab_data/P05/Alper_03062026_EEG_recon_2026-06-03_13h00.00.076_image_mapping.json	21	2	1	1071	mongoose	images_THINGS/object_images/mongoose/mongoose_10s.jpg	/media/psycontrol/HDD/Datasets/THINGS/images_THINGS/object_images/mongoose/mongoose_10s.jpg	True	True	2	414432	1780486958760.000	easy_marker_manifest_order_min_gap_5s	pass	False		True	80.604019	pass
P05	Alper_03062026	lab_data/P05/Alper_03062026_EEG_recon_2026-06-03_13h00.00.076_image_mapping.json	22	2	2	1150	chick	images_THINGS/object_images/chick/chick_10s.jpg	/media/psycontrol/HDD/Datasets/THINGS/images_THINGS/object_images/chick/chick_10s.jpg	True	False	2	417338	1780486964572.000	easy_marker_manifest_order_min_gap_5s	pass	False		True	33.540543	pass
P05	Alper_03062026	lab_data/P05/Alper_03062026_EEG_recon_2026-06-03_13h00.00.076_image_mapping.json	23	2	3	1134	sleeping_bag	images_THINGS/object_images/sleeping_bag/sleeping_bag_07s.jpg	/media/psycontrol/HDD/Datasets/THINGS/images_THINGS/object_images/sleeping_bag/sleeping_bag_07s.jpg	True	True	2	420415	1780486970726.000	easy_marker_manifest_order_min_gap_5s	pass	False		True	81.225533	pass
P05	Alper_03062026	lab_data/P05/Alper_03062026_EEG_recon_2026-06-03_13h00.00.076_image_mapping.json	24	2	4	1053	reindeer	images_THINGS/object_images/reindeer/reindeer_14s.jpg	/media/psycontrol/HDD/Datasets/THINGS/images_THINGS/object_images/reindeer/reindeer_14s.jpg	True	False	2	423394	1780486976684.000	easy_marker_manifest_order_min_gap_5s	pass	False		True	78.058403	pass
P05	Alper_03062026	lab_data/P05/Alper_03062026_EEG_recon_2026-06-03_13h00.00.076_image_mapping.json	25	2	5	1060	squirrel	images_THINGS/object_images/squirrel/squirrel_12n.jpg	/media/psycontrol/HDD/Datasets/THINGS/images_THINGS/object_images/squirrel/squirrel_12n.jpg	True	False	2	426501	1780486982899.000	easy_marker_manifest_order_min_gap_5s	pass	False		True	36.726437	pass
P05	Alper_03062026	lab_data/P05/Alper_03062026_EEG_recon_2026-06-03_13h00.00.076_image_mapping.json	26	2	6	1001	limousine	images_THINGS/object_images/limousine/limousine_03s.jpg	/media/psycontrol/HDD/Datasets/THINGS/images_THINGS/object_images/limousine/limousine_03s.jpg	True	True	2	429567	1780486989031.000	easy_marker_manifest_order_min_gap_5s	pass	False		True	68.125305	pass
P05	Alper_03062026	lab_data/P05/Alper_03062026_EEG_recon_2026-06-03_13h00.00.076_image_mapping.json	27	2	7	1115	marshmallow	images_THINGS/object_images/marshmallow/marshmallow_09s.jpg	/media/psycontrol/HDD/Datasets/THINGS/images_THINGS/object_images/marshmallow/marshmallow_09s.jpg	True	False	1	432567	1780486995031.000	easy_marker_manifest_order_min_gap_5s	pass	False		True	128.987823	pass
P05	Alper_03062026	lab_data/P05/Alper_03062026_EEG_recon_2026-06-03_13h00.00.076_image_mapping.json	28	2	8	1159	pear	images_THINGS/object_images/pear/pear_09s.jpg	/media/psycontrol/HDD/Datasets/THINGS/images_THINGS/object_images/pear/pear_09s.jpg	True	True	2	435640	1780487001177.000	easy_marker_manifest_order_min_gap_5s	pass	False		True	42.805710	pass
P05	Alper_03062026	lab_data/P05/Alper_03062026_EEG_recon_2026-06-03_13h00.00.076_image_mapping.json	29	2	9	1012	burrito	images_THINGS/object_images/burrito/burrito_07s.jpg	/media/psycontrol/HDD/Datasets/THINGS/images_THINGS/object_images/burrito/burrito_07s.jpg	True	False	2	438647	1780487007192.000	easy_marker_manifest_order_min_gap_5s	pass	False		True	54.884655	pass
P05	Alper_03062026	lab_data/P05/Alper_03062026_EEG_recon_2026-06-03_13h00.00.076_image_mapping.json	30	2	10	1036	ladybug	images_THINGS/object_images/ladybug/ladybug_07s.jpg	/media/psycontrol/HDD/Datasets/THINGS/images_THINGS/object_images/ladybug/ladybug_07s.jpg	True	False	1	441695	1780487013288.000	easy_marker_manifest_order_min_gap_5s	pass	False		True	73.628502	pass
P05	Alper_03062026	lab_data/P05/Alper_03062026_EEG_recon_2026-06-03_13h00.00.076_image_mapping.json	31	2	11	1045	goose	images_THINGS/object_images/goose/goose_08s.jpg	/media/psycontrol/HDD/Datasets/THINGS/images_THINGS/object_images/goose/goose_08s.jpg	True	False	2	444643	1780487019184.000	easy_marker_manifest_order_min_gap_5s	pass	False		True	28.372797	pass
P05	Alper_03062026	lab_data/P05/Alper_03062026_EEG_recon_2026-06-03_13h00.00.076_image_mapping.json	32	2	12	1095	mouse2	images_THINGS/object_images/mouse2/mouse2_17s.jpg	/media/psycontrol/HDD/Datasets/THINGS/images_THINGS/object_images/mouse2/mouse2_17s.jpg	True	False	1	447557	1780487025012.000	easy_marker_manifest_order_min_gap_5s	pass	False		True	36.831028	pass
P05	Alper_03062026	lab_data/P05/Alper_03062026_EEG_recon_2026-06-03_13h00.00.076_image_mapping.json	33	2	13	1144	tarantula	images_THINGS/object_images/tarantula/tarantula_12s.jpg	/media/psycontrol/HDD/Datasets/THINGS/images_THINGS/object_images/tarantula/tarantula_12s.jpg	True	False	2	450501	1780487030900.000	easy_marker_manifest_order_min_gap_5s	pass	False		True	28.778799	pass
P05	Alper_03062026	lab_data/P05/Alper_03062026_EEG_recon_2026-06-03_13h00.00.076_image_mapping.json	34	2	14	1057	eggnog	images_THINGS/object_images/eggnog/eggnog_03s.jpg	/media/psycontrol/HDD/Datasets/THINGS/images_THINGS/object_images/eggnog/eggnog_03s.jpg	True	False	1	453368	1780487036635.000	easy_marker_manifest_order_min_gap_5s	pass	False		True	46.268997	pass
P05	Alper_03062026	lab_data/P05/Alper_03062026_EEG_recon_2026-06-03_13h00.00.076_image_mapping.json	35	2	15	1112	hard_disk	images_THINGS/object_images/hard_disk/hard_disk_13s.jpg	/media/psycontrol/HDD/Datasets/THINGS/images_THINGS/object_images/hard_disk/hard_disk_13s.jpg	True	False	1	456427	1780487042753.000	easy_marker_manifest_order_min_gap_5s	pass	False		True	78.329491	pass
P05	Alper_03062026	lab_data/P05/Alper_03062026_EEG_recon_2026-06-03_13h00.00.076_image_mapping.json	36	2	16	1108	possum	images_THINGS/object_images/possum/possum_03s.jpg	/media/psycontrol/HDD/Datasets/THINGS/images_THINGS/object_images/possum/possum_03s.jpg	True	False	1	459521	1780487048941.000	easy_marker_manifest_order_min_gap_5s	pass	False		True	76.596977	pass
P05	Alper_03062026	lab_data/P05/Alper_03062026_EEG_recon_2026-06-03_13h00.00.076_image_mapping.json	37	2	17	1160	clam	images_THINGS/object_images/clam/clam_06s.jpg	/media/psycontrol/HDD/Datasets/THINGS/images_THINGS/object_images/clam/clam_06s.jpg	True	True	2	462566	1780487055031.000	easy_marker_manifest_order_min_gap_5s	pass	False		True	82.245422	pass
P05	Alper_03062026	lab_data/P05/Alper_03062026_EEG_recon_2026-06-03_13h00.00.076_image_mapping.json	38	2	18	1031	fish	images_THINGS/object_images/fish/fish_01b.jpg	/media/psycontrol/HDD/Datasets/THINGS/images_THINGS/object_images/fish/fish_01b.jpg	True	False	1	465511	1780487060921.000	easy_marker_manifest_order_min_gap_5s	pass	False		True	74.967346	pass
P05	Alper_03062026	lab_data/P05/Alper_03062026_EEG_recon_2026-06-03_13h00.00.076_image_mapping.json	39	2	19	1016	ant	images_THINGS/object_images/ant/ant_08s.jpg	/media/psycontrol/HDD/Datasets/THINGS/images_THINGS/object_images/ant/ant_08s.jpg	True	False	1	468475	1780487066850.000	easy_marker_manifest_order_min_gap_5s	pass	False		True	26.248898	pass
P05	Alper_03062026	lab_data/P05/Alper_03062026_EEG_recon_2026-06-03_13h00.00.076_image_mapping.json	40	2	20	1118	candy_bar	images_THINGS/object_images/candy_bar/candy_bar_09s.jpg	/media/psycontrol/HDD/Datasets/THINGS/images_THINGS/object_images/candy_bar/candy_bar_09s.jpg	True	False	2	471441	1780487072782.000	easy_marker_manifest_order_min_gap_5s	pass	False		True	64.977753	pass
P05	Alper_03062026	lab_data/P05/Alper_03062026_EEG_recon_2026-06-03_13h00.00.076_image_mapping.json	41	3	1	1050	artichoke	images_THINGS/object_images/artichoke/artichoke_08n.jpg	/media/psycontrol/HDD/Datasets/THINGS/images_THINGS/object_images/artichoke/artichoke_08n.jpg	True	False	1	482708	1780487095317.000	easy_marker_manifest_order_min_gap_5s	pass	False		True	34.867649	pass
P05	Alper_03062026	lab_data/P05/Alper_03062026_EEG_recon_2026-06-03_13h00.00.076_image_mapping.json	42	3	2	1157	barnacle	images_THINGS/object_images/barnacle/barnacle_11s.jpg	/media/psycontrol/HDD/Datasets/THINGS/images_THINGS/object_images/barnacle/barnacle_11s.jpg	True	False	2	485652	1780487101205.000	easy_marker_manifest_order_min_gap_5s	pass	False		True	86.486786	pass
P05	Alper_03062026	lab_data/P05/Alper_03062026_EEG_recon_2026-06-03_13h00.00.076_image_mapping.json	43	3	3	1098	stool	images_THINGS/object_images/stool/stool_08s.jpg	/media/psycontrol/HDD/Datasets/THINGS/images_THINGS/object_images/stool/stool_08s.jpg	True	False	1	488670	1780487107241.000	easy_marker_manifest_order_min_gap_5s	pass	False		True	19.075037	pass
P05	Alper_03062026	lab_data/P05/Alper_03062026_EEG_recon_2026-06-03_13h00.00.076_image_mapping.json	44	3	4	1073	bull	images_THINGS/object_images/bull/bull_09s.jpg	/media/psycontrol/HDD/Datasets/THINGS/images_THINGS/object_images/bull/bull_09s.jpg	True	False	1	491652	1780487113205.000	easy_marker_manifest_order_min_gap_5s	pass	False		True	86.848457	pass
P05	Alper_03062026	lab_data/P05/Alper_03062026_EEG_recon_2026-06-03_13h00.00.076_image_mapping.json	45	3	5	1020	television	images_THINGS/object_images/television/television_07s.jpg	/media/psycontrol/HDD/Datasets/THINGS/images_THINGS/object_images/television/television_07s.jpg	True	True	2	494582	1780487119066.000	easy_marker_manifest_order_min_gap_5s	pass	False		True	19.291531	pass
P05	Alper_03062026	lab_data/P05/Alper_03062026_EEG_recon_2026-06-03_13h00.00.076_image_mapping.json	46	3	6	1151	tractor	images_THINGS/object_images/tractor/tractor_10n.jpg	/media/psycontrol/HDD/Datasets/THINGS/images_THINGS/object_images/tractor/tractor_10n.jpg	True	False	1	497645	1780487125192.000	easy_marker_manifest_order_min_gap_5s	pass	False		True	23.911352	pass
P05	Alper_03062026	lab_data/P05/Alper_03062026_EEG_recon_2026-06-03_13h00.00.076_image_mapping.json	47	3	7	1119	star_fruit	images_THINGS/object_images/star_fruit/star_fruit_06s.jpg	/media/psycontrol/HDD/Datasets/THINGS/images_THINGS/object_images/star_fruit/star_fruit_06s.jpg	True	False	1	500704	1780487131310.000	easy_marker_manifest_order_min_gap_5s	pass	False		True	72.008781	pass
P05	Alper_03062026	lab_data/P05/Alper_03062026_EEG_recon_2026-06-03_13h00.00.076_image_mapping.json	48	3	8	1011	raspberry	images_THINGS/object_images/raspberry/raspberry_11s.jpg	/media/psycontrol/HDD/Datasets/THINGS/images_THINGS/object_images/raspberry/raspberry_11s.jpg	True	False	1	503794	1780487137490.000	easy_marker_manifest_order_min_gap_5s	pass	False		True	86.328377	pass
P05	Alper_03062026	lab_data/P05/Alper_03062026_EEG_recon_2026-06-03_13h00.00.076_image_mapping.json	49	3	9	1137	lamb	images_THINGS/object_images/lamb/lamb_12s.jpg	/media/psycontrol/HDD/Datasets/THINGS/images_THINGS/object_images/lamb/lamb_12s.jpg	True	False	1	506874	1780487143650.000	easy_marker_manifest_order_min_gap_5s	pass	False		True	37.364433	pass
P05	Alper_03062026	lab_data/P05/Alper_03062026_EEG_recon_2026-06-03_13h00.00.076_image_mapping.json	50	3	10	1104	speaker	images_THINGS/object_images/speaker/speaker_19n.jpg	/media/psycontrol/HDD/Datasets/THINGS/images_THINGS/object_images/speaker/speaker_19n.jpg	True	True	2	509853	1780487149609.000	easy_marker_manifest_order_min_gap_5s	pass	False		True	88.306061	pass
P05	Alper_03062026	lab_data/P05/Alper_03062026_EEG_recon_2026-06-03_13h00.00.076_image_mapping.json	51	3	11	1110	jet	images_THINGS/object_images/jet/jet_04s.jpg	/media/psycontrol/HDD/Datasets/THINGS/images_THINGS/object_images/jet/jet_04s.jpg	True	False	2	512807	1780487155517.000	easy_marker_manifest_order_min_gap_5s	pass	False		True	85.314346	pass
P05	Alper_03062026	lab_data/P05/Alper_03062026_EEG_recon_2026-06-03_13h00.00.076_image_mapping.json	52	3	12	1144	tarantula	images_THINGS/object_images/tarantula/tarantula_12s.jpg	/media/psycontrol/HDD/Datasets/THINGS/images_THINGS/object_images/tarantula/tarantula_12s.jpg	True	True	2	515717	1780487161337.000	easy_marker_manifest_order_min_gap_5s	pass	False		True	22.940039	pass
P05	Alper_03062026	lab_data/P05/Alper_03062026_EEG_recon_2026-06-03_13h00.00.076_image_mapping.json	53	3	13	1006	cardinal	images_THINGS/object_images/cardinal/cardinal_02s.jpg	/media/psycontrol/HDD/Datasets/THINGS/images_THINGS/object_images/cardinal/cardinal_02s.jpg	True	True	2	518631	1780487167165.000	easy_marker_manifest_order_min_gap_5s	pass	False		True	17.320417	pass
P05	Alper_03062026	lab_data/P05/Alper_03062026_EEG_recon_2026-06-03_13h00.00.076_image_mapping.json	54	3	14	1097	sandwich	images_THINGS/object_images/sandwich/sandwich_06s.jpg	/media/psycontrol/HDD/Datasets/THINGS/images_THINGS/object_images/sandwich/sandwich_06s.jpg	True	False	1	521543	1780487172990.000	easy_marker_manifest_order_min_gap_5s	pass	False		True	52.785770	pass
P05	Alper_03062026	lab_data/P05/Alper_03062026_EEG_recon_2026-06-03_13h00.00.076_image_mapping.json	55	3	15	1090	garlic	images_THINGS/object_images/garlic/garlic_11s.jpg	/media/psycontrol/HDD/Datasets/THINGS/images_THINGS/object_images/garlic/garlic_11s.jpg	True	False	1	524498	1780487178900.000	easy_marker_manifest_order_min_gap_5s	pass	False		True	27.070866	pass
P05	Alper_03062026	lab_data/P05/Alper_03062026_EEG_recon_2026-06-03_13h00.00.076_image_mapping.json	56	3	16	1101	boat	images_THINGS/object_images/boat/boat_08s.jpg	/media/psycontrol/HDD/Datasets/THINGS/images_THINGS/object_images/boat/boat_08s.jpg	True	False	1	527568	1780487185040.000	easy_marker_manifest_order_min_gap_5s	pass	False		True	21.434113	pass
P05	Alper_03062026	lab_data/P05/Alper_03062026_EEG_recon_2026-06-03_13h00.00.076_image_mapping.json	57	3	17	1132	polar_bear	images_THINGS/object_images/polar_bear/polar_bear_18s.jpg	/media/psycontrol/HDD/Datasets/THINGS/images_THINGS/object_images/polar_bear/polar_bear_18s.jpg	True	True	2	530460	1780487190824.000	easy_marker_manifest_order_min_gap_5s	pass	False		True	140.506775	pass
P05	Alper_03062026	lab_data/P05/Alper_03062026_EEG_recon_2026-06-03_13h00.00.076_image_mapping.json	58	3	18	1047	drawer	images_THINGS/object_images/drawer/drawer_04s.jpg	/media/psycontrol/HDD/Datasets/THINGS/images_THINGS/object_images/drawer/drawer_04s.jpg	True	False	1	533516	1780487196936.000	easy_marker_manifest_order_min_gap_5s	pass	False		True	74.007271	pass
P05	Alper_03062026	lab_data/P05/Alper_03062026_EEG_recon_2026-06-03_13h00.00.076_image_mapping.json	59	3	19	1026	asparagus	images_THINGS/object_images/asparagus/asparagus_12s.jpg	/media/psycontrol/HDD/Datasets/THINGS/images_THINGS/object_images/asparagus/asparagus_12s.jpg	True	False	1	536407	1780487202719.000	easy_marker_manifest_order_min_gap_5s	pass	False		True	24.853212	pass
P05	Alper_03062026	lab_data/P05/Alper_03062026_EEG_recon_2026-06-03_13h00.00.076_image_mapping.json	60	3	20	1046	tiramisu	images_THINGS/object_images/tiramisu/tiramisu_12s.jpg	/media/psycontrol/HDD/Datasets/THINGS/images_THINGS/object_images/tiramisu/tiramisu_12s.jpg	True	False	2	539421	1780487208747.000	easy_marker_manifest_order_min_gap_5s	pass	False		True	24.299740	pass
P05	Alper_03062026	lab_data/P05/Alper_03062026_EEG_recon_2026-06-03_13h00.00.076_image_mapping.json	61	4	1	1110	jet	images_THINGS/object_images/jet/jet_04s.jpg	/media/psycontrol/HDD/Datasets/THINGS/images_THINGS/object_images/jet/jet_04s.jpg	True	True	2	591652	1780487313213.000	easy_marker_manifest_order_min_gap_5s	pass	False		True	20.429041	pass
P05	Alper_03062026	lab_data/P05/Alper_03062026_EEG_recon_2026-06-03_13h00.00.076_image_mapping.json	62	4	2	1149	mole	images_THINGS/object_images/mole/mole_09s.jpg	/media/psycontrol/HDD/Datasets/THINGS/images_THINGS/object_images/mole/mole_09s.jpg	True	False	1	594572	1780487319053.000	easy_marker_manifest_order_min_gap_5s	pass	False		True	88.034081	pass
P05	Alper_03062026	lab_data/P05/Alper_03062026_EEG_recon_2026-06-03_13h00.00.076_image_mapping.json	63	4	3	1023	wolf	images_THINGS/object_images/wolf/wolf_12n.jpg	/media/psycontrol/HDD/Datasets/THINGS/images_THINGS/object_images/wolf/wolf_12n.jpg	True	False	2	597677	1780487325263.000	easy_marker_manifest_order_min_gap_5s	pass	False		True	14.689841	pass
P05	Alper_03062026	lab_data/P05/Alper_03062026_EEG_recon_2026-06-03_13h00.00.076_image_mapping.json	64	4	4	1125	sundae	images_THINGS/object_images/sundae/sundae_09s.jpg	/media/psycontrol/HDD/Datasets/THINGS/images_THINGS/object_images/sundae/sundae_09s.jpg	True	False	2	600552	1780487331013.000	easy_marker_manifest_order_min_gap_5s	pass	False		True	72.755699	pass
P05	Alper_03062026	lab_data/P05/Alper_03062026_EEG_recon_2026-06-03_13h00.00.076_image_mapping.json	65	4	5	1037	steamroller	images_THINGS/object_images/steamroller/steamroller_11n.jpg	/media/psycontrol/HDD/Datasets/THINGS/images_THINGS/object_images/steamroller/steamroller_11n.jpg	True	False	1	603461	1780487336831.000	easy_marker_manifest_order_min_gap_5s	pass	False		True	84.473557	pass
P05	Alper_03062026	lab_data/P05/Alper_03062026_EEG_recon_2026-06-03_13h00.00.076_image_mapping.json	66	4	6	1120	owl	images_THINGS/object_images/owl/owl_19s.jpg	/media/psycontrol/HDD/Datasets/THINGS/images_THINGS/object_images/owl/owl_19s.jpg	True	False	2	606527	1780487342964.000	easy_marker_manifest_order_min_gap_5s	pass	False		True	19.328350	pass
P05	Alper_03062026	lab_data/P05/Alper_03062026_EEG_recon_2026-06-03_13h00.00.076_image_mapping.json	67	4	7	1015	moose	images_THINGS/object_images/moose/moose_02s.jpg	/media/psycontrol/HDD/Datasets/THINGS/images_THINGS/object_images/moose/moose_02s.jpg	True	True	2	609537	1780487348984.000	easy_marker_manifest_order_min_gap_5s	pass	False		True	60.942383	pass
P05	Alper_03062026	lab_data/P05/Alper_03062026_EEG_recon_2026-06-03_13h00.00.076_image_mapping.json	68	4	8	1121	sunglasses	images_THINGS/object_images/sunglasses/sunglasses_06s.jpg	/media/psycontrol/HDD/Datasets/THINGS/images_THINGS/object_images/sunglasses/sunglasses_06s.jpg	True	True	2	612634	1780487355178.000	easy_marker_manifest_order_min_gap_5s	pass	False		True	19.239799	pass
P05	Alper_03062026	lab_data/P05/Alper_03062026_EEG_recon_2026-06-03_13h00.00.076_image_mapping.json	69	4	9	1049	rat	images_THINGS/object_images/rat/rat_04s.jpg	/media/psycontrol/HDD/Datasets/THINGS/images_THINGS/object_images/rat/rat_04s.jpg	True	False	1	615562	1780487361034.000	easy_marker_manifest_order_min_gap_5s	pass	False		True	21.775133	pass
P05	Alper_03062026	lab_data/P05/Alper_03062026_EEG_recon_2026-06-03_13h00.00.076_image_mapping.json	70	4	10	1032	pants	images_THINGS/object_images/pants/pants_01b.jpg	/media/psycontrol/HDD/Datasets/THINGS/images_THINGS/object_images/pants/pants_01b.jpg	True	False	1	618457	1780487366824.000	easy_marker_manifest_order_min_gap_5s	pass	False		True	83.293564	pass
P05	Alper_03062026	lab_data/P05/Alper_03062026_EEG_recon_2026-06-03_13h00.00.076_image_mapping.json	71	4	11	1063	car	images_THINGS/object_images/car/car_12s.jpg	/media/psycontrol/HDD/Datasets/THINGS/images_THINGS/object_images/car/car_12s.jpg	True	False	1	621481	1780487372873.000	easy_marker_manifest_order_min_gap_5s	pass	False		True	85.350838	pass
P05	Alper_03062026	lab_data/P05/Alper_03062026_EEG_recon_2026-06-03_13h00.00.076_image_mapping.json	72	4	12	1118	candy_bar	images_THINGS/object_images/candy_bar/candy_bar_09s.jpg	/media/psycontrol/HDD/Datasets/THINGS/images_THINGS/object_images/candy_bar/candy_bar_09s.jpg	True	True	2	624547	1780487379005.000	easy_marker_manifest_order_min_gap_5s	pass	False		True	77.159325	pass
P05	Alper_03062026	lab_data/P05/Alper_03062026_EEG_recon_2026-06-03_13h00.00.076_image_mapping.json	73	4	13	1092	bunkbed	images_THINGS/object_images/bunkbed/bunkbed_02s.jpg	/media/psycontrol/HDD/Datasets/THINGS/images_THINGS/object_images/bunkbed/bunkbed_02s.jpg	True	True	2	627439	1780487384789.000	easy_marker_manifest_order_min_gap_5s	pass	False		True	15.927835	pass
P05	Alper_03062026	lab_data/P05/Alper_03062026_EEG_recon_2026-06-03_13h00.00.076_image_mapping.json	74	4	14	1038	cupcake	images_THINGS/object_images/cupcake/cupcake_07s.jpg	/media/psycontrol/HDD/Datasets/THINGS/images_THINGS/object_images/cupcake/cupcake_07s.jpg	True	False	1	630363	1780487390637.000	easy_marker_manifest_order_min_gap_5s	pass	False		True	22.625820	pass
P05	Alper_03062026	lab_data/P05/Alper_03062026_EEG_recon_2026-06-03_13h00.00.076_image_mapping.json	75	4	15	1061	taco	images_THINGS/object_images/taco/taco_06n.jpg	/media/psycontrol/HDD/Datasets/THINGS/images_THINGS/object_images/taco/taco_06n.jpg	True	False	2	633432	1780487396776.000	easy_marker_manifest_order_min_gap_5s	pass	False		True	61.852585	pass
P05	Alper_03062026	lab_data/P05/Alper_03062026_EEG_recon_2026-06-03_13h00.00.076_image_mapping.json	76	4	16	1130	showerhead	images_THINGS/object_images/showerhead/showerhead_05s.jpg	/media/psycontrol/HDD/Datasets/THINGS/images_THINGS/object_images/showerhead/showerhead_05s.jpg	True	False	2	636401	1780487402714.000	easy_marker_manifest_order_min_gap_5s	pass	False		True	21.220013	pass
P05	Alper_03062026	lab_data/P05/Alper_03062026_EEG_recon_2026-06-03_13h00.00.076_image_mapping.json	77	4	17	1143	mango	images_THINGS/object_images/mango/mango_16s.jpg	/media/psycontrol/HDD/Datasets/THINGS/images_THINGS/object_images/mango/mango_16s.jpg	True	False	2	639331	1780487408574.000	easy_marker_manifest_order_min_gap_5s	pass	False		True	61.849506	pass
P05	Alper_03062026	lab_data/P05/Alper_03062026_EEG_recon_2026-06-03_13h00.00.076_image_mapping.json	78	4	18	1123	sorbet	images_THINGS/object_images/sorbet/sorbet_05s.jpg	/media/psycontrol/HDD/Datasets/THINGS/images_THINGS/object_images/sorbet/sorbet_05s.jpg	True	False	1	642415	1780487414742.000	easy_marker_manifest_order_min_gap_5s	pass	False		True	77.287819	pass
P05	Alper_03062026	lab_data/P05/Alper_03062026_EEG_recon_2026-06-03_13h00.00.076_image_mapping.json	79	4	19	1013	banana	images_THINGS/object_images/banana/banana_13s.jpg	/media/psycontrol/HDD/Datasets/THINGS/images_THINGS/object_images/banana/banana_13s.jpg	True	False	1	645463	1780487420838.000	easy_marker_manifest_order_min_gap_5s	pass	False		True	27.638302	pass
P05	Alper_03062026	lab_data/P05/Alper_03062026_EEG_recon_2026-06-03_13h00.00.076_image_mapping.json	80	4	20	1139	earwig	images_THINGS/object_images/earwig/earwig_09s.jpg	/media/psycontrol/HDD/Datasets/THINGS/images_THINGS/object_images/earwig/earwig_09s.jpg	True	False	1	648331	1780487426575.000	easy_marker_manifest_order_min_gap_5s	pass	False		True	16.651205	pass
P05	Alper_03062026	lab_data/P05/Alper_03062026_EEG_recon_2026-06-03_13h00.00.076_image_mapping.json	81	5	1	1079	puppy	images_THINGS/object_images/puppy/puppy_12s.jpg	/media/psycontrol/HDD/Datasets/THINGS/images_THINGS/object_images/puppy/puppy_12s.jpg	True	False	1	658845	1780487447603.000	easy_marker_manifest_order_min_gap_5s	pass	False		True	90.821793	pass
P05	Alper_03062026	lab_data/P05/Alper_03062026_EEG_recon_2026-06-03_13h00.00.076_image_mapping.json	82	5	2	1082	necklace	images_THINGS/object_images/necklace/necklace_11s.jpg	/media/psycontrol/HDD/Datasets/THINGS/images_THINGS/object_images/necklace/necklace_11s.jpg	True	False	2	661900	1780487453714.000	easy_marker_manifest_order_min_gap_5s	pass	False		True	89.153900	pass
P05	Alper_03062026	lab_data/P05/Alper_03062026_EEG_recon_2026-06-03_13h00.00.076_image_mapping.json	83	5	3	1131	eel	images_THINGS/object_images/eel/eel_09s.jpg	/media/psycontrol/HDD/Datasets/THINGS/images_THINGS/object_images/eel/eel_09s.jpg	True	False	1	664855	1780487459624.000	easy_marker_manifest_order_min_gap_5s	pass	False		True	20.766632	pass
P05	Alper_03062026	lab_data/P05/Alper_03062026_EEG_recon_2026-06-03_13h00.00.076_image_mapping.json	84	5	4	1143	mango	images_THINGS/object_images/mango/mango_16s.jpg	/media/psycontrol/HDD/Datasets/THINGS/images_THINGS/object_images/mango/mango_16s.jpg	True	True	2	667834	1780487465582.000	easy_marker_manifest_order_min_gap_5s	pass	False		True	76.774857	pass
P05	Alper_03062026	lab_data/P05/Alper_03062026_EEG_recon_2026-06-03_13h00.00.076_image_mapping.json	85	5	5	1109	wasp	images_THINGS/object_images/wasp/wasp_09n.jpg	/media/psycontrol/HDD/Datasets/THINGS/images_THINGS/object_images/wasp/wasp_09n.jpg	True	False	1	670921	1780487471756.000	easy_marker_manifest_order_min_gap_5s	pass	False		True	22.773874	pass
P05	Alper_03062026	lab_data/P05/Alper_03062026_EEG_recon_2026-06-03_13h00.00.076_image_mapping.json	86	5	6	1046	tiramisu	images_THINGS/object_images/tiramisu/tiramisu_12s.jpg	/media/psycontrol/HDD/Datasets/THINGS/images_THINGS/object_images/tiramisu/tiramisu_12s.jpg	True	True	2	673813	1780487477540.000	easy_marker_manifest_order_min_gap_5s	pass	False		True	28.952097	pass
P05	Alper_03062026	lab_data/P05/Alper_03062026_EEG_recon_2026-06-03_13h00.00.076_image_mapping.json	87	5	7	1133	cockatoo	images_THINGS/object_images/cockatoo/cockatoo_04s.jpg	/media/psycontrol/HDD/Datasets/THINGS/images_THINGS/object_images/cockatoo/cockatoo_04s.jpg	True	False	1	676875	1780487483665.000	easy_marker_manifest_order_min_gap_5s	pass	False		True	17.791115	pass
P05	Alper_03062026	lab_data/P05/Alper_03062026_EEG_recon_2026-06-03_13h00.00.076_image_mapping.json	88	5	8	1002	pea	images_THINGS/object_images/pea/pea_10s.jpg	/media/psycontrol/HDD/Datasets/THINGS/images_THINGS/object_images/pea/pea_10s.jpg	True	False	1	679820	1780487489555.000	easy_marker_manifest_order_min_gap_5s	pass	False		True	18.473866	pass
P05	Alper_03062026	lab_data/P05/Alper_03062026_EEG_recon_2026-06-03_13h00.00.076_image_mapping.json	89	5	9	1135	pony	images_THINGS/object_images/pony/pony_01b.jpg	/media/psycontrol/HDD/Datasets/THINGS/images_THINGS/object_images/pony/pony_01b.jpg	True	False	1	682809	1780487495533.000	easy_marker_manifest_order_min_gap_5s	pass	False		True	25.502064	pass
P05	Alper_03062026	lab_data/P05/Alper_03062026_EEG_recon_2026-06-03_13h00.00.076_image_mapping.json	90	5	10	1125	sundae	images_THINGS/object_images/sundae/sundae_09s.jpg	/media/psycontrol/HDD/Datasets/THINGS/images_THINGS/object_images/sundae/sundae_09s.jpg	True	True	2	685841	1780487501597.000	easy_marker_manifest_order_min_gap_5s	pass	False		True	69.711967	pass
P05	Alper_03062026	lab_data/P05/Alper_03062026_EEG_recon_2026-06-03_13h00.00.076_image_mapping.json	91	5	11	1124	nightshirt	images_THINGS/object_images/nightshirt/nightshirt_11s.jpg	/media/psycontrol/HDD/Datasets/THINGS/images_THINGS/object_images/nightshirt/nightshirt_11s.jpg	True	True	2	688750	1780487507416.000	easy_marker_manifest_order_min_gap_5s	pass	False		True	28.017000	pass
P05	Alper_03062026	lab_data/P05/Alper_03062026_EEG_recon_2026-06-03_13h00.00.076_image_mapping.json	92	5	12	1140	kayak	images_THINGS/object_images/kayak/kayak_04s.jpg	/media/psycontrol/HDD/Datasets/THINGS/images_THINGS/object_images/kayak/kayak_04s.jpg	True	False	1	691653	1780487513222.000	easy_marker_manifest_order_min_gap_5s	pass	False		True	51.247757	pass
P05	Alper_03062026	lab_data/P05/Alper_03062026_EEG_recon_2026-06-03_13h00.00.076_image_mapping.json	93	5	13	1059	zucchini	images_THINGS/object_images/zucchini/zucchini_02s.jpg	/media/psycontrol/HDD/Datasets/THINGS/images_THINGS/object_images/zucchini/zucchini_02s.jpg	True	False	2	694556	1780487519028.000	easy_marker_manifest_order_min_gap_5s	pass	False		True	55.703594	pass
P05	Alper_03062026	lab_data/P05/Alper_03062026_EEG_recon_2026-06-03_13h00.00.076_image_mapping.json	94	5	14	1040	panda	images_THINGS/object_images/panda/panda_01b.jpg	/media/psycontrol/HDD/Datasets/THINGS/images_THINGS/object_images/panda/panda_01b.jpg	True	False	1	697639	1780487525194.000	easy_marker_manifest_order_min_gap_5s	pass	False		True	82.132751	pass
P05	Alper_03062026	lab_data/P05/Alper_03062026_EEG_recon_2026-06-03_13h00.00.076_image_mapping.json	95	5	15	1061	taco	images_THINGS/object_images/taco/taco_06n.jpg	/media/psycontrol/HDD/Datasets/THINGS/images_THINGS/object_images/taco/taco_06n.jpg	True	True	2	700584	1780487531084.000	easy_marker_manifest_order_min_gap_5s	pass	False		True	74.049988	pass
P05	Alper_03062026	lab_data/P05/Alper_03062026_EEG_recon_2026-06-03_13h00.00.076_image_mapping.json	96	5	16	1107	omelet	images_THINGS/object_images/omelet/omelet_06s.jpg	/media/psycontrol/HDD/Datasets/THINGS/images_THINGS/object_images/omelet/omelet_06s.jpg	True	False	1	703621	1780487537159.000	easy_marker_manifest_order_min_gap_5s	pass	False		True	74.009964	pass
P05	Alper_03062026	lab_data/P05/Alper_03062026_EEG_recon_2026-06-03_13h00.00.076_image_mapping.json	97	5	17	1086	pasta	images_THINGS/object_images/pasta/pasta_12s.jpg	/media/psycontrol/HDD/Datasets/THINGS/images_THINGS/object_images/pasta/pasta_12s.jpg	True	False	1	706701	1780487543319.000	easy_marker_manifest_order_min_gap_5s	pass	False		True	105.719986	pass
P05	Alper_03062026	lab_data/P05/Alper_03062026_EEG_recon_2026-06-03_13h00.00.076_image_mapping.json	98	5	18	1010	pineapple	images_THINGS/object_images/pineapple/pineapple_08s.jpg	/media/psycontrol/HDD/Datasets/THINGS/images_THINGS/object_images/pineapple/pineapple_08s.jpg	True	False	1	709718	1780487549353.000	easy_marker_manifest_order_min_gap_5s	pass	False		True	24.230749	pass
P05	Alper_03062026	lab_data/P05/Alper_03062026_EEG_recon_2026-06-03_13h00.00.076_image_mapping.json	99	5	19	1127	space_shuttle	images_THINGS/object_images/space_shuttle/space_shuttle_12s.jpg	/media/psycontrol/HDD/Datasets/THINGS/images_THINGS/object_images/space_shuttle/space_shuttle_12s.jpg	True	False	1	712618	1780487555153.000	easy_marker_manifest_order_min_gap_5s	pass	False		True	29.492260	pass
P05	Alper_03062026	lab_data/P05/Alper_03062026_EEG_recon_2026-06-03_13h00.00.076_image_mapping.json	100	5	20	1155	kale	images_THINGS/object_images/kale/kale_01b.jpg	/media/psycontrol/HDD/Datasets/THINGS/images_THINGS/object_images/kale/kale_01b.jpg	True	False	1	715534	1780487560985.000	easy_marker_manifest_order_min_gap_5s	pass	False		True	132.778778	pass
P05	Alper_03062026	lab_data/P05/Alper_03062026_EEG_recon_2026-06-03_13h00.00.076_image_mapping.json	101	6	1	1152	speedboat	images_THINGS/object_images/speedboat/speedboat_06s.jpg	/media/psycontrol/HDD/Datasets/THINGS/images_THINGS/object_images/speedboat/speedboat_06s.jpg	True	False	1	726433	1780487582784.000	easy_marker_manifest_order_min_gap_5s	pass	False		True	66.027252	pass
P05	Alper_03062026	lab_data/P05/Alper_03062026_EEG_recon_2026-06-03_13h00.00.076_image_mapping.json	102	6	2	1008	keyboard	images_THINGS/object_images/keyboard/keyboard_13s.jpg	/media/psycontrol/HDD/Datasets/THINGS/images_THINGS/object_images/keyboard/keyboard_13s.jpg	True	False	1	729482	1780487588882.000	easy_marker_manifest_order_min_gap_5s	pass	False		True	22.153111	pass
P05	Alper_03062026	lab_data/P05/Alper_03062026_EEG_recon_2026-06-03_13h00.00.076_image_mapping.json	103	6	3	1042	eagle	images_THINGS/object_images/eagle/eagle_08s.jpg	/media/psycontrol/HDD/Datasets/THINGS/images_THINGS/object_images/eagle/eagle_08s.jpg	True	False	1	732540	1780487594999.000	easy_marker_manifest_order_min_gap_5s	pass	False		True	75.389381	pass
P05	Alper_03062026	lab_data/P05/Alper_03062026_EEG_recon_2026-06-03_13h00.00.076_image_mapping.json	104	6	4	1028	meatball	images_THINGS/object_images/meatball/meatball_04s.jpg	/media/psycontrol/HDD/Datasets/THINGS/images_THINGS/object_images/meatball/meatball_04s.jpg	True	False	1	735610	1780487601139.000	easy_marker_manifest_order_min_gap_5s	pass	False		True	98.966827	pass
P05	Alper_03062026	lab_data/P05/Alper_03062026_EEG_recon_2026-06-03_13h00.00.076_image_mapping.json	105	6	5	1062	antelope	images_THINGS/object_images/antelope/antelope_12n.jpg	/media/psycontrol/HDD/Datasets/THINGS/images_THINGS/object_images/antelope/antelope_12n.jpg	True	True	2	738634	1780487607187.000	easy_marker_manifest_order_min_gap_5s	pass	False		True	78.440353	pass
P05	Alper_03062026	lab_data/P05/Alper_03062026_EEG_recon_2026-06-03_13h00.00.076_image_mapping.json	106	6	6	1085	frog	images_THINGS/object_images/frog/frog_09s.jpg	/media/psycontrol/HDD/Datasets/THINGS/images_THINGS/object_images/frog/frog_09s.jpg	True	False	1	741672	1780487613263.000	easy_marker_manifest_order_min_gap_5s	pass	False		True	28.093018	pass
P05	Alper_03062026	lab_data/P05/Alper_03062026_EEG_recon_2026-06-03_13h00.00.076_image_mapping.json	107	6	7	1074	cobra	images_THINGS/object_images/cobra/cobra_07s.jpg	/media/psycontrol/HDD/Datasets/THINGS/images_THINGS/object_images/cobra/cobra_07s.jpg	True	False	1	744675	1780487619270.000	easy_marker_manifest_order_min_gap_5s	pass	False		True	20.475199	pass
P05	Alper_03062026	lab_data/P05/Alper_03062026_EEG_recon_2026-06-03_13h00.00.076_image_mapping.json	108	6	8	1103	blazer	images_THINGS/object_images/blazer/blazer_05s.jpg	/media/psycontrol/HDD/Datasets/THINGS/images_THINGS/object_images/blazer/blazer_05s.jpg	True	False	1	747780	1780487625480.000	easy_marker_manifest_order_min_gap_5s	pass	False		True	20.517014	pass
P05	Alper_03062026	lab_data/P05/Alper_03062026_EEG_recon_2026-06-03_13h00.00.076_image_mapping.json	109	6	9	1017	carrot	images_THINGS/object_images/carrot/carrot_01b.jpg	/media/psycontrol/HDD/Datasets/THINGS/images_THINGS/object_images/carrot/carrot_01b.jpg	True	False	1	750894	1780487631708.000	easy_marker_manifest_order_min_gap_5s	pass	False		True	21.695263	pass
P05	Alper_03062026	lab_data/P05/Alper_03062026_EEG_recon_2026-06-03_13h00.00.076_image_mapping.json	110	6	10	1126	helicopter	images_THINGS/object_images/helicopter/helicopter_20s.jpg	/media/psycontrol/HDD/Datasets/THINGS/images_THINGS/object_images/helicopter/helicopter_20s.jpg	True	False	2	753811	1780487637542.000	easy_marker_manifest_order_min_gap_5s	pass	False		True	31.662485	pass
P05	Alper_03062026	lab_data/P05/Alper_03062026_EEG_recon_2026-06-03_13h00.00.076_image_mapping.json	111	6	11	1106	swordfish	images_THINGS/object_images/swordfish/swordfish_07s.jpg	/media/psycontrol/HDD/Datasets/THINGS/images_THINGS/object_images/swordfish/swordfish_07s.jpg	True	False	1	756755	1780487643430.000	easy_marker_manifest_order_min_gap_5s	pass	False		True	94.967896	pass
P05	Alper_03062026	lab_data/P05/Alper_03062026_EEG_recon_2026-06-03_13h00.00.076_image_mapping.json	112	6	12	1068	radio	images_THINGS/object_images/radio/radio_04s.jpg	/media/psycontrol/HDD/Datasets/THINGS/images_THINGS/object_images/radio/radio_04s.jpg	True	False	1	759755	1780487649431.000	easy_marker_manifest_order_min_gap_5s	pass	False		True	75.587982	pass
P05	Alper_03062026	lab_data/P05/Alper_03062026_EEG_recon_2026-06-03_13h00.00.076_image_mapping.json	113	6	13	1100	champagne	images_THINGS/object_images/champagne/champagne_01b.jpg	/media/psycontrol/HDD/Datasets/THINGS/images_THINGS/object_images/champagne/champagne_01b.jpg	True	False	1	762633	1780487655187.000	easy_marker_manifest_order_min_gap_5s	pass	False		True	81.364937	pass
P05	Alper_03062026	lab_data/P05/Alper_03062026_EEG_recon_2026-06-03_13h00.00.076_image_mapping.json	114	6	14	1084	cheetah	images_THINGS/object_images/cheetah/cheetah_06s.jpg	/media/psycontrol/HDD/Datasets/THINGS/images_THINGS/object_images/cheetah/cheetah_06s.jpg	True	False	2	765717	1780487661355.000	easy_marker_manifest_order_min_gap_5s	pass	False		True	37.196541	pass
P05	Alper_03062026	lab_data/P05/Alper_03062026_EEG_recon_2026-06-03_13h00.00.076_image_mapping.json	115	6	15	1120	owl	images_THINGS/object_images/owl/owl_19s.jpg	/media/psycontrol/HDD/Datasets/THINGS/images_THINGS/object_images/owl/owl_19s.jpg	True	True	2	768640	1780487667201.000	easy_marker_manifest_order_min_gap_5s	pass	False		True	82.552727	pass
P05	Alper_03062026	lab_data/P05/Alper_03062026_EEG_recon_2026-06-03_13h00.00.076_image_mapping.json	116	6	16	1129	workbench	images_THINGS/object_images/workbench/workbench_07s.jpg	/media/psycontrol/HDD/Datasets/THINGS/images_THINGS/object_images/workbench/workbench_07s.jpg	True	False	2	771699	1780487673319.000	easy_marker_manifest_order_min_gap_5s	pass	False		True	28.462322	pass
P05	Alper_03062026	lab_data/P05/Alper_03062026_EEG_recon_2026-06-03_13h00.00.076_image_mapping.json	117	6	17	1053	reindeer	images_THINGS/object_images/reindeer/reindeer_14s.jpg	/media/psycontrol/HDD/Datasets/THINGS/images_THINGS/object_images/reindeer/reindeer_14s.jpg	True	True	2	774734	1780487679390.000	easy_marker_manifest_order_min_gap_5s	pass	False		True	37.243107	pass
P05	Alper_03062026	lab_data/P05/Alper_03062026_EEG_recon_2026-06-03_13h00.00.076_image_mapping.json	118	6	18	1039	sailboat	images_THINGS/object_images/sailboat/sailboat_07s.jpg	/media/psycontrol/HDD/Datasets/THINGS/images_THINGS/object_images/sailboat/sailboat_07s.jpg	True	False	1	777709	1780487685340.000	easy_marker_manifest_order_min_gap_5s	pass	False		True	80.849075	pass
P05	Alper_03062026	lab_data/P05/Alper_03062026_EEG_recon_2026-06-03_13h00.00.076_image_mapping.json	119	6	19	1111	creme_brulee	images_THINGS/object_images/creme_brulee/creme_brulee_01b.jpg	/media/psycontrol/HDD/Datasets/THINGS/images_THINGS/object_images/creme_brulee/creme_brulee_01b.jpg	True	False	1	780685	1780487691292.000	easy_marker_manifest_order_min_gap_5s	pass	False		True	71.354042	pass
P05	Alper_03062026	lab_data/P05/Alper_03062026_EEG_recon_2026-06-03_13h00.00.076_image_mapping.json	120	6	20	1012	burrito	images_THINGS/object_images/burrito/burrito_07s.jpg	/media/psycontrol/HDD/Datasets/THINGS/images_THINGS/object_images/burrito/burrito_07s.jpg	True	True	2	783619	1780487697160.000	easy_marker_manifest_order_min_gap_5s	pass	False		True	85.988091	pass
P05	Alper_03062026	lab_data/P05/Alper_03062026_EEG_recon_2026-06-03_13h00.00.076_image_mapping.json	121	7	1	1067	taffy	images_THINGS/object_images/taffy/taffy_11s.jpg	/media/psycontrol/HDD/Datasets/THINGS/images_THINGS/object_images/taffy/taffy_11s.jpg	True	False	1	793934	1780487717791.000	easy_marker_manifest_order_min_gap_5s	pass	False		True	29.584864	pass
P05	Alper_03062026	lab_data/P05/Alper_03062026_EEG_recon_2026-06-03_13h00.00.076_image_mapping.json	122	7	2	1084	cheetah	images_THINGS/object_images/cheetah/cheetah_06s.jpg	/media/psycontrol/HDD/Datasets/THINGS/images_THINGS/object_images/cheetah/cheetah_06s.jpg	True	True	2	796938	1780487723799.000	easy_marker_manifest_order_min_gap_5s	pass	False		True	88.674271	pass
P05	Alper_03062026	lab_data/P05/Alper_03062026_EEG_recon_2026-06-03_13h00.00.076_image_mapping.json	123	7	3	1082	necklace	images_THINGS/object_images/necklace/necklace_11s.jpg	/media/psycontrol/HDD/Datasets/THINGS/images_THINGS/object_images/necklace/necklace_11s.jpg	True	True	2	799806	1780487729535.000	easy_marker_manifest_order_min_gap_5s	pass	False		True	87.182594	pass
P05	Alper_03062026	lab_data/P05/Alper_03062026_EEG_recon_2026-06-03_13h00.00.076_image_mapping.json	124	7	4	1051	yacht	images_THINGS/object_images/yacht/yacht_05s.jpg	/media/psycontrol/HDD/Datasets/THINGS/images_THINGS/object_images/yacht/yacht_05s.jpg	True	False	2	802878	1780487735680.000	easy_marker_manifest_order_min_gap_5s	pass	False		True	24.383360	pass
P05	Alper_03062026	lab_data/P05/Alper_03062026_EEG_recon_2026-06-03_13h00.00.076_image_mapping.json	125	7	5	1091	kitten	images_THINGS/object_images/kitten/kitten_09s.jpg	/media/psycontrol/HDD/Datasets/THINGS/images_THINGS/object_images/kitten/kitten_09s.jpg	True	False	1	805788	1780487741500.000	easy_marker_manifest_order_min_gap_5s	pass	False		True	78.600861	pass
P05	Alper_03062026	lab_data/P05/Alper_03062026_EEG_recon_2026-06-03_13h00.00.076_image_mapping.json	126	7	6	1081	police_car	images_THINGS/object_images/police_car/police_car_14s.jpg	/media/psycontrol/HDD/Datasets/THINGS/images_THINGS/object_images/police_car/police_car_14s.jpg	True	False	1	808771	1780487747466.000	easy_marker_manifest_order_min_gap_5s	pass	False		True	14.868910	pass
P05	Alper_03062026	lab_data/P05/Alper_03062026_EEG_recon_2026-06-03_13h00.00.076_image_mapping.json	127	7	7	1154	chandelier	images_THINGS/object_images/chandelier/chandelier_10s.jpg	/media/psycontrol/HDD/Datasets/THINGS/images_THINGS/object_images/chandelier/chandelier_10s.jpg	True	False	1	811837	1780487753598.000	easy_marker_manifest_order_min_gap_5s	pass	False		True	93.181541	pass
P05	Alper_03062026	lab_data/P05/Alper_03062026_EEG_recon_2026-06-03_13h00.00.076_image_mapping.json	128	7	8	1087	bathrobe	images_THINGS/object_images/bathrobe/bathrobe_12s.jpg	/media/psycontrol/HDD/Datasets/THINGS/images_THINGS/object_images/bathrobe/bathrobe_12s.jpg	True	False	1	814941	1780487759807.000	easy_marker_manifest_order_min_gap_5s	pass	False		True	91.539207	pass
P05	Alper_03062026	lab_data/P05/Alper_03062026_EEG_recon_2026-06-03_13h00.00.076_image_mapping.json	129	7	9	1065	cabinet	images_THINGS/object_images/cabinet/cabinet_07s.jpg	/media/psycontrol/HDD/Datasets/THINGS/images_THINGS/object_images/cabinet/cabinet_07s.jpg	True	False	1	818052	1780487766029.000	easy_marker_manifest_order_min_gap_5s	pass	False		True	41.849796	pass
P05	Alper_03062026	lab_data/P05/Alper_03062026_EEG_recon_2026-06-03_13h00.00.076_image_mapping.json	130	7	10	1114	spinach	images_THINGS/object_images/spinach/spinach_09s.jpg	/media/psycontrol/HDD/Datasets/THINGS/images_THINGS/object_images/spinach/spinach_09s.jpg	True	False	1	820920	1780487771765.000	easy_marker_manifest_order_min_gap_5s	pass	False		True	53.099361	pass
P05	Alper_03062026	lab_data/P05/Alper_03062026_EEG_recon_2026-06-03_13h00.00.076_image_mapping.json	131	7	11	1138	ping-pong_table	images_THINGS/object_images/ping-pong_table/ping-pong_table_10s.jpg	/media/psycontrol/HDD/Datasets/THINGS/images_THINGS/object_images/ping-pong_table/ping-pong_table_10s.jpg	True	False	1	823958	1780487777841.000	easy_marker_manifest_order_min_gap_5s	pass	False		True	19.513411	pass
P05	Alper_03062026	lab_data/P05/Alper_03062026_EEG_recon_2026-06-03_13h00.00.076_image_mapping.json	132	7	12	1113	firetruck	images_THINGS/object_images/firetruck/firetruck_04s.jpg	/media/psycontrol/HDD/Datasets/THINGS/images_THINGS/object_images/firetruck/firetruck_04s.jpg	True	False	1	826968	1780487783861.000	easy_marker_manifest_order_min_gap_5s	pass	False		True	82.820862	pass
P05	Alper_03062026	lab_data/P05/Alper_03062026_EEG_recon_2026-06-03_13h00.00.076_image_mapping.json	133	7	13	1021	tea	images_THINGS/object_images/tea/tea_10s.jpg	/media/psycontrol/HDD/Datasets/THINGS/images_THINGS/object_images/tea/tea_10s.jpg	True	False	1	829985	1780487789896.000	easy_marker_manifest_order_min_gap_5s	pass	False		True	32.136738	pass
P05	Alper_03062026	lab_data/P05/Alper_03062026_EEG_recon_2026-06-03_13h00.00.076_image_mapping.json	134	7	14	1023	wolf	images_THINGS/object_images/wolf/wolf_12n.jpg	/media/psycontrol/HDD/Datasets/THINGS/images_THINGS/object_images/wolf/wolf_12n.jpg	True	True	2	832888	1780487795702.000	easy_marker_manifest_order_min_gap_5s	pass	False		True	83.029114	pass
P05	Alper_03062026	lab_data/P05/Alper_03062026_EEG_recon_2026-06-03_13h00.00.076_image_mapping.json	135	7	15	1093	duckling	images_THINGS/object_images/duckling/duckling_25s.jpg	/media/psycontrol/HDD/Datasets/THINGS/images_THINGS/object_images/duckling/duckling_25s.jpg	True	False	1	835996	1780487801918.000	easy_marker_manifest_order_min_gap_5s	pass	False		True	20.239422	pass
P05	Alper_03062026	lab_data/P05/Alper_03062026_EEG_recon_2026-06-03_13h00.00.076_image_mapping.json	136	7	16	1146	cheesecake	images_THINGS/object_images/cheesecake/cheesecake_06s.jpg	/media/psycontrol/HDD/Datasets/THINGS/images_THINGS/object_images/cheesecake/cheesecake_06s.jpg	True	False	1	838930	1780487807786.000	easy_marker_manifest_order_min_gap_5s	pass	False		True	26.671362	pass
P05	Alper_03062026	lab_data/P05/Alper_03062026_EEG_recon_2026-06-03_13h00.00.076_image_mapping.json	137	7	17	1045	goose	images_THINGS/object_images/goose/goose_08s.jpg	/media/psycontrol/HDD/Datasets/THINGS/images_THINGS/object_images/goose/goose_08s.jpg	True	True	2	841933	1780487813793.000	easy_marker_manifest_order_min_gap_5s	pass	False		True	82.060181	pass
P05	Alper_03062026	lab_data/P05/Alper_03062026_EEG_recon_2026-06-03_13h00.00.076_image_mapping.json	138	7	18	1156	coconut	images_THINGS/object_images/coconut/coconut_08s.jpg	/media/psycontrol/HDD/Datasets/THINGS/images_THINGS/object_images/coconut/coconut_08s.jpg	True	False	1	844843	1780487819613.000	easy_marker_manifest_order_min_gap_5s	pass	False		True	73.977341	pass
P05	Alper_03062026	lab_data/P05/Alper_03062026_EEG_recon_2026-06-03_13h00.00.076_image_mapping.json	139	7	19	1058	loveseat	images_THINGS/object_images/loveseat/loveseat_10s.jpg	/media/psycontrol/HDD/Datasets/THINGS/images_THINGS/object_images/loveseat/loveseat_10s.jpg	True	False	1	847731	1780487825389.000	easy_marker_manifest_order_min_gap_5s	pass	False		True	103.102310	pass
P05	Alper_03062026	lab_data/P05/Alper_03062026_EEG_recon_2026-06-03_13h00.00.076_image_mapping.json	140	7	20	1055	seagull	images_THINGS/object_images/seagull/seagull_11s.jpg	/media/psycontrol/HDD/Datasets/THINGS/images_THINGS/object_images/seagull/seagull_11s.jpg	True	False	1	850721	1780487831369.000	easy_marker_manifest_order_min_gap_5s	pass	False		True	142.027939	pass
P05	Alper_03062026	lab_data/P05/Alper_03062026_EEG_recon_2026-06-03_13h00.00.076_image_mapping.json	141	8	1	1056	leggings	images_THINGS/object_images/leggings/leggings_02s.jpg	/media/psycontrol/HDD/Datasets/THINGS/images_THINGS/object_images/leggings/leggings_02s.jpg	True	False	1	861134	1780487852196.000	easy_marker_manifest_order_min_gap_5s	pass	False		True	70.748657	pass
P05	Alper_03062026	lab_data/P05/Alper_03062026_EEG_recon_2026-06-03_13h00.00.076_image_mapping.json	142	8	2	1054	bathtub	images_THINGS/object_images/bathtub/bathtub_18s.jpg	/media/psycontrol/HDD/Datasets/THINGS/images_THINGS/object_images/bathtub/bathtub_18s.jpg	True	False	1	864082	1780487858092.000	easy_marker_manifest_order_min_gap_5s	pass	False		True	39.953789	pass
P05	Alper_03062026	lab_data/P05/Alper_03062026_EEG_recon_2026-06-03_13h00.00.076_image_mapping.json	143	8	3	1034	bracelet1	images_THINGS/object_images/bracelet1/bracelet1_18s.jpg	/media/psycontrol/HDD/Datasets/THINGS/images_THINGS/object_images/bracelet1/bracelet1_18s.jpg	True	False	1	867172	1780487864272.000	easy_marker_manifest_order_min_gap_5s	pass	False		True	75.782928	pass
P05	Alper_03062026	lab_data/P05/Alper_03062026_EEG_recon_2026-06-03_13h00.00.076_image_mapping.json	144	8	4	1003	shorts	images_THINGS/object_images/shorts/shorts_14s.jpg	/media/psycontrol/HDD/Datasets/THINGS/images_THINGS/object_images/shorts/shorts_14s.jpg	True	False	1	870265	1780487870459.000	easy_marker_manifest_order_min_gap_5s	pass	False		True	84.499992	pass
P05	Alper_03062026	lab_data/P05/Alper_03062026_EEG_recon_2026-06-03_13h00.00.076_image_mapping.json	145	8	5	1078	sea_urchin	images_THINGS/object_images/sea_urchin/sea_urchin_08s.jpg	/media/psycontrol/HDD/Datasets/THINGS/images_THINGS/object_images/sea_urchin/sea_urchin_08s.jpg	True	False	1	873366	1780487876661.000	easy_marker_manifest_order_min_gap_5s	pass	False		True	73.999054	pass
P05	Alper_03062026	lab_data/P05/Alper_03062026_EEG_recon_2026-06-03_13h00.00.076_image_mapping.json	146	8	6	1105	gorilla	images_THINGS/object_images/gorilla/gorilla_19s.jpg	/media/psycontrol/HDD/Datasets/THINGS/images_THINGS/object_images/gorilla/gorilla_19s.jpg	True	False	1	876390	1780487882709.000	easy_marker_manifest_order_min_gap_5s	pass	False		True	76.362396	pass
P05	Alper_03062026	lab_data/P05/Alper_03062026_EEG_recon_2026-06-03_13h00.00.076_image_mapping.json	147	8	7	1129	workbench	images_THINGS/object_images/workbench/workbench_07s.jpg	/media/psycontrol/HDD/Datasets/THINGS/images_THINGS/object_images/workbench/workbench_07s.jpg	True	True	2	879310	1780487888549.000	easy_marker_manifest_order_min_gap_5s	pass	False		True	81.906029	pass
P05	Alper_03062026	lab_data/P05/Alper_03062026_EEG_recon_2026-06-03_13h00.00.076_image_mapping.json	148	8	8	1088	slipper	images_THINGS/object_images/slipper/slipper_02s.jpg	/media/psycontrol/HDD/Datasets/THINGS/images_THINGS/object_images/slipper/slipper_02s.jpg	True	False	1	882255	1780487894439.000	easy_marker_manifest_order_min_gap_5s	pass	False		True	72.156151	pass
P05	Alper_03062026	lab_data/P05/Alper_03062026_EEG_recon_2026-06-03_13h00.00.076_image_mapping.json	149	8	9	1102	crab	images_THINGS/object_images/crab/crab_02s.jpg	/media/psycontrol/HDD/Datasets/THINGS/images_THINGS/object_images/crab/crab_02s.jpg	True	False	1	885293	1780487900516.000	easy_marker_manifest_order_min_gap_5s	pass	False		True	82.738098	pass
P05	Alper_03062026	lab_data/P05/Alper_03062026_EEG_recon_2026-06-03_13h00.00.076_image_mapping.json	150	8	10	1033	helmet	images_THINGS/object_images/helmet/helmet_11s.jpg	/media/psycontrol/HDD/Datasets/THINGS/images_THINGS/object_images/helmet/helmet_11s.jpg	True	False	1	888400	1780487906730.000	easy_marker_manifest_order_min_gap_5s	pass	False		True	77.572021	pass
P05	Alper_03062026	lab_data/P05/Alper_03062026_EEG_recon_2026-06-03_13h00.00.076_image_mapping.json	151	8	11	1141	peach	images_THINGS/object_images/peach/peach_09n.jpg	/media/psycontrol/HDD/Datasets/THINGS/images_THINGS/object_images/peach/peach_09n.jpg	True	False	1	891446	1780487912822.000	easy_marker_manifest_order_min_gap_5s	pass	False		True	13.282961	pass
P05	Alper_03062026	lab_data/P05/Alper_03062026_EEG_recon_2026-06-03_13h00.00.076_image_mapping.json	152	8	12	1130	showerhead	images_THINGS/object_images/showerhead/showerhead_05s.jpg	/media/psycontrol/HDD/Datasets/THINGS/images_THINGS/object_images/showerhead/showerhead_05s.jpg	True	True	2	894397	1780487918724.000	easy_marker_manifest_order_min_gap_5s	pass	False		True	67.970100	pass
P05	Alper_03062026	lab_data/P05/Alper_03062026_EEG_recon_2026-06-03_13h00.00.076_image_mapping.json	153	8	13	1150	chick	images_THINGS/object_images/chick/chick_10s.jpg	/media/psycontrol/HDD/Datasets/THINGS/images_THINGS/object_images/chick/chick_10s.jpg	True	True	2	897421	1780487924773.000	easy_marker_manifest_order_min_gap_5s	pass	False		True	28.933022	pass
P05	Alper_03062026	lab_data/P05/Alper_03062026_EEG_recon_2026-06-03_13h00.00.076_image_mapping.json	154	8	14	1145	rocking_chair	images_THINGS/object_images/rocking_chair/rocking_chair_07s.jpg	/media/psycontrol/HDD/Datasets/THINGS/images_THINGS/object_images/rocking_chair/rocking_chair_07s.jpg	True	True	2	900466	1780487930863.000	easy_marker_manifest_order_min_gap_5s	pass	False		True	79.601372	pass
P05	Alper_03062026	lab_data/P05/Alper_03062026_EEG_recon_2026-06-03_13h00.00.076_image_mapping.json	155	8	15	1094	onion	images_THINGS/object_images/onion/onion_03n.jpg	/media/psycontrol/HDD/Datasets/THINGS/images_THINGS/object_images/onion/onion_03n.jpg	True	False	1	903497	1780487936925.000	easy_marker_manifest_order_min_gap_5s	pass	False		True	73.998505	pass
P05	Alper_03062026	lab_data/P05/Alper_03062026_EEG_recon_2026-06-03_13h00.00.076_image_mapping.json	156	8	16	1153	donut	images_THINGS/object_images/donut/donut_15s.jpg	/media/psycontrol/HDD/Datasets/THINGS/images_THINGS/object_images/donut/donut_15s.jpg	True	False	1	906608	1780487943147.000	easy_marker_manifest_order_min_gap_5s	pass	False		True	155.356567	pass
P05	Alper_03062026	lab_data/P05/Alper_03062026_EEG_recon_2026-06-03_13h00.00.076_image_mapping.json	157	8	17	1027	memory_stick	images_THINGS/object_images/memory_stick/memory_stick_08s.jpg	/media/psycontrol/HDD/Datasets/THINGS/images_THINGS/object_images/memory_stick/memory_stick_08s.jpg	True	False	2	909528	1780487948987.000	easy_marker_manifest_order_min_gap_5s	pass	False		True	82.233391	pass
P05	Alper_03062026	lab_data/P05/Alper_03062026_EEG_recon_2026-06-03_13h00.00.076_image_mapping.json	158	8	18	1014	shark	images_THINGS/object_images/shark/shark_07s.jpg	/media/psycontrol/HDD/Datasets/THINGS/images_THINGS/object_images/shark/shark_07s.jpg	True	False	1	912625	1780487955182.000	easy_marker_manifest_order_min_gap_5s	pass	False		True	85.071030	pass
P05	Alper_03062026	lab_data/P05/Alper_03062026_EEG_recon_2026-06-03_13h00.00.076_image_mapping.json	159	8	19	1025	llama	images_THINGS/object_images/llama/llama_05s.jpg	/media/psycontrol/HDD/Datasets/THINGS/images_THINGS/object_images/llama/llama_05s.jpg	True	False	1	915681	1780487961294.000	easy_marker_manifest_order_min_gap_5s	pass	False		True	25.747028	pass
P05	Alper_03062026	lab_data/P05/Alper_03062026_EEG_recon_2026-06-03_13h00.00.076_image_mapping.json	160	8	20	1148	broccoli	images_THINGS/object_images/broccoli/broccoli_09s.jpg	/media/psycontrol/HDD/Datasets/THINGS/images_THINGS/object_images/broccoli/broccoli_09s.jpg	True	False	1	918708	1780487967348.000	easy_marker_manifest_order_min_gap_5s	pass	False		True	18.635153	pass
P05	Alper_03062026	lab_data/P05/Alper_03062026_EEG_recon_2026-06-03_13h00.00.076_image_mapping.json	161	9	1	1147	lemonade	images_THINGS/object_images/lemonade/lemonade_01b.jpg	/media/psycontrol/HDD/Datasets/THINGS/images_THINGS/object_images/lemonade/lemonade_01b.jpg	True	True	2	931969	1780487993871.000	easy_marker_manifest_order_min_gap_5s	pass	False		True	37.409592	pass
P05	Alper_03062026	lab_data/P05/Alper_03062026_EEG_recon_2026-06-03_13h00.00.076_image_mapping.json	162	9	2	1083	shirt	images_THINGS/object_images/shirt/shirt_03s.jpg	/media/psycontrol/HDD/Datasets/THINGS/images_THINGS/object_images/shirt/shirt_03s.jpg	True	False	1	934962	1780487999857.000	easy_marker_manifest_order_min_gap_5s	pass	False		True	105.593941	pass
P05	Alper_03062026	lab_data/P05/Alper_03062026_EEG_recon_2026-06-03_13h00.00.076_image_mapping.json	163	9	3	1041	octopus	images_THINGS/object_images/octopus/octopus_09s.jpg	/media/psycontrol/HDD/Datasets/THINGS/images_THINGS/object_images/octopus/octopus_09s.jpg	True	False	1	938031	1780488005995.000	easy_marker_manifest_order_min_gap_5s	pass	False		True	18.171768	pass
P05	Alper_03062026	lab_data/P05/Alper_03062026_EEG_recon_2026-06-03_13h00.00.076_image_mapping.json	164	9	4	1018	coffee	images_THINGS/object_images/coffee/coffee_15s.jpg	/media/psycontrol/HDD/Datasets/THINGS/images_THINGS/object_images/coffee/coffee_15s.jpg	True	False	1	940947	1780488011828.000	easy_marker_manifest_order_min_gap_5s	pass	False		True	29.680929	pass
P05	Alper_03062026	lab_data/P05/Alper_03062026_EEG_recon_2026-06-03_13h00.00.076_image_mapping.json	165	9	5	1136	snake	images_THINGS/object_images/snake/snake_16n.jpg	/media/psycontrol/HDD/Datasets/THINGS/images_THINGS/object_images/snake/snake_16n.jpg	True	False	1	943892	1780488017718.000	easy_marker_manifest_order_min_gap_5s	pass	False		True	87.589249	pass
P05	Alper_03062026	lab_data/P05/Alper_03062026_EEG_recon_2026-06-03_13h00.00.076_image_mapping.json	166	9	6	1044	raccoon	images_THINGS/object_images/raccoon/raccoon_08n.jpg	/media/psycontrol/HDD/Datasets/THINGS/images_THINGS/object_images/raccoon/raccoon_08n.jpg	True	False	1	946833	1780488023600.000	easy_marker_manifest_order_min_gap_5s	pass	False		True	85.012512	pass
P05	Alper_03062026	lab_data/P05/Alper_03062026_EEG_recon_2026-06-03_13h00.00.076_image_mapping.json	167	9	7	1027	memory_stick	images_THINGS/object_images/memory_stick/memory_stick_08s.jpg	/media/psycontrol/HDD/Datasets/THINGS/images_THINGS/object_images/memory_stick/memory_stick_08s.jpg	True	True	2	949836	1780488029606.000	easy_marker_manifest_order_min_gap_5s	pass	False		True	97.923439	pass
P05	Alper_03062026	lab_data/P05/Alper_03062026_EEG_recon_2026-06-03_13h00.00.076_image_mapping.json	168	9	8	1128	toad	images_THINGS/object_images/toad/toad_01b.jpg	/media/psycontrol/HDD/Datasets/THINGS/images_THINGS/object_images/toad/toad_01b.jpg	True	False	1	952746	1780488035426.000	easy_marker_manifest_order_min_gap_5s	pass	False		True	21.551908	pass
P05	Alper_03062026	lab_data/P05/Alper_03062026_EEG_recon_2026-06-03_13h00.00.076_image_mapping.json	169	9	9	1043	ostrich	images_THINGS/object_images/ostrich/ostrich_15s.jpg	/media/psycontrol/HDD/Datasets/THINGS/images_THINGS/object_images/ostrich/ostrich_15s.jpg	True	False	1	955787	1780488041509.000	easy_marker_manifest_order_min_gap_5s	pass	False		True	74.253189	pass
P05	Alper_03062026	lab_data/P05/Alper_03062026_EEG_recon_2026-06-03_13h00.00.076_image_mapping.json	170	9	10	1099	tricycle	images_THINGS/object_images/tricycle/tricycle_12s.jpg	/media/psycontrol/HDD/Datasets/THINGS/images_THINGS/object_images/tricycle/tricycle_12s.jpg	True	False	1	958766	1780488047467.000	easy_marker_manifest_order_min_gap_5s	pass	False		True	18.117937	pass
P05	Alper_03062026	lab_data/P05/Alper_03062026_EEG_recon_2026-06-03_13h00.00.076_image_mapping.json	171	9	11	1117	hamster	images_THINGS/object_images/hamster/hamster_07s.jpg	/media/psycontrol/HDD/Datasets/THINGS/images_THINGS/object_images/hamster/hamster_07s.jpg	True	False	1	961655	1780488053245.000	easy_marker_manifest_order_min_gap_5s	pass	False		True	80.028961	pass
P05	Alper_03062026	lab_data/P05/Alper_03062026_EEG_recon_2026-06-03_13h00.00.076_image_mapping.json	172	9	12	1030	puffin	images_THINGS/object_images/puffin/puffin_02s.jpg	/media/psycontrol/HDD/Datasets/THINGS/images_THINGS/object_images/puffin/puffin_02s.jpg	True	False	1	964554	1780488059043.000	easy_marker_manifest_order_min_gap_5s	pass	False		True	22.454828	pass
P05	Alper_03062026	lab_data/P05/Alper_03062026_EEG_recon_2026-06-03_13h00.00.076_image_mapping.json	173	9	13	1080	camcorder	images_THINGS/object_images/camcorder/camcorder_07s.jpg	/media/psycontrol/HDD/Datasets/THINGS/images_THINGS/object_images/camcorder/camcorder_07s.jpg	True	False	1	967568	1780488065072.000	easy_marker_manifest_order_min_gap_5s	pass	False		True	25.896017	pass
P05	Alper_03062026	lab_data/P05/Alper_03062026_EEG_recon_2026-06-03_13h00.00.076_image_mapping.json	174	9	14	1070	dragonfly	images_THINGS/object_images/dragonfly/dragonfly_10s.jpg	/media/psycontrol/HDD/Datasets/THINGS/images_THINGS/object_images/dragonfly/dragonfly_10s.jpg	True	False	1	970561	1780488071058.000	easy_marker_manifest_order_min_gap_5s	pass	False		True	75.671204	pass
P05	Alper_03062026	lab_data/P05/Alper_03062026_EEG_recon_2026-06-03_13h00.00.076_image_mapping.json	175	9	15	1007	mirror	images_THINGS/object_images/mirror/mirror_08s.jpg	/media/psycontrol/HDD/Datasets/THINGS/images_THINGS/object_images/mirror/mirror_08s.jpg	True	False	1	973523	1780488076982.000	easy_marker_manifest_order_min_gap_5s	pass	False		True	86.253677	pass
P05	Alper_03062026	lab_data/P05/Alper_03062026_EEG_recon_2026-06-03_13h00.00.076_image_mapping.json	176	9	16	1059	zucchini	images_THINGS/object_images/zucchini/zucchini_02s.jpg	/media/psycontrol/HDD/Datasets/THINGS/images_THINGS/object_images/zucchini/zucchini_02s.jpg	True	True	2	976429	1780488082794.000	easy_marker_manifest_order_min_gap_5s	pass	False		True	73.067047	pass
P05	Alper_03062026	lab_data/P05/Alper_03062026_EEG_recon_2026-06-03_13h00.00.076_image_mapping.json	177	9	17	1158	bulldozer	images_THINGS/object_images/bulldozer/bulldozer_06s.jpg	/media/psycontrol/HDD/Datasets/THINGS/images_THINGS/object_images/bulldozer/bulldozer_06s.jpg	True	False	1	979405	1780488088746.000	easy_marker_manifest_order_min_gap_5s	pass	False		True	94.862984	pass
P05	Alper_03062026	lab_data/P05/Alper_03062026_EEG_recon_2026-06-03_13h00.00.076_image_mapping.json	178	9	18	1051	yacht	images_THINGS/object_images/yacht/yacht_05s.jpg	/media/psycontrol/HDD/Datasets/THINGS/images_THINGS/object_images/yacht/yacht_05s.jpg	True	True	2	982509	1780488094955.000	easy_marker_manifest_order_min_gap_5s	pass	False		True	81.002312	pass
P05	Alper_03062026	lab_data/P05/Alper_03062026_EEG_recon_2026-06-03_13h00.00.076_image_mapping.json	179	9	19	1076	groundhog	images_THINGS/object_images/groundhog/groundhog_01b.jpg	/media/psycontrol/HDD/Datasets/THINGS/images_THINGS/object_images/groundhog/groundhog_01b.jpg	True	False	1	985554	1780488101045.000	easy_marker_manifest_order_min_gap_5s	pass	False		True	92.575745	pass
P05	Alper_03062026	lab_data/P05/Alper_03062026_EEG_recon_2026-06-03_13h00.00.076_image_mapping.json	180	9	20	1122	webcam	images_THINGS/object_images/webcam/webcam_08s.jpg	/media/psycontrol/HDD/Datasets/THINGS/images_THINGS/object_images/webcam/webcam_08s.jpg	True	False	1	988616	1780488107169.000	easy_marker_manifest_order_min_gap_5s	pass	False		True	84.539558	pass
P05	Alper_03062026	lab_data/P05/Alper_03062026_EEG_recon_2026-06-03_13h00.00.076_image_mapping.json	181	10	1	1052	wallpaper	images_THINGS/object_images/wallpaper/wallpaper_01b.jpg	/media/psycontrol/HDD/Datasets/THINGS/images_THINGS/object_images/wallpaper/wallpaper_01b.jpg	True	True	2	999578	1780488129094.000	easy_marker_manifest_order_min_gap_5s	pass	False		True	21.673191	pass
P05	Alper_03062026	lab_data/P05/Alper_03062026_EEG_recon_2026-06-03_13h00.00.076_image_mapping.json	182	10	2	1142	piglet	images_THINGS/object_images/piglet/piglet_07s.jpg	/media/psycontrol/HDD/Datasets/THINGS/images_THINGS/object_images/piglet/piglet_07s.jpg	True	False	1	1002546	1780488135030.000	easy_marker_manifest_order_min_gap_5s	pass	False		True	22.468145	pass
P05	Alper_03062026	lab_data/P05/Alper_03062026_EEG_recon_2026-06-03_13h00.00.076_image_mapping.json	183	10	3	1064	fly	images_THINGS/object_images/fly/fly_17s.jpg	/media/psycontrol/HDD/Datasets/THINGS/images_THINGS/object_images/fly/fly_17s.jpg	True	False	1	1005571	1780488141080.000	easy_marker_manifest_order_min_gap_5s	pass	False		True	68.706512	pass
P05	Alper_03062026	lab_data/P05/Alper_03062026_EEG_recon_2026-06-03_13h00.00.076_image_mapping.json	184	10	4	1060	squirrel	images_THINGS/object_images/squirrel/squirrel_12n.jpg	/media/psycontrol/HDD/Datasets/THINGS/images_THINGS/object_images/squirrel/squirrel_12n.jpg	True	True	2	1008530	1780488146998.000	easy_marker_manifest_order_min_gap_5s	pass	False		True	71.682426	pass
P05	Alper_03062026	lab_data/P05/Alper_03062026_EEG_recon_2026-06-03_13h00.00.076_image_mapping.json	185	10	5	1048	sombrero	images_THINGS/object_images/sombrero/sombrero_11s.jpg	/media/psycontrol/HDD/Datasets/THINGS/images_THINGS/object_images/sombrero/sombrero_11s.jpg	True	False	1	1011602	1780488153143.000	easy_marker_manifest_order_min_gap_5s	pass	False		True	96.020248	pass
P05	Alper_03062026	lab_data/P05/Alper_03062026_EEG_recon_2026-06-03_13h00.00.076_image_mapping.json	186	10	6	1009	papaya	images_THINGS/object_images/papaya/papaya_08s.jpg	/media/psycontrol/HDD/Datasets/THINGS/images_THINGS/object_images/papaya/papaya_08s.jpg	True	False	1	1014601	1780488159141.000	easy_marker_manifest_order_min_gap_5s	pass	False		True	78.715988	pass
P05	Alper_03062026	lab_data/P05/Alper_03062026_EEG_recon_2026-06-03_13h00.00.076_image_mapping.json	187	10	7	1072	blackberry	images_THINGS/object_images/blackberry/blackberry_08s.jpg	/media/psycontrol/HDD/Datasets/THINGS/images_THINGS/object_images/blackberry/blackberry_08s.jpg	True	False	1	1017720	1780488165379.000	easy_marker_manifest_order_min_gap_5s	pass	False		True	22.978233	pass
P05	Alper_03062026	lab_data/P05/Alper_03062026_EEG_recon_2026-06-03_13h00.00.076_image_mapping.json	188	10	8	1089	unicycle	images_THINGS/object_images/unicycle/unicycle_08s.jpg	/media/psycontrol/HDD/Datasets/THINGS/images_THINGS/object_images/unicycle/unicycle_08s.jpg	True	False	1	1020716	1780488171371.000	easy_marker_manifest_order_min_gap_5s	pass	False		True	17.731188	pass
P05	Alper_03062026	lab_data/P05/Alper_03062026_EEG_recon_2026-06-03_13h00.00.076_image_mapping.json	189	10	9	1075	filing_cabinet	images_THINGS/object_images/filing_cabinet/filing_cabinet_10s.jpg	/media/psycontrol/HDD/Datasets/THINGS/images_THINGS/object_images/filing_cabinet/filing_cabinet_10s.jpg	True	False	1	1023608	1780488177156.000	easy_marker_manifest_order_min_gap_5s	pass	False		True	79.579880	pass
P05	Alper_03062026	lab_data/P05/Alper_03062026_EEG_recon_2026-06-03_13h00.00.076_image_mapping.json	190	10	10	1029	sheep	images_THINGS/object_images/sheep/sheep_06s.jpg	/media/psycontrol/HDD/Datasets/THINGS/images_THINGS/object_images/sheep/sheep_06s.jpg	True	False	1	1026539	1780488183018.000	easy_marker_manifest_order_min_gap_5s	pass	False		True	162.415421	pass
P05	Alper_03062026	lab_data/P05/Alper_03062026_EEG_recon_2026-06-03_13h00.00.076_image_mapping.json	191	10	11	1069	rollerblade	images_THINGS/object_images/rollerblade/rollerblade_05s.jpg	/media/psycontrol/HDD/Datasets/THINGS/images_THINGS/object_images/rollerblade/rollerblade_05s.jpg	True	False	1	1029431	1780488188802.000	easy_marker_manifest_order_min_gap_5s	pass	False		True	73.886086	pass
P05	Alper_03062026	lab_data/P05/Alper_03062026_EEG_recon_2026-06-03_13h00.00.076_image_mapping.json	192	10	12	1126	helicopter	images_THINGS/object_images/helicopter/helicopter_20s.jpg	/media/psycontrol/HDD/Datasets/THINGS/images_THINGS/object_images/helicopter/helicopter_20s.jpg	True	True	2	1032483	1780488194906.000	easy_marker_manifest_order_min_gap_5s	pass	False		True	17.794083	pass
P05	Alper_03062026	lab_data/P05/Alper_03062026_EEG_recon_2026-06-03_13h00.00.076_image_mapping.json	193	10	13	1019	videocassette	images_THINGS/object_images/videocassette/videocassette_07n.jpg	/media/psycontrol/HDD/Datasets/THINGS/images_THINGS/object_images/videocassette/videocassette_07n.jpg	True	False	1	1035372	1780488200684.000	easy_marker_manifest_order_min_gap_5s	pass	False		True	79.244652	pass
P05	Alper_03062026	lab_data/P05/Alper_03062026_EEG_recon_2026-06-03_13h00.00.076_image_mapping.json	194	10	14	1005	ottoman	images_THINGS/object_images/ottoman/ottoman_05s.jpg	/media/psycontrol/HDD/Datasets/THINGS/images_THINGS/object_images/ottoman/ottoman_05s.jpg	True	False	1	1038486	1780488206913.000	easy_marker_manifest_order_min_gap_5s	pass	False		True	26.732479	pass
P05	Alper_03062026	lab_data/P05/Alper_03062026_EEG_recon_2026-06-03_13h00.00.076_image_mapping.json	195	10	15	1116	praying_mantis	images_THINGS/object_images/praying_mantis/praying_mantis_08s.jpg	/media/psycontrol/HDD/Datasets/THINGS/images_THINGS/object_images/praying_mantis/praying_mantis_08s.jpg	True	False	1	1041594	1780488213129.000	easy_marker_manifest_order_min_gap_5s	pass	False		True	50.325680	pass
P05	Alper_03062026	lab_data/P05/Alper_03062026_EEG_recon_2026-06-03_13h00.00.076_image_mapping.json	196	10	16	1022	shoe	images_THINGS/object_images/shoe/shoe_01s.jpg	/media/psycontrol/HDD/Datasets/THINGS/images_THINGS/object_images/shoe/shoe_01s.jpg	True	False	1	1044618	1780488219177.000	easy_marker_manifest_order_min_gap_5s	pass	False		True	76.363373	pass
P05	Alper_03062026	lab_data/P05/Alper_03062026_EEG_recon_2026-06-03_13h00.00.076_image_mapping.json	197	10	17	1066	giraffe	images_THINGS/object_images/giraffe/giraffe_17s.jpg	/media/psycontrol/HDD/Datasets/THINGS/images_THINGS/object_images/giraffe/giraffe_17s.jpg	True	False	1	1047726	1780488225393.000	easy_marker_manifest_order_min_gap_5s	pass	False		True	80.339455	pass
P05	Alper_03062026	lab_data/P05/Alper_03062026_EEG_recon_2026-06-03_13h00.00.076_image_mapping.json	198	10	18	1004	dalmatian	images_THINGS/object_images/dalmatian/dalmatian_02s.jpg	/media/psycontrol/HDD/Datasets/THINGS/images_THINGS/object_images/dalmatian/dalmatian_02s.jpg	True	False	1	1050763	1780488231468.000	easy_marker_manifest_order_min_gap_5s	pass	False		True	82.146057	pass
P05	Alper_03062026	lab_data/P05/Alper_03062026_EEG_recon_2026-06-03_13h00.00.076_image_mapping.json	199	10	19	1157	barnacle	images_THINGS/object_images/barnacle/barnacle_11s.jpg	/media/psycontrol/HDD/Datasets/THINGS/images_THINGS/object_images/barnacle/barnacle_11s.jpg	True	True	2	1053649	1780488237240.000	easy_marker_manifest_order_min_gap_5s	pass	False		True	74.516449	pass
P05	Alper_03062026	lab_data/P05/Alper_03062026_EEG_recon_2026-06-03_13h00.00.076_image_mapping.json	200	10	20	1024	lab_coat	images_THINGS/object_images/lab_coat/lab_coat_08s.jpg	/media/psycontrol/HDD/Datasets/THINGS/images_THINGS/object_images/lab_coat/lab_coat_08s.jpg	True	False	1	1056732	1780488243406.000	easy_marker_manifest_order_min_gap_5s	pass	False		True	27.498816	pass
P06	P06	lab_data/P06/P06_EEG_recon_2026-06-08_09h56.01.608_image_mapping.json	1	1	1	1096	beaver	images_THINGS/object_images/beaver/beaver_13n.jpg	/media/psycontrol/HDD/Datasets/THINGS/images_THINGS/object_images/beaver/beaver_13n.jpg	True	False	1	561667	1780908912459.000	easy_marker_manifest_order_min_gap_5s	pass	True	True	True	118.763351	pass
P06	P06	lab_data/P06/P06_EEG_recon_2026-06-08_09h56.01.608_image_mapping.json	2	1	2	1124	nightshirt	images_THINGS/object_images/nightshirt/nightshirt_11s.jpg	/media/psycontrol/HDD/Datasets/THINGS/images_THINGS/object_images/nightshirt/nightshirt_11s.jpg	True	False	2	564775	1780908918675.000	easy_marker_manifest_order_min_gap_5s	pass	True	True	True	126.254753	pass
P06	P06	lab_data/P06/P06_EEG_recon_2026-06-08_09h56.01.608_image_mapping.json	3	1	3	1006	cardinal	images_THINGS/object_images/cardinal/cardinal_02s.jpg	/media/psycontrol/HDD/Datasets/THINGS/images_THINGS/object_images/cardinal/cardinal_02s.jpg	True	False	2	567737	1780908924600.000	easy_marker_manifest_order_min_gap_5s	pass	True	True	True	76.793282	pass
P06	P06	lab_data/P06/P06_EEG_recon_2026-06-08_09h56.01.608_image_mapping.json	4	1	4	1071	mongoose	images_THINGS/object_images/mongoose/mongoose_10s.jpg	/media/psycontrol/HDD/Datasets/THINGS/images_THINGS/object_images/mongoose/mongoose_10s.jpg	True	False	2	570681	1780908930488.000	easy_marker_manifest_order_min_gap_5s	pass	True	True	True	137.015503	pass
P06	P06	lab_data/P06/P06_EEG_recon_2026-06-08_09h56.01.608_image_mapping.json	5	1	5	1077	bison	images_THINGS/object_images/bison/bison_08s.jpg	/media/psycontrol/HDD/Datasets/THINGS/images_THINGS/object_images/bison/bison_08s.jpg	True	False	1	573684	1780908936494.000	easy_marker_manifest_order_min_gap_5s	pass	True	True	True	62.774548	pass
P06	P06	lab_data/P06/P06_EEG_recon_2026-06-08_09h56.01.608_image_mapping.json	6	1	6	1159	pear	images_THINGS/object_images/pear/pear_09s.jpg	/media/psycontrol/HDD/Datasets/THINGS/images_THINGS/object_images/pear/pear_09s.jpg	True	False	2	576584	1780908942294.000	easy_marker_manifest_order_min_gap_5s	pass	True	True	True	157.753967	pass
P06	P06	lab_data/P06/P06_EEG_recon_2026-06-08_09h56.01.608_image_mapping.json	7	1	7	1062	antelope	images_THINGS/object_images/antelope/antelope_12n.jpg	/media/psycontrol/HDD/Datasets/THINGS/images_THINGS/object_images/antelope/antelope_12n.jpg	True	False	2	579677	1780908948481.000	easy_marker_manifest_order_min_gap_5s	pass	True	True	True	135.204346	pass
P06	P06	lab_data/P06/P06_EEG_recon_2026-06-08_09h56.01.608_image_mapping.json	8	1	8	1145	rocking_chair	images_THINGS/object_images/rocking_chair/rocking_chair_07s.jpg	/media/psycontrol/HDD/Datasets/THINGS/images_THINGS/object_images/rocking_chair/rocking_chair_07s.jpg	True	False	2	582569	1780908954265.000	easy_marker_manifest_order_min_gap_5s	pass	True	True	True	54.218521	pass
P06	P06	lab_data/P06/P06_EEG_recon_2026-06-08_09h56.01.608_image_mapping.json	9	1	9	1015	moose	images_THINGS/object_images/moose/moose_02s.jpg	/media/psycontrol/HDD/Datasets/THINGS/images_THINGS/object_images/moose/moose_02s.jpg	True	False	2	585447	1780908960022.000	easy_marker_manifest_order_min_gap_5s	pass	True	True	True	44.257973	pass
P06	P06	lab_data/P06/P06_EEG_recon_2026-06-08_09h56.01.608_image_mapping.json	10	1	10	1092	bunkbed	images_THINGS/object_images/bunkbed/bunkbed_02s.jpg	/media/psycontrol/HDD/Datasets/THINGS/images_THINGS/object_images/bunkbed/bunkbed_02s.jpg	True	False	2	588392	1780908965912.000	easy_marker_manifest_order_min_gap_5s	pass	True	True	True	52.593033	pass
P06	P06	lab_data/P06/P06_EEG_recon_2026-06-08_09h56.01.608_image_mapping.json	11	1	11	1001	limousine	images_THINGS/object_images/limousine/limousine_03s.jpg	/media/psycontrol/HDD/Datasets/THINGS/images_THINGS/object_images/limousine/limousine_03s.jpg	True	False	2	591420	1780908971968.000	easy_marker_manifest_order_min_gap_5s	pass	True	True	True	83.252899	pass
P06	P06	lab_data/P06/P06_EEG_recon_2026-06-08_09h56.01.608_image_mapping.json	12	1	12	1160	clam	images_THINGS/object_images/clam/clam_06s.jpg	/media/psycontrol/HDD/Datasets/THINGS/images_THINGS/object_images/clam/clam_06s.jpg	True	False	2	594290	1780908977709.000	easy_marker_manifest_order_min_gap_5s	pass	True	True	True	80.165710	pass
P06	P06	lab_data/P06/P06_EEG_recon_2026-06-08_09h56.01.608_image_mapping.json	13	1	13	1020	television	images_THINGS/object_images/television/television_07s.jpg	/media/psycontrol/HDD/Datasets/THINGS/images_THINGS/object_images/television/television_07s.jpg	True	False	2	597263	1780908983655.000	easy_marker_manifest_order_min_gap_5s	pass	True	True	True	41.705349	pass
P06	P06	lab_data/P06/P06_EEG_recon_2026-06-08_09h56.01.608_image_mapping.json	14	1	14	1104	speaker	images_THINGS/object_images/speaker/speaker_19n.jpg	/media/psycontrol/HDD/Datasets/THINGS/images_THINGS/object_images/speaker/speaker_19n.jpg	True	False	2	600336	1780908989801.000	easy_marker_manifest_order_min_gap_5s	pass	True	True	True	31.459728	pass
P06	P06	lab_data/P06/P06_EEG_recon_2026-06-08_09h56.01.608_image_mapping.json	15	1	15	1134	sleeping_bag	images_THINGS/object_images/sleeping_bag/sleeping_bag_07s.jpg	/media/psycontrol/HDD/Datasets/THINGS/images_THINGS/object_images/sleeping_bag/sleeping_bag_07s.jpg	True	False	2	603398	1780908995926.000	easy_marker_manifest_order_min_gap_5s	pass	True	True	True	131.850037	pass
P06	P06	lab_data/P06/P06_EEG_recon_2026-06-08_09h56.01.608_image_mapping.json	16	1	16	1147	lemonade	images_THINGS/object_images/lemonade/lemonade_01b.jpg	/media/psycontrol/HDD/Datasets/THINGS/images_THINGS/object_images/lemonade/lemonade_01b.jpg	True	False	2	606311	1780909001752.000	easy_marker_manifest_order_min_gap_5s	pass	True	True	True	125.223495	pass
P06	P06	lab_data/P06/P06_EEG_recon_2026-06-08_09h56.01.608_image_mapping.json	17	1	17	1121	sunglasses	images_THINGS/object_images/sunglasses/sunglasses_06s.jpg	/media/psycontrol/HDD/Datasets/THINGS/images_THINGS/object_images/sunglasses/sunglasses_06s.jpg	True	False	2	609373	1780909007877.000	easy_marker_manifest_order_min_gap_5s	pass	True	True	True	34.371536	pass
P06	P06	lab_data/P06/P06_EEG_recon_2026-06-08_09h56.01.608_image_mapping.json	18	1	18	1035	lizard	images_THINGS/object_images/lizard/lizard_01b.jpg	/media/psycontrol/HDD/Datasets/THINGS/images_THINGS/object_images/lizard/lizard_01b.jpg	True	False	1	612388	1780909013906.000	easy_marker_manifest_order_min_gap_5s	pass	True	True	True	33.781956	pass
P06	P06	lab_data/P06/P06_EEG_recon_2026-06-08_09h56.01.608_image_mapping.json	19	1	19	1052	wallpaper	images_THINGS/object_images/wallpaper/wallpaper_01b.jpg	/media/psycontrol/HDD/Datasets/THINGS/images_THINGS/object_images/wallpaper/wallpaper_01b.jpg	True	False	2	615297	1780909019724.000	easy_marker_manifest_order_min_gap_5s	pass	True	True	True	43.024452	pass
P06	P06	lab_data/P06/P06_EEG_recon_2026-06-08_09h56.01.608_image_mapping.json	20	1	20	1132	polar_bear	images_THINGS/object_images/polar_bear/polar_bear_18s.jpg	/media/psycontrol/HDD/Datasets/THINGS/images_THINGS/object_images/polar_bear/polar_bear_18s.jpg	True	False	2	618280	1780909025690.000	easy_marker_manifest_order_min_gap_5s	pass	True	True	True	34.258415	pass
P06	P06	lab_data/P06/P06_EEG_recon_2026-06-08_09h56.01.608_image_mapping.json	21	2	1	1071	mongoose	images_THINGS/object_images/mongoose/mongoose_10s.jpg	/media/psycontrol/HDD/Datasets/THINGS/images_THINGS/object_images/mongoose/mongoose_10s.jpg	True	True	2	645848	1780909080829.000	easy_marker_manifest_order_min_gap_5s	pass	True	True	True	105.082466	pass
P06	P06	lab_data/P06/P06_EEG_recon_2026-06-08_09h56.01.608_image_mapping.json	22	2	2	1150	chick	images_THINGS/object_images/chick/chick_10s.jpg	/media/psycontrol/HDD/Datasets/THINGS/images_THINGS/object_images/chick/chick_10s.jpg	True	False	2	648754	1780909086642.000	easy_marker_manifest_order_min_gap_5s	pass	True	True	True	45.877460	pass
P06	P06	lab_data/P06/P06_EEG_recon_2026-06-08_09h56.01.608_image_mapping.json	23	2	3	1134	sleeping_bag	images_THINGS/object_images/sleeping_bag/sleeping_bag_07s.jpg	/media/psycontrol/HDD/Datasets/THINGS/images_THINGS/object_images/sleeping_bag/sleeping_bag_07s.jpg	True	True	2	651830	1780909092794.000	easy_marker_manifest_order_min_gap_5s	pass	True	True	True	27.752251	pass
P06	P06	lab_data/P06/P06_EEG_recon_2026-06-08_09h56.01.608_image_mapping.json	24	2	4	1053	reindeer	images_THINGS/object_images/reindeer/reindeer_14s.jpg	/media/psycontrol/HDD/Datasets/THINGS/images_THINGS/object_images/reindeer/reindeer_14s.jpg	True	False	2	654809	1780909098753.000	easy_marker_manifest_order_min_gap_5s	pass	True	True	True	28.591175	pass
P06	P06	lab_data/P06/P06_EEG_recon_2026-06-08_09h56.01.608_image_mapping.json	25	2	5	1060	squirrel	images_THINGS/object_images/squirrel/squirrel_12n.jpg	/media/psycontrol/HDD/Datasets/THINGS/images_THINGS/object_images/squirrel/squirrel_12n.jpg	True	False	2	657916	1780909104967.000	easy_marker_manifest_order_min_gap_5s	pass	True	True	True	32.595592	pass
P06	P06	lab_data/P06/P06_EEG_recon_2026-06-08_09h56.01.608_image_mapping.json	26	2	6	1001	limousine	images_THINGS/object_images/limousine/limousine_03s.jpg	/media/psycontrol/HDD/Datasets/THINGS/images_THINGS/object_images/limousine/limousine_03s.jpg	True	True	2	660983	1780909111101.000	easy_marker_manifest_order_min_gap_5s	pass	True	True	True	20.776587	pass
P06	P06	lab_data/P06/P06_EEG_recon_2026-06-08_09h56.01.608_image_mapping.json	27	2	7	1115	marshmallow	images_THINGS/object_images/marshmallow/marshmallow_09s.jpg	/media/psycontrol/HDD/Datasets/THINGS/images_THINGS/object_images/marshmallow/marshmallow_09s.jpg	True	False	1	663982	1780909117100.000	easy_marker_manifest_order_min_gap_5s	pass	True	True	True	90.817635	pass
P06	P06	lab_data/P06/P06_EEG_recon_2026-06-08_09h56.01.608_image_mapping.json	28	2	8	1159	pear	images_THINGS/object_images/pear/pear_09s.jpg	/media/psycontrol/HDD/Datasets/THINGS/images_THINGS/object_images/pear/pear_09s.jpg	True	True	2	667055	1780909123246.000	easy_marker_manifest_order_min_gap_5s	pass	True	True	True	23.324965	pass
P06	P06	lab_data/P06/P06_EEG_recon_2026-06-08_09h56.01.608_image_mapping.json	29	2	9	1012	burrito	images_THINGS/object_images/burrito/burrito_07s.jpg	/media/psycontrol/HDD/Datasets/THINGS/images_THINGS/object_images/burrito/burrito_07s.jpg	True	False	2	670058	1780909129253.000	easy_marker_manifest_order_min_gap_5s	pass	True	True	True	33.409225	pass
P06	P06	lab_data/P06/P06_EEG_recon_2026-06-08_09h56.01.608_image_mapping.json	30	2	10	1036	ladybug	images_THINGS/object_images/ladybug/ladybug_07s.jpg	/media/psycontrol/HDD/Datasets/THINGS/images_THINGS/object_images/ladybug/ladybug_07s.jpg	True	False	1	673107	1780909135351.000	easy_marker_manifest_order_min_gap_5s	pass	True	True	True	74.388863	pass
P06	P06	lab_data/P06/P06_EEG_recon_2026-06-08_09h56.01.608_image_mapping.json	31	2	11	1045	goose	images_THINGS/object_images/goose/goose_08s.jpg	/media/psycontrol/HDD/Datasets/THINGS/images_THINGS/object_images/goose/goose_08s.jpg	True	False	2	676058	1780909141253.000	easy_marker_manifest_order_min_gap_5s	pass	True	True	True	41.278511	pass
P06	P06	lab_data/P06/P06_EEG_recon_2026-06-08_09h56.01.608_image_mapping.json	32	2	12	1095	mouse2	images_THINGS/object_images/mouse2/mouse2_17s.jpg	/media/psycontrol/HDD/Datasets/THINGS/images_THINGS/object_images/mouse2/mouse2_17s.jpg	True	False	1	678974	1780909147085.000	easy_marker_manifest_order_min_gap_5s	pass	True	True	True	25.516420	pass
P06	P06	lab_data/P06/P06_EEG_recon_2026-06-08_09h56.01.608_image_mapping.json	33	2	13	1144	tarantula	images_THINGS/object_images/tarantula/tarantula_12s.jpg	/media/psycontrol/HDD/Datasets/THINGS/images_THINGS/object_images/tarantula/tarantula_12s.jpg	True	False	2	681922	1780909152982.000	easy_marker_manifest_order_min_gap_5s	pass	True	True	True	29.477606	pass
P06	P06	lab_data/P06/P06_EEG_recon_2026-06-08_09h56.01.608_image_mapping.json	34	2	14	1057	eggnog	images_THINGS/object_images/eggnog/eggnog_03s.jpg	/media/psycontrol/HDD/Datasets/THINGS/images_THINGS/object_images/eggnog/eggnog_03s.jpg	True	False	1	684793	1780909158724.000	easy_marker_manifest_order_min_gap_5s	pass	True	True	True	20.591341	pass
P06	P06	lab_data/P06/P06_EEG_recon_2026-06-08_09h56.01.608_image_mapping.json	35	2	15	1112	hard_disk	images_THINGS/object_images/hard_disk/hard_disk_13s.jpg	/media/psycontrol/HDD/Datasets/THINGS/images_THINGS/object_images/hard_disk/hard_disk_13s.jpg	True	False	1	687856	1780909164850.000	easy_marker_manifest_order_min_gap_5s	pass	True	True	True	28.039190	pass
P06	P06	lab_data/P06/P06_EEG_recon_2026-06-08_09h56.01.608_image_mapping.json	36	2	16	1108	possum	images_THINGS/object_images/possum/possum_03s.jpg	/media/psycontrol/HDD/Datasets/THINGS/images_THINGS/object_images/possum/possum_03s.jpg	True	False	1	690949	1780909171037.000	easy_marker_manifest_order_min_gap_5s	pass	True	True	True	33.727512	pass
P06	P06	lab_data/P06/P06_EEG_recon_2026-06-08_09h56.01.608_image_mapping.json	37	2	17	1160	clam	images_THINGS/object_images/clam/clam_06s.jpg	/media/psycontrol/HDD/Datasets/THINGS/images_THINGS/object_images/clam/clam_06s.jpg	True	True	2	693995	1780909177129.000	easy_marker_manifest_order_min_gap_5s	pass	True	True	True	101.802864	pass
P06	P06	lab_data/P06/P06_EEG_recon_2026-06-08_09h56.01.608_image_mapping.json	38	2	18	1031	fish	images_THINGS/object_images/fish/fish_01b.jpg	/media/psycontrol/HDD/Datasets/THINGS/images_THINGS/object_images/fish/fish_01b.jpg	True	False	1	696938	1780909183016.000	easy_marker_manifest_order_min_gap_5s	pass	True	True	True	22.678465	pass
P06	P06	lab_data/P06/P06_EEG_recon_2026-06-08_09h56.01.608_image_mapping.json	39	2	19	1016	ant	images_THINGS/object_images/ant/ant_08s.jpg	/media/psycontrol/HDD/Datasets/THINGS/images_THINGS/object_images/ant/ant_08s.jpg	True	False	1	699907	1780909188954.000	easy_marker_manifest_order_min_gap_5s	pass	True	True	True	34.400875	pass
P06	P06	lab_data/P06/P06_EEG_recon_2026-06-08_09h56.01.608_image_mapping.json	40	2	20	1118	candy_bar	images_THINGS/object_images/candy_bar/candy_bar_09s.jpg	/media/psycontrol/HDD/Datasets/THINGS/images_THINGS/object_images/candy_bar/candy_bar_09s.jpg	True	False	2	702876	1780909194892.000	easy_marker_manifest_order_min_gap_5s	pass	True	True	True	23.899261	pass
P06	P06	lab_data/P06/P06_EEG_recon_2026-06-08_09h56.01.608_image_mapping.json	41	3	1	1050	artichoke	images_THINGS/object_images/artichoke/artichoke_08n.jpg	/media/psycontrol/HDD/Datasets/THINGS/images_THINGS/object_images/artichoke/artichoke_08n.jpg	True	False	1	717757	1780909224656.000	easy_marker_manifest_order_min_gap_5s	pass	True	True	True	92.317383	pass
P06	P06	lab_data/P06/P06_EEG_recon_2026-06-08_09h56.01.608_image_mapping.json	42	3	2	1157	barnacle	images_THINGS/object_images/barnacle/barnacle_11s.jpg	/media/psycontrol/HDD/Datasets/THINGS/images_THINGS/object_images/barnacle/barnacle_11s.jpg	True	False	2	720701	1780909230545.000	easy_marker_manifest_order_min_gap_5s	pass	True	True	True	23.769743	pass
P06	P06	lab_data/P06/P06_EEG_recon_2026-06-08_09h56.01.608_image_mapping.json	43	3	3	1098	stool	images_THINGS/object_images/stool/stool_08s.jpg	/media/psycontrol/HDD/Datasets/THINGS/images_THINGS/object_images/stool/stool_08s.jpg	True	False	1	723718	1780909236579.000	easy_marker_manifest_order_min_gap_5s	pass	True	True	True	79.348129	pass
P06	P06	lab_data/P06/P06_EEG_recon_2026-06-08_09h56.01.608_image_mapping.json	44	3	4	1073	bull	images_THINGS/object_images/bull/bull_09s.jpg	/media/psycontrol/HDD/Datasets/THINGS/images_THINGS/object_images/bull/bull_09s.jpg	True	False	1	726704	1780909242551.000	easy_marker_manifest_order_min_gap_5s	pass	True	True	True	53.476891	pass
P06	P06	lab_data/P06/P06_EEG_recon_2026-06-08_09h56.01.608_image_mapping.json	45	3	5	1020	television	images_THINGS/object_images/television/television_07s.jpg	/media/psycontrol/HDD/Datasets/THINGS/images_THINGS/object_images/television/television_07s.jpg	True	True	2	729635	1780909248413.000	easy_marker_manifest_order_min_gap_5s	pass	True	True	True	45.287792	pass
P06	P06	lab_data/P06/P06_EEG_recon_2026-06-08_09h56.01.608_image_mapping.json	46	3	6	1151	tractor	images_THINGS/object_images/tractor/tractor_10n.jpg	/media/psycontrol/HDD/Datasets/THINGS/images_THINGS/object_images/tractor/tractor_10n.jpg	True	False	1	732697	1780909254538.000	easy_marker_manifest_order_min_gap_5s	pass	True	True	True	38.729252	pass
P06	P06	lab_data/P06/P06_EEG_recon_2026-06-08_09h56.01.608_image_mapping.json	47	3	7	1119	star_fruit	images_THINGS/object_images/star_fruit/star_fruit_06s.jpg	/media/psycontrol/HDD/Datasets/THINGS/images_THINGS/object_images/star_fruit/star_fruit_06s.jpg	True	False	1	735760	1780909260664.000	easy_marker_manifest_order_min_gap_5s	pass	True	True	True	22.641268	pass
P06	P06	lab_data/P06/P06_EEG_recon_2026-06-08_09h56.01.608_image_mapping.json	48	3	8	1011	raspberry	images_THINGS/object_images/raspberry/raspberry_11s.jpg	/media/psycontrol/HDD/Datasets/THINGS/images_THINGS/object_images/raspberry/raspberry_11s.jpg	True	False	1	738849	1780909266843.000	easy_marker_manifest_order_min_gap_5s	pass	True	True	True	77.716324	pass
P06	P06	lab_data/P06/P06_EEG_recon_2026-06-08_09h56.01.608_image_mapping.json	49	3	9	1137	lamb	images_THINGS/object_images/lamb/lamb_12s.jpg	/media/psycontrol/HDD/Datasets/THINGS/images_THINGS/object_images/lamb/lamb_12s.jpg	True	False	1	741933	1780909273011.000	easy_marker_manifest_order_min_gap_5s	pass	True	True	True	123.190025	pass
P06	P06	lab_data/P06/P06_EEG_recon_2026-06-08_09h56.01.608_image_mapping.json	50	3	10	1104	speaker	images_THINGS/object_images/speaker/speaker_19n.jpg	/media/psycontrol/HDD/Datasets/THINGS/images_THINGS/object_images/speaker/speaker_19n.jpg	True	True	2	744915	1780909278975.000	easy_marker_manifest_order_min_gap_5s	pass	True	True	True	91.542992	pass
P06	P06	lab_data/P06/P06_EEG_recon_2026-06-08_09h56.01.608_image_mapping.json	51	3	11	1110	jet	images_THINGS/object_images/jet/jet_04s.jpg	/media/psycontrol/HDD/Datasets/THINGS/images_THINGS/object_images/jet/jet_04s.jpg	True	False	2	747870	1780909284886.000	easy_marker_manifest_order_min_gap_5s	pass	True	True	True	151.774811	pass
P06	P06	lab_data/P06/P06_EEG_recon_2026-06-08_09h56.01.608_image_mapping.json	52	3	12	1144	tarantula	images_THINGS/object_images/tarantula/tarantula_12s.jpg	/media/psycontrol/HDD/Datasets/THINGS/images_THINGS/object_images/tarantula/tarantula_12s.jpg	True	True	2	750783	1780909290712.000	easy_marker_manifest_order_min_gap_5s	pass	True	True	True	45.555248	pass
P06	P06	lab_data/P06/P06_EEG_recon_2026-06-08_09h56.01.608_image_mapping.json	53	3	13	1006	cardinal	images_THINGS/object_images/cardinal/cardinal_02s.jpg	/media/psycontrol/HDD/Datasets/THINGS/images_THINGS/object_images/cardinal/cardinal_02s.jpg	True	True	2	753696	1780909296539.000	easy_marker_manifest_order_min_gap_5s	pass	True	True	True	25.464333	pass
P06	P06	lab_data/P06/P06_EEG_recon_2026-06-08_09h56.01.608_image_mapping.json	54	3	14	1097	sandwich	images_THINGS/object_images/sandwich/sandwich_06s.jpg	/media/psycontrol/HDD/Datasets/THINGS/images_THINGS/object_images/sandwich/sandwich_06s.jpg	True	False	1	756609	1780909302365.000	easy_marker_manifest_order_min_gap_5s	pass	True	True	True	22.184671	pass
P06	P06	lab_data/P06/P06_EEG_recon_2026-06-08_09h56.01.608_image_mapping.json	55	3	15	1090	garlic	images_THINGS/object_images/garlic/garlic_11s.jpg	/media/psycontrol/HDD/Datasets/THINGS/images_THINGS/object_images/garlic/garlic_11s.jpg	True	False	1	759564	1780909308275.000	easy_marker_manifest_order_min_gap_5s	pass	True	True	True	25.321287	pass
P06	P06	lab_data/P06/P06_EEG_recon_2026-06-08_09h56.01.608_image_mapping.json	56	3	16	1101	boat	images_THINGS/object_images/boat/boat_08s.jpg	/media/psycontrol/HDD/Datasets/THINGS/images_THINGS/object_images/boat/boat_08s.jpg	True	False	1	762637	1780909314421.000	easy_marker_manifest_order_min_gap_5s	pass	True	True	True	29.932404	pass
P06	P06	lab_data/P06/P06_EEG_recon_2026-06-08_09h56.01.608_image_mapping.json	57	3	17	1132	polar_bear	images_THINGS/object_images/polar_bear/polar_bear_18s.jpg	/media/psycontrol/HDD/Datasets/THINGS/images_THINGS/object_images/polar_bear/polar_bear_18s.jpg	True	True	2	765529	1780909320206.000	easy_marker_manifest_order_min_gap_5s	pass	True	True	True	96.287956	pass
P06	P06	lab_data/P06/P06_EEG_recon_2026-06-08_09h56.01.608_image_mapping.json	58	3	18	1047	drawer	images_THINGS/object_images/drawer/drawer_04s.jpg	/media/psycontrol/HDD/Datasets/THINGS/images_THINGS/object_images/drawer/drawer_04s.jpg	True	False	1	768584	1780909326316.000	easy_marker_manifest_order_min_gap_5s	pass	True	True	True	66.736572	pass
P06	P06	lab_data/P06/P06_EEG_recon_2026-06-08_09h56.01.608_image_mapping.json	59	3	19	1026	asparagus	images_THINGS/object_images/asparagus/asparagus_12s.jpg	/media/psycontrol/HDD/Datasets/THINGS/images_THINGS/object_images/asparagus/asparagus_12s.jpg	True	False	1	771477	1780909332102.000	easy_marker_manifest_order_min_gap_5s	pass	True	True	True	34.106915	pass
P06	P06	lab_data/P06/P06_EEG_recon_2026-06-08_09h56.01.608_image_mapping.json	60	3	20	1046	tiramisu	images_THINGS/object_images/tiramisu/tiramisu_12s.jpg	/media/psycontrol/HDD/Datasets/THINGS/images_THINGS/object_images/tiramisu/tiramisu_12s.jpg	True	False	2	774490	1780909338128.000	easy_marker_manifest_order_min_gap_5s	pass	True	True	True	22.495514	pass
P06	P06	lab_data/P06/P06_EEG_recon_2026-06-08_09h56.01.608_image_mapping.json	61	4	1	1110	jet	images_THINGS/object_images/jet/jet_04s.jpg	/media/psycontrol/HDD/Datasets/THINGS/images_THINGS/object_images/jet/jet_04s.jpg	True	True	2	787076	1780909363302.000	easy_marker_manifest_order_min_gap_5s	pass	True	True	True	116.671692	pass
P06	P06	lab_data/P06/P06_EEG_recon_2026-06-08_09h56.01.608_image_mapping.json	62	4	2	1149	mole	images_THINGS/object_images/mole/mole_09s.jpg	/media/psycontrol/HDD/Datasets/THINGS/images_THINGS/object_images/mole/mole_09s.jpg	True	False	1	789997	1780909369144.000	easy_marker_manifest_order_min_gap_5s	pass	True	True	True	87.551590	pass
P06	P06	lab_data/P06/P06_EEG_recon_2026-06-08_09h56.01.608_image_mapping.json	63	4	3	1023	wolf	images_THINGS/object_images/wolf/wolf_12n.jpg	/media/psycontrol/HDD/Datasets/THINGS/images_THINGS/object_images/wolf/wolf_12n.jpg	True	False	2	793104	1780909375358.000	easy_marker_manifest_order_min_gap_5s	pass	True	True	True	52.179325	pass
P06	P06	lab_data/P06/P06_EEG_recon_2026-06-08_09h56.01.608_image_mapping.json	64	4	4	1125	sundae	images_THINGS/object_images/sundae/sundae_09s.jpg	/media/psycontrol/HDD/Datasets/THINGS/images_THINGS/object_images/sundae/sundae_09s.jpg	True	False	2	795982	1780909381115.000	easy_marker_manifest_order_min_gap_5s	pass	True	True	True	126.790993	pass
P06	P06	lab_data/P06/P06_EEG_recon_2026-06-08_09h56.01.608_image_mapping.json	65	4	5	1037	steamroller	images_THINGS/object_images/steamroller/steamroller_11n.jpg	/media/psycontrol/HDD/Datasets/THINGS/images_THINGS/object_images/steamroller/steamroller_11n.jpg	True	False	1	798895	1780909386941.000	easy_marker_manifest_order_min_gap_5s	pass	True	True	True	34.338848	pass
P06	P06	lab_data/P06/P06_EEG_recon_2026-06-08_09h56.01.608_image_mapping.json	66	4	6	1120	owl	images_THINGS/object_images/owl/owl_19s.jpg	/media/psycontrol/HDD/Datasets/THINGS/images_THINGS/object_images/owl/owl_19s.jpg	True	False	2	801965	1780909393081.000	easy_marker_manifest_order_min_gap_5s	pass	True	True	True	22.374065	pass
P06	P06	lab_data/P06/P06_EEG_recon_2026-06-08_09h56.01.608_image_mapping.json	67	4	7	1015	moose	images_THINGS/object_images/moose/moose_02s.jpg	/media/psycontrol/HDD/Datasets/THINGS/images_THINGS/object_images/moose/moose_02s.jpg	True	True	2	804975	1780909399101.000	easy_marker_manifest_order_min_gap_5s	pass	True	True	True	31.918936	pass
P06	P06	lab_data/P06/P06_EEG_recon_2026-06-08_09h56.01.608_image_mapping.json	68	4	8	1121	sunglasses	images_THINGS/object_images/sunglasses/sunglasses_06s.jpg	/media/psycontrol/HDD/Datasets/THINGS/images_THINGS/object_images/sunglasses/sunglasses_06s.jpg	True	True	2	808072	1780909405296.000	easy_marker_manifest_order_min_gap_5s	pass	True	True	True	27.439386	pass
P06	P06	lab_data/P06/P06_EEG_recon_2026-06-08_09h56.01.608_image_mapping.json	69	4	9	1049	rat	images_THINGS/object_images/rat/rat_04s.jpg	/media/psycontrol/HDD/Datasets/THINGS/images_THINGS/object_images/rat/rat_04s.jpg	True	False	1	810999	1780909411150.000	easy_marker_manifest_order_min_gap_5s	pass	True	True	True	25.018419	pass
P06	P06	lab_data/P06/P06_EEG_recon_2026-06-08_09h56.01.608_image_mapping.json	70	4	10	1032	pants	images_THINGS/object_images/pants/pants_01b.jpg	/media/psycontrol/HDD/Datasets/THINGS/images_THINGS/object_images/pants/pants_01b.jpg	True	False	1	813891	1780909416934.000	easy_marker_manifest_order_min_gap_5s	pass	True	True	True	83.791512	pass
P06	P06	lab_data/P06/P06_EEG_recon_2026-06-08_09h56.01.608_image_mapping.json	71	4	11	1063	car	images_THINGS/object_images/car/car_12s.jpg	/media/psycontrol/HDD/Datasets/THINGS/images_THINGS/object_images/car/car_12s.jpg	True	False	1	816915	1780909422983.000	easy_marker_manifest_order_min_gap_5s	pass	True	True	True	26.399220	pass
P06	P06	lab_data/P06/P06_EEG_recon_2026-06-08_09h56.01.608_image_mapping.json	72	4	12	1118	candy_bar	images_THINGS/object_images/candy_bar/candy_bar_09s.jpg	/media/psycontrol/HDD/Datasets/THINGS/images_THINGS/object_images/candy_bar/candy_bar_09s.jpg	True	True	2	819985	1780909429123.000	easy_marker_manifest_order_min_gap_5s	pass	True	True	True	29.549026	pass
P06	P06	lab_data/P06/P06_EEG_recon_2026-06-08_09h56.01.608_image_mapping.json	73	4	13	1092	bunkbed	images_THINGS/object_images/bunkbed/bunkbed_02s.jpg	/media/psycontrol/HDD/Datasets/THINGS/images_THINGS/object_images/bunkbed/bunkbed_02s.jpg	True	True	2	822877	1780909434907.000	easy_marker_manifest_order_min_gap_5s	pass	True	True	True	24.684767	pass
P06	P06	lab_data/P06/P06_EEG_recon_2026-06-08_09h56.01.608_image_mapping.json	74	4	14	1038	cupcake	images_THINGS/object_images/cupcake/cupcake_07s.jpg	/media/psycontrol/HDD/Datasets/THINGS/images_THINGS/object_images/cupcake/cupcake_07s.jpg	True	False	1	825800	1780909440754.000	easy_marker_manifest_order_min_gap_5s	pass	True	True	True	32.782730	pass
P06	P06	lab_data/P06/P06_EEG_recon_2026-06-08_09h56.01.608_image_mapping.json	75	4	15	1061	taco	images_THINGS/object_images/taco/taco_06n.jpg	/media/psycontrol/HDD/Datasets/THINGS/images_THINGS/object_images/taco/taco_06n.jpg	True	False	2	828870	1780909446894.000	easy_marker_manifest_order_min_gap_5s	pass	True	True	True	76.336563	pass
P06	P06	lab_data/P06/P06_EEG_recon_2026-06-08_09h56.01.608_image_mapping.json	76	4	16	1130	showerhead	images_THINGS/object_images/showerhead/showerhead_05s.jpg	/media/psycontrol/HDD/Datasets/THINGS/images_THINGS/object_images/showerhead/showerhead_05s.jpg	True	False	2	831838	1780909452830.000	easy_marker_manifest_order_min_gap_5s	pass	True	True	True	28.534864	pass
P06	P06	lab_data/P06/P06_EEG_recon_2026-06-08_09h56.01.608_image_mapping.json	77	4	17	1143	mango	images_THINGS/object_images/mango/mango_16s.jpg	/media/psycontrol/HDD/Datasets/THINGS/images_THINGS/object_images/mango/mango_16s.jpg	True	False	2	834773	1780909458700.000	easy_marker_manifest_order_min_gap_5s	pass	True	True	True	99.246811	pass
P06	P06	lab_data/P06/P06_EEG_recon_2026-06-08_09h56.01.608_image_mapping.json	78	4	18	1123	sorbet	images_THINGS/object_images/sorbet/sorbet_05s.jpg	/media/psycontrol/HDD/Datasets/THINGS/images_THINGS/object_images/sorbet/sorbet_05s.jpg	True	False	1	837859	1780909464872.000	easy_marker_manifest_order_min_gap_5s	pass	True	True	True	23.012375	pass
P06	P06	lab_data/P06/P06_EEG_recon_2026-06-08_09h56.01.608_image_mapping.json	79	4	19	1013	banana	images_THINGS/object_images/banana/banana_13s.jpg	/media/psycontrol/HDD/Datasets/THINGS/images_THINGS/object_images/banana/banana_13s.jpg	True	False	1	840907	1780909470969.000	easy_marker_manifest_order_min_gap_5s	pass	True	True	True	149.842392	pass
P06	P06	lab_data/P06/P06_EEG_recon_2026-06-08_09h56.01.608_image_mapping.json	80	4	20	1139	earwig	images_THINGS/object_images/earwig/earwig_09s.jpg	/media/psycontrol/HDD/Datasets/THINGS/images_THINGS/object_images/earwig/earwig_09s.jpg	True	False	1	843779	1780909476713.000	easy_marker_manifest_order_min_gap_5s	pass	True	True	True	75.556496	pass
P06	P06	lab_data/P06/P06_EEG_recon_2026-06-08_09h56.01.608_image_mapping.json	81	5	1	1079	puppy	images_THINGS/object_images/puppy/puppy_12s.jpg	/media/psycontrol/HDD/Datasets/THINGS/images_THINGS/object_images/puppy/puppy_12s.jpg	True	False	1	854522	1780909498200.000	easy_marker_manifest_order_min_gap_5s	pass	True	True	True	147.132278	pass
P06	P06	lab_data/P06/P06_EEG_recon_2026-06-08_09h56.01.608_image_mapping.json	82	5	2	1082	necklace	images_THINGS/object_images/necklace/necklace_11s.jpg	/media/psycontrol/HDD/Datasets/THINGS/images_THINGS/object_images/necklace/necklace_11s.jpg	True	False	2	857580	1780909504317.000	easy_marker_manifest_order_min_gap_5s	pass	True	True	True	44.758095	pass
P06	P06	lab_data/P06/P06_EEG_recon_2026-06-08_09h56.01.608_image_mapping.json	83	5	3	1131	eel	images_THINGS/object_images/eel/eel_09s.jpg	/media/psycontrol/HDD/Datasets/THINGS/images_THINGS/object_images/eel/eel_09s.jpg	True	False	1	860538	1780909510233.000	easy_marker_manifest_order_min_gap_5s	pass	True	True	True	59.940861	pass
P06	P06	lab_data/P06/P06_EEG_recon_2026-06-08_09h56.01.608_image_mapping.json	84	5	4	1143	mango	images_THINGS/object_images/mango/mango_16s.jpg	/media/psycontrol/HDD/Datasets/THINGS/images_THINGS/object_images/mango/mango_16s.jpg	True	True	2	863521	1780909516200.000	easy_marker_manifest_order_min_gap_5s	pass	True	True	True	84.557480	pass
P06	P06	lab_data/P06/P06_EEG_recon_2026-06-08_09h56.01.608_image_mapping.json	85	5	5	1109	wasp	images_THINGS/object_images/wasp/wasp_09n.jpg	/media/psycontrol/HDD/Datasets/THINGS/images_THINGS/object_images/wasp/wasp_09n.jpg	True	False	1	866604	1780909522366.000	easy_marker_manifest_order_min_gap_5s	pass	True	True	True	80.213898	pass
P06	P06	lab_data/P06/P06_EEG_recon_2026-06-08_09h56.01.608_image_mapping.json	86	5	6	1046	tiramisu	images_THINGS/object_images/tiramisu/tiramisu_12s.jpg	/media/psycontrol/HDD/Datasets/THINGS/images_THINGS/object_images/tiramisu/tiramisu_12s.jpg	True	True	2	869497	1780909528151.000	easy_marker_manifest_order_min_gap_5s	pass	True	True	True	102.580612	pass
P06	P06	lab_data/P06/P06_EEG_recon_2026-06-08_09h56.01.608_image_mapping.json	87	5	7	1133	cockatoo	images_THINGS/object_images/cockatoo/cockatoo_04s.jpg	/media/psycontrol/HDD/Datasets/THINGS/images_THINGS/object_images/cockatoo/cockatoo_04s.jpg	True	False	1	872559	1780909534276.000	easy_marker_manifest_order_min_gap_5s	pass	True	True	True	30.885786	pass
P06	P06	lab_data/P06/P06_EEG_recon_2026-06-08_09h56.01.608_image_mapping.json	88	5	8	1002	pea	images_THINGS/object_images/pea/pea_10s.jpg	/media/psycontrol/HDD/Datasets/THINGS/images_THINGS/object_images/pea/pea_10s.jpg	True	False	1	875506	1780909540171.000	easy_marker_manifest_order_min_gap_5s	pass	True	True	True	33.598011	pass
P06	P06	lab_data/P06/P06_EEG_recon_2026-06-08_09h56.01.608_image_mapping.json	89	5	9	1135	pony	images_THINGS/object_images/pony/pony_01b.jpg	/media/psycontrol/HDD/Datasets/THINGS/images_THINGS/object_images/pony/pony_01b.jpg	True	False	1	878499	1780909546157.000	easy_marker_manifest_order_min_gap_5s	pass	True	True	True	44.243328	pass
P06	P06	lab_data/P06/P06_EEG_recon_2026-06-08_09h56.01.608_image_mapping.json	90	5	10	1125	sundae	images_THINGS/object_images/sundae/sundae_09s.jpg	/media/psycontrol/HDD/Datasets/THINGS/images_THINGS/object_images/sundae/sundae_09s.jpg	True	True	2	881534	1780909552228.000	easy_marker_manifest_order_min_gap_5s	pass	True	True	True	90.308762	pass
P06	P06	lab_data/P06/P06_EEG_recon_2026-06-08_09h56.01.608_image_mapping.json	91	5	11	1124	nightshirt	images_THINGS/object_images/nightshirt/nightshirt_11s.jpg	/media/psycontrol/HDD/Datasets/THINGS/images_THINGS/object_images/nightshirt/nightshirt_11s.jpg	True	True	2	884443	1780909558046.000	easy_marker_manifest_order_min_gap_5s	pass	True	True	True	32.211075	pass
P06	P06	lab_data/P06/P06_EEG_recon_2026-06-08_09h56.01.608_image_mapping.json	92	5	12	1140	kayak	images_THINGS/object_images/kayak/kayak_04s.jpg	/media/psycontrol/HDD/Datasets/THINGS/images_THINGS/object_images/kayak/kayak_04s.jpg	True	False	1	887346	1780909563852.000	easy_marker_manifest_order_min_gap_5s	pass	True	True	True	126.113518	pass
P06	P06	lab_data/P06/P06_EEG_recon_2026-06-08_09h56.01.608_image_mapping.json	93	5	13	1059	zucchini	images_THINGS/object_images/zucchini/zucchini_02s.jpg	/media/psycontrol/HDD/Datasets/THINGS/images_THINGS/object_images/zucchini/zucchini_02s.jpg	True	False	2	890249	1780909569658.000	easy_marker_manifest_order_min_gap_5s	pass	True	True	True	55.899670	pass
P06	P06	lab_data/P06/P06_EEG_recon_2026-06-08_09h56.01.608_image_mapping.json	94	5	14	1040	panda	images_THINGS/object_images/panda/panda_01b.jpg	/media/psycontrol/HDD/Datasets/THINGS/images_THINGS/object_images/panda/panda_01b.jpg	True	False	1	893332	1780909575825.000	easy_marker_manifest_order_min_gap_5s	pass	True	True	True	39.672676	pass
P06	P06	lab_data/P06/P06_EEG_recon_2026-06-08_09h56.01.608_image_mapping.json	95	5	15	1061	taco	images_THINGS/object_images/taco/taco_06n.jpg	/media/psycontrol/HDD/Datasets/THINGS/images_THINGS/object_images/taco/taco_06n.jpg	True	True	2	896277	1780909581715.000	easy_marker_manifest_order_min_gap_5s	pass	True	True	True	140.066711	pass
P06	P06	lab_data/P06/P06_EEG_recon_2026-06-08_09h56.01.608_image_mapping.json	96	5	16	1107	omelet	images_THINGS/object_images/omelet/omelet_06s.jpg	/media/psycontrol/HDD/Datasets/THINGS/images_THINGS/object_images/omelet/omelet_06s.jpg	True	False	1	899317	1780909587796.000	easy_marker_manifest_order_min_gap_5s	pass	True	True	True	75.549927	pass
P06	P06	lab_data/P06/P06_EEG_recon_2026-06-08_09h56.01.608_image_mapping.json	97	5	17	1086	pasta	images_THINGS/object_images/pasta/pasta_12s.jpg	/media/psycontrol/HDD/Datasets/THINGS/images_THINGS/object_images/pasta/pasta_12s.jpg	True	False	1	902394	1780909593950.000	easy_marker_manifest_order_min_gap_5s	pass	True	True	True	34.162323	pass
P06	P06	lab_data/P06/P06_EEG_recon_2026-06-08_09h56.01.608_image_mapping.json	98	5	18	1010	pineapple	images_THINGS/object_images/pineapple/pineapple_08s.jpg	/media/psycontrol/HDD/Datasets/THINGS/images_THINGS/object_images/pineapple/pineapple_08s.jpg	True	False	1	905411	1780909599984.000	easy_marker_manifest_order_min_gap_5s	pass	True	True	True	60.853561	pass
P06	P06	lab_data/P06/P06_EEG_recon_2026-06-08_09h56.01.608_image_mapping.json	99	5	19	1127	space_shuttle	images_THINGS/object_images/space_shuttle/space_shuttle_12s.jpg	/media/psycontrol/HDD/Datasets/THINGS/images_THINGS/object_images/space_shuttle/space_shuttle_12s.jpg	True	False	1	908310	1780909605783.000	easy_marker_manifest_order_min_gap_5s	pass	True	True	True	35.375011	pass
P06	P06	lab_data/P06/P06_EEG_recon_2026-06-08_09h56.01.608_image_mapping.json	100	5	20	1155	kale	images_THINGS/object_images/kale/kale_01b.jpg	/media/psycontrol/HDD/Datasets/THINGS/images_THINGS/object_images/kale/kale_01b.jpg	True	False	1	911227	1780909611617.000	easy_marker_manifest_order_min_gap_5s	pass	True	True	True	102.878555	pass
P06	P06	lab_data/P06/P06_EEG_recon_2026-06-08_09h56.01.608_image_mapping.json	101	6	1	1152	speedboat	images_THINGS/object_images/speedboat/speedboat_06s.jpg	/media/psycontrol/HDD/Datasets/THINGS/images_THINGS/object_images/speedboat/speedboat_06s.jpg	True	False	1	924563	1780909638290.000	easy_marker_manifest_order_min_gap_5s	pass	True	True	True	48.183598	pass
P06	P06	lab_data/P06/P06_EEG_recon_2026-06-08_09h56.01.608_image_mapping.json	102	6	2	1008	keyboard	images_THINGS/object_images/keyboard/keyboard_13s.jpg	/media/psycontrol/HDD/Datasets/THINGS/images_THINGS/object_images/keyboard/keyboard_13s.jpg	True	False	1	927611	1780909644387.000	easy_marker_manifest_order_min_gap_5s	pass	True	True	True	41.698372	pass
P06	P06	lab_data/P06/P06_EEG_recon_2026-06-08_09h56.01.608_image_mapping.json	103	6	3	1042	eagle	images_THINGS/object_images/eagle/eagle_08s.jpg	/media/psycontrol/HDD/Datasets/THINGS/images_THINGS/object_images/eagle/eagle_08s.jpg	True	False	1	930670	1780909650505.000	easy_marker_manifest_order_min_gap_5s	pass	True	True	True	46.915802	pass
P06	P06	lab_data/P06/P06_EEG_recon_2026-06-08_09h56.01.608_image_mapping.json	104	6	4	1028	meatball	images_THINGS/object_images/meatball/meatball_04s.jpg	/media/psycontrol/HDD/Datasets/THINGS/images_THINGS/object_images/meatball/meatball_04s.jpg	True	False	1	933740	1780909656645.000	easy_marker_manifest_order_min_gap_5s	pass	True	True	True	27.300072	pass
P06	P06	lab_data/P06/P06_EEG_recon_2026-06-08_09h56.01.608_image_mapping.json	105	6	5	1062	antelope	images_THINGS/object_images/antelope/antelope_12n.jpg	/media/psycontrol/HDD/Datasets/THINGS/images_THINGS/object_images/antelope/antelope_12n.jpg	True	True	2	936764	1780909662694.000	easy_marker_manifest_order_min_gap_5s	pass	True	True	True	79.156693	pass
P06	P06	lab_data/P06/P06_EEG_recon_2026-06-08_09h56.01.608_image_mapping.json	106	6	6	1085	frog	images_THINGS/object_images/frog/frog_09s.jpg	/media/psycontrol/HDD/Datasets/THINGS/images_THINGS/object_images/frog/frog_09s.jpg	True	False	1	939802	1780909668770.000	easy_marker_manifest_order_min_gap_5s	pass	True	True	True	60.747425	pass
P06	P06	lab_data/P06/P06_EEG_recon_2026-06-08_09h56.01.608_image_mapping.json	107	6	7	1074	cobra	images_THINGS/object_images/cobra/cobra_07s.jpg	/media/psycontrol/HDD/Datasets/THINGS/images_THINGS/object_images/cobra/cobra_07s.jpg	True	False	1	942808	1780909674783.000	easy_marker_manifest_order_min_gap_5s	pass	True	True	True	42.369335	pass
P06	P06	lab_data/P06/P06_EEG_recon_2026-06-08_09h56.01.608_image_mapping.json	108	6	8	1103	blazer	images_THINGS/object_images/blazer/blazer_05s.jpg	/media/psycontrol/HDD/Datasets/THINGS/images_THINGS/object_images/blazer/blazer_05s.jpg	True	False	1	945912	1780909680991.000	easy_marker_manifest_order_min_gap_5s	pass	True	True	True	25.507467	pass
P06	P06	lab_data/P06/P06_EEG_recon_2026-06-08_09h56.01.608_image_mapping.json	109	6	9	1017	carrot	images_THINGS/object_images/carrot/carrot_01b.jpg	/media/psycontrol/HDD/Datasets/THINGS/images_THINGS/object_images/carrot/carrot_01b.jpg	True	False	1	949024	1780909687215.000	easy_marker_manifest_order_min_gap_5s	pass	True	True	True	72.231964	pass
P06	P06	lab_data/P06/P06_EEG_recon_2026-06-08_09h56.01.608_image_mapping.json	110	6	10	1126	helicopter	images_THINGS/object_images/helicopter/helicopter_20s.jpg	/media/psycontrol/HDD/Datasets/THINGS/images_THINGS/object_images/helicopter/helicopter_20s.jpg	True	False	2	951940	1780909693047.000	easy_marker_manifest_order_min_gap_5s	pass	True	True	True	37.085842	pass
P06	P06	lab_data/P06/P06_EEG_recon_2026-06-08_09h56.01.608_image_mapping.json	111	6	11	1106	swordfish	images_THINGS/object_images/swordfish/swordfish_07s.jpg	/media/psycontrol/HDD/Datasets/THINGS/images_THINGS/object_images/swordfish/swordfish_07s.jpg	True	False	1	954884	1780909698936.000	easy_marker_manifest_order_min_gap_5s	pass	True	True	True	146.265289	pass
P06	P06	lab_data/P06/P06_EEG_recon_2026-06-08_09h56.01.608_image_mapping.json	112	6	12	1068	radio	images_THINGS/object_images/radio/radio_04s.jpg	/media/psycontrol/HDD/Datasets/THINGS/images_THINGS/object_images/radio/radio_04s.jpg	True	False	1	957888	1780909704944.000	easy_marker_manifest_order_min_gap_5s	pass	True	True	True	26.022024	pass
P06	P06	lab_data/P06/P06_EEG_recon_2026-06-08_09h56.01.608_image_mapping.json	113	6	13	1100	champagne	images_THINGS/object_images/champagne/champagne_01b.jpg	/media/psycontrol/HDD/Datasets/THINGS/images_THINGS/object_images/champagne/champagne_01b.jpg	True	False	1	960766	1780909710700.000	easy_marker_manifest_order_min_gap_5s	pass	True	True	True	77.861588	pass
P06	P06	lab_data/P06/P06_EEG_recon_2026-06-08_09h56.01.608_image_mapping.json	114	6	14	1084	cheetah	images_THINGS/object_images/cheetah/cheetah_06s.jpg	/media/psycontrol/HDD/Datasets/THINGS/images_THINGS/object_images/cheetah/cheetah_06s.jpg	True	False	2	963849	1780909716867.000	easy_marker_manifest_order_min_gap_5s	pass	True	True	True	47.995892	pass
P06	P06	lab_data/P06/P06_EEG_recon_2026-06-08_09h56.01.608_image_mapping.json	115	6	15	1120	owl	images_THINGS/object_images/owl/owl_19s.jpg	/media/psycontrol/HDD/Datasets/THINGS/images_THINGS/object_images/owl/owl_19s.jpg	True	True	2	966776	1780909722722.000	easy_marker_manifest_order_min_gap_5s	pass	True	True	True	48.343380	pass
P06	P06	lab_data/P06/P06_EEG_recon_2026-06-08_09h56.01.608_image_mapping.json	116	6	16	1129	workbench	images_THINGS/object_images/workbench/workbench_07s.jpg	/media/psycontrol/HDD/Datasets/THINGS/images_THINGS/object_images/workbench/workbench_07s.jpg	True	False	2	969835	1780909728840.000	easy_marker_manifest_order_min_gap_5s	pass	True	True	True	38.060020	pass
P06	P06	lab_data/P06/P06_EEG_recon_2026-06-08_09h56.01.608_image_mapping.json	117	6	17	1053	reindeer	images_THINGS/object_images/reindeer/reindeer_14s.jpg	/media/psycontrol/HDD/Datasets/THINGS/images_THINGS/object_images/reindeer/reindeer_14s.jpg	True	True	2	972873	1780909734916.000	easy_marker_manifest_order_min_gap_5s	pass	True	True	True	47.688927	pass
P06	P06	lab_data/P06/P06_EEG_recon_2026-06-08_09h56.01.608_image_mapping.json	118	6	18	1039	sailboat	images_THINGS/object_images/sailboat/sailboat_07s.jpg	/media/psycontrol/HDD/Datasets/THINGS/images_THINGS/object_images/sailboat/sailboat_07s.jpg	True	False	1	975848	1780909740867.000	easy_marker_manifest_order_min_gap_5s	pass	True	True	True	106.536316	pass
P06	P06	lab_data/P06/P06_EEG_recon_2026-06-08_09h56.01.608_image_mapping.json	119	6	19	1111	creme_brulee	images_THINGS/object_images/creme_brulee/creme_brulee_01b.jpg	/media/psycontrol/HDD/Datasets/THINGS/images_THINGS/object_images/creme_brulee/creme_brulee_01b.jpg	True	False	1	978824	1780909746819.000	easy_marker_manifest_order_min_gap_5s	pass	True	True	True	42.476582	pass
P06	P06	lab_data/P06/P06_EEG_recon_2026-06-08_09h56.01.608_image_mapping.json	120	6	20	1012	burrito	images_THINGS/object_images/burrito/burrito_07s.jpg	/media/psycontrol/HDD/Datasets/THINGS/images_THINGS/object_images/burrito/burrito_07s.jpg	True	True	2	981758	1780909752687.000	easy_marker_manifest_order_min_gap_5s	pass	True	True	True	21.969503	pass
P06	P06	lab_data/P06/P06_EEG_recon_2026-06-08_09h56.01.608_image_mapping.json	121	7	1	1067	taffy	images_THINGS/object_images/taffy/taffy_11s.jpg	/media/psycontrol/HDD/Datasets/THINGS/images_THINGS/object_images/taffy/taffy_11s.jpg	True	False	1	992775	1780909774722.000	easy_marker_manifest_order_min_gap_5s	pass	True	True	True	66.354561	pass
P06	P06	lab_data/P06/P06_EEG_recon_2026-06-08_09h56.01.608_image_mapping.json	122	7	2	1084	cheetah	images_THINGS/object_images/cheetah/cheetah_06s.jpg	/media/psycontrol/HDD/Datasets/THINGS/images_THINGS/object_images/cheetah/cheetah_06s.jpg	True	True	2	995778	1780909780729.000	easy_marker_manifest_order_min_gap_5s	pass	True	True	True	94.038231	pass
P06	P06	lab_data/P06/P06_EEG_recon_2026-06-08_09h56.01.608_image_mapping.json	123	7	3	1082	necklace	images_THINGS/object_images/necklace/necklace_11s.jpg	/media/psycontrol/HDD/Datasets/THINGS/images_THINGS/object_images/necklace/necklace_11s.jpg	True	True	2	998646	1780909786465.000	easy_marker_manifest_order_min_gap_5s	pass	True	True	True	102.437798	pass
P06	P06	lab_data/P06/P06_EEG_recon_2026-06-08_09h56.01.608_image_mapping.json	124	7	4	1051	yacht	images_THINGS/object_images/yacht/yacht_05s.jpg	/media/psycontrol/HDD/Datasets/THINGS/images_THINGS/object_images/yacht/yacht_05s.jpg	True	False	2	1001719	1780909792611.000	easy_marker_manifest_order_min_gap_5s	pass	True	True	True	24.726690	pass
P06	P06	lab_data/P06/P06_EEG_recon_2026-06-08_09h56.01.608_image_mapping.json	125	7	5	1091	kitten	images_THINGS/object_images/kitten/kitten_09s.jpg	/media/psycontrol/HDD/Datasets/THINGS/images_THINGS/object_images/kitten/kitten_09s.jpg	True	False	1	1004631	1780909798436.000	easy_marker_manifest_order_min_gap_5s	pass	True	True	True	19.369795	pass
P06	P06	lab_data/P06/P06_EEG_recon_2026-06-08_09h56.01.608_image_mapping.json	126	7	6	1081	police_car	images_THINGS/object_images/police_car/police_car_14s.jpg	/media/psycontrol/HDD/Datasets/THINGS/images_THINGS/object_images/police_car/police_car_14s.jpg	True	False	1	1007614	1780909804402.000	easy_marker_manifest_order_min_gap_5s	pass	True	True	True	85.283539	pass
P06	P06	lab_data/P06/P06_EEG_recon_2026-06-08_09h56.01.608_image_mapping.json	127	7	7	1154	chandelier	images_THINGS/object_images/chandelier/chandelier_10s.jpg	/media/psycontrol/HDD/Datasets/THINGS/images_THINGS/object_images/chandelier/chandelier_10s.jpg	True	False	1	1010679	1780909810533.000	easy_marker_manifest_order_min_gap_5s	pass	True	True	True	29.045069	pass
P06	P06	lab_data/P06/P06_EEG_recon_2026-06-08_09h56.01.608_image_mapping.json	128	7	8	1087	bathrobe	images_THINGS/object_images/bathrobe/bathrobe_12s.jpg	/media/psycontrol/HDD/Datasets/THINGS/images_THINGS/object_images/bathrobe/bathrobe_12s.jpg	True	False	1	1013784	1780909816743.000	easy_marker_manifest_order_min_gap_5s	pass	True	True	True	32.835945	pass
P06	P06	lab_data/P06/P06_EEG_recon_2026-06-08_09h56.01.608_image_mapping.json	129	7	9	1065	cabinet	images_THINGS/object_images/cabinet/cabinet_07s.jpg	/media/psycontrol/HDD/Datasets/THINGS/images_THINGS/object_images/cabinet/cabinet_07s.jpg	True	False	1	1016899	1780909822973.000	easy_marker_manifest_order_min_gap_5s	pass	True	True	True	24.856146	pass
P06	P06	lab_data/P06/P06_EEG_recon_2026-06-08_09h56.01.608_image_mapping.json	130	7	10	1114	spinach	images_THINGS/object_images/spinach/spinach_09s.jpg	/media/psycontrol/HDD/Datasets/THINGS/images_THINGS/object_images/spinach/spinach_09s.jpg	True	False	1	1019770	1780909828715.000	easy_marker_manifest_order_min_gap_5s	pass	True	True	True	28.445690	pass
P06	P06	lab_data/P06/P06_EEG_recon_2026-06-08_09h56.01.608_image_mapping.json	131	7	11	1138	ping-pong_table	images_THINGS/object_images/ping-pong_table/ping-pong_table_10s.jpg	/media/psycontrol/HDD/Datasets/THINGS/images_THINGS/object_images/ping-pong_table/ping-pong_table_10s.jpg	True	False	1	1022811	1780909834798.000	easy_marker_manifest_order_min_gap_5s	pass	True	True	True	38.249615	pass
P06	P06	lab_data/P06/P06_EEG_recon_2026-06-08_09h56.01.608_image_mapping.json	132	7	12	1113	firetruck	images_THINGS/object_images/firetruck/firetruck_04s.jpg	/media/psycontrol/HDD/Datasets/THINGS/images_THINGS/object_images/firetruck/firetruck_04s.jpg	True	False	1	1025824	1780909840825.000	easy_marker_manifest_order_min_gap_5s	pass	True	True	True	38.980461	pass
P06	P06	lab_data/P06/P06_EEG_recon_2026-06-08_09h56.01.608_image_mapping.json	133	7	13	1021	tea	images_THINGS/object_images/tea/tea_10s.jpg	/media/psycontrol/HDD/Datasets/THINGS/images_THINGS/object_images/tea/tea_10s.jpg	True	False	1	1028842	1780909846861.000	easy_marker_manifest_order_min_gap_5s	pass	True	True	True	83.222191	pass
P06	P06	lab_data/P06/P06_EEG_recon_2026-06-08_09h56.01.608_image_mapping.json	134	7	14	1023	wolf	images_THINGS/object_images/wolf/wolf_12n.jpg	/media/psycontrol/HDD/Datasets/THINGS/images_THINGS/object_images/wolf/wolf_12n.jpg	True	True	2	1031745	1780909852667.000	easy_marker_manifest_order_min_gap_5s	pass	True	True	True	39.043121	pass
P06	P06	lab_data/P06/P06_EEG_recon_2026-06-08_09h56.01.608_image_mapping.json	135	7	15	1093	duckling	images_THINGS/object_images/duckling/duckling_25s.jpg	/media/psycontrol/HDD/Datasets/THINGS/images_THINGS/object_images/duckling/duckling_25s.jpg	True	False	1	1034856	1780909858889.000	easy_marker_manifest_order_min_gap_5s	pass	True	True	True	108.708115	pass
P06	P06	lab_data/P06/P06_EEG_recon_2026-06-08_09h56.01.608_image_mapping.json	136	7	16	1146	cheesecake	images_THINGS/object_images/cheesecake/cheesecake_06s.jpg	/media/psycontrol/HDD/Datasets/THINGS/images_THINGS/object_images/cheesecake/cheesecake_06s.jpg	True	False	1	1037793	1780909864764.000	easy_marker_manifest_order_min_gap_5s	pass	True	True	True	58.690952	pass
P06	P06	lab_data/P06/P06_EEG_recon_2026-06-08_09h56.01.608_image_mapping.json	137	7	17	1045	goose	images_THINGS/object_images/goose/goose_08s.jpg	/media/psycontrol/HDD/Datasets/THINGS/images_THINGS/object_images/goose/goose_08s.jpg	True	True	2	1040801	1780909870780.000	easy_marker_manifest_order_min_gap_5s	pass	True	True	True	32.224804	pass
P06	P06	lab_data/P06/P06_EEG_recon_2026-06-08_09h56.01.608_image_mapping.json	138	7	18	1156	coconut	images_THINGS/object_images/coconut/coconut_08s.jpg	/media/psycontrol/HDD/Datasets/THINGS/images_THINGS/object_images/coconut/coconut_08s.jpg	True	False	1	1043713	1780909876604.000	easy_marker_manifest_order_min_gap_5s	pass	True	True	True	129.171951	pass
P06	P06	lab_data/P06/P06_EEG_recon_2026-06-08_09h56.01.608_image_mapping.json	139	7	19	1058	loveseat	images_THINGS/object_images/loveseat/loveseat_10s.jpg	/media/psycontrol/HDD/Datasets/THINGS/images_THINGS/object_images/loveseat/loveseat_10s.jpg	True	False	1	1046601	1780909882381.000	easy_marker_manifest_order_min_gap_5s	pass	True	True	True	71.248016	pass
P06	P06	lab_data/P06/P06_EEG_recon_2026-06-08_09h56.01.608_image_mapping.json	140	7	20	1055	seagull	images_THINGS/object_images/seagull/seagull_11s.jpg	/media/psycontrol/HDD/Datasets/THINGS/images_THINGS/object_images/seagull/seagull_11s.jpg	True	False	1	1049591	1780909888361.000	easy_marker_manifest_order_min_gap_5s	pass	True	True	True	54.111771	pass
P06	P06	lab_data/P06/P06_EEG_recon_2026-06-08_09h56.01.608_image_mapping.json	141	8	1	1056	leggings	images_THINGS/object_images/leggings/leggings_02s.jpg	/media/psycontrol/HDD/Datasets/THINGS/images_THINGS/object_images/leggings/leggings_02s.jpg	True	False	1	1062098	1780909913375.000	easy_marker_manifest_order_min_gap_5s	pass	True	True	True	54.603714	pass
P06	P06	lab_data/P06/P06_EEG_recon_2026-06-08_09h56.01.608_image_mapping.json	142	8	2	1054	bathtub	images_THINGS/object_images/bathtub/bathtub_18s.jpg	/media/psycontrol/HDD/Datasets/THINGS/images_THINGS/object_images/bathtub/bathtub_18s.jpg	True	False	1	1065046	1780909919271.000	easy_marker_manifest_order_min_gap_5s	pass	True	True	True	29.880033	pass
P06	P06	lab_data/P06/P06_EEG_recon_2026-06-08_09h56.01.608_image_mapping.json	143	8	3	1034	bracelet1	images_THINGS/object_images/bracelet1/bracelet1_18s.jpg	/media/psycontrol/HDD/Datasets/THINGS/images_THINGS/object_images/bracelet1/bracelet1_18s.jpg	True	False	1	1068139	1780909925458.000	easy_marker_manifest_order_min_gap_5s	pass	True	True	True	87.803078	pass
P06	P06	lab_data/P06/P06_EEG_recon_2026-06-08_09h56.01.608_image_mapping.json	144	8	4	1003	shorts	images_THINGS/object_images/shorts/shorts_14s.jpg	/media/psycontrol/HDD/Datasets/THINGS/images_THINGS/object_images/shorts/shorts_14s.jpg	True	False	1	1071233	1780909931646.000	easy_marker_manifest_order_min_gap_5s	pass	True	True	True	54.965267	pass
P06	P06	lab_data/P06/P06_EEG_recon_2026-06-08_09h56.01.608_image_mapping.json	145	8	5	1078	sea_urchin	images_THINGS/object_images/sea_urchin/sea_urchin_08s.jpg	/media/psycontrol/HDD/Datasets/THINGS/images_THINGS/object_images/sea_urchin/sea_urchin_08s.jpg	True	False	1	1074337	1780909937854.000	easy_marker_manifest_order_min_gap_5s	pass	True	True	True	37.123062	pass
P06	P06	lab_data/P06/P06_EEG_recon_2026-06-08_09h56.01.608_image_mapping.json	146	8	6	1105	gorilla	images_THINGS/object_images/gorilla/gorilla_19s.jpg	/media/psycontrol/HDD/Datasets/THINGS/images_THINGS/object_images/gorilla/gorilla_19s.jpg	True	False	1	1077364	1780909943909.000	easy_marker_manifest_order_min_gap_5s	pass	True	True	True	100.045845	pass
P06	P06	lab_data/P06/P06_EEG_recon_2026-06-08_09h56.01.608_image_mapping.json	147	8	7	1129	workbench	images_THINGS/object_images/workbench/workbench_07s.jpg	/media/psycontrol/HDD/Datasets/THINGS/images_THINGS/object_images/workbench/workbench_07s.jpg	True	True	2	1080288	1780909949757.000	easy_marker_manifest_order_min_gap_5s	pass	True	True	True	27.941284	pass
P06	P06	lab_data/P06/P06_EEG_recon_2026-06-08_09h56.01.608_image_mapping.json	148	8	8	1088	slipper	images_THINGS/object_images/slipper/slipper_02s.jpg	/media/psycontrol/HDD/Datasets/THINGS/images_THINGS/object_images/slipper/slipper_02s.jpg	True	False	1	1083233	1780909955647.000	easy_marker_manifest_order_min_gap_5s	pass	True	True	True	26.297596	pass
P06	P06	lab_data/P06/P06_EEG_recon_2026-06-08_09h56.01.608_image_mapping.json	149	8	9	1102	crab	images_THINGS/object_images/crab/crab_02s.jpg	/media/psycontrol/HDD/Datasets/THINGS/images_THINGS/object_images/crab/crab_02s.jpg	True	False	1	1086274	1780909961730.000	easy_marker_manifest_order_min_gap_5s	pass	True	True	True	32.581146	pass
P06	P06	lab_data/P06/P06_EEG_recon_2026-06-08_09h56.01.608_image_mapping.json	150	8	10	1033	helmet	images_THINGS/object_images/helmet/helmet_11s.jpg	/media/psycontrol/HDD/Datasets/THINGS/images_THINGS/object_images/helmet/helmet_11s.jpg	True	False	1	1089381	1780909967944.000	easy_marker_manifest_order_min_gap_5s	pass	True	True	True	57.358757	pass
P06	P06	lab_data/P06/P06_EEG_recon_2026-06-08_09h56.01.608_image_mapping.json	151	8	11	1141	peach	images_THINGS/object_images/peach/peach_09n.jpg	/media/psycontrol/HDD/Datasets/THINGS/images_THINGS/object_images/peach/peach_09n.jpg	True	False	1	1092430	1780909974042.000	easy_marker_manifest_order_min_gap_5s	pass	True	True	True	48.881519	pass
P06	P06	lab_data/P06/P06_EEG_recon_2026-06-08_09h56.01.608_image_mapping.json	152	8	12	1130	showerhead	images_THINGS/object_images/showerhead/showerhead_05s.jpg	/media/psycontrol/HDD/Datasets/THINGS/images_THINGS/object_images/showerhead/showerhead_05s.jpg	True	True	2	1095381	1780909979945.000	easy_marker_manifest_order_min_gap_5s	pass	True	True	True	97.897934	pass
P06	P06	lab_data/P06/P06_EEG_recon_2026-06-08_09h56.01.608_image_mapping.json	153	8	13	1150	chick	images_THINGS/object_images/chick/chick_10s.jpg	/media/psycontrol/HDD/Datasets/THINGS/images_THINGS/object_images/chick/chick_10s.jpg	True	True	2	1098405	1780909985993.000	easy_marker_manifest_order_min_gap_5s	pass	True	True	True	29.900362	pass
P06	P06	lab_data/P06/P06_EEG_recon_2026-06-08_09h56.01.608_image_mapping.json	154	8	14	1145	rocking_chair	images_THINGS/object_images/rocking_chair/rocking_chair_07s.jpg	/media/psycontrol/HDD/Datasets/THINGS/images_THINGS/object_images/rocking_chair/rocking_chair_07s.jpg	True	True	2	1101450	1780909992084.000	easy_marker_manifest_order_min_gap_5s	pass	True	True	True	31.142302	pass
P06	P06	lab_data/P06/P06_EEG_recon_2026-06-08_09h56.01.608_image_mapping.json	155	8	15	1094	onion	images_THINGS/object_images/onion/onion_03n.jpg	/media/psycontrol/HDD/Datasets/THINGS/images_THINGS/object_images/onion/onion_03n.jpg	True	False	1	1104482	1780909998147.000	easy_marker_manifest_order_min_gap_5s	pass	True	True	True	46.315998	pass
P06	P06	lab_data/P06/P06_EEG_recon_2026-06-08_09h56.01.608_image_mapping.json	156	8	16	1153	donut	images_THINGS/object_images/donut/donut_15s.jpg	/media/psycontrol/HDD/Datasets/THINGS/images_THINGS/object_images/donut/donut_15s.jpg	True	False	1	1107596	1780910004376.000	easy_marker_manifest_order_min_gap_5s	pass	True	True	True	27.501419	pass
P06	P06	lab_data/P06/P06_EEG_recon_2026-06-08_09h56.01.608_image_mapping.json	157	8	17	1027	memory_stick	images_THINGS/object_images/memory_stick/memory_stick_08s.jpg	/media/psycontrol/HDD/Datasets/THINGS/images_THINGS/object_images/memory_stick/memory_stick_08s.jpg	True	False	2	1110517	1780910010217.000	easy_marker_manifest_order_min_gap_5s	pass	True	True	True	55.874668	pass
P06	P06	lab_data/P06/P06_EEG_recon_2026-06-08_09h56.01.608_image_mapping.json	158	8	18	1014	shark	images_THINGS/object_images/shark/shark_07s.jpg	/media/psycontrol/HDD/Datasets/THINGS/images_THINGS/object_images/shark/shark_07s.jpg	True	False	1	1113614	1780910016411.000	easy_marker_manifest_order_min_gap_5s	pass	True	True	True	53.664688	pass
P06	P06	lab_data/P06/P06_EEG_recon_2026-06-08_09h56.01.608_image_mapping.json	159	8	19	1025	llama	images_THINGS/object_images/llama/llama_05s.jpg	/media/psycontrol/HDD/Datasets/THINGS/images_THINGS/object_images/llama/llama_05s.jpg	True	False	1	1116672	1780910022528.000	easy_marker_manifest_order_min_gap_5s	pass	True	True	True	92.609863	pass
P06	P06	lab_data/P06/P06_EEG_recon_2026-06-08_09h56.01.608_image_mapping.json	160	8	20	1148	broccoli	images_THINGS/object_images/broccoli/broccoli_09s.jpg	/media/psycontrol/HDD/Datasets/THINGS/images_THINGS/object_images/broccoli/broccoli_09s.jpg	True	False	1	1119700	1780910028584.000	easy_marker_manifest_order_min_gap_5s	pass	True	True	True	38.158688	pass
P06	P06	lab_data/P06/P06_EEG_recon_2026-06-08_09h56.01.608_image_mapping.json	161	9	1	1147	lemonade	images_THINGS/object_images/lemonade/lemonade_01b.jpg	/media/psycontrol/HDD/Datasets/THINGS/images_THINGS/object_images/lemonade/lemonade_01b.jpg	True	True	2	1132241	1780910053668.000	easy_marker_manifest_order_min_gap_5s	pass	True	True	True	42.366405	pass
P06	P06	lab_data/P06/P06_EEG_recon_2026-06-08_09h56.01.608_image_mapping.json	162	9	2	1083	shirt	images_THINGS/object_images/shirt/shirt_03s.jpg	/media/psycontrol/HDD/Datasets/THINGS/images_THINGS/object_images/shirt/shirt_03s.jpg	True	False	1	1135233	1780910059653.000	easy_marker_manifest_order_min_gap_5s	pass	True	True	True	41.373070	pass
P06	P06	lab_data/P06/P06_EEG_recon_2026-06-08_09h56.01.608_image_mapping.json	163	9	3	1041	octopus	images_THINGS/object_images/octopus/octopus_09s.jpg	/media/psycontrol/HDD/Datasets/THINGS/images_THINGS/object_images/octopus/octopus_09s.jpg	True	False	1	1138303	1780910065793.000	easy_marker_manifest_order_min_gap_5s	pass	True	True	True	55.729111	pass
P06	P06	lab_data/P06/P06_EEG_recon_2026-06-08_09h56.01.608_image_mapping.json	164	9	4	1018	coffee	images_THINGS/object_images/coffee/coffee_15s.jpg	/media/psycontrol/HDD/Datasets/THINGS/images_THINGS/object_images/coffee/coffee_15s.jpg	True	False	1	1141220	1780910071627.000	easy_marker_manifest_order_min_gap_5s	pass	True	True	True	45.411674	pass
P06	P06	lab_data/P06/P06_EEG_recon_2026-06-08_09h56.01.608_image_mapping.json	165	9	5	1136	snake	images_THINGS/object_images/snake/snake_16n.jpg	/media/psycontrol/HDD/Datasets/THINGS/images_THINGS/object_images/snake/snake_16n.jpg	True	False	1	1144167	1780910077522.000	easy_marker_manifest_order_min_gap_5s	pass	True	True	True	61.896851	pass
P06	P06	lab_data/P06/P06_EEG_recon_2026-06-08_09h56.01.608_image_mapping.json	166	9	6	1044	raccoon	images_THINGS/object_images/raccoon/raccoon_08n.jpg	/media/psycontrol/HDD/Datasets/THINGS/images_THINGS/object_images/raccoon/raccoon_08n.jpg	True	False	1	1147111	1780910083410.000	easy_marker_manifest_order_min_gap_5s	pass	True	True	True	54.388760	pass
P06	P06	lab_data/P06/P06_EEG_recon_2026-06-08_09h56.01.608_image_mapping.json	167	9	7	1027	memory_stick	images_THINGS/object_images/memory_stick/memory_stick_08s.jpg	/media/psycontrol/HDD/Datasets/THINGS/images_THINGS/object_images/memory_stick/memory_stick_08s.jpg	True	True	2	1150115	1780910089418.000	easy_marker_manifest_order_min_gap_5s	pass	True	True	True	31.465059	pass
P06	P06	lab_data/P06/P06_EEG_recon_2026-06-08_09h56.01.608_image_mapping.json	168	9	8	1128	toad	images_THINGS/object_images/toad/toad_01b.jpg	/media/psycontrol/HDD/Datasets/THINGS/images_THINGS/object_images/toad/toad_01b.jpg	True	False	1	1153024	1780910095237.000	easy_marker_manifest_order_min_gap_5s	pass	True	True	True	33.148609	pass
P06	P06	lab_data/P06/P06_EEG_recon_2026-06-08_09h56.01.608_image_mapping.json	169	9	9	1043	ostrich	images_THINGS/object_images/ostrich/ostrich_15s.jpg	/media/psycontrol/HDD/Datasets/THINGS/images_THINGS/object_images/ostrich/ostrich_15s.jpg	True	False	1	1156066	1780910101321.000	easy_marker_manifest_order_min_gap_5s	pass	True	True	True	30.227905	pass
P06	P06	lab_data/P06/P06_EEG_recon_2026-06-08_09h56.01.608_image_mapping.json	170	9	10	1099	tricycle	images_THINGS/object_images/tricycle/tricycle_12s.jpg	/media/psycontrol/HDD/Datasets/THINGS/images_THINGS/object_images/tricycle/tricycle_12s.jpg	True	False	1	1159048	1780910107286.000	easy_marker_manifest_order_min_gap_5s	pass	True	True	True	42.472210	pass
P06	P06	lab_data/P06/P06_EEG_recon_2026-06-08_09h56.01.608_image_mapping.json	171	9	11	1117	hamster	images_THINGS/object_images/hamster/hamster_07s.jpg	/media/psycontrol/HDD/Datasets/THINGS/images_THINGS/object_images/hamster/hamster_07s.jpg	True	False	1	1161936	1780910113063.000	easy_marker_manifest_order_min_gap_5s	pass	True	True	True	25.286970	pass
P06	P06	lab_data/P06/P06_EEG_recon_2026-06-08_09h56.01.608_image_mapping.json	172	9	12	1030	puffin	images_THINGS/object_images/puffin/puffin_02s.jpg	/media/psycontrol/HDD/Datasets/THINGS/images_THINGS/object_images/puffin/puffin_02s.jpg	True	False	1	1164836	1780910118863.000	easy_marker_manifest_order_min_gap_5s	pass	True	True	True	31.249603	pass
P06	P06	lab_data/P06/P06_EEG_recon_2026-06-08_09h56.01.608_image_mapping.json	173	9	13	1080	camcorder	images_THINGS/object_images/camcorder/camcorder_07s.jpg	/media/psycontrol/HDD/Datasets/THINGS/images_THINGS/object_images/camcorder/camcorder_07s.jpg	True	False	1	1167850	1780910124891.000	easy_marker_manifest_order_min_gap_5s	pass	True	True	True	26.030411	pass
P06	P06	lab_data/P06/P06_EEG_recon_2026-06-08_09h56.01.608_image_mapping.json	174	9	14	1070	dragonfly	images_THINGS/object_images/dragonfly/dragonfly_10s.jpg	/media/psycontrol/HDD/Datasets/THINGS/images_THINGS/object_images/dragonfly/dragonfly_10s.jpg	True	False	1	1170846	1780910130884.000	easy_marker_manifest_order_min_gap_5s	pass	True	True	True	51.575302	pass
P06	P06	lab_data/P06/P06_EEG_recon_2026-06-08_09h56.01.608_image_mapping.json	175	9	15	1007	mirror	images_THINGS/object_images/mirror/mirror_08s.jpg	/media/psycontrol/HDD/Datasets/THINGS/images_THINGS/object_images/mirror/mirror_08s.jpg	True	False	1	1173807	1780910136807.000	easy_marker_manifest_order_min_gap_5s	pass	True	True	True	21.418634	pass
P06	P06	lab_data/P06/P06_EEG_recon_2026-06-08_09h56.01.608_image_mapping.json	176	9	16	1059	zucchini	images_THINGS/object_images/zucchini/zucchini_02s.jpg	/media/psycontrol/HDD/Datasets/THINGS/images_THINGS/object_images/zucchini/zucchini_02s.jpg	True	True	2	1176713	1780910142619.000	easy_marker_manifest_order_min_gap_5s	pass	True	True	True	22.012243	pass
P06	P06	lab_data/P06/P06_EEG_recon_2026-06-08_09h56.01.608_image_mapping.json	177	9	17	1158	bulldozer	images_THINGS/object_images/bulldozer/bulldozer_06s.jpg	/media/psycontrol/HDD/Datasets/THINGS/images_THINGS/object_images/bulldozer/bulldozer_06s.jpg	True	False	1	1179685	1780910148563.000	easy_marker_manifest_order_min_gap_5s	pass	True	True	True	25.185724	pass
P06	P06	lab_data/P06/P06_EEG_recon_2026-06-08_09h56.01.608_image_mapping.json	178	9	18	1051	yacht	images_THINGS/object_images/yacht/yacht_05s.jpg	/media/psycontrol/HDD/Datasets/THINGS/images_THINGS/object_images/yacht/yacht_05s.jpg	True	True	2	1182789	1780910154772.000	easy_marker_manifest_order_min_gap_5s	pass	True	True	True	26.016157	pass
P06	P06	lab_data/P06/P06_EEG_recon_2026-06-08_09h56.01.608_image_mapping.json	179	9	19	1076	groundhog	images_THINGS/object_images/groundhog/groundhog_01b.jpg	/media/psycontrol/HDD/Datasets/THINGS/images_THINGS/object_images/groundhog/groundhog_01b.jpg	True	False	1	1185834	1780910160863.000	easy_marker_manifest_order_min_gap_5s	pass	True	True	True	51.710777	pass
P06	P06	lab_data/P06/P06_EEG_recon_2026-06-08_09h56.01.608_image_mapping.json	180	9	20	1122	webcam	images_THINGS/object_images/webcam/webcam_08s.jpg	/media/psycontrol/HDD/Datasets/THINGS/images_THINGS/object_images/webcam/webcam_08s.jpg	True	False	1	1188896	1780910166987.000	easy_marker_manifest_order_min_gap_5s	pass	True	True	True	23.889814	pass
P06	P06	lab_data/P06/P06_EEG_recon_2026-06-08_09h56.01.608_image_mapping.json	181	10	1	1052	wallpaper	images_THINGS/object_images/wallpaper/wallpaper_01b.jpg	/media/psycontrol/HDD/Datasets/THINGS/images_THINGS/object_images/wallpaper/wallpaper_01b.jpg	True	True	2	1202004	1780910193204.000	easy_marker_manifest_order_min_gap_5s	pass	True	True	True	43.777409	pass
P06	P06	lab_data/P06/P06_EEG_recon_2026-06-08_09h56.01.608_image_mapping.json	182	10	2	1142	piglet	images_THINGS/object_images/piglet/piglet_07s.jpg	/media/psycontrol/HDD/Datasets/THINGS/images_THINGS/object_images/piglet/piglet_07s.jpg	True	False	1	1204972	1780910199140.000	easy_marker_manifest_order_min_gap_5s	pass	True	True	True	26.424141	pass
P06	P06	lab_data/P06/P06_EEG_recon_2026-06-08_09h56.01.608_image_mapping.json	183	10	3	1064	fly	images_THINGS/object_images/fly/fly_17s.jpg	/media/psycontrol/HDD/Datasets/THINGS/images_THINGS/object_images/fly/fly_17s.jpg	True	False	1	1208000	1780910205197.000	easy_marker_manifest_order_min_gap_5s	pass	True	True	True	47.137413	pass
P06	P06	lab_data/P06/P06_EEG_recon_2026-06-08_09h56.01.608_image_mapping.json	184	10	4	1060	squirrel	images_THINGS/object_images/squirrel/squirrel_12n.jpg	/media/psycontrol/HDD/Datasets/THINGS/images_THINGS/object_images/squirrel/squirrel_12n.jpg	True	True	2	1210960	1780910211119.000	easy_marker_manifest_order_min_gap_5s	pass	True	True	True	39.664192	pass
P06	P06	lab_data/P06/P06_EEG_recon_2026-06-08_09h56.01.608_image_mapping.json	185	10	5	1048	sombrero	images_THINGS/object_images/sombrero/sombrero_11s.jpg	/media/psycontrol/HDD/Datasets/THINGS/images_THINGS/object_images/sombrero/sombrero_11s.jpg	True	False	1	1214034	1780910217266.000	easy_marker_manifest_order_min_gap_5s	pass	True	True	True	29.168171	pass
P06	P06	lab_data/P06/P06_EEG_recon_2026-06-08_09h56.01.608_image_mapping.json	186	10	6	1009	papaya	images_THINGS/object_images/papaya/papaya_08s.jpg	/media/psycontrol/HDD/Datasets/THINGS/images_THINGS/object_images/papaya/papaya_08s.jpg	True	False	1	1217037	1780910223273.000	easy_marker_manifest_order_min_gap_5s	pass	True	True	True	22.301012	pass
P06	P06	lab_data/P06/P06_EEG_recon_2026-06-08_09h56.01.608_image_mapping.json	187	10	7	1072	blackberry	images_THINGS/object_images/blackberry/blackberry_08s.jpg	/media/psycontrol/HDD/Datasets/THINGS/images_THINGS/object_images/blackberry/blackberry_08s.jpg	True	False	1	1220155	1780910229509.000	easy_marker_manifest_order_min_gap_5s	pass	True	True	True	20.332972	pass
P06	P06	lab_data/P06/P06_EEG_recon_2026-06-08_09h56.01.608_image_mapping.json	188	10	8	1089	unicycle	images_THINGS/object_images/unicycle/unicycle_08s.jpg	/media/psycontrol/HDD/Datasets/THINGS/images_THINGS/object_images/unicycle/unicycle_08s.jpg	True	False	1	1223155	1780910235510.000	easy_marker_manifest_order_min_gap_5s	pass	True	True	True	23.464222	pass
P06	P06	lab_data/P06/P06_EEG_recon_2026-06-08_09h56.01.608_image_mapping.json	189	10	9	1075	filing_cabinet	images_THINGS/object_images/filing_cabinet/filing_cabinet_10s.jpg	/media/psycontrol/HDD/Datasets/THINGS/images_THINGS/object_images/filing_cabinet/filing_cabinet_10s.jpg	True	False	1	1226047	1780910241294.000	easy_marker_manifest_order_min_gap_5s	pass	True	True	True	22.644405	pass
P06	P06	lab_data/P06/P06_EEG_recon_2026-06-08_09h56.01.608_image_mapping.json	190	10	10	1029	sheep	images_THINGS/object_images/sheep/sheep_06s.jpg	/media/psycontrol/HDD/Datasets/THINGS/images_THINGS/object_images/sheep/sheep_06s.jpg	True	False	1	1228981	1780910247162.000	easy_marker_manifest_order_min_gap_5s	pass	True	True	True	52.439106	pass
P06	P06	lab_data/P06/P06_EEG_recon_2026-06-08_09h56.01.608_image_mapping.json	191	10	11	1069	rollerblade	images_THINGS/object_images/rollerblade/rollerblade_05s.jpg	/media/psycontrol/HDD/Datasets/THINGS/images_THINGS/object_images/rollerblade/rollerblade_05s.jpg	True	False	1	1231873	1780910252947.000	easy_marker_manifest_order_min_gap_5s	pass	True	True	True	43.439102	pass
P06	P06	lab_data/P06/P06_EEG_recon_2026-06-08_09h56.01.608_image_mapping.json	192	10	12	1126	helicopter	images_THINGS/object_images/helicopter/helicopter_20s.jpg	/media/psycontrol/HDD/Datasets/THINGS/images_THINGS/object_images/helicopter/helicopter_20s.jpg	True	True	2	1234925	1780910259051.000	easy_marker_manifest_order_min_gap_5s	pass	True	True	True	70.028168	pass
P06	P06	lab_data/P06/P06_EEG_recon_2026-06-08_09h56.01.608_image_mapping.json	193	10	13	1019	videocassette	images_THINGS/object_images/videocassette/videocassette_07n.jpg	/media/psycontrol/HDD/Datasets/THINGS/images_THINGS/object_images/videocassette/videocassette_07n.jpg	True	False	1	1237813	1780910264828.000	easy_marker_manifest_order_min_gap_5s	pass	True	True	True	99.236923	pass
P06	P06	lab_data/P06/P06_EEG_recon_2026-06-08_09h56.01.608_image_mapping.json	194	10	14	1005	ottoman	images_THINGS/object_images/ottoman/ottoman_05s.jpg	/media/psycontrol/HDD/Datasets/THINGS/images_THINGS/object_images/ottoman/ottoman_05s.jpg	True	False	1	1240928	1780910271057.000	easy_marker_manifest_order_min_gap_5s	pass	True	True	True	31.331902	pass
P06	P06	lab_data/P06/P06_EEG_recon_2026-06-08_09h56.01.608_image_mapping.json	195	10	15	1116	praying_mantis	images_THINGS/object_images/praying_mantis/praying_mantis_08s.jpg	/media/psycontrol/HDD/Datasets/THINGS/images_THINGS/object_images/praying_mantis/praying_mantis_08s.jpg	True	False	1	1244036	1780910277274.000	easy_marker_manifest_order_min_gap_5s	pass	True	True	True	33.603634	pass
P06	P06	lab_data/P06/P06_EEG_recon_2026-06-08_09h56.01.608_image_mapping.json	196	10	16	1022	shoe	images_THINGS/object_images/shoe/shoe_01s.jpg	/media/psycontrol/HDD/Datasets/THINGS/images_THINGS/object_images/shoe/shoe_01s.jpg	True	False	1	1247060	1780910283322.000	easy_marker_manifest_order_min_gap_5s	pass	True	True	True	29.883875	pass
P06	P06	lab_data/P06/P06_EEG_recon_2026-06-08_09h56.01.608_image_mapping.json	197	10	17	1066	giraffe	images_THINGS/object_images/giraffe/giraffe_17s.jpg	/media/psycontrol/HDD/Datasets/THINGS/images_THINGS/object_images/giraffe/giraffe_17s.jpg	True	False	1	1250167	1780910289537.000	easy_marker_manifest_order_min_gap_5s	pass	True	True	True	81.668701	pass
P06	P06	lab_data/P06/P06_EEG_recon_2026-06-08_09h56.01.608_image_mapping.json	198	10	18	1004	dalmatian	images_THINGS/object_images/dalmatian/dalmatian_02s.jpg	/media/psycontrol/HDD/Datasets/THINGS/images_THINGS/object_images/dalmatian/dalmatian_02s.jpg	True	False	1	1253205	1780910295613.000	easy_marker_manifest_order_min_gap_5s	pass	True	True	True	28.639236	pass
P06	P06	lab_data/P06/P06_EEG_recon_2026-06-08_09h56.01.608_image_mapping.json	199	10	19	1157	barnacle	images_THINGS/object_images/barnacle/barnacle_11s.jpg	/media/psycontrol/HDD/Datasets/THINGS/images_THINGS/object_images/barnacle/barnacle_11s.jpg	True	True	2	1256091	1780910301385.000	easy_marker_manifest_order_min_gap_5s	pass	True	True	True	21.484550	pass
P06	P06	lab_data/P06/P06_EEG_recon_2026-06-08_09h56.01.608_image_mapping.json	200	10	20	1024	lab_coat	images_THINGS/object_images/lab_coat/lab_coat_08s.jpg	/media/psycontrol/HDD/Datasets/THINGS/images_THINGS/object_images/lab_coat/lab_coat_08s.jpg	True	False	1	1259173	1780910307550.000	easy_marker_manifest_order_min_gap_5s	pass	True	True	True	22.654444	pass
P07	P07	lab_data/P07/P07_EEG_recon_2026-06-08_13h33.36.114_image_mapping.json	1	1	1	1096	beaver	images_THINGS/object_images/beaver/beaver_13n.jpg	/media/psycontrol/HDD/Datasets/THINGS/images_THINGS/object_images/beaver/beaver_13n.jpg	True	False	1	548721	1780920996119.000	easy_marker_manifest_order_min_gap_5s	pass	True	True	True	20.909243	pass
P07	P07	lab_data/P07/P07_EEG_recon_2026-06-08_13h33.36.114_image_mapping.json	2	1	2	1124	nightshirt	images_THINGS/object_images/nightshirt/nightshirt_11s.jpg	/media/psycontrol/HDD/Datasets/THINGS/images_THINGS/object_images/nightshirt/nightshirt_11s.jpg	True	False	2	551829	1780921002336.000	easy_marker_manifest_order_min_gap_5s	pass	True	True	True	27.033791	pass
P07	P07	lab_data/P07/P07_EEG_recon_2026-06-08_13h33.36.114_image_mapping.json	3	1	3	1006	cardinal	images_THINGS/object_images/cardinal/cardinal_02s.jpg	/media/psycontrol/HDD/Datasets/THINGS/images_THINGS/object_images/cardinal/cardinal_02s.jpg	True	False	2	554787	1780921008252.000	easy_marker_manifest_order_min_gap_5s	pass	True	True	True	23.457840	pass
P07	P07	lab_data/P07/P07_EEG_recon_2026-06-08_13h33.36.114_image_mapping.json	4	1	4	1071	mongoose	images_THINGS/object_images/mongoose/mongoose_10s.jpg	/media/psycontrol/HDD/Datasets/THINGS/images_THINGS/object_images/mongoose/mongoose_10s.jpg	True	False	2	557735	1780921014148.000	easy_marker_manifest_order_min_gap_5s	pass	True	True	True	21.944498	pass
P07	P07	lab_data/P07/P07_EEG_recon_2026-06-08_13h33.36.114_image_mapping.json	5	1	5	1077	bison	images_THINGS/object_images/bison/bison_08s.jpg	/media/psycontrol/HDD/Datasets/THINGS/images_THINGS/object_images/bison/bison_08s.jpg	True	False	1	560735	1780921020148.000	easy_marker_manifest_order_min_gap_5s	pass	True	True	True	21.140818	pass
P07	P07	lab_data/P07/P07_EEG_recon_2026-06-08_13h33.36.114_image_mapping.json	6	1	6	1159	pear	images_THINGS/object_images/pear/pear_09s.jpg	/media/psycontrol/HDD/Datasets/THINGS/images_THINGS/object_images/pear/pear_09s.jpg	True	False	2	563634	1780921025946.000	easy_marker_manifest_order_min_gap_5s	pass	True	True	True	27.530880	pass
P07	P07	lab_data/P07/P07_EEG_recon_2026-06-08_13h33.36.114_image_mapping.json	7	1	7	1062	antelope	images_THINGS/object_images/antelope/antelope_12n.jpg	/media/psycontrol/HDD/Datasets/THINGS/images_THINGS/object_images/antelope/antelope_12n.jpg	True	False	2	566728	1780921032135.000	easy_marker_manifest_order_min_gap_5s	pass	True	True	True	22.154850	pass
P07	P07	lab_data/P07/P07_EEG_recon_2026-06-08_13h33.36.114_image_mapping.json	8	1	8	1145	rocking_chair	images_THINGS/object_images/rocking_chair/rocking_chair_07s.jpg	/media/psycontrol/HDD/Datasets/THINGS/images_THINGS/object_images/rocking_chair/rocking_chair_07s.jpg	True	False	2	569616	1780921037911.000	easy_marker_manifest_order_min_gap_5s	pass	True	True	True	85.651802	pass
P07	P07	lab_data/P07/P07_EEG_recon_2026-06-08_13h33.36.114_image_mapping.json	9	1	9	1015	moose	images_THINGS/object_images/moose/moose_02s.jpg	/media/psycontrol/HDD/Datasets/THINGS/images_THINGS/object_images/moose/moose_02s.jpg	True	False	2	572491	1780921043661.000	easy_marker_manifest_order_min_gap_5s	pass	True	True	True	23.236773	pass
P07	P07	lab_data/P07/P07_EEG_recon_2026-06-08_13h33.36.114_image_mapping.json	10	1	10	1092	bunkbed	images_THINGS/object_images/bunkbed/bunkbed_02s.jpg	/media/psycontrol/HDD/Datasets/THINGS/images_THINGS/object_images/bunkbed/bunkbed_02s.jpg	True	False	2	575436	1780921049551.000	easy_marker_manifest_order_min_gap_5s	pass	True	True	True	20.297234	pass
P07	P07	lab_data/P07/P07_EEG_recon_2026-06-08_13h33.36.114_image_mapping.json	11	1	11	1001	limousine	images_THINGS/object_images/limousine/limousine_03s.jpg	/media/psycontrol/HDD/Datasets/THINGS/images_THINGS/object_images/limousine/limousine_03s.jpg	True	False	2	578460	1780921055600.000	easy_marker_manifest_order_min_gap_5s	pass	True	True	True	23.970081	pass
P07	P07	lab_data/P07/P07_EEG_recon_2026-06-08_13h33.36.114_image_mapping.json	12	1	12	1160	clam	images_THINGS/object_images/clam/clam_06s.jpg	/media/psycontrol/HDD/Datasets/THINGS/images_THINGS/object_images/clam/clam_06s.jpg	True	False	2	581331	1780921061342.000	easy_marker_manifest_order_min_gap_5s	pass	True	True	True	34.115517	pass
P07	P07	lab_data/P07/P07_EEG_recon_2026-06-08_13h33.36.114_image_mapping.json	13	1	13	1020	television	images_THINGS/object_images/television/television_07s.jpg	/media/psycontrol/HDD/Datasets/THINGS/images_THINGS/object_images/television/television_07s.jpg	True	False	2	584300	1780921067280.000	easy_marker_manifest_order_min_gap_5s	pass	True	True	True	24.360867	pass
P07	P07	lab_data/P07/P07_EEG_recon_2026-06-08_13h33.36.114_image_mapping.json	14	1	14	1104	speaker	images_THINGS/object_images/speaker/speaker_19n.jpg	/media/psycontrol/HDD/Datasets/THINGS/images_THINGS/object_images/speaker/speaker_19n.jpg	True	False	2	587373	1780921073427.000	easy_marker_manifest_order_min_gap_5s	pass	True	True	True	19.734283	pass
P07	P07	lab_data/P07/P07_EEG_recon_2026-06-08_13h33.36.114_image_mapping.json	15	1	15	1134	sleeping_bag	images_THINGS/object_images/sleeping_bag/sleeping_bag_07s.jpg	/media/psycontrol/HDD/Datasets/THINGS/images_THINGS/object_images/sleeping_bag/sleeping_bag_07s.jpg	True	False	2	590432	1780921079545.000	easy_marker_manifest_order_min_gap_5s	pass	True	True	True	70.814537	pass
P07	P07	lab_data/P07/P07_EEG_recon_2026-06-08_13h33.36.114_image_mapping.json	16	1	16	1147	lemonade	images_THINGS/object_images/lemonade/lemonade_01b.jpg	/media/psycontrol/HDD/Datasets/THINGS/images_THINGS/object_images/lemonade/lemonade_01b.jpg	True	False	2	593345	1780921085371.000	easy_marker_manifest_order_min_gap_5s	pass	True	True	True	20.681681	pass
P07	P07	lab_data/P07/P07_EEG_recon_2026-06-08_13h33.36.114_image_mapping.json	17	1	17	1121	sunglasses	images_THINGS/object_images/sunglasses/sunglasses_06s.jpg	/media/psycontrol/HDD/Datasets/THINGS/images_THINGS/object_images/sunglasses/sunglasses_06s.jpg	True	False	2	596410	1780921091502.000	easy_marker_manifest_order_min_gap_5s	pass	True	True	True	24.554441	pass
P07	P07	lab_data/P07/P07_EEG_recon_2026-06-08_13h33.36.114_image_mapping.json	18	1	18	1035	lizard	images_THINGS/object_images/lizard/lizard_01b.jpg	/media/psycontrol/HDD/Datasets/THINGS/images_THINGS/object_images/lizard/lizard_01b.jpg	True	False	1	599424	1780921097530.000	easy_marker_manifest_order_min_gap_5s	pass	True	True	True	19.147234	pass
P07	P07	lab_data/P07/P07_EEG_recon_2026-06-08_13h33.36.114_image_mapping.json	19	1	19	1052	wallpaper	images_THINGS/object_images/wallpaper/wallpaper_01b.jpg	/media/psycontrol/HDD/Datasets/THINGS/images_THINGS/object_images/wallpaper/wallpaper_01b.jpg	True	False	2	602334	1780921103350.000	easy_marker_manifest_order_min_gap_5s	pass	True	True	True	17.857164	pass
P07	P07	lab_data/P07/P07_EEG_recon_2026-06-08_13h33.36.114_image_mapping.json	20	1	20	1132	polar_bear	images_THINGS/object_images/polar_bear/polar_bear_18s.jpg	/media/psycontrol/HDD/Datasets/THINGS/images_THINGS/object_images/polar_bear/polar_bear_18s.jpg	True	False	2	605316	1780921109315.000	easy_marker_manifest_order_min_gap_5s	pass	True	True	True	30.750555	pass
P07	P07	lab_data/P07/P07_EEG_recon_2026-06-08_13h33.36.114_image_mapping.json	21	2	1	1071	mongoose	images_THINGS/object_images/mongoose/mongoose_10s.jpg	/media/psycontrol/HDD/Datasets/THINGS/images_THINGS/object_images/mongoose/mongoose_10s.jpg	True	True	2	612620	1780921123923.000	easy_marker_manifest_order_min_gap_5s	pass	True	True	True	20.941818	pass
P07	P07	lab_data/P07/P07_EEG_recon_2026-06-08_13h33.36.114_image_mapping.json	22	2	2	1150	chick	images_THINGS/object_images/chick/chick_10s.jpg	/media/psycontrol/HDD/Datasets/THINGS/images_THINGS/object_images/chick/chick_10s.jpg	True	False	2	624603	1780921147891.000	easy_marker_manifest_order_min_gap_5s	pass	True	True	True	20.394209	pass
P07	P07	lab_data/P07/P07_EEG_recon_2026-06-08_13h33.36.114_image_mapping.json	23	2	3	1134	sleeping_bag	images_THINGS/object_images/sleeping_bag/sleeping_bag_07s.jpg	/media/psycontrol/HDD/Datasets/THINGS/images_THINGS/object_images/sleeping_bag/sleeping_bag_07s.jpg	True	True	2	627392	1780921153469.000	easy_marker_manifest_order_min_gap_5s	pass	True	True	True	16.892830	pass
P07	P07	lab_data/P07/P07_EEG_recon_2026-06-08_13h33.36.114_image_mapping.json	24	2	4	1053	reindeer	images_THINGS/object_images/reindeer/reindeer_14s.jpg	/media/psycontrol/HDD/Datasets/THINGS/images_THINGS/object_images/reindeer/reindeer_14s.jpg	True	False	2	630656	1780921159997.000	easy_marker_manifest_order_min_gap_5s	pass	True	True	True	26.049564	pass
P07	P07	lab_data/P07/P07_EEG_recon_2026-06-08_13h33.36.114_image_mapping.json	25	2	5	1060	squirrel	images_THINGS/object_images/squirrel/squirrel_12n.jpg	/media/psycontrol/HDD/Datasets/THINGS/images_THINGS/object_images/squirrel/squirrel_12n.jpg	True	False	2	633763	1780921166212.000	easy_marker_manifest_order_min_gap_5s	pass	True	True	True	16.373278	pass
P07	P07	lab_data/P07/P07_EEG_recon_2026-06-08_13h33.36.114_image_mapping.json	26	2	6	1001	limousine	images_THINGS/object_images/limousine/limousine_03s.jpg	/media/psycontrol/HDD/Datasets/THINGS/images_THINGS/object_images/limousine/limousine_03s.jpg	True	True	2	636634	1780921171954.000	easy_marker_manifest_order_min_gap_5s	pass	True	True	True	21.300837	pass
P07	P07	lab_data/P07/P07_EEG_recon_2026-06-08_13h33.36.114_image_mapping.json	27	2	7	1115	marshmallow	images_THINGS/object_images/marshmallow/marshmallow_09s.jpg	/media/psycontrol/HDD/Datasets/THINGS/images_THINGS/object_images/marshmallow/marshmallow_09s.jpg	True	False	1	639825	1780921178336.000	easy_marker_manifest_order_min_gap_5s	pass	True	True	True	23.866083	pass
P07	P07	lab_data/P07/P07_EEG_recon_2026-06-08_13h33.36.114_image_mapping.json	28	2	8	1159	pear	images_THINGS/object_images/pear/pear_09s.jpg	/media/psycontrol/HDD/Datasets/THINGS/images_THINGS/object_images/pear/pear_09s.jpg	True	True	2	642624	1780921183935.000	easy_marker_manifest_order_min_gap_5s	pass	True	True	True	20.066071	pass
P07	P07	lab_data/P07/P07_EEG_recon_2026-06-08_13h33.36.114_image_mapping.json	29	2	9	1012	burrito	images_THINGS/object_images/burrito/burrito_07s.jpg	/media/psycontrol/HDD/Datasets/THINGS/images_THINGS/object_images/burrito/burrito_07s.jpg	True	False	2	645901	1780921190489.000	easy_marker_manifest_order_min_gap_5s	pass	True	True	True	35.481583	pass
P07	P07	lab_data/P07/P07_EEG_recon_2026-06-08_13h33.36.114_image_mapping.json	30	2	10	1036	ladybug	images_THINGS/object_images/ladybug/ladybug_07s.jpg	/media/psycontrol/HDD/Datasets/THINGS/images_THINGS/object_images/ladybug/ladybug_07s.jpg	True	False	1	648950	1780921196587.000	easy_marker_manifest_order_min_gap_5s	pass	True	True	True	25.127892	pass
P07	P07	lab_data/P07/P07_EEG_recon_2026-06-08_13h33.36.114_image_mapping.json	31	2	11	1045	goose	images_THINGS/object_images/goose/goose_08s.jpg	/media/psycontrol/HDD/Datasets/THINGS/images_THINGS/object_images/goose/goose_08s.jpg	True	False	2	651897	1780921202482.000	easy_marker_manifest_order_min_gap_5s	pass	True	True	True	19.991318	pass
P07	P07	lab_data/P07/P07_EEG_recon_2026-06-08_13h33.36.114_image_mapping.json	32	2	12	1095	mouse2	images_THINGS/object_images/mouse2/mouse2_17s.jpg	/media/psycontrol/HDD/Datasets/THINGS/images_THINGS/object_images/mouse2/mouse2_17s.jpg	True	False	1	654810	1780921208308.000	easy_marker_manifest_order_min_gap_5s	pass	True	True	True	23.258083	pass
P07	P07	lab_data/P07/P07_EEG_recon_2026-06-08_13h33.36.114_image_mapping.json	33	2	13	1144	tarantula	images_THINGS/object_images/tarantula/tarantula_12s.jpg	/media/psycontrol/HDD/Datasets/THINGS/images_THINGS/object_images/tarantula/tarantula_12s.jpg	True	False	2	657755	1780921214198.000	easy_marker_manifest_order_min_gap_5s	pass	True	True	True	25.044699	pass
P07	P07	lab_data/P07/P07_EEG_recon_2026-06-08_13h33.36.114_image_mapping.json	34	2	14	1057	eggnog	images_THINGS/object_images/eggnog/eggnog_03s.jpg	/media/psycontrol/HDD/Datasets/THINGS/images_THINGS/object_images/eggnog/eggnog_03s.jpg	True	False	1	660623	1780921219934.000	easy_marker_manifest_order_min_gap_5s	pass	True	True	True	20.615131	pass
P07	P07	lab_data/P07/P07_EEG_recon_2026-06-08_13h33.36.114_image_mapping.json	35	2	15	1112	hard_disk	images_THINGS/object_images/hard_disk/hard_disk_13s.jpg	/media/psycontrol/HDD/Datasets/THINGS/images_THINGS/object_images/hard_disk/hard_disk_13s.jpg	True	False	1	663681	1780921226051.000	easy_marker_manifest_order_min_gap_5s	pass	True	True	True	17.968060	pass
P07	P07	lab_data/P07/P07_EEG_recon_2026-06-08_13h33.36.114_image_mapping.json	36	2	16	1108	possum	images_THINGS/object_images/possum/possum_03s.jpg	/media/psycontrol/HDD/Datasets/THINGS/images_THINGS/object_images/possum/possum_03s.jpg	True	False	1	666775	1780921232239.000	easy_marker_manifest_order_min_gap_5s	pass	True	True	True	40.955296	pass
P07	P07	lab_data/P07/P07_EEG_recon_2026-06-08_13h33.36.114_image_mapping.json	37	2	17	1160	clam	images_THINGS/object_images/clam/clam_06s.jpg	/media/psycontrol/HDD/Datasets/THINGS/images_THINGS/object_images/clam/clam_06s.jpg	True	True	2	669636	1780921237961.000	easy_marker_manifest_order_min_gap_5s	pass	True	True	True	21.554686	pass
P07	P07	lab_data/P07/P07_EEG_recon_2026-06-08_13h33.36.114_image_mapping.json	38	2	18	1031	fish	images_THINGS/object_images/fish/fish_01b.jpg	/media/psycontrol/HDD/Datasets/THINGS/images_THINGS/object_images/fish/fish_01b.jpg	True	False	1	672764	1780921244218.000	easy_marker_manifest_order_min_gap_5s	pass	True	True	True	25.132826	pass
P07	P07	lab_data/P07/P07_EEG_recon_2026-06-08_13h33.36.114_image_mapping.json	39	2	19	1016	ant	images_THINGS/object_images/ant/ant_08s.jpg	/media/psycontrol/HDD/Datasets/THINGS/images_THINGS/object_images/ant/ant_08s.jpg	True	False	1	675733	1780921250156.000	easy_marker_manifest_order_min_gap_5s	pass	True	True	True	42.884819	pass
P07	P07	lab_data/P07/P07_EEG_recon_2026-06-08_13h33.36.114_image_mapping.json	40	2	20	1118	candy_bar	images_THINGS/object_images/candy_bar/candy_bar_09s.jpg	/media/psycontrol/HDD/Datasets/THINGS/images_THINGS/object_images/candy_bar/candy_bar_09s.jpg	True	False	2	678698	1780921256086.000	easy_marker_manifest_order_min_gap_5s	pass	True	True	True	17.513649	pass
P07	P07	lab_data/P07/P07_EEG_recon_2026-06-08_13h33.36.114_image_mapping.json	41	3	1	1050	artichoke	images_THINGS/object_images/artichoke/artichoke_08n.jpg	/media/psycontrol/HDD/Datasets/THINGS/images_THINGS/object_images/artichoke/artichoke_08n.jpg	True	False	1	691590	1780921281872.000	easy_marker_manifest_order_min_gap_5s	pass	True	True	True	29.360538	pass
P07	P07	lab_data/P07/P07_EEG_recon_2026-06-08_13h33.36.114_image_mapping.json	42	3	2	1157	barnacle	images_THINGS/object_images/barnacle/barnacle_11s.jpg	/media/psycontrol/HDD/Datasets/THINGS/images_THINGS/object_images/barnacle/barnacle_11s.jpg	True	False	2	694534	1780921287760.000	easy_marker_manifest_order_min_gap_5s	pass	True	True	True	19.949591	pass
P07	P07	lab_data/P07/P07_EEG_recon_2026-06-08_13h33.36.114_image_mapping.json	43	3	3	1098	stool	images_THINGS/object_images/stool/stool_08s.jpg	/media/psycontrol/HDD/Datasets/THINGS/images_THINGS/object_images/stool/stool_08s.jpg	True	False	1	697552	1780921293796.000	easy_marker_manifest_order_min_gap_5s	pass	True	True	True	17.037050	pass
P07	P07	lab_data/P07/P07_EEG_recon_2026-06-08_13h33.36.114_image_mapping.json	44	3	4	1073	bull	images_THINGS/object_images/bull/bull_09s.jpg	/media/psycontrol/HDD/Datasets/THINGS/images_THINGS/object_images/bull/bull_09s.jpg	True	False	1	700534	1780921299761.000	easy_marker_manifest_order_min_gap_5s	pass	True	True	True	19.899870	pass
P07	P07	lab_data/P07/P07_EEG_recon_2026-06-08_13h33.36.114_image_mapping.json	45	3	5	1020	television	images_THINGS/object_images/television/television_07s.jpg	/media/psycontrol/HDD/Datasets/THINGS/images_THINGS/object_images/television/television_07s.jpg	True	True	2	703138	1780921304969.000	easy_marker_manifest_order_min_gap_5s	pass	True	True	True	19.749235	pass
P07	P07	lab_data/P07/P07_EEG_recon_2026-06-08_13h33.36.114_image_mapping.json	46	3	6	1151	tractor	images_THINGS/object_images/tractor/tractor_10n.jpg	/media/psycontrol/HDD/Datasets/THINGS/images_THINGS/object_images/tractor/tractor_10n.jpg	True	False	1	706527	1780921311747.000	easy_marker_manifest_order_min_gap_5s	pass	True	True	True	28.144733	pass
P07	P07	lab_data/P07/P07_EEG_recon_2026-06-08_13h33.36.114_image_mapping.json	47	3	7	1119	star_fruit	images_THINGS/object_images/star_fruit/star_fruit_06s.jpg	/media/psycontrol/HDD/Datasets/THINGS/images_THINGS/object_images/star_fruit/star_fruit_06s.jpg	True	False	1	709589	1780921317872.000	easy_marker_manifest_order_min_gap_5s	pass	True	True	True	23.984159	pass
P07	P07	lab_data/P07/P07_EEG_recon_2026-06-08_13h33.36.114_image_mapping.json	48	3	8	1011	raspberry	images_THINGS/object_images/raspberry/raspberry_11s.jpg	/media/psycontrol/HDD/Datasets/THINGS/images_THINGS/object_images/raspberry/raspberry_11s.jpg	True	False	1	712679	1780921324052.000	easy_marker_manifest_order_min_gap_5s	pass	True	True	True	29.532976	pass
P07	P07	lab_data/P07/P07_EEG_recon_2026-06-08_13h33.36.114_image_mapping.json	49	3	9	1137	lamb	images_THINGS/object_images/lamb/lamb_12s.jpg	/media/psycontrol/HDD/Datasets/THINGS/images_THINGS/object_images/lamb/lamb_12s.jpg	True	False	1	715759	1780921330212.000	easy_marker_manifest_order_min_gap_5s	pass	True	True	True	18.286673	pass
P07	P07	lab_data/P07/P07_EEG_recon_2026-06-08_13h33.36.114_image_mapping.json	50	3	10	1104	speaker	images_THINGS/object_images/speaker/speaker_19n.jpg	/media/psycontrol/HDD/Datasets/THINGS/images_THINGS/object_images/speaker/speaker_19n.jpg	True	True	2	718390	1780921335475.000	easy_marker_manifest_order_min_gap_5s	pass	True	True	True	21.524309	pass
P07	P07	lab_data/P07/P07_EEG_recon_2026-06-08_13h33.36.114_image_mapping.json	51	3	11	1110	jet	images_THINGS/object_images/jet/jet_04s.jpg	/media/psycontrol/HDD/Datasets/THINGS/images_THINGS/object_images/jet/jet_04s.jpg	True	False	2	721693	1780921342081.000	easy_marker_manifest_order_min_gap_5s	pass	True	True	True	24.592699	pass
P07	P07	lab_data/P07/P07_EEG_recon_2026-06-08_13h33.36.114_image_mapping.json	52	3	12	1144	tarantula	images_THINGS/object_images/tarantula/tarantula_12s.jpg	/media/psycontrol/HDD/Datasets/THINGS/images_THINGS/object_images/tarantula/tarantula_12s.jpg	True	True	2	724432	1780921347559.000	easy_marker_manifest_order_min_gap_5s	pass	True	True	True	27.804428	pass
P07	P07	lab_data/P07/P07_EEG_recon_2026-06-08_13h33.36.114_image_mapping.json	53	3	13	1006	cardinal	images_THINGS/object_images/cardinal/cardinal_02s.jpg	/media/psycontrol/HDD/Datasets/THINGS/images_THINGS/object_images/cardinal/cardinal_02s.jpg	True	True	2	727368	1780921353432.000	easy_marker_manifest_order_min_gap_5s	pass	True	True	True	26.624521	pass
P07	P07	lab_data/P07/P07_EEG_recon_2026-06-08_13h33.36.114_image_mapping.json	54	3	14	1097	sandwich	images_THINGS/object_images/sandwich/sandwich_06s.jpg	/media/psycontrol/HDD/Datasets/THINGS/images_THINGS/object_images/sandwich/sandwich_06s.jpg	True	False	1	730428	1780921359552.000	easy_marker_manifest_order_min_gap_5s	pass	True	True	True	22.149122	pass
P07	P07	lab_data/P07/P07_EEG_recon_2026-06-08_13h33.36.114_image_mapping.json	55	3	15	1090	garlic	images_THINGS/object_images/garlic/garlic_11s.jpg	/media/psycontrol/HDD/Datasets/THINGS/images_THINGS/object_images/garlic/garlic_11s.jpg	True	False	1	733383	1780921365462.000	easy_marker_manifest_order_min_gap_5s	pass	True	True	True	21.758272	pass
P07	P07	lab_data/P07/P07_EEG_recon_2026-06-08_13h33.36.114_image_mapping.json	56	3	16	1101	boat	images_THINGS/object_images/boat/boat_08s.jpg	/media/psycontrol/HDD/Datasets/THINGS/images_THINGS/object_images/boat/boat_08s.jpg	True	False	1	736452	1780921371601.000	easy_marker_manifest_order_min_gap_5s	pass	True	True	True	16.438644	pass
P07	P07	lab_data/P07/P07_EEG_recon_2026-06-08_13h33.36.114_image_mapping.json	57	3	17	1132	polar_bear	images_THINGS/object_images/polar_bear/polar_bear_18s.jpg	/media/psycontrol/HDD/Datasets/THINGS/images_THINGS/object_images/polar_bear/polar_bear_18s.jpg	True	True	2	739152	1780921377001.000	easy_marker_manifest_order_min_gap_5s	pass	True	True	True	16.962212	pass
P07	P07	lab_data/P07/P07_EEG_recon_2026-06-08_13h33.36.114_image_mapping.json	58	3	18	1047	drawer	images_THINGS/object_images/drawer/drawer_04s.jpg	/media/psycontrol/HDD/Datasets/THINGS/images_THINGS/object_images/drawer/drawer_04s.jpg	True	False	1	742397	1780921383491.000	easy_marker_manifest_order_min_gap_5s	pass	True	True	True	22.714746	pass
P07	P07	lab_data/P07/P07_EEG_recon_2026-06-08_13h33.36.114_image_mapping.json	59	3	19	1026	asparagus	images_THINGS/object_images/asparagus/asparagus_12s.jpg	/media/psycontrol/HDD/Datasets/THINGS/images_THINGS/object_images/asparagus/asparagus_12s.jpg	True	False	1	745288	1780921389274.000	easy_marker_manifest_order_min_gap_5s	pass	True	True	True	23.274446	pass
P07	P07	lab_data/P07/P07_EEG_recon_2026-06-08_13h33.36.114_image_mapping.json	60	3	20	1046	tiramisu	images_THINGS/object_images/tiramisu/tiramisu_12s.jpg	/media/psycontrol/HDD/Datasets/THINGS/images_THINGS/object_images/tiramisu/tiramisu_12s.jpg	True	False	2	748302	1780921395302.000	easy_marker_manifest_order_min_gap_5s	pass	True	True	True	16.283234	pass
P07	P07	lab_data/P07/P07_EEG_recon_2026-06-08_13h33.36.114_image_mapping.json	61	4	1	1110	jet	images_THINGS/object_images/jet/jet_04s.jpg	/media/psycontrol/HDD/Datasets/THINGS/images_THINGS/object_images/jet/jet_04s.jpg	True	True	2	756972	1780921412643.000	easy_marker_manifest_order_min_gap_5s	pass	True	True	True	45.870380	pass
P07	P07	lab_data/P07/P07_EEG_recon_2026-06-08_13h33.36.114_image_mapping.json	62	4	2	1149	mole	images_THINGS/object_images/mole/mole_09s.jpg	/media/psycontrol/HDD/Datasets/THINGS/images_THINGS/object_images/mole/mole_09s.jpg	True	False	1	767593	1780921433886.000	easy_marker_manifest_order_min_gap_5s	pass	True	True	True	22.831415	pass
P07	P07	lab_data/P07/P07_EEG_recon_2026-06-08_13h33.36.114_image_mapping.json	63	4	3	1023	wolf	images_THINGS/object_images/wolf/wolf_12n.jpg	/media/psycontrol/HDD/Datasets/THINGS/images_THINGS/object_images/wolf/wolf_12n.jpg	True	False	2	770697	1780921440094.000	easy_marker_manifest_order_min_gap_5s	pass	True	True	True	14.005131	pass
P07	P07	lab_data/P07/P07_EEG_recon_2026-06-08_13h33.36.114_image_mapping.json	64	4	4	1125	sundae	images_THINGS/object_images/sundae/sundae_09s.jpg	/media/psycontrol/HDD/Datasets/THINGS/images_THINGS/object_images/sundae/sundae_09s.jpg	True	False	2	773572	1780921445845.000	easy_marker_manifest_order_min_gap_5s	pass	True	True	True	16.813995	pass
P07	P07	lab_data/P07/P07_EEG_recon_2026-06-08_13h33.36.114_image_mapping.json	65	4	5	1037	steamroller	images_THINGS/object_images/steamroller/steamroller_11n.jpg	/media/psycontrol/HDD/Datasets/THINGS/images_THINGS/object_images/steamroller/steamroller_11n.jpg	True	False	1	776482	1780921451665.000	easy_marker_manifest_order_min_gap_5s	pass	True	True	True	22.237337	pass
P07	P07	lab_data/P07/P07_EEG_recon_2026-06-08_13h33.36.114_image_mapping.json	66	4	6	1120	owl	images_THINGS/object_images/owl/owl_19s.jpg	/media/psycontrol/HDD/Datasets/THINGS/images_THINGS/object_images/owl/owl_19s.jpg	True	False	2	779548	1780921457797.000	easy_marker_manifest_order_min_gap_5s	pass	True	True	True	28.937475	pass
P07	P07	lab_data/P07/P07_EEG_recon_2026-06-08_13h33.36.114_image_mapping.json	67	4	7	1015	moose	images_THINGS/object_images/moose/moose_02s.jpg	/media/psycontrol/HDD/Datasets/THINGS/images_THINGS/object_images/moose/moose_02s.jpg	True	True	2	782380	1780921463462.000	easy_marker_manifest_order_min_gap_5s	pass	True	True	True	26.413054	pass
P07	P07	lab_data/P07/P07_EEG_recon_2026-06-08_13h33.36.114_image_mapping.json	68	4	8	1121	sunglasses	images_THINGS/object_images/sunglasses/sunglasses_06s.jpg	/media/psycontrol/HDD/Datasets/THINGS/images_THINGS/object_images/sunglasses/sunglasses_06s.jpg	True	True	2	785396	1780921469494.000	easy_marker_manifest_order_min_gap_5s	pass	True	True	True	18.733263	pass
P07	P07	lab_data/P07/P07_EEG_recon_2026-06-08_13h33.36.114_image_mapping.json	69	4	9	1049	rat	images_THINGS/object_images/rat/rat_04s.jpg	/media/psycontrol/HDD/Datasets/THINGS/images_THINGS/object_images/rat/rat_04s.jpg	True	False	1	788582	1780921475866.000	easy_marker_manifest_order_min_gap_5s	pass	True	True	True	23.396660	pass
P07	P07	lab_data/P07/P07_EEG_recon_2026-06-08_13h33.36.114_image_mapping.json	70	4	10	1032	pants	images_THINGS/object_images/pants/pants_01b.jpg	/media/psycontrol/HDD/Datasets/THINGS/images_THINGS/object_images/pants/pants_01b.jpg	True	False	1	791474	1780921481651.000	easy_marker_manifest_order_min_gap_5s	pass	True	True	True	81.221565	pass
P07	P07	lab_data/P07/P07_EEG_recon_2026-06-08_13h33.36.114_image_mapping.json	71	4	11	1063	car	images_THINGS/object_images/car/car_12s.jpg	/media/psycontrol/HDD/Datasets/THINGS/images_THINGS/object_images/car/car_12s.jpg	True	False	1	794498	1780921487699.000	easy_marker_manifest_order_min_gap_5s	pass	True	True	True	22.334717	pass
P07	P07	lab_data/P07/P07_EEG_recon_2026-06-08_13h33.36.114_image_mapping.json	72	4	12	1118	candy_bar	images_THINGS/object_images/candy_bar/candy_bar_09s.jpg	/media/psycontrol/HDD/Datasets/THINGS/images_THINGS/object_images/candy_bar/candy_bar_09s.jpg	True	True	2	797446	1780921493595.000	easy_marker_manifest_order_min_gap_5s	pass	True	True	True	25.564863	pass
P07	P07	lab_data/P07/P07_EEG_recon_2026-06-08_13h33.36.114_image_mapping.json	73	4	13	1092	bunkbed	images_THINGS/object_images/bunkbed/bunkbed_02s.jpg	/media/psycontrol/HDD/Datasets/THINGS/images_THINGS/object_images/bunkbed/bunkbed_02s.jpg	True	True	2	800132	1780921498968.000	easy_marker_manifest_order_min_gap_5s	pass	True	True	True	17.051332	pass
P07	P07	lab_data/P07/P07_EEG_recon_2026-06-08_13h33.36.114_image_mapping.json	74	4	14	1038	cupcake	images_THINGS/object_images/cupcake/cupcake_07s.jpg	/media/psycontrol/HDD/Datasets/THINGS/images_THINGS/object_images/cupcake/cupcake_07s.jpg	True	False	1	803380	1780921505464.000	easy_marker_manifest_order_min_gap_5s	pass	True	True	True	24.880091	pass
P07	P07	lab_data/P07/P07_EEG_recon_2026-06-08_13h33.36.114_image_mapping.json	75	4	15	1061	taco	images_THINGS/object_images/taco/taco_06n.jpg	/media/psycontrol/HDD/Datasets/THINGS/images_THINGS/object_images/taco/taco_06n.jpg	True	False	2	806449	1780921511602.000	easy_marker_manifest_order_min_gap_5s	pass	True	True	True	18.841887	pass
P07	P07	lab_data/P07/P07_EEG_recon_2026-06-08_13h33.36.114_image_mapping.json	76	4	16	1130	showerhead	images_THINGS/object_images/showerhead/showerhead_05s.jpg	/media/psycontrol/HDD/Datasets/THINGS/images_THINGS/object_images/showerhead/showerhead_05s.jpg	True	False	2	809417	1780921517539.000	easy_marker_manifest_order_min_gap_5s	pass	True	True	True	21.191675	pass
P07	P07	lab_data/P07/P07_EEG_recon_2026-06-08_13h33.36.114_image_mapping.json	77	4	17	1143	mango	images_THINGS/object_images/mango/mango_16s.jpg	/media/psycontrol/HDD/Datasets/THINGS/images_THINGS/object_images/mango/mango_16s.jpg	True	False	2	812348	1780921523401.000	easy_marker_manifest_order_min_gap_5s	pass	True	True	True	20.220238	pass
P07	P07	lab_data/P07/P07_EEG_recon_2026-06-08_13h33.36.114_image_mapping.json	78	4	18	1123	sorbet	images_THINGS/object_images/sorbet/sorbet_05s.jpg	/media/psycontrol/HDD/Datasets/THINGS/images_THINGS/object_images/sorbet/sorbet_05s.jpg	True	False	1	815431	1780921529567.000	easy_marker_manifest_order_min_gap_5s	pass	True	True	True	15.214694	pass
P07	P07	lab_data/P07/P07_EEG_recon_2026-06-08_13h33.36.114_image_mapping.json	79	4	19	1013	banana	images_THINGS/object_images/banana/banana_13s.jpg	/media/psycontrol/HDD/Datasets/THINGS/images_THINGS/object_images/banana/banana_13s.jpg	True	False	1	818479	1780921535664.000	easy_marker_manifest_order_min_gap_5s	pass	True	True	True	25.610039	pass
P07	P07	lab_data/P07/P07_EEG_recon_2026-06-08_13h33.36.114_image_mapping.json	80	4	20	1139	earwig	images_THINGS/object_images/earwig/earwig_09s.jpg	/media/psycontrol/HDD/Datasets/THINGS/images_THINGS/object_images/earwig/earwig_09s.jpg	True	False	1	821347	1780921541400.000	easy_marker_manifest_order_min_gap_5s	pass	True	True	True	20.597458	pass
P07	P07	lab_data/P07/P07_EEG_recon_2026-06-08_13h33.36.114_image_mapping.json	81	5	1	1079	puppy	images_THINGS/object_images/puppy/puppy_12s.jpg	/media/psycontrol/HDD/Datasets/THINGS/images_THINGS/object_images/puppy/puppy_12s.jpg	True	False	1	836080	1780921570867.000	easy_marker_manifest_order_min_gap_5s	pass	True	True	True	27.008947	pass
P07	P07	lab_data/P07/P07_EEG_recon_2026-06-08_13h33.36.114_image_mapping.json	82	5	2	1082	necklace	images_THINGS/object_images/necklace/necklace_11s.jpg	/media/psycontrol/HDD/Datasets/THINGS/images_THINGS/object_images/necklace/necklace_11s.jpg	True	False	2	839135	1780921576978.000	easy_marker_manifest_order_min_gap_5s	pass	True	True	True	17.726257	pass
P07	P07	lab_data/P07/P07_EEG_recon_2026-06-08_13h33.36.114_image_mapping.json	83	5	3	1131	eel	images_THINGS/object_images/eel/eel_09s.jpg	/media/psycontrol/HDD/Datasets/THINGS/images_THINGS/object_images/eel/eel_09s.jpg	True	False	1	842090	1780921582888.000	easy_marker_manifest_order_min_gap_5s	pass	True	True	True	23.818279	pass
P07	P07	lab_data/P07/P07_EEG_recon_2026-06-08_13h33.36.114_image_mapping.json	84	5	4	1143	mango	images_THINGS/object_images/mango/mango_16s.jpg	/media/psycontrol/HDD/Datasets/THINGS/images_THINGS/object_images/mango/mango_16s.jpg	True	True	2	845028	1780921588764.000	easy_marker_manifest_order_min_gap_5s	pass	True	True	True	18.691599	pass
P07	P07	lab_data/P07/P07_EEG_recon_2026-06-08_13h33.36.114_image_mapping.json	85	5	5	1109	wasp	images_THINGS/object_images/wasp/wasp_09n.jpg	/media/psycontrol/HDD/Datasets/THINGS/images_THINGS/object_images/wasp/wasp_09n.jpg	True	False	1	848152	1780921595013.000	easy_marker_manifest_order_min_gap_5s	pass	True	True	True	21.220755	pass
P07	P07	lab_data/P07/P07_EEG_recon_2026-06-08_13h33.36.114_image_mapping.json	86	5	6	1046	tiramisu	images_THINGS/object_images/tiramisu/tiramisu_12s.jpg	/media/psycontrol/HDD/Datasets/THINGS/images_THINGS/object_images/tiramisu/tiramisu_12s.jpg	True	True	2	850990	1780921600689.000	easy_marker_manifest_order_min_gap_5s	pass	True	True	True	26.344681	pass
P07	P07	lab_data/P07/P07_EEG_recon_2026-06-08_13h33.36.114_image_mapping.json	87	5	7	1133	cockatoo	images_THINGS/object_images/cockatoo/cockatoo_04s.jpg	/media/psycontrol/HDD/Datasets/THINGS/images_THINGS/object_images/cockatoo/cockatoo_04s.jpg	True	False	1	854107	1780921606923.000	easy_marker_manifest_order_min_gap_5s	pass	True	True	True	22.335447	pass
P07	P07	lab_data/P07/P07_EEG_recon_2026-06-08_13h33.36.114_image_mapping.json	88	5	8	1002	pea	images_THINGS/object_images/pea/pea_10s.jpg	/media/psycontrol/HDD/Datasets/THINGS/images_THINGS/object_images/pea/pea_10s.jpg	True	False	1	857054	1780921612818.000	easy_marker_manifest_order_min_gap_5s	pass	True	True	True	17.498434	pass
P07	P07	lab_data/P07/P07_EEG_recon_2026-06-08_13h33.36.114_image_mapping.json	89	5	9	1135	pony	images_THINGS/object_images/pony/pony_01b.jpg	/media/psycontrol/HDD/Datasets/THINGS/images_THINGS/object_images/pony/pony_01b.jpg	True	False	1	860056	1780921618822.000	easy_marker_manifest_order_min_gap_5s	pass	True	True	True	24.320444	pass
P07	P07	lab_data/P07/P07_EEG_recon_2026-06-08_13h33.36.114_image_mapping.json	90	5	10	1125	sundae	images_THINGS/object_images/sundae/sundae_09s.jpg	/media/psycontrol/HDD/Datasets/THINGS/images_THINGS/object_images/sundae/sundae_09s.jpg	True	True	2	863002	1780921624714.000	easy_marker_manifest_order_min_gap_5s	pass	True	True	True	34.476692	pass
P07	P07	lab_data/P07/P07_EEG_recon_2026-06-08_13h33.36.114_image_mapping.json	91	5	11	1124	nightshirt	images_THINGS/object_images/nightshirt/nightshirt_11s.jpg	/media/psycontrol/HDD/Datasets/THINGS/images_THINGS/object_images/nightshirt/nightshirt_11s.jpg	True	True	2	865616	1780921629943.000	easy_marker_manifest_order_min_gap_5s	pass	True	True	True	18.345156	pass
P07	P07	lab_data/P07/P07_EEG_recon_2026-06-08_13h33.36.114_image_mapping.json	92	5	12	1140	kayak	images_THINGS/object_images/kayak/kayak_04s.jpg	/media/psycontrol/HDD/Datasets/THINGS/images_THINGS/object_images/kayak/kayak_04s.jpg	True	False	1	868884	1780921636479.000	easy_marker_manifest_order_min_gap_5s	pass	True	True	True	83.710442	pass
P07	P07	lab_data/P07/P07_EEG_recon_2026-06-08_13h33.36.114_image_mapping.json	93	5	13	1059	zucchini	images_THINGS/object_images/zucchini/zucchini_02s.jpg	/media/psycontrol/HDD/Datasets/THINGS/images_THINGS/object_images/zucchini/zucchini_02s.jpg	True	False	2	871814	1780921642339.000	easy_marker_manifest_order_min_gap_5s	pass	True	True	True	30.110928	pass
P07	P07	lab_data/P07/P07_EEG_recon_2026-06-08_13h33.36.114_image_mapping.json	94	5	14	1040	panda	images_THINGS/object_images/panda/panda_01b.jpg	/media/psycontrol/HDD/Datasets/THINGS/images_THINGS/object_images/panda/panda_01b.jpg	True	False	1	874869	1780921648450.000	easy_marker_manifest_order_min_gap_5s	pass	True	True	True	37.717422	pass
P07	P07	lab_data/P07/P07_EEG_recon_2026-06-08_13h33.36.114_image_mapping.json	95	5	15	1061	taco	images_THINGS/object_images/taco/taco_06n.jpg	/media/psycontrol/HDD/Datasets/THINGS/images_THINGS/object_images/taco/taco_06n.jpg	True	True	2	877774	1780921654260.000	easy_marker_manifest_order_min_gap_5s	pass	True	True	True	22.734325	pass
P07	P07	lab_data/P07/P07_EEG_recon_2026-06-08_13h33.36.114_image_mapping.json	96	5	16	1107	omelet	images_THINGS/object_images/omelet/omelet_06s.jpg	/media/psycontrol/HDD/Datasets/THINGS/images_THINGS/object_images/omelet/omelet_06s.jpg	True	False	1	880852	1780921660416.000	easy_marker_manifest_order_min_gap_5s	pass	True	True	True	19.822630	pass
P07	P07	lab_data/P07/P07_EEG_recon_2026-06-08_13h33.36.114_image_mapping.json	97	5	17	1086	pasta	images_THINGS/object_images/pasta/pasta_12s.jpg	/media/psycontrol/HDD/Datasets/THINGS/images_THINGS/object_images/pasta/pasta_12s.jpg	True	False	1	883928	1780921666569.000	easy_marker_manifest_order_min_gap_5s	pass	True	True	True	41.486080	pass
P07	P07	lab_data/P07/P07_EEG_recon_2026-06-08_13h33.36.114_image_mapping.json	98	5	18	1010	pineapple	images_THINGS/object_images/pineapple/pineapple_08s.jpg	/media/psycontrol/HDD/Datasets/THINGS/images_THINGS/object_images/pineapple/pineapple_08s.jpg	True	False	1	886945	1780921672603.000	easy_marker_manifest_order_min_gap_5s	pass	True	True	True	22.681993	pass
P07	P07	lab_data/P07/P07_EEG_recon_2026-06-08_13h33.36.114_image_mapping.json	99	5	19	1127	space_shuttle	images_THINGS/object_images/space_shuttle/space_shuttle_12s.jpg	/media/psycontrol/HDD/Datasets/THINGS/images_THINGS/object_images/space_shuttle/space_shuttle_12s.jpg	True	False	1	889844	1780921678401.000	easy_marker_manifest_order_min_gap_5s	pass	True	True	True	21.640820	pass
P07	P07	lab_data/P07/P07_EEG_recon_2026-06-08_13h33.36.114_image_mapping.json	100	5	20	1155	kale	images_THINGS/object_images/kale/kale_01b.jpg	/media/psycontrol/HDD/Datasets/THINGS/images_THINGS/object_images/kale/kale_01b.jpg	True	False	1	892828	1780921684370.000	easy_marker_manifest_order_min_gap_5s	pass	True	True	True	18.474863	pass
P07	P07	lab_data/P07/P07_EEG_recon_2026-06-08_13h33.36.114_image_mapping.json	101	6	1	1152	speedboat	images_THINGS/object_images/speedboat/speedboat_06s.jpg	/media/psycontrol/HDD/Datasets/THINGS/images_THINGS/object_images/speedboat/speedboat_06s.jpg	True	False	1	904708	1780921708131.000	easy_marker_manifest_order_min_gap_5s	pass	True	True	True	18.620525	pass
P07	P07	lab_data/P07/P07_EEG_recon_2026-06-08_13h33.36.114_image_mapping.json	102	6	2	1008	keyboard	images_THINGS/object_images/keyboard/keyboard_13s.jpg	/media/psycontrol/HDD/Datasets/THINGS/images_THINGS/object_images/keyboard/keyboard_13s.jpg	True	False	1	907756	1780921714227.000	easy_marker_manifest_order_min_gap_5s	pass	True	True	True	26.915045	pass
P07	P07	lab_data/P07/P07_EEG_recon_2026-06-08_13h33.36.114_image_mapping.json	103	6	3	1042	eagle	images_THINGS/object_images/eagle/eagle_08s.jpg	/media/psycontrol/HDD/Datasets/THINGS/images_THINGS/object_images/eagle/eagle_08s.jpg	True	False	1	910838	1780921720392.000	easy_marker_manifest_order_min_gap_5s	pass	True	True	True	16.105980	pass
P07	P07	lab_data/P07/P07_EEG_recon_2026-06-08_13h33.36.114_image_mapping.json	104	6	4	1028	meatball	images_THINGS/object_images/meatball/meatball_04s.jpg	/media/psycontrol/HDD/Datasets/THINGS/images_THINGS/object_images/meatball/meatball_04s.jpg	True	False	1	913885	1780921726486.000	easy_marker_manifest_order_min_gap_5s	pass	True	True	True	28.539864	pass
P07	P07	lab_data/P07/P07_EEG_recon_2026-06-08_13h33.36.114_image_mapping.json	105	6	5	1062	antelope	images_THINGS/object_images/antelope/antelope_12n.jpg	/media/psycontrol/HDD/Datasets/THINGS/images_THINGS/object_images/antelope/antelope_12n.jpg	True	True	2	916626	1780921731968.000	easy_marker_manifest_order_min_gap_5s	pass	True	True	True	17.730852	pass
P07	P07	lab_data/P07/P07_EEG_recon_2026-06-08_13h33.36.114_image_mapping.json	106	6	6	1085	frog	images_THINGS/object_images/frog/frog_09s.jpg	/media/psycontrol/HDD/Datasets/THINGS/images_THINGS/object_images/frog/frog_09s.jpg	True	False	1	919950	1780921738617.000	easy_marker_manifest_order_min_gap_5s	pass	True	True	True	19.503643	pass
P07	P07	lab_data/P07/P07_EEG_recon_2026-06-08_13h33.36.114_image_mapping.json	107	6	7	1074	cobra	images_THINGS/object_images/cobra/cobra_07s.jpg	/media/psycontrol/HDD/Datasets/THINGS/images_THINGS/object_images/cobra/cobra_07s.jpg	True	False	1	922954	1780921744625.000	easy_marker_manifest_order_min_gap_5s	pass	True	True	True	24.070564	pass
P07	P07	lab_data/P07/P07_EEG_recon_2026-06-08_13h33.36.114_image_mapping.json	108	6	8	1103	blazer	images_THINGS/object_images/blazer/blazer_05s.jpg	/media/psycontrol/HDD/Datasets/THINGS/images_THINGS/object_images/blazer/blazer_05s.jpg	True	False	1	926098	1780921750913.000	easy_marker_manifest_order_min_gap_5s	pass	True	True	True	56.669300	pass
P07	P07	lab_data/P07/P07_EEG_recon_2026-06-08_13h33.36.114_image_mapping.json	109	6	9	1017	carrot	images_THINGS/object_images/carrot/carrot_01b.jpg	/media/psycontrol/HDD/Datasets/THINGS/images_THINGS/object_images/carrot/carrot_01b.jpg	True	False	1	929172	1780921757062.000	easy_marker_manifest_order_min_gap_5s	pass	True	True	True	27.248409	pass
P07	P07	lab_data/P07/P07_EEG_recon_2026-06-08_13h33.36.114_image_mapping.json	110	6	10	1126	helicopter	images_THINGS/object_images/helicopter/helicopter_20s.jpg	/media/psycontrol/HDD/Datasets/THINGS/images_THINGS/object_images/helicopter/helicopter_20s.jpg	True	False	2	932102	1780921762922.000	easy_marker_manifest_order_min_gap_5s	pass	True	True	True	79.300430	pass
P07	P07	lab_data/P07/P07_EEG_recon_2026-06-08_13h33.36.114_image_mapping.json	111	6	11	1106	swordfish	images_THINGS/object_images/swordfish/swordfish_07s.jpg	/media/psycontrol/HDD/Datasets/THINGS/images_THINGS/object_images/swordfish/swordfish_07s.jpg	True	False	1	935104	1780921768926.000	easy_marker_manifest_order_min_gap_5s	pass	True	True	True	17.421986	pass
P07	P07	lab_data/P07/P07_EEG_recon_2026-06-08_13h33.36.114_image_mapping.json	112	6	12	1068	radio	images_THINGS/object_images/radio/radio_04s.jpg	/media/psycontrol/HDD/Datasets/THINGS/images_THINGS/object_images/radio/radio_04s.jpg	True	False	1	938106	1780921774930.000	easy_marker_manifest_order_min_gap_5s	pass	True	True	True	16.842581	pass
P07	P07	lab_data/P07/P07_EEG_recon_2026-06-08_13h33.36.114_image_mapping.json	113	6	13	1100	champagne	images_THINGS/object_images/champagne/champagne_01b.jpg	/media/psycontrol/HDD/Datasets/THINGS/images_THINGS/object_images/champagne/champagne_01b.jpg	True	False	1	940911	1780921780541.000	easy_marker_manifest_order_min_gap_5s	pass	True	True	True	19.031881	pass
P07	P07	lab_data/P07/P07_EEG_recon_2026-06-08_13h33.36.114_image_mapping.json	114	6	14	1084	cheetah	images_THINGS/object_images/cheetah/cheetah_06s.jpg	/media/psycontrol/HDD/Datasets/THINGS/images_THINGS/object_images/cheetah/cheetah_06s.jpg	True	False	2	943995	1780921786709.000	easy_marker_manifest_order_min_gap_5s	pass	True	True	True	22.193216	pass
P07	P07	lab_data/P07/P07_EEG_recon_2026-06-08_13h33.36.114_image_mapping.json	115	6	15	1120	owl	images_THINGS/object_images/owl/owl_19s.jpg	/media/psycontrol/HDD/Datasets/THINGS/images_THINGS/object_images/owl/owl_19s.jpg	True	True	2	946756	1780921792231.000	easy_marker_manifest_order_min_gap_5s	pass	True	True	True	20.196476	pass
P07	P07	lab_data/P07/P07_EEG_recon_2026-06-08_13h33.36.114_image_mapping.json	116	6	16	1129	workbench	images_THINGS/object_images/workbench/workbench_07s.jpg	/media/psycontrol/HDD/Datasets/THINGS/images_THINGS/object_images/workbench/workbench_07s.jpg	True	False	2	949977	1780921798674.000	easy_marker_manifest_order_min_gap_5s	pass	True	True	True	27.389338	pass
P07	P07	lab_data/P07/P07_EEG_recon_2026-06-08_13h33.36.114_image_mapping.json	117	6	17	1053	reindeer	images_THINGS/object_images/reindeer/reindeer_14s.jpg	/media/psycontrol/HDD/Datasets/THINGS/images_THINGS/object_images/reindeer/reindeer_14s.jpg	True	True	2	952914	1780921804548.000	easy_marker_manifest_order_min_gap_5s	pass	True	True	True	24.399408	pass
P07	P07	lab_data/P07/P07_EEG_recon_2026-06-08_13h33.36.114_image_mapping.json	118	6	18	1039	sailboat	images_THINGS/object_images/sailboat/sailboat_07s.jpg	/media/psycontrol/HDD/Datasets/THINGS/images_THINGS/object_images/sailboat/sailboat_07s.jpg	True	False	1	955991	1780921810702.000	easy_marker_manifest_order_min_gap_5s	pass	True	True	True	44.149078	pass
P07	P07	lab_data/P07/P07_EEG_recon_2026-06-08_13h33.36.114_image_mapping.json	119	6	19	1111	creme_brulee	images_THINGS/object_images/creme_brulee/creme_brulee_01b.jpg	/media/psycontrol/HDD/Datasets/THINGS/images_THINGS/object_images/creme_brulee/creme_brulee_01b.jpg	True	False	1	958966	1780921816653.000	easy_marker_manifest_order_min_gap_5s	pass	True	True	True	24.756571	pass
P07	P07	lab_data/P07/P07_EEG_recon_2026-06-08_13h33.36.114_image_mapping.json	120	6	20	1012	burrito	images_THINGS/object_images/burrito/burrito_07s.jpg	/media/psycontrol/HDD/Datasets/THINGS/images_THINGS/object_images/burrito/burrito_07s.jpg	True	True	2	961674	1780921822069.000	easy_marker_manifest_order_min_gap_5s	pass	True	True	True	33.185684	pass
P07	P07	lab_data/P07/P07_EEG_recon_2026-06-08_13h33.36.114_image_mapping.json	121	7	1	1067	taffy	images_THINGS/object_images/taffy/taffy_11s.jpg	/media/psycontrol/HDD/Datasets/THINGS/images_THINGS/object_images/taffy/taffy_11s.jpg	True	False	1	974128	1780921846978.000	easy_marker_manifest_order_min_gap_5s	pass	True	True	True	21.176809	pass
P07	P07	lab_data/P07/P07_EEG_recon_2026-06-08_13h33.36.114_image_mapping.json	122	7	2	1084	cheetah	images_THINGS/object_images/cheetah/cheetah_06s.jpg	/media/psycontrol/HDD/Datasets/THINGS/images_THINGS/object_images/cheetah/cheetah_06s.jpg	True	True	2	977110	1780921852943.000	easy_marker_manifest_order_min_gap_5s	pass	True	True	True	23.543751	pass
P07	P07	lab_data/P07/P07_EEG_recon_2026-06-08_13h33.36.114_image_mapping.json	123	7	3	1082	necklace	images_THINGS/object_images/necklace/necklace_11s.jpg	/media/psycontrol/HDD/Datasets/THINGS/images_THINGS/object_images/necklace/necklace_11s.jpg	True	True	2	979792	1780921858307.000	easy_marker_manifest_order_min_gap_5s	pass	True	True	True	26.697742	pass
P07	P07	lab_data/P07/P07_EEG_recon_2026-06-08_13h33.36.114_image_mapping.json	124	7	4	1051	yacht	images_THINGS/object_images/yacht/yacht_05s.jpg	/media/psycontrol/HDD/Datasets/THINGS/images_THINGS/object_images/yacht/yacht_05s.jpg	True	False	2	983134	1780921864991.000	easy_marker_manifest_order_min_gap_5s	pass	True	True	True	33.316845	pass
P07	P07	lab_data/P07/P07_EEG_recon_2026-06-08_13h33.36.114_image_mapping.json	125	7	5	1091	kitten	images_THINGS/object_images/kitten/kitten_09s.jpg	/media/psycontrol/HDD/Datasets/THINGS/images_THINGS/object_images/kitten/kitten_09s.jpg	True	False	1	985940	1780921870604.000	easy_marker_manifest_order_min_gap_5s	pass	True	True	True	18.896885	pass
P07	P07	lab_data/P07/P07_EEG_recon_2026-06-08_13h33.36.114_image_mapping.json	126	7	6	1081	police_car	images_THINGS/object_images/police_car/police_car_14s.jpg	/media/psycontrol/HDD/Datasets/THINGS/images_THINGS/object_images/police_car/police_car_14s.jpg	True	False	1	988926	1780921876576.000	easy_marker_manifest_order_min_gap_5s	pass	True	True	True	24.501652	pass
P07	P07	lab_data/P07/P07_EEG_recon_2026-06-08_13h33.36.114_image_mapping.json	127	7	7	1154	chandelier	images_THINGS/object_images/chandelier/chandelier_10s.jpg	/media/psycontrol/HDD/Datasets/THINGS/images_THINGS/object_images/chandelier/chandelier_10s.jpg	True	False	1	991992	1780921882708.000	easy_marker_manifest_order_min_gap_5s	pass	True	True	True	20.489799	pass
P07	P07	lab_data/P07/P07_EEG_recon_2026-06-08_13h33.36.114_image_mapping.json	128	7	8	1087	bathrobe	images_THINGS/object_images/bathrobe/bathrobe_12s.jpg	/media/psycontrol/HDD/Datasets/THINGS/images_THINGS/object_images/bathrobe/bathrobe_12s.jpg	True	False	1	995142	1780921889009.000	easy_marker_manifest_order_min_gap_5s	pass	True	True	True	21.026804	pass
P07	P07	lab_data/P07/P07_EEG_recon_2026-06-08_13h33.36.114_image_mapping.json	129	7	9	1065	cabinet	images_THINGS/object_images/cabinet/cabinet_07s.jpg	/media/psycontrol/HDD/Datasets/THINGS/images_THINGS/object_images/cabinet/cabinet_07s.jpg	True	False	1	998211	1780921895147.000	easy_marker_manifest_order_min_gap_5s	pass	True	True	True	21.501074	pass
P07	P07	lab_data/P07/P07_EEG_recon_2026-06-08_13h33.36.114_image_mapping.json	130	7	10	1114	spinach	images_THINGS/object_images/spinach/spinach_09s.jpg	/media/psycontrol/HDD/Datasets/THINGS/images_THINGS/object_images/spinach/spinach_09s.jpg	True	False	1	1001146	1780921901017.000	easy_marker_manifest_order_min_gap_5s	pass	True	True	True	109.005836	pass
P07	P07	lab_data/P07/P07_EEG_recon_2026-06-08_13h33.36.114_image_mapping.json	131	7	11	1138	ping-pong_table	images_THINGS/object_images/ping-pong_table/ping-pong_table_10s.jpg	/media/psycontrol/HDD/Datasets/THINGS/images_THINGS/object_images/ping-pong_table/ping-pong_table_10s.jpg	True	False	1	1004148	1780921907022.000	easy_marker_manifest_order_min_gap_5s	pass	True	True	True	24.548323	pass
P07	P07	lab_data/P07/P07_EEG_recon_2026-06-08_13h33.36.114_image_mapping.json	132	7	12	1113	firetruck	images_THINGS/object_images/firetruck/firetruck_04s.jpg	/media/psycontrol/HDD/Datasets/THINGS/images_THINGS/object_images/firetruck/firetruck_04s.jpg	True	False	1	1007150	1780921913026.000	easy_marker_manifest_order_min_gap_5s	pass	True	True	True	22.208439	pass
P07	P07	lab_data/P07/P07_EEG_recon_2026-06-08_13h33.36.114_image_mapping.json	133	7	13	1021	tea	images_THINGS/object_images/tea/tea_10s.jpg	/media/psycontrol/HDD/Datasets/THINGS/images_THINGS/object_images/tea/tea_10s.jpg	True	False	1	1010152	1780921919030.000	easy_marker_manifest_order_min_gap_5s	pass	True	True	True	17.187742	pass
P07	P07	lab_data/P07/P07_EEG_recon_2026-06-08_13h33.36.114_image_mapping.json	134	7	14	1023	wolf	images_THINGS/object_images/wolf/wolf_12n.jpg	/media/psycontrol/HDD/Datasets/THINGS/images_THINGS/object_images/wolf/wolf_12n.jpg	True	True	2	1013000	1780921924727.000	easy_marker_manifest_order_min_gap_5s	pass	True	True	True	34.802841	pass
P07	P07	lab_data/P07/P07_EEG_recon_2026-06-08_13h33.36.114_image_mapping.json	135	7	15	1093	duckling	images_THINGS/object_images/duckling/duckling_25s.jpg	/media/psycontrol/HDD/Datasets/THINGS/images_THINGS/object_images/duckling/duckling_25s.jpg	True	False	1	1016161	1780921931049.000	easy_marker_manifest_order_min_gap_5s	pass	True	True	True	27.342728	pass
P07	P07	lab_data/P07/P07_EEG_recon_2026-06-08_13h33.36.114_image_mapping.json	136	7	16	1146	cheesecake	images_THINGS/object_images/cheesecake/cheesecake_06s.jpg	/media/psycontrol/HDD/Datasets/THINGS/images_THINGS/object_images/cheesecake/cheesecake_06s.jpg	True	False	1	1019158	1780921937043.000	easy_marker_manifest_order_min_gap_5s	pass	True	True	True	23.899832	pass
P07	P07	lab_data/P07/P07_EEG_recon_2026-06-08_13h33.36.114_image_mapping.json	137	7	17	1045	goose	images_THINGS/object_images/goose/goose_08s.jpg	/media/psycontrol/HDD/Datasets/THINGS/images_THINGS/object_images/goose/goose_08s.jpg	True	True	2	1021928	1780921942584.000	easy_marker_manifest_order_min_gap_5s	pass	True	True	True	27.309324	pass
P07	P07	lab_data/P07/P07_EEG_recon_2026-06-08_13h33.36.114_image_mapping.json	138	7	18	1156	coconut	images_THINGS/object_images/coconut/coconut_08s.jpg	/media/psycontrol/HDD/Datasets/THINGS/images_THINGS/object_images/coconut/coconut_08s.jpg	True	False	1	1025162	1780921949052.000	easy_marker_manifest_order_min_gap_5s	pass	True	True	True	17.428650	pass
P07	P07	lab_data/P07/P07_EEG_recon_2026-06-08_13h33.36.114_image_mapping.json	139	7	19	1058	loveseat	images_THINGS/object_images/loveseat/loveseat_10s.jpg	/media/psycontrol/HDD/Datasets/THINGS/images_THINGS/object_images/loveseat/loveseat_10s.jpg	True	False	1	1027914	1780921954556.000	easy_marker_manifest_order_min_gap_5s	pass	True	True	True	16.988436	pass
P07	P07	lab_data/P07/P07_EEG_recon_2026-06-08_13h33.36.114_image_mapping.json	140	7	20	1055	seagull	images_THINGS/object_images/seagull/seagull_11s.jpg	/media/psycontrol/HDD/Datasets/THINGS/images_THINGS/object_images/seagull/seagull_11s.jpg	True	False	1	1030916	1780921960561.000	easy_marker_manifest_order_min_gap_5s	pass	True	True	True	21.762949	pass
P07	P07	lab_data/P07/P07_EEG_recon_2026-06-08_13h33.36.114_image_mapping.json	141	8	1	1056	leggings	images_THINGS/object_images/leggings/leggings_02s.jpg	/media/psycontrol/HDD/Datasets/THINGS/images_THINGS/object_images/leggings/leggings_02s.jpg	True	False	1	1044976	1780921988682.000	easy_marker_manifest_order_min_gap_5s	pass	True	True	True	65.704361	pass
P07	P07	lab_data/P07/P07_EEG_recon_2026-06-08_13h33.36.114_image_mapping.json	142	8	2	1054	bathtub	images_THINGS/object_images/bathtub/bathtub_18s.jpg	/media/psycontrol/HDD/Datasets/THINGS/images_THINGS/object_images/bathtub/bathtub_18s.jpg	True	False	1	1047924	1780921994578.000	easy_marker_manifest_order_min_gap_5s	pass	True	True	True	17.617153	pass
P07	P07	lab_data/P07/P07_EEG_recon_2026-06-08_13h33.36.114_image_mapping.json	143	8	3	1034	bracelet1	images_THINGS/object_images/bracelet1/bracelet1_18s.jpg	/media/psycontrol/HDD/Datasets/THINGS/images_THINGS/object_images/bracelet1/bracelet1_18s.jpg	True	False	1	1051176	1780922001083.000	easy_marker_manifest_order_min_gap_5s	pass	True	True	True	35.255379	pass
P07	P07	lab_data/P07/P07_EEG_recon_2026-06-08_13h33.36.114_image_mapping.json	144	8	4	1003	shorts	images_THINGS/object_images/shorts/shorts_14s.jpg	/media/psycontrol/HDD/Datasets/THINGS/images_THINGS/object_images/shorts/shorts_14s.jpg	True	False	1	1054178	1780922007087.000	easy_marker_manifest_order_min_gap_5s	pass	True	True	True	55.385342	pass
P07	P07	lab_data/P07/P07_EEG_recon_2026-06-08_13h33.36.114_image_mapping.json	145	8	5	1078	sea_urchin	images_THINGS/object_images/sea_urchin/sea_urchin_08s.jpg	/media/psycontrol/HDD/Datasets/THINGS/images_THINGS/object_images/sea_urchin/sea_urchin_08s.jpg	True	False	1	1057208	1780922013147.000	easy_marker_manifest_order_min_gap_5s	pass	True	True	True	24.530094	pass
P07	P07	lab_data/P07/P07_EEG_recon_2026-06-08_13h33.36.114_image_mapping.json	146	8	6	1105	gorilla	images_THINGS/object_images/gorilla/gorilla_19s.jpg	/media/psycontrol/HDD/Datasets/THINGS/images_THINGS/object_images/gorilla/gorilla_19s.jpg	True	False	1	1060231	1780922019194.000	easy_marker_manifest_order_min_gap_5s	pass	True	True	True	24.661469	pass
P07	P07	lab_data/P07/P07_EEG_recon_2026-06-08_13h33.36.114_image_mapping.json	147	8	7	1129	workbench	images_THINGS/object_images/workbench/workbench_07s.jpg	/media/psycontrol/HDD/Datasets/THINGS/images_THINGS/object_images/workbench/workbench_07s.jpg	True	True	2	1063114	1780922024960.000	easy_marker_manifest_order_min_gap_5s	pass	True	True	True	29.669170	pass
P07	P07	lab_data/P07/P07_EEG_recon_2026-06-08_13h33.36.114_image_mapping.json	148	8	8	1088	slipper	images_THINGS/object_images/slipper/slipper_02s.jpg	/media/psycontrol/HDD/Datasets/THINGS/images_THINGS/object_images/slipper/slipper_02s.jpg	True	False	1	1066100	1780922030932.000	easy_marker_manifest_order_min_gap_5s	pass	True	True	True	22.434439	pass
P07	P07	lab_data/P07/P07_EEG_recon_2026-06-08_13h33.36.114_image_mapping.json	149	8	9	1102	crab	images_THINGS/object_images/crab/crab_02s.jpg	/media/psycontrol/HDD/Datasets/THINGS/images_THINGS/object_images/crab/crab_02s.jpg	True	False	1	1069188	1780922037109.000	easy_marker_manifest_order_min_gap_5s	pass	True	True	True	19.698484	pass
P07	P07	lab_data/P07/P07_EEG_recon_2026-06-08_13h33.36.114_image_mapping.json	150	8	10	1033	helmet	images_THINGS/object_images/helmet/helmet_11s.jpg	/media/psycontrol/HDD/Datasets/THINGS/images_THINGS/object_images/helmet/helmet_11s.jpg	True	False	1	1072245	1780922043223.000	easy_marker_manifest_order_min_gap_5s	pass	True	True	True	20.076862	pass
P07	P07	lab_data/P07/P07_EEG_recon_2026-06-08_13h33.36.114_image_mapping.json	151	8	11	1141	peach	images_THINGS/object_images/peach/peach_09n.jpg	/media/psycontrol/HDD/Datasets/THINGS/images_THINGS/object_images/peach/peach_09n.jpg	True	False	1	1075442	1780922049617.000	easy_marker_manifest_order_min_gap_5s	pass	True	True	True	20.667614	pass
P07	P07	lab_data/P07/P07_EEG_recon_2026-06-08_13h33.36.114_image_mapping.json	152	8	12	1130	showerhead	images_THINGS/object_images/showerhead/showerhead_05s.jpg	/media/psycontrol/HDD/Datasets/THINGS/images_THINGS/object_images/showerhead/showerhead_05s.jpg	True	True	2	1078026	1780922054786.000	easy_marker_manifest_order_min_gap_5s	pass	True	True	True	23.147326	pass
P07	P07	lab_data/P07/P07_EEG_recon_2026-06-08_13h33.36.114_image_mapping.json	153	8	13	1150	chick	images_THINGS/object_images/chick/chick_10s.jpg	/media/psycontrol/HDD/Datasets/THINGS/images_THINGS/object_images/chick/chick_10s.jpg	True	True	2	1081160	1780922061054.000	easy_marker_manifest_order_min_gap_5s	pass	True	True	True	19.692707	pass
P07	P07	lab_data/P07/P07_EEG_recon_2026-06-08_13h33.36.114_image_mapping.json	154	8	14	1145	rocking_chair	images_THINGS/object_images/rocking_chair/rocking_chair_07s.jpg	/media/psycontrol/HDD/Datasets/THINGS/images_THINGS/object_images/rocking_chair/rocking_chair_07s.jpg	True	True	2	1084128	1780922066990.000	easy_marker_manifest_order_min_gap_5s	pass	True	True	True	13.370492	pass
P07	P07	lab_data/P07/P07_EEG_recon_2026-06-08_13h33.36.114_image_mapping.json	155	8	15	1094	onion	images_THINGS/object_images/onion/onion_03n.jpg	/media/psycontrol/HDD/Datasets/THINGS/images_THINGS/object_images/onion/onion_03n.jpg	True	False	1	1087450	1780922073635.000	easy_marker_manifest_order_min_gap_5s	pass	True	True	True	29.984896	pass
P07	P07	lab_data/P07/P07_EEG_recon_2026-06-08_13h33.36.114_image_mapping.json	156	8	16	1153	donut	images_THINGS/object_images/donut/donut_15s.jpg	/media/psycontrol/HDD/Datasets/THINGS/images_THINGS/object_images/donut/donut_15s.jpg	True	False	1	1090453	1780922079641.000	easy_marker_manifest_order_min_gap_5s	pass	True	True	True	19.467302	pass
P07	P07	lab_data/P07/P07_EEG_recon_2026-06-08_13h33.36.114_image_mapping.json	157	8	17	1027	memory_stick	images_THINGS/object_images/memory_stick/memory_stick_08s.jpg	/media/psycontrol/HDD/Datasets/THINGS/images_THINGS/object_images/memory_stick/memory_stick_08s.jpg	True	False	2	1093454	1780922085643.000	easy_marker_manifest_order_min_gap_5s	pass	True	True	True	20.435606	pass
P07	P07	lab_data/P07/P07_EEG_recon_2026-06-08_13h33.36.114_image_mapping.json	158	8	18	1014	shark	images_THINGS/object_images/shark/shark_07s.jpg	/media/psycontrol/HDD/Datasets/THINGS/images_THINGS/object_images/shark/shark_07s.jpg	True	False	1	1096469	1780922091674.000	easy_marker_manifest_order_min_gap_5s	pass	True	True	True	18.105228	pass
P07	P07	lab_data/P07/P07_EEG_recon_2026-06-08_13h33.36.114_image_mapping.json	159	8	19	1025	llama	images_THINGS/object_images/llama/llama_05s.jpg	/media/psycontrol/HDD/Datasets/THINGS/images_THINGS/object_images/llama/llama_05s.jpg	True	False	1	1099525	1780922097786.000	easy_marker_manifest_order_min_gap_5s	pass	True	True	True	18.696257	pass
P07	P07	lab_data/P07/P07_EEG_recon_2026-06-08_13h33.36.114_image_mapping.json	160	8	20	1148	broccoli	images_THINGS/object_images/broccoli/broccoli_09s.jpg	/media/psycontrol/HDD/Datasets/THINGS/images_THINGS/object_images/broccoli/broccoli_09s.jpg	True	False	1	1102710	1780922104156.000	easy_marker_manifest_order_min_gap_5s	pass	True	True	True	52.303047	pass
P07	P07	lab_data/P07/P07_EEG_recon_2026-06-08_13h33.36.114_image_mapping.json	161	9	1	1147	lemonade	images_THINGS/object_images/lemonade/lemonade_01b.jpg	/media/psycontrol/HDD/Datasets/THINGS/images_THINGS/object_images/lemonade/lemonade_01b.jpg	True	True	2	1106144	1780922111025.000	easy_marker_manifest_order_min_gap_5s	pass	True	True	True	62.610535	pass
P07	P07	lab_data/P07/P07_EEG_recon_2026-06-08_13h33.36.114_image_mapping.json	162	9	2	1083	shirt	images_THINGS/object_images/shirt/shirt_03s.jpg	/media/psycontrol/HDD/Datasets/THINGS/images_THINGS/object_images/shirt/shirt_03s.jpg	True	False	1	1116468	1780922131674.000	easy_marker_manifest_order_min_gap_5s	pass	True	True	True	26.273598	pass
P07	P07	lab_data/P07/P07_EEG_recon_2026-06-08_13h33.36.114_image_mapping.json	163	9	3	1041	octopus	images_THINGS/object_images/octopus/octopus_09s.jpg	/media/psycontrol/HDD/Datasets/THINGS/images_THINGS/object_images/octopus/octopus_09s.jpg	True	False	1	1119470	1780922137678.000	easy_marker_manifest_order_min_gap_5s	pass	True	True	True	30.477791	pass
P07	P07	lab_data/P07/P07_EEG_recon_2026-06-08_13h33.36.114_image_mapping.json	164	9	4	1018	coffee	images_THINGS/object_images/coffee/coffee_15s.jpg	/media/psycontrol/HDD/Datasets/THINGS/images_THINGS/object_images/coffee/coffee_15s.jpg	True	False	1	1122472	1780922143682.000	easy_marker_manifest_order_min_gap_5s	pass	True	True	True	32.916206	pass
P07	P07	lab_data/P07/P07_EEG_recon_2026-06-08_13h33.36.114_image_mapping.json	165	9	5	1136	snake	images_THINGS/object_images/snake/snake_16n.jpg	/media/psycontrol/HDD/Datasets/THINGS/images_THINGS/object_images/snake/snake_16n.jpg	True	False	1	1125474	1780922149687.000	easy_marker_manifest_order_min_gap_5s	pass	True	True	True	43.914402	pass
P07	P07	lab_data/P07/P07_EEG_recon_2026-06-08_13h33.36.114_image_mapping.json	166	9	6	1044	raccoon	images_THINGS/object_images/raccoon/raccoon_08n.jpg	/media/psycontrol/HDD/Datasets/THINGS/images_THINGS/object_images/raccoon/raccoon_08n.jpg	True	False	1	1128476	1780922155691.000	easy_marker_manifest_order_min_gap_5s	pass	True	True	True	30.047813	pass
P07	P07	lab_data/P07/P07_EEG_recon_2026-06-08_13h33.36.114_image_mapping.json	167	9	7	1027	memory_stick	images_THINGS/object_images/memory_stick/memory_stick_08s.jpg	/media/psycontrol/HDD/Datasets/THINGS/images_THINGS/object_images/memory_stick/memory_stick_08s.jpg	True	True	2	1131454	1780922161647.000	easy_marker_manifest_order_min_gap_5s	pass	True	True	True	25.274656	pass
P07	P07	lab_data/P07/P07_EEG_recon_2026-06-08_13h33.36.114_image_mapping.json	168	9	8	1128	toad	images_THINGS/object_images/toad/toad_01b.jpg	/media/psycontrol/HDD/Datasets/THINGS/images_THINGS/object_images/toad/toad_01b.jpg	True	False	1	1134230	1780922167200.000	easy_marker_manifest_order_min_gap_5s	pass	True	True	True	35.157806	pass
P07	P07	lab_data/P07/P07_EEG_recon_2026-06-08_13h33.36.114_image_mapping.json	169	9	9	1043	ostrich	images_THINGS/object_images/ostrich/ostrich_15s.jpg	/media/psycontrol/HDD/Datasets/THINGS/images_THINGS/object_images/ostrich/ostrich_15s.jpg	True	False	1	1137232	1780922173204.000	easy_marker_manifest_order_min_gap_5s	pass	True	True	True	26.299459	pass
P07	P07	lab_data/P07/P07_EEG_recon_2026-06-08_13h33.36.114_image_mapping.json	170	9	10	1099	tricycle	images_THINGS/object_images/tricycle/tricycle_12s.jpg	/media/psycontrol/HDD/Datasets/THINGS/images_THINGS/object_images/tricycle/tricycle_12s.jpg	True	False	1	1140234	1780922179208.000	easy_marker_manifest_order_min_gap_5s	pass	True	True	True	46.463848	pass
P07	P07	lab_data/P07/P07_EEG_recon_2026-06-08_13h33.36.114_image_mapping.json	171	9	11	1117	hamster	images_THINGS/object_images/hamster/hamster_07s.jpg	/media/psycontrol/HDD/Datasets/THINGS/images_THINGS/object_images/hamster/hamster_07s.jpg	True	False	1	1143236	1780922185213.000	easy_marker_manifest_order_min_gap_5s	pass	True	True	True	17.954321	pass
P07	P07	lab_data/P07/P07_EEG_recon_2026-06-08_13h33.36.114_image_mapping.json	172	9	12	1030	puffin	images_THINGS/object_images/puffin/puffin_02s.jpg	/media/psycontrol/HDD/Datasets/THINGS/images_THINGS/object_images/puffin/puffin_02s.jpg	True	False	1	1145988	1780922190717.000	easy_marker_manifest_order_min_gap_5s	pass	True	True	True	18.361280	pass
P07	P07	lab_data/P07/P07_EEG_recon_2026-06-08_13h33.36.114_image_mapping.json	173	9	13	1080	camcorder	images_THINGS/object_images/camcorder/camcorder_07s.jpg	/media/psycontrol/HDD/Datasets/THINGS/images_THINGS/object_images/camcorder/camcorder_07s.jpg	True	False	1	1148995	1780922196731.000	easy_marker_manifest_order_min_gap_5s	pass	True	True	True	51.276546	pass
P07	P07	lab_data/P07/P07_EEG_recon_2026-06-08_13h33.36.114_image_mapping.json	174	9	14	1070	dragonfly	images_THINGS/object_images/dragonfly/dragonfly_10s.jpg	/media/psycontrol/HDD/Datasets/THINGS/images_THINGS/object_images/dragonfly/dragonfly_10s.jpg	True	False	1	1151992	1780922202726.000	easy_marker_manifest_order_min_gap_5s	pass	True	True	True	20.729095	pass
P07	P07	lab_data/P07/P07_EEG_recon_2026-06-08_13h33.36.114_image_mapping.json	175	9	15	1007	mirror	images_THINGS/object_images/mirror/mirror_08s.jpg	/media/psycontrol/HDD/Datasets/THINGS/images_THINGS/object_images/mirror/mirror_08s.jpg	True	False	1	1154994	1780922208730.000	easy_marker_manifest_order_min_gap_5s	pass	True	True	True	28.743532	pass
P07	P07	lab_data/P07/P07_EEG_recon_2026-06-08_13h33.36.114_image_mapping.json	176	9	16	1059	zucchini	images_THINGS/object_images/zucchini/zucchini_02s.jpg	/media/psycontrol/HDD/Datasets/THINGS/images_THINGS/object_images/zucchini/zucchini_02s.jpg	True	True	2	1157814	1780922214370.000	easy_marker_manifest_order_min_gap_5s	pass	True	True	True	16.810450	pass
P07	P07	lab_data/P07/P07_EEG_recon_2026-06-08_13h33.36.114_image_mapping.json	177	9	17	1158	bulldozer	images_THINGS/object_images/bulldozer/bulldozer_06s.jpg	/media/psycontrol/HDD/Datasets/THINGS/images_THINGS/object_images/bulldozer/bulldozer_06s.jpg	True	False	1	1160998	1780922220739.000	easy_marker_manifest_order_min_gap_5s	pass	True	True	True	27.643131	pass
P07	P07	lab_data/P07/P07_EEG_recon_2026-06-08_13h33.36.114_image_mapping.json	178	9	18	1051	yacht	images_THINGS/object_images/yacht/yacht_05s.jpg	/media/psycontrol/HDD/Datasets/THINGS/images_THINGS/object_images/yacht/yacht_05s.jpg	True	True	2	1163884	1780922226511.000	easy_marker_manifest_order_min_gap_5s	pass	True	True	True	34.706314	pass
P07	P07	lab_data/P07/P07_EEG_recon_2026-06-08_13h33.36.114_image_mapping.json	179	9	19	1076	groundhog	images_THINGS/object_images/groundhog/groundhog_01b.jpg	/media/psycontrol/HDD/Datasets/THINGS/images_THINGS/object_images/groundhog/groundhog_01b.jpg	True	False	1	1167002	1780922232747.000	easy_marker_manifest_order_min_gap_5s	pass	True	True	True	21.001482	pass
P07	P07	lab_data/P07/P07_EEG_recon_2026-06-08_13h33.36.114_image_mapping.json	180	9	20	1122	webcam	images_THINGS/object_images/webcam/webcam_08s.jpg	/media/psycontrol/HDD/Datasets/THINGS/images_THINGS/object_images/webcam/webcam_08s.jpg	True	False	1	1170254	1780922239252.000	easy_marker_manifest_order_min_gap_5s	pass	True	True	True	18.470863	pass
P07	P07	lab_data/P07/P07_EEG_recon_2026-06-08_13h33.36.114_image_mapping.json	181	10	1	1052	wallpaper	images_THINGS/object_images/wallpaper/wallpaper_01b.jpg	/media/psycontrol/HDD/Datasets/THINGS/images_THINGS/object_images/wallpaper/wallpaper_01b.jpg	True	True	2	1173650	1780922246044.000	easy_marker_manifest_order_min_gap_5s	pass	True	True	True	45.417797	pass
P07	P07	lab_data/P07/P07_EEG_recon_2026-06-08_13h33.36.114_image_mapping.json	182	10	2	1142	piglet	images_THINGS/object_images/piglet/piglet_07s.jpg	/media/psycontrol/HDD/Datasets/THINGS/images_THINGS/object_images/piglet/piglet_07s.jpg	True	False	1	1186012	1780922270769.000	easy_marker_manifest_order_min_gap_5s	pass	True	True	True	22.237009	pass
P07	P07	lab_data/P07/P07_EEG_recon_2026-06-08_13h33.36.114_image_mapping.json	183	10	3	1064	fly	images_THINGS/object_images/fly/fly_17s.jpg	/media/psycontrol/HDD/Datasets/THINGS/images_THINGS/object_images/fly/fly_17s.jpg	True	False	1	1189264	1780922277274.000	easy_marker_manifest_order_min_gap_5s	pass	True	True	True	33.216190	pass
P07	P07	lab_data/P07/P07_EEG_recon_2026-06-08_13h33.36.114_image_mapping.json	184	10	4	1060	squirrel	images_THINGS/object_images/squirrel/squirrel_12n.jpg	/media/psycontrol/HDD/Datasets/THINGS/images_THINGS/object_images/squirrel/squirrel_12n.jpg	True	True	2	1192016	1780922282778.000	easy_marker_manifest_order_min_gap_5s	pass	True	True	True	18.406059	pass
P07	P07	lab_data/P07/P07_EEG_recon_2026-06-08_13h33.36.114_image_mapping.json	185	10	5	1048	sombrero	images_THINGS/object_images/sombrero/sombrero_11s.jpg	/media/psycontrol/HDD/Datasets/THINGS/images_THINGS/object_images/sombrero/sombrero_11s.jpg	True	False	1	1195268	1780922289282.000	easy_marker_manifest_order_min_gap_5s	pass	True	True	True	36.598381	pass
P07	P07	lab_data/P07/P07_EEG_recon_2026-06-08_13h33.36.114_image_mapping.json	186	10	6	1009	papaya	images_THINGS/object_images/papaya/papaya_08s.jpg	/media/psycontrol/HDD/Datasets/THINGS/images_THINGS/object_images/papaya/papaya_08s.jpg	True	False	1	1198270	1780922295287.000	easy_marker_manifest_order_min_gap_5s	pass	True	True	True	19.801479	pass
P07	P07	lab_data/P07/P07_EEG_recon_2026-06-08_13h33.36.114_image_mapping.json	187	10	7	1072	blackberry	images_THINGS/object_images/blackberry/blackberry_08s.jpg	/media/psycontrol/HDD/Datasets/THINGS/images_THINGS/object_images/blackberry/blackberry_08s.jpg	True	False	1	1201272	1780922301291.000	easy_marker_manifest_order_min_gap_5s	pass	True	True	True	37.641502	pass
P07	P07	lab_data/P07/P07_EEG_recon_2026-06-08_13h33.36.114_image_mapping.json	188	10	8	1089	unicycle	images_THINGS/object_images/unicycle/unicycle_08s.jpg	/media/psycontrol/HDD/Datasets/THINGS/images_THINGS/object_images/unicycle/unicycle_08s.jpg	True	False	1	1204274	1780922307295.000	easy_marker_manifest_order_min_gap_5s	pass	True	True	True	44.997925	pass
P07	P07	lab_data/P07/P07_EEG_recon_2026-06-08_13h33.36.114_image_mapping.json	189	10	9	1075	filing_cabinet	images_THINGS/object_images/filing_cabinet/filing_cabinet_10s.jpg	/media/psycontrol/HDD/Datasets/THINGS/images_THINGS/object_images/filing_cabinet/filing_cabinet_10s.jpg	True	False	1	1207276	1780922313300.000	easy_marker_manifest_order_min_gap_5s	pass	True	True	True	21.577379	pass
P07	P07	lab_data/P07/P07_EEG_recon_2026-06-08_13h33.36.114_image_mapping.json	190	10	10	1029	sheep	images_THINGS/object_images/sheep/sheep_06s.jpg	/media/psycontrol/HDD/Datasets/THINGS/images_THINGS/object_images/sheep/sheep_06s.jpg	True	False	1	1210028	1780922318805.000	easy_marker_manifest_order_min_gap_5s	pass	True	True	True	19.423399	pass
P07	P07	lab_data/P07/P07_EEG_recon_2026-06-08_13h33.36.114_image_mapping.json	191	10	11	1069	rollerblade	images_THINGS/object_images/rollerblade/rollerblade_05s.jpg	/media/psycontrol/HDD/Datasets/THINGS/images_THINGS/object_images/rollerblade/rollerblade_05s.jpg	True	False	1	1213030	1780922324808.000	easy_marker_manifest_order_min_gap_5s	pass	True	True	True	17.088842	pass
P07	P07	lab_data/P07/P07_EEG_recon_2026-06-08_13h33.36.114_image_mapping.json	192	10	12	1126	helicopter	images_THINGS/object_images/helicopter/helicopter_20s.jpg	/media/psycontrol/HDD/Datasets/THINGS/images_THINGS/object_images/helicopter/helicopter_20s.jpg	True	True	2	1215852	1780922330453.000	easy_marker_manifest_order_min_gap_5s	pass	True	True	True	35.529228	pass
P07	P07	lab_data/P07/P07_EEG_recon_2026-06-08_13h33.36.114_image_mapping.json	193	10	13	1019	videocassette	images_THINGS/object_images/videocassette/videocassette_07n.jpg	/media/psycontrol/HDD/Datasets/THINGS/images_THINGS/object_images/videocassette/videocassette_07n.jpg	True	False	1	1219034	1780922336817.000	easy_marker_manifest_order_min_gap_5s	pass	True	True	True	18.086798	pass
P07	P07	lab_data/P07/P07_EEG_recon_2026-06-08_13h33.36.114_image_mapping.json	194	10	14	1005	ottoman	images_THINGS/object_images/ottoman/ottoman_05s.jpg	/media/psycontrol/HDD/Datasets/THINGS/images_THINGS/object_images/ottoman/ottoman_05s.jpg	True	False	1	1222036	1780922342822.000	easy_marker_manifest_order_min_gap_5s	pass	True	True	True	52.283798	pass
P07	P07	lab_data/P07/P07_EEG_recon_2026-06-08_13h33.36.114_image_mapping.json	195	10	15	1116	praying_mantis	images_THINGS/object_images/praying_mantis/praying_mantis_08s.jpg	/media/psycontrol/HDD/Datasets/THINGS/images_THINGS/object_images/praying_mantis/praying_mantis_08s.jpg	True	False	1	1225288	1780922349325.000	easy_marker_manifest_order_min_gap_5s	pass	True	True	True	21.328356	pass
P07	P07	lab_data/P07/P07_EEG_recon_2026-06-08_13h33.36.114_image_mapping.json	196	10	16	1022	shoe	images_THINGS/object_images/shoe/shoe_01s.jpg	/media/psycontrol/HDD/Datasets/THINGS/images_THINGS/object_images/shoe/shoe_01s.jpg	True	False	1	1228290	1780922355329.000	easy_marker_manifest_order_min_gap_5s	pass	True	True	True	23.000187	pass
P07	P07	lab_data/P07/P07_EEG_recon_2026-06-08_13h33.36.114_image_mapping.json	197	10	17	1066	giraffe	images_THINGS/object_images/giraffe/giraffe_17s.jpg	/media/psycontrol/HDD/Datasets/THINGS/images_THINGS/object_images/giraffe/giraffe_17s.jpg	True	False	1	1231292	1780922361334.000	easy_marker_manifest_order_min_gap_5s	pass	True	True	True	69.259148	pass
P07	P07	lab_data/P07/P07_EEG_recon_2026-06-08_13h33.36.114_image_mapping.json	198	10	18	1004	dalmatian	images_THINGS/object_images/dalmatian/dalmatian_02s.jpg	/media/psycontrol/HDD/Datasets/THINGS/images_THINGS/object_images/dalmatian/dalmatian_02s.jpg	True	False	1	1234294	1780922367338.000	easy_marker_manifest_order_min_gap_5s	pass	True	True	True	17.034349	pass
P07	P07	lab_data/P07/P07_EEG_recon_2026-06-08_13h33.36.114_image_mapping.json	199	10	19	1157	barnacle	images_THINGS/object_images/barnacle/barnacle_11s.jpg	/media/psycontrol/HDD/Datasets/THINGS/images_THINGS/object_images/barnacle/barnacle_11s.jpg	True	True	2	1236954	1780922372658.000	easy_marker_manifest_order_min_gap_5s	pass	True	True	True	18.958757	pass
P07	P07	lab_data/P07/P07_EEG_recon_2026-06-08_13h33.36.114_image_mapping.json	200	10	20	1024	lab_coat	images_THINGS/object_images/lab_coat/lab_coat_08s.jpg	/media/psycontrol/HDD/Datasets/THINGS/images_THINGS/object_images/lab_coat/lab_coat_08s.jpg	True	False	1	1240298	1780922379346.000	easy_marker_manifest_order_min_gap_5s	pass	True	True	True	32.099789	pass
melina	Melina_02062026	lab_data/melina/Melina_02062026_EEG_recon_2026-06-02_13h08.29.077_image_mapping.json	1	1	1	1096	beaver	images_THINGS/object_images/beaver/beaver_13n.jpg	/media/psycontrol/HDD/Datasets/THINGS/images_THINGS/object_images/beaver/beaver_13n.jpg	True	False	1	411231	1780400918926.000	easy_marker_manifest_order_min_gap_5s	pass	False		True	43.379578	pass
melina	Melina_02062026	lab_data/melina/Melina_02062026_EEG_recon_2026-06-02_13h08.29.077_image_mapping.json	2	1	2	1124	nightshirt	images_THINGS/object_images/nightshirt/nightshirt_11s.jpg	/media/psycontrol/HDD/Datasets/THINGS/images_THINGS/object_images/nightshirt/nightshirt_11s.jpg	True	False	2	414342	1780400925148.000	easy_marker_manifest_order_min_gap_5s	pass	False		True	37.020508	pass
melina	Melina_02062026	lab_data/melina/Melina_02062026_EEG_recon_2026-06-02_13h08.29.077_image_mapping.json	3	1	3	1006	cardinal	images_THINGS/object_images/cardinal/cardinal_02s.jpg	/media/psycontrol/HDD/Datasets/THINGS/images_THINGS/object_images/cardinal/cardinal_02s.jpg	True	False	2	417300	1780400931064.000	easy_marker_manifest_order_min_gap_5s	pass	False		True	45.240276	pass
melina	Melina_02062026	lab_data/melina/Melina_02062026_EEG_recon_2026-06-02_13h08.29.077_image_mapping.json	4	1	4	1071	mongoose	images_THINGS/object_images/mongoose/mongoose_10s.jpg	/media/psycontrol/HDD/Datasets/THINGS/images_THINGS/object_images/mongoose/mongoose_10s.jpg	True	False	2	420242	1780400936948.000	easy_marker_manifest_order_min_gap_5s	pass	False		True	50.173107	pass
melina	Melina_02062026	lab_data/melina/Melina_02062026_EEG_recon_2026-06-02_13h08.29.077_image_mapping.json	5	1	5	1077	bison	images_THINGS/object_images/bison/bison_08s.jpg	/media/psycontrol/HDD/Datasets/THINGS/images_THINGS/object_images/bison/bison_08s.jpg	True	False	1	423245	1780400942955.000	easy_marker_manifest_order_min_gap_5s	pass	False		True	36.453011	pass
melina	Melina_02062026	lab_data/melina/Melina_02062026_EEG_recon_2026-06-02_13h08.29.077_image_mapping.json	6	1	6	1159	pear	images_THINGS/object_images/pear/pear_09s.jpg	/media/psycontrol/HDD/Datasets/THINGS/images_THINGS/object_images/pear/pear_09s.jpg	True	False	2	426147	1780400948759.000	easy_marker_manifest_order_min_gap_5s	pass	False		True	38.604343	pass
melina	Melina_02062026	lab_data/melina/Melina_02062026_EEG_recon_2026-06-02_13h08.29.077_image_mapping.json	7	1	7	1062	antelope	images_THINGS/object_images/antelope/antelope_12n.jpg	/media/psycontrol/HDD/Datasets/THINGS/images_THINGS/object_images/antelope/antelope_12n.jpg	True	False	2	429241	1780400954947.000	easy_marker_manifest_order_min_gap_5s	pass	False		True	34.524673	pass
melina	Melina_02062026	lab_data/melina/Melina_02062026_EEG_recon_2026-06-02_13h08.29.077_image_mapping.json	8	1	8	1145	rocking_chair	images_THINGS/object_images/rocking_chair/rocking_chair_07s.jpg	/media/psycontrol/HDD/Datasets/THINGS/images_THINGS/object_images/rocking_chair/rocking_chair_07s.jpg	True	False	2	432133	1780400960732.000	easy_marker_manifest_order_min_gap_5s	pass	False		True	25.817776	pass
melina	Melina_02062026	lab_data/melina/Melina_02062026_EEG_recon_2026-06-02_13h08.29.077_image_mapping.json	9	1	9	1015	moose	images_THINGS/object_images/moose/moose_02s.jpg	/media/psycontrol/HDD/Datasets/THINGS/images_THINGS/object_images/moose/moose_02s.jpg	True	False	2	435011	1780400966488.000	easy_marker_manifest_order_min_gap_5s	pass	False		True	36.898113	pass
melina	Melina_02062026	lab_data/melina/Melina_02062026_EEG_recon_2026-06-02_13h08.29.077_image_mapping.json	10	1	10	1092	bunkbed	images_THINGS/object_images/bunkbed/bunkbed_02s.jpg	/media/psycontrol/HDD/Datasets/THINGS/images_THINGS/object_images/bunkbed/bunkbed_02s.jpg	True	False	2	437955	1780400972377.000	easy_marker_manifest_order_min_gap_5s	pass	False		True	33.311207	pass
melina	Melina_02062026	lab_data/melina/Melina_02062026_EEG_recon_2026-06-02_13h08.29.077_image_mapping.json	11	1	11	1001	limousine	images_THINGS/object_images/limousine/limousine_03s.jpg	/media/psycontrol/HDD/Datasets/THINGS/images_THINGS/object_images/limousine/limousine_03s.jpg	True	False	2	440980	1780400978427.000	easy_marker_manifest_order_min_gap_5s	pass	False		True	37.790684	pass
melina	Melina_02062026	lab_data/melina/Melina_02062026_EEG_recon_2026-06-02_13h08.29.077_image_mapping.json	12	1	12	1160	clam	images_THINGS/object_images/clam/clam_06s.jpg	/media/psycontrol/HDD/Datasets/THINGS/images_THINGS/object_images/clam/clam_06s.jpg	True	False	2	443851	1780400984169.000	easy_marker_manifest_order_min_gap_5s	pass	False		True	33.838947	pass
melina	Melina_02062026	lab_data/melina/Melina_02062026_EEG_recon_2026-06-02_13h08.29.077_image_mapping.json	13	1	13	1020	television	images_THINGS/object_images/television/television_07s.jpg	/media/psycontrol/HDD/Datasets/THINGS/images_THINGS/object_images/television/television_07s.jpg	True	False	2	446823	1780400990114.000	easy_marker_manifest_order_min_gap_5s	pass	False		True	31.764271	pass
melina	Melina_02062026	lab_data/melina/Melina_02062026_EEG_recon_2026-06-02_13h08.29.077_image_mapping.json	14	1	14	1104	speaker	images_THINGS/object_images/speaker/speaker_19n.jpg	/media/psycontrol/HDD/Datasets/THINGS/images_THINGS/object_images/speaker/speaker_19n.jpg	True	False	2	449896	1780400996260.000	easy_marker_manifest_order_min_gap_5s	pass	False		True	96.920494	pass
melina	Melina_02062026	lab_data/melina/Melina_02062026_EEG_recon_2026-06-02_13h08.29.077_image_mapping.json	15	1	15	1134	sleeping_bag	images_THINGS/object_images/sleeping_bag/sleeping_bag_07s.jpg	/media/psycontrol/HDD/Datasets/THINGS/images_THINGS/object_images/sleeping_bag/sleeping_bag_07s.jpg	True	False	2	452958	1780401002385.000	easy_marker_manifest_order_min_gap_5s	pass	False		True	36.644543	pass
melina	Melina_02062026	lab_data/melina/Melina_02062026_EEG_recon_2026-06-02_13h08.29.077_image_mapping.json	16	1	16	1147	lemonade	images_THINGS/object_images/lemonade/lemonade_01b.jpg	/media/psycontrol/HDD/Datasets/THINGS/images_THINGS/object_images/lemonade/lemonade_01b.jpg	True	False	2	455870	1780401008210.000	easy_marker_manifest_order_min_gap_5s	pass	False		True	29.615557	pass
melina	Melina_02062026	lab_data/melina/Melina_02062026_EEG_recon_2026-06-02_13h08.29.077_image_mapping.json	17	1	17	1121	sunglasses	images_THINGS/object_images/sunglasses/sunglasses_06s.jpg	/media/psycontrol/HDD/Datasets/THINGS/images_THINGS/object_images/sunglasses/sunglasses_06s.jpg	True	False	2	458933	1780401014336.000	easy_marker_manifest_order_min_gap_5s	pass	False		True	45.707535	pass
melina	Melina_02062026	lab_data/melina/Melina_02062026_EEG_recon_2026-06-02_13h08.29.077_image_mapping.json	18	1	18	1035	lizard	images_THINGS/object_images/lizard/lizard_01b.jpg	/media/psycontrol/HDD/Datasets/THINGS/images_THINGS/object_images/lizard/lizard_01b.jpg	True	False	1	461947	1780401020364.000	easy_marker_manifest_order_min_gap_5s	pass	False		True	47.041840	pass
melina	Melina_02062026	lab_data/melina/Melina_02062026_EEG_recon_2026-06-02_13h08.29.077_image_mapping.json	19	1	19	1052	wallpaper	images_THINGS/object_images/wallpaper/wallpaper_01b.jpg	/media/psycontrol/HDD/Datasets/THINGS/images_THINGS/object_images/wallpaper/wallpaper_01b.jpg	True	False	2	464856	1780401026183.000	easy_marker_manifest_order_min_gap_5s	pass	False		True	33.305996	pass
melina	Melina_02062026	lab_data/melina/Melina_02062026_EEG_recon_2026-06-02_13h08.29.077_image_mapping.json	20	1	20	1132	polar_bear	images_THINGS/object_images/polar_bear/polar_bear_18s.jpg	/media/psycontrol/HDD/Datasets/THINGS/images_THINGS/object_images/polar_bear/polar_bear_18s.jpg	True	False	2	467839	1780401032149.000	easy_marker_manifest_order_min_gap_5s	pass	False		True	34.178452	pass
melina	Melina_02062026	lab_data/melina/Melina_02062026_EEG_recon_2026-06-02_13h08.29.077_image_mapping.json	21	2	1	1071	mongoose	images_THINGS/object_images/mongoose/mongoose_10s.jpg	/media/psycontrol/HDD/Datasets/THINGS/images_THINGS/object_images/mongoose/mongoose_10s.jpg	True	True	2	481002	1780401058477.000	easy_marker_manifest_order_min_gap_5s	pass	False		True	40.254322	pass
melina	Melina_02062026	lab_data/melina/Melina_02062026_EEG_recon_2026-06-02_13h08.29.077_image_mapping.json	22	2	2	1150	chick	images_THINGS/object_images/chick/chick_10s.jpg	/media/psycontrol/HDD/Datasets/THINGS/images_THINGS/object_images/chick/chick_10s.jpg	True	False	2	483911	1780401064295.000	easy_marker_manifest_order_min_gap_5s	pass	False		True	65.716408	pass
melina	Melina_02062026	lab_data/melina/Melina_02062026_EEG_recon_2026-06-02_13h08.29.077_image_mapping.json	23	2	3	1134	sleeping_bag	images_THINGS/object_images/sleeping_bag/sleeping_bag_07s.jpg	/media/psycontrol/HDD/Datasets/THINGS/images_THINGS/object_images/sleeping_bag/sleeping_bag_07s.jpg	True	True	2	486984	1780401070442.000	easy_marker_manifest_order_min_gap_5s	pass	False		True	80.718002	pass
melina	Melina_02062026	lab_data/melina/Melina_02062026_EEG_recon_2026-06-02_13h08.29.077_image_mapping.json	24	2	4	1053	reindeer	images_THINGS/object_images/reindeer/reindeer_14s.jpg	/media/psycontrol/HDD/Datasets/THINGS/images_THINGS/object_images/reindeer/reindeer_14s.jpg	True	False	2	489963	1780401076400.000	easy_marker_manifest_order_min_gap_5s	pass	False		True	31.764702	pass
melina	Melina_02062026	lab_data/melina/Melina_02062026_EEG_recon_2026-06-02_13h08.29.077_image_mapping.json	25	2	5	1060	squirrel	images_THINGS/object_images/squirrel/squirrel_12n.jpg	/media/psycontrol/HDD/Datasets/THINGS/images_THINGS/object_images/squirrel/squirrel_12n.jpg	True	False	2	493074	1780401082622.000	easy_marker_manifest_order_min_gap_5s	pass	False		True	25.258175	pass
melina	Melina_02062026	lab_data/melina/Melina_02062026_EEG_recon_2026-06-02_13h08.29.077_image_mapping.json	26	2	6	1001	limousine	images_THINGS/object_images/limousine/limousine_03s.jpg	/media/psycontrol/HDD/Datasets/THINGS/images_THINGS/object_images/limousine/limousine_03s.jpg	True	True	2	496140	1780401088754.000	easy_marker_manifest_order_min_gap_5s	pass	False		True	34.829716	pass
melina	Melina_02062026	lab_data/melina/Melina_02062026_EEG_recon_2026-06-02_13h08.29.077_image_mapping.json	27	2	7	1115	marshmallow	images_THINGS/object_images/marshmallow/marshmallow_09s.jpg	/media/psycontrol/HDD/Datasets/THINGS/images_THINGS/object_images/marshmallow/marshmallow_09s.jpg	True	False	1	499143	1780401094761.000	easy_marker_manifest_order_min_gap_5s	pass	False		True	120.412918	pass
melina	Melina_02062026	lab_data/melina/Melina_02062026_EEG_recon_2026-06-02_13h08.29.077_image_mapping.json	28	2	8	1159	pear	images_THINGS/object_images/pear/pear_09s.jpg	/media/psycontrol/HDD/Datasets/THINGS/images_THINGS/object_images/pear/pear_09s.jpg	True	True	2	502215	1780401100906.000	easy_marker_manifest_order_min_gap_5s	pass	False		True	38.466198	pass
melina	Melina_02062026	lab_data/melina/Melina_02062026_EEG_recon_2026-06-02_13h08.29.077_image_mapping.json	29	2	9	1012	burrito	images_THINGS/object_images/burrito/burrito_07s.jpg	/media/psycontrol/HDD/Datasets/THINGS/images_THINGS/object_images/burrito/burrito_07s.jpg	True	False	2	505222	1780401106920.000	easy_marker_manifest_order_min_gap_5s	pass	False		True	31.443911	pass
melina	Melina_02062026	lab_data/melina/Melina_02062026_EEG_recon_2026-06-02_13h08.29.077_image_mapping.json	30	2	10	1036	ladybug	images_THINGS/object_images/ladybug/ladybug_07s.jpg	/media/psycontrol/HDD/Datasets/THINGS/images_THINGS/object_images/ladybug/ladybug_07s.jpg	True	False	1	508271	1780401113018.000	easy_marker_manifest_order_min_gap_5s	pass	False		True	51.234600	pass
melina	Melina_02062026	lab_data/melina/Melina_02062026_EEG_recon_2026-06-02_13h08.29.077_image_mapping.json	31	2	11	1045	goose	images_THINGS/object_images/goose/goose_08s.jpg	/media/psycontrol/HDD/Datasets/THINGS/images_THINGS/object_images/goose/goose_08s.jpg	True	False	2	511218	1780401118913.000	easy_marker_manifest_order_min_gap_5s	pass	False		True	54.248268	pass
melina	Melina_02062026	lab_data/melina/Melina_02062026_EEG_recon_2026-06-02_13h08.29.077_image_mapping.json	32	2	12	1095	mouse2	images_THINGS/object_images/mouse2/mouse2_17s.jpg	/media/psycontrol/HDD/Datasets/THINGS/images_THINGS/object_images/mouse2/mouse2_17s.jpg	True	False	1	514135	1780401124747.000	easy_marker_manifest_order_min_gap_5s	pass	False		True	46.593582	pass
melina	Melina_02062026	lab_data/melina/Melina_02062026_EEG_recon_2026-06-02_13h08.29.077_image_mapping.json	33	2	13	1144	tarantula	images_THINGS/object_images/tarantula/tarantula_12s.jpg	/media/psycontrol/HDD/Datasets/THINGS/images_THINGS/object_images/tarantula/tarantula_12s.jpg	True	False	2	517079	1780401130636.000	easy_marker_manifest_order_min_gap_5s	pass	False		True	27.909767	pass
melina	Melina_02062026	lab_data/melina/Melina_02062026_EEG_recon_2026-06-02_13h08.29.077_image_mapping.json	34	2	14	1057	eggnog	images_THINGS/object_images/eggnog/eggnog_03s.jpg	/media/psycontrol/HDD/Datasets/THINGS/images_THINGS/object_images/eggnog/eggnog_03s.jpg	True	False	1	519950	1780401136378.000	easy_marker_manifest_order_min_gap_5s	pass	False		True	53.184101	pass
melina	Melina_02062026	lab_data/melina/Melina_02062026_EEG_recon_2026-06-02_13h08.29.077_image_mapping.json	35	2	15	1112	hard_disk	images_THINGS/object_images/hard_disk/hard_disk_13s.jpg	/media/psycontrol/HDD/Datasets/THINGS/images_THINGS/object_images/hard_disk/hard_disk_13s.jpg	True	False	1	523013	1780401142504.000	easy_marker_manifest_order_min_gap_5s	pass	False		True	40.899082	pass
melina	Melina_02062026	lab_data/melina/Melina_02062026_EEG_recon_2026-06-02_13h08.29.077_image_mapping.json	36	2	16	1108	possum	images_THINGS/object_images/possum/possum_03s.jpg	/media/psycontrol/HDD/Datasets/THINGS/images_THINGS/object_images/possum/possum_03s.jpg	True	False	1	526110	1780401148699.000	easy_marker_manifest_order_min_gap_5s	pass	False		True	34.317371	pass
melina	Melina_02062026	lab_data/melina/Melina_02062026_EEG_recon_2026-06-02_13h08.29.077_image_mapping.json	37	2	17	1160	clam	images_THINGS/object_images/clam/clam_06s.jpg	/media/psycontrol/HDD/Datasets/THINGS/images_THINGS/object_images/clam/clam_06s.jpg	True	True	2	529158	1780401154795.000	easy_marker_manifest_order_min_gap_5s	pass	False		True	62.182995	pass
melina	Melina_02062026	lab_data/melina/Melina_02062026_EEG_recon_2026-06-02_13h08.29.077_image_mapping.json	38	2	18	1031	fish	images_THINGS/object_images/fish/fish_01b.jpg	/media/psycontrol/HDD/Datasets/THINGS/images_THINGS/object_images/fish/fish_01b.jpg	True	False	1	532106	1780401160691.000	easy_marker_manifest_order_min_gap_5s	pass	False		True	34.141068	pass
melina	Melina_02062026	lab_data/melina/Melina_02062026_EEG_recon_2026-06-02_13h08.29.077_image_mapping.json	39	2	19	1016	ant	images_THINGS/object_images/ant/ant_08s.jpg	/media/psycontrol/HDD/Datasets/THINGS/images_THINGS/object_images/ant/ant_08s.jpg	True	False	1	535078	1780401166636.000	easy_marker_manifest_order_min_gap_5s	pass	False		True	112.212112	pass
melina	Melina_02062026	lab_data/melina/Melina_02062026_EEG_recon_2026-06-02_13h08.29.077_image_mapping.json	40	2	20	1118	candy_bar	images_THINGS/object_images/candy_bar/candy_bar_09s.jpg	/media/psycontrol/HDD/Datasets/THINGS/images_THINGS/object_images/candy_bar/candy_bar_09s.jpg	True	False	2	538047	1780401172574.000	easy_marker_manifest_order_min_gap_5s	pass	False		True	128.919189	pass
melina	Melina_02062026	lab_data/melina/Melina_02062026_EEG_recon_2026-06-02_13h08.29.077_image_mapping.json	41	3	1	1050	artichoke	images_THINGS/object_images/artichoke/artichoke_08n.jpg	/media/psycontrol/HDD/Datasets/THINGS/images_THINGS/object_images/artichoke/artichoke_08n.jpg	True	False	1	550663	1780401197809.000	easy_marker_manifest_order_min_gap_5s	pass	False		True	57.955379	pass
melina	Melina_02062026	lab_data/melina/Melina_02062026_EEG_recon_2026-06-02_13h08.29.077_image_mapping.json	42	3	2	1157	barnacle	images_THINGS/object_images/barnacle/barnacle_11s.jpg	/media/psycontrol/HDD/Datasets/THINGS/images_THINGS/object_images/barnacle/barnacle_11s.jpg	True	False	2	553615	1780401203712.000	easy_marker_manifest_order_min_gap_5s	pass	False		True	35.436531	pass
melina	Melina_02062026	lab_data/melina/Melina_02062026_EEG_recon_2026-06-02_13h08.29.077_image_mapping.json	43	3	3	1098	stool	images_THINGS/object_images/stool/stool_08s.jpg	/media/psycontrol/HDD/Datasets/THINGS/images_THINGS/object_images/stool/stool_08s.jpg	True	False	1	556632	1780401209747.000	easy_marker_manifest_order_min_gap_5s	pass	False		True	50.061886	pass
melina	Melina_02062026	lab_data/melina/Melina_02062026_EEG_recon_2026-06-02_13h08.29.077_image_mapping.json	44	3	4	1073	bull	images_THINGS/object_images/bull/bull_09s.jpg	/media/psycontrol/HDD/Datasets/THINGS/images_THINGS/object_images/bull/bull_09s.jpg	True	False	1	559615	1780401215714.000	easy_marker_manifest_order_min_gap_5s	pass	False		True	41.449936	pass
melina	Melina_02062026	lab_data/melina/Melina_02062026_EEG_recon_2026-06-02_13h08.29.077_image_mapping.json	45	3	5	1020	television	images_THINGS/object_images/television/television_07s.jpg	/media/psycontrol/HDD/Datasets/THINGS/images_THINGS/object_images/television/television_07s.jpg	True	True	2	562548	1780401221580.000	easy_marker_manifest_order_min_gap_5s	pass	False		True	118.125175	pass
melina	Melina_02062026	lab_data/melina/Melina_02062026_EEG_recon_2026-06-02_13h08.29.077_image_mapping.json	46	3	6	1151	tractor	images_THINGS/object_images/tractor/tractor_10n.jpg	/media/psycontrol/HDD/Datasets/THINGS/images_THINGS/object_images/tractor/tractor_10n.jpg	True	False	1	565610	1780401227705.000	easy_marker_manifest_order_min_gap_5s	pass	False		True	40.635448	pass
melina	Melina_02062026	lab_data/melina/Melina_02062026_EEG_recon_2026-06-02_13h08.29.077_image_mapping.json	47	3	7	1119	star_fruit	images_THINGS/object_images/star_fruit/star_fruit_06s.jpg	/media/psycontrol/HDD/Datasets/THINGS/images_THINGS/object_images/star_fruit/star_fruit_06s.jpg	True	False	1	568673	1780401233831.000	easy_marker_manifest_order_min_gap_5s	pass	False		True	66.897675	pass
melina	Melina_02062026	lab_data/melina/Melina_02062026_EEG_recon_2026-06-02_13h08.29.077_image_mapping.json	48	3	8	1011	raspberry	images_THINGS/object_images/raspberry/raspberry_11s.jpg	/media/psycontrol/HDD/Datasets/THINGS/images_THINGS/object_images/raspberry/raspberry_11s.jpg	True	False	1	571767	1780401240019.000	easy_marker_manifest_order_min_gap_5s	pass	False		True	49.204910	pass
melina	Melina_02062026	lab_data/melina/Melina_02062026_EEG_recon_2026-06-02_13h08.29.077_image_mapping.json	49	3	9	1137	lamb	images_THINGS/object_images/lamb/lamb_12s.jpg	/media/psycontrol/HDD/Datasets/THINGS/images_THINGS/object_images/lamb/lamb_12s.jpg	True	False	1	574849	1780401246184.000	easy_marker_manifest_order_min_gap_5s	pass	False		True	67.905655	pass
melina	Melina_02062026	lab_data/melina/Melina_02062026_EEG_recon_2026-06-02_13h08.29.077_image_mapping.json	50	3	10	1104	speaker	images_THINGS/object_images/speaker/speaker_19n.jpg	/media/psycontrol/HDD/Datasets/THINGS/images_THINGS/object_images/speaker/speaker_19n.jpg	True	True	2	577832	1780401252150.000	easy_marker_manifest_order_min_gap_5s	pass	False		True	84.408043	pass
melina	Melina_02062026	lab_data/melina/Melina_02062026_EEG_recon_2026-06-02_13h08.29.077_image_mapping.json	51	3	11	1110	jet	images_THINGS/object_images/jet/jet_04s.jpg	/media/psycontrol/HDD/Datasets/THINGS/images_THINGS/object_images/jet/jet_04s.jpg	True	False	2	580790	1780401258067.000	easy_marker_manifest_order_min_gap_5s	pass	False		True	47.149406	pass
melina	Melina_02062026	lab_data/melina/Melina_02062026_EEG_recon_2026-06-02_13h08.29.077_image_mapping.json	52	3	12	1144	tarantula	images_THINGS/object_images/tarantula/tarantula_12s.jpg	/media/psycontrol/HDD/Datasets/THINGS/images_THINGS/object_images/tarantula/tarantula_12s.jpg	True	True	2	583703	1780401263893.000	easy_marker_manifest_order_min_gap_5s	pass	False		True	88.512131	pass
melina	Melina_02062026	lab_data/melina/Melina_02062026_EEG_recon_2026-06-02_13h08.29.077_image_mapping.json	53	3	13	1006	cardinal	images_THINGS/object_images/cardinal/cardinal_02s.jpg	/media/psycontrol/HDD/Datasets/THINGS/images_THINGS/object_images/cardinal/cardinal_02s.jpg	True	True	2	586620	1780401269727.000	easy_marker_manifest_order_min_gap_5s	pass	False		True	34.388969	pass
melina	Melina_02062026	lab_data/melina/Melina_02062026_EEG_recon_2026-06-02_13h08.29.077_image_mapping.json	54	3	14	1097	sandwich	images_THINGS/object_images/sandwich/sandwich_06s.jpg	/media/psycontrol/HDD/Datasets/THINGS/images_THINGS/object_images/sandwich/sandwich_06s.jpg	True	False	1	589536	1780401275560.000	easy_marker_manifest_order_min_gap_5s	pass	False		True	37.557034	pass
melina	Melina_02062026	lab_data/melina/Melina_02062026_EEG_recon_2026-06-02_13h08.29.077_image_mapping.json	55	3	15	1090	garlic	images_THINGS/object_images/garlic/garlic_11s.jpg	/media/psycontrol/HDD/Datasets/THINGS/images_THINGS/object_images/garlic/garlic_11s.jpg	True	False	1	592494	1780401281476.000	easy_marker_manifest_order_min_gap_5s	pass	False		True	147.277664	pass
melina	Melina_02062026	lab_data/melina/Melina_02062026_EEG_recon_2026-06-02_13h08.29.077_image_mapping.json	56	3	16	1101	boat	images_THINGS/object_images/boat/boat_08s.jpg	/media/psycontrol/HDD/Datasets/THINGS/images_THINGS/object_images/boat/boat_08s.jpg	True	False	1	595567	1780401287623.000	easy_marker_manifest_order_min_gap_5s	pass	False		True	128.197144	pass
melina	Melina_02062026	lab_data/melina/Melina_02062026_EEG_recon_2026-06-02_13h08.29.077_image_mapping.json	57	3	17	1132	polar_bear	images_THINGS/object_images/polar_bear/polar_bear_18s.jpg	/media/psycontrol/HDD/Datasets/THINGS/images_THINGS/object_images/polar_bear/polar_bear_18s.jpg	True	True	2	598456	1780401293401.000	easy_marker_manifest_order_min_gap_5s	pass	False		True	59.329147	pass
melina	Melina_02062026	lab_data/melina/Melina_02062026_EEG_recon_2026-06-02_13h08.29.077_image_mapping.json	58	3	18	1047	drawer	images_THINGS/object_images/drawer/drawer_04s.jpg	/media/psycontrol/HDD/Datasets/THINGS/images_THINGS/object_images/drawer/drawer_04s.jpg	True	False	1	601514	1780401299518.000	easy_marker_manifest_order_min_gap_5s	pass	False		True	76.996262	pass
melina	Melina_02062026	lab_data/melina/Melina_02062026_EEG_recon_2026-06-02_13h08.29.077_image_mapping.json	59	3	19	1026	asparagus	images_THINGS/object_images/asparagus/asparagus_12s.jpg	/media/psycontrol/HDD/Datasets/THINGS/images_THINGS/object_images/asparagus/asparagus_12s.jpg	True	False	1	604407	1780401305304.000	easy_marker_manifest_order_min_gap_5s	pass	False		True	151.256882	pass
melina	Melina_02062026	lab_data/melina/Melina_02062026_EEG_recon_2026-06-02_13h08.29.077_image_mapping.json	60	3	20	1046	tiramisu	images_THINGS/object_images/tiramisu/tiramisu_12s.jpg	/media/psycontrol/HDD/Datasets/THINGS/images_THINGS/object_images/tiramisu/tiramisu_12s.jpg	True	False	2	607420	1780401311331.000	easy_marker_manifest_order_min_gap_5s	pass	False		True	34.747719	pass
melina	Melina_02062026	lab_data/melina/Melina_02062026_EEG_recon_2026-06-02_13h08.29.077_image_mapping.json	61	4	1	1110	jet	images_THINGS/object_images/jet/jet_04s.jpg	/media/psycontrol/HDD/Datasets/THINGS/images_THINGS/object_images/jet/jet_04s.jpg	True	True	2	619297	1780401335087.000	easy_marker_manifest_order_min_gap_5s	pass	False		True	67.772713	pass
melina	Melina_02062026	lab_data/melina/Melina_02062026_EEG_recon_2026-06-02_13h08.29.077_image_mapping.json	62	4	2	1149	mole	images_THINGS/object_images/mole/mole_09s.jpg	/media/psycontrol/HDD/Datasets/THINGS/images_THINGS/object_images/mole/mole_09s.jpg	True	False	1	622221	1780401340935.000	easy_marker_manifest_order_min_gap_5s	pass	False		True	122.088310	pass
melina	Melina_02062026	lab_data/melina/Melina_02062026_EEG_recon_2026-06-02_13h08.29.077_image_mapping.json	63	4	3	1023	wolf	images_THINGS/object_images/wolf/wolf_12n.jpg	/media/psycontrol/HDD/Datasets/THINGS/images_THINGS/object_images/wolf/wolf_12n.jpg	True	False	2	625328	1780401347150.000	easy_marker_manifest_order_min_gap_5s	pass	False		True	39.805454	pass
melina	Melina_02062026	lab_data/melina/Melina_02062026_EEG_recon_2026-06-02_13h08.29.077_image_mapping.json	64	4	4	1125	sundae	images_THINGS/object_images/sundae/sundae_09s.jpg	/media/psycontrol/HDD/Datasets/THINGS/images_THINGS/object_images/sundae/sundae_09s.jpg	True	False	2	628207	1780401352908.000	easy_marker_manifest_order_min_gap_5s	pass	False		True	106.183403	pass
melina	Melina_02062026	lab_data/melina/Melina_02062026_EEG_recon_2026-06-02_13h08.29.077_image_mapping.json	65	4	5	1037	steamroller	images_THINGS/object_images/steamroller/steamroller_11n.jpg	/media/psycontrol/HDD/Datasets/THINGS/images_THINGS/object_images/steamroller/steamroller_11n.jpg	True	False	1	631120	1780401358734.000	easy_marker_manifest_order_min_gap_5s	pass	False		True	30.561274	pass
melina	Melina_02062026	lab_data/melina/Melina_02062026_EEG_recon_2026-06-02_13h08.29.077_image_mapping.json	66	4	6	1120	owl	images_THINGS/object_images/owl/owl_19s.jpg	/media/psycontrol/HDD/Datasets/THINGS/images_THINGS/object_images/owl/owl_19s.jpg	True	False	2	634186	1780401364867.000	easy_marker_manifest_order_min_gap_5s	pass	False		True	35.954163	pass
melina	Melina_02062026	lab_data/melina/Melina_02062026_EEG_recon_2026-06-02_13h08.29.077_image_mapping.json	67	4	7	1015	moose	images_THINGS/object_images/moose/moose_02s.jpg	/media/psycontrol/HDD/Datasets/THINGS/images_THINGS/object_images/moose/moose_02s.jpg	True	True	2	637199	1780401370893.000	easy_marker_manifest_order_min_gap_5s	pass	False		True	24.422077	pass
melina	Melina_02062026	lab_data/melina/Melina_02062026_EEG_recon_2026-06-02_13h08.29.077_image_mapping.json	68	4	8	1121	sunglasses	images_THINGS/object_images/sunglasses/sunglasses_06s.jpg	/media/psycontrol/HDD/Datasets/THINGS/images_THINGS/object_images/sunglasses/sunglasses_06s.jpg	True	True	2	640297	1780401377089.000	easy_marker_manifest_order_min_gap_5s	pass	False		True	127.864914	pass
melina	Melina_02062026	lab_data/melina/Melina_02062026_EEG_recon_2026-06-02_13h08.29.077_image_mapping.json	69	4	9	1049	rat	images_THINGS/object_images/rat/rat_04s.jpg	/media/psycontrol/HDD/Datasets/THINGS/images_THINGS/object_images/rat/rat_04s.jpg	True	False	1	643223	1780401382942.000	easy_marker_manifest_order_min_gap_5s	pass	False		True	35.048046	pass
melina	Melina_02062026	lab_data/melina/Melina_02062026_EEG_recon_2026-06-02_13h08.29.077_image_mapping.json	70	4	10	1032	pants	images_THINGS/object_images/pants/pants_01b.jpg	/media/psycontrol/HDD/Datasets/THINGS/images_THINGS/object_images/pants/pants_01b.jpg	True	False	1	646116	1780401388728.000	easy_marker_manifest_order_min_gap_5s	pass	False		True	36.621243	pass
melina	Melina_02062026	lab_data/melina/Melina_02062026_EEG_recon_2026-06-02_13h08.29.077_image_mapping.json	71	4	11	1063	car	images_THINGS/object_images/car/car_12s.jpg	/media/psycontrol/HDD/Datasets/THINGS/images_THINGS/object_images/car/car_12s.jpg	True	False	1	649139	1780401394775.000	easy_marker_manifest_order_min_gap_5s	pass	False		True	34.590015	pass
melina	Melina_02062026	lab_data/melina/Melina_02062026_EEG_recon_2026-06-02_13h08.29.077_image_mapping.json	72	4	12	1118	candy_bar	images_THINGS/object_images/candy_bar/candy_bar_09s.jpg	/media/psycontrol/HDD/Datasets/THINGS/images_THINGS/object_images/candy_bar/candy_bar_09s.jpg	True	True	2	652209	1780401400915.000	easy_marker_manifest_order_min_gap_5s	pass	False		True	36.225502	pass
melina	Melina_02062026	lab_data/melina/Melina_02062026_EEG_recon_2026-06-02_13h08.29.077_image_mapping.json	73	4	13	1092	bunkbed	images_THINGS/object_images/bunkbed/bunkbed_02s.jpg	/media/psycontrol/HDD/Datasets/THINGS/images_THINGS/object_images/bunkbed/bunkbed_02s.jpg	True	True	2	655102	1780401406701.000	easy_marker_manifest_order_min_gap_5s	pass	False		True	43.884472	pass
melina	Melina_02062026	lab_data/melina/Melina_02062026_EEG_recon_2026-06-02_13h08.29.077_image_mapping.json	74	4	14	1038	cupcake	images_THINGS/object_images/cupcake/cupcake_07s.jpg	/media/psycontrol/HDD/Datasets/THINGS/images_THINGS/object_images/cupcake/cupcake_07s.jpg	True	False	1	658028	1780401412553.000	easy_marker_manifest_order_min_gap_5s	pass	False		True	32.177444	pass
melina	Melina_02062026	lab_data/melina/Melina_02062026_EEG_recon_2026-06-02_13h08.29.077_image_mapping.json	75	4	15	1061	taco	images_THINGS/object_images/taco/taco_06n.jpg	/media/psycontrol/HDD/Datasets/THINGS/images_THINGS/object_images/taco/taco_06n.jpg	True	False	2	661097	1780401418692.000	easy_marker_manifest_order_min_gap_5s	pass	False		True	32.144470	pass
melina	Melina_02062026	lab_data/melina/Melina_02062026_EEG_recon_2026-06-02_13h08.29.077_image_mapping.json	76	4	16	1130	showerhead	images_THINGS/object_images/showerhead/showerhead_05s.jpg	/media/psycontrol/HDD/Datasets/THINGS/images_THINGS/object_images/showerhead/showerhead_05s.jpg	True	False	2	664070	1780401424638.000	easy_marker_manifest_order_min_gap_5s	pass	False		True	31.638947	pass
melina	Melina_02062026	lab_data/melina/Melina_02062026_EEG_recon_2026-06-02_13h08.29.077_image_mapping.json	77	4	17	1143	mango	images_THINGS/object_images/mango/mango_16s.jpg	/media/psycontrol/HDD/Datasets/THINGS/images_THINGS/object_images/mango/mango_16s.jpg	True	False	2	667004	1780401430506.000	easy_marker_manifest_order_min_gap_5s	pass	False		True	37.107265	pass
melina	Melina_02062026	lab_data/melina/Melina_02062026_EEG_recon_2026-06-02_13h08.29.077_image_mapping.json	78	4	18	1123	sorbet	images_THINGS/object_images/sorbet/sorbet_05s.jpg	/media/psycontrol/HDD/Datasets/THINGS/images_THINGS/object_images/sorbet/sorbet_05s.jpg	True	False	1	670087	1780401436672.000	easy_marker_manifest_order_min_gap_5s	pass	False		True	48.765385	pass
melina	Melina_02062026	lab_data/melina/Melina_02062026_EEG_recon_2026-06-02_13h08.29.077_image_mapping.json	79	4	19	1013	banana	images_THINGS/object_images/banana/banana_13s.jpg	/media/psycontrol/HDD/Datasets/THINGS/images_THINGS/object_images/banana/banana_13s.jpg	True	False	1	673136	1780401442770.000	easy_marker_manifest_order_min_gap_5s	pass	False		True	37.252716	pass
melina	Melina_02062026	lab_data/melina/Melina_02062026_EEG_recon_2026-06-02_13h08.29.077_image_mapping.json	80	4	20	1139	earwig	images_THINGS/object_images/earwig/earwig_09s.jpg	/media/psycontrol/HDD/Datasets/THINGS/images_THINGS/object_images/earwig/earwig_09s.jpg	True	False	1	676007	1780401448512.000	easy_marker_manifest_order_min_gap_5s	pass	False		True	30.157110	pass
melina	Melina_02062026	lab_data/melina/Melina_02062026_EEG_recon_2026-06-02_13h08.29.077_image_mapping.json	81	5	1	1079	puppy	images_THINGS/object_images/puppy/puppy_12s.jpg	/media/psycontrol/HDD/Datasets/THINGS/images_THINGS/object_images/puppy/puppy_12s.jpg	True	False	1	697975	1780401492451.000	easy_marker_manifest_order_min_gap_5s	pass	False		True	36.262180	pass
melina	Melina_02062026	lab_data/melina/Melina_02062026_EEG_recon_2026-06-02_13h08.29.077_image_mapping.json	82	5	2	1082	necklace	images_THINGS/object_images/necklace/necklace_11s.jpg	/media/psycontrol/HDD/Datasets/THINGS/images_THINGS/object_images/necklace/necklace_11s.jpg	True	False	2	701034	1780401498569.000	easy_marker_manifest_order_min_gap_5s	pass	False		True	138.259628	pass
melina	Melina_02062026	lab_data/melina/Melina_02062026_EEG_recon_2026-06-02_13h08.29.077_image_mapping.json	83	5	3	1131	eel	images_THINGS/object_images/eel/eel_09s.jpg	/media/psycontrol/HDD/Datasets/THINGS/images_THINGS/object_images/eel/eel_09s.jpg	True	False	1	703995	1780401504492.000	easy_marker_manifest_order_min_gap_5s	pass	False		True	52.511635	pass
melina	Melina_02062026	lab_data/melina/Melina_02062026_EEG_recon_2026-06-02_13h08.29.077_image_mapping.json	84	5	4	1143	mango	images_THINGS/object_images/mango/mango_16s.jpg	/media/psycontrol/HDD/Datasets/THINGS/images_THINGS/object_images/mango/mango_16s.jpg	True	True	2	706977	1780401510456.000	easy_marker_manifest_order_min_gap_5s	pass	False		True	107.270630	pass
melina	Melina_02062026	lab_data/melina/Melina_02062026_EEG_recon_2026-06-02_13h08.29.077_image_mapping.json	85	5	5	1109	wasp	images_THINGS/object_images/wasp/wasp_09n.jpg	/media/psycontrol/HDD/Datasets/THINGS/images_THINGS/object_images/wasp/wasp_09n.jpg	True	False	1	710061	1780401516624.000	easy_marker_manifest_order_min_gap_5s	pass	False		True	114.305481	pass
melina	Melina_02062026	lab_data/melina/Melina_02062026_EEG_recon_2026-06-02_13h08.29.077_image_mapping.json	86	5	6	1046	tiramisu	images_THINGS/object_images/tiramisu/tiramisu_12s.jpg	/media/psycontrol/HDD/Datasets/THINGS/images_THINGS/object_images/tiramisu/tiramisu_12s.jpg	True	True	2	712953	1780401522408.000	easy_marker_manifest_order_min_gap_5s	pass	False		True	50.580795	pass
melina	Melina_02062026	lab_data/melina/Melina_02062026_EEG_recon_2026-06-02_13h08.29.077_image_mapping.json	87	5	7	1133	cockatoo	images_THINGS/object_images/cockatoo/cockatoo_04s.jpg	/media/psycontrol/HDD/Datasets/THINGS/images_THINGS/object_images/cockatoo/cockatoo_04s.jpg	True	False	1	716016	1780401528534.000	easy_marker_manifest_order_min_gap_5s	pass	False		True	50.750416	pass
melina	Melina_02062026	lab_data/melina/Melina_02062026_EEG_recon_2026-06-02_13h08.29.077_image_mapping.json	88	5	8	1002	pea	images_THINGS/object_images/pea/pea_10s.jpg	/media/psycontrol/HDD/Datasets/THINGS/images_THINGS/object_images/pea/pea_10s.jpg	True	False	1	718964	1780401534430.000	easy_marker_manifest_order_min_gap_5s	pass	False		True	38.398598	pass
melina	Melina_02062026	lab_data/melina/Melina_02062026_EEG_recon_2026-06-02_13h08.29.077_image_mapping.json	89	5	9	1135	pony	images_THINGS/object_images/pony/pony_01b.jpg	/media/psycontrol/HDD/Datasets/THINGS/images_THINGS/object_images/pony/pony_01b.jpg	True	False	1	721957	1780401540416.000	easy_marker_manifest_order_min_gap_5s	pass	False		True	38.457886	pass
melina	Melina_02062026	lab_data/melina/Melina_02062026_EEG_recon_2026-06-02_13h08.29.077_image_mapping.json	90	5	10	1125	sundae	images_THINGS/object_images/sundae/sundae_09s.jpg	/media/psycontrol/HDD/Datasets/THINGS/images_THINGS/object_images/sundae/sundae_09s.jpg	True	True	2	724988	1780401546479.000	easy_marker_manifest_order_min_gap_5s	pass	False		True	104.694283	pass
melina	Melina_02062026	lab_data/melina/Melina_02062026_EEG_recon_2026-06-02_13h08.29.077_image_mapping.json	91	5	11	1124	nightshirt	images_THINGS/object_images/nightshirt/nightshirt_11s.jpg	/media/psycontrol/HDD/Datasets/THINGS/images_THINGS/object_images/nightshirt/nightshirt_11s.jpg	True	True	2	727901	1780401552305.000	easy_marker_manifest_order_min_gap_5s	pass	False		True	101.569420	pass
melina	Melina_02062026	lab_data/melina/Melina_02062026_EEG_recon_2026-06-02_13h08.29.077_image_mapping.json	92	5	12	1140	kayak	images_THINGS/object_images/kayak/kayak_04s.jpg	/media/psycontrol/HDD/Datasets/THINGS/images_THINGS/object_images/kayak/kayak_04s.jpg	True	False	1	730804	1780401558111.000	easy_marker_manifest_order_min_gap_5s	pass	False		True	36.370998	pass
melina	Melina_02062026	lab_data/melina/Melina_02062026_EEG_recon_2026-06-02_13h08.29.077_image_mapping.json	93	5	13	1059	zucchini	images_THINGS/object_images/zucchini/zucchini_02s.jpg	/media/psycontrol/HDD/Datasets/THINGS/images_THINGS/object_images/zucchini/zucchini_02s.jpg	True	False	2	733706	1780401563916.000	easy_marker_manifest_order_min_gap_5s	pass	False		True	42.944489	pass
melina	Melina_02062026	lab_data/melina/Melina_02062026_EEG_recon_2026-06-02_13h08.29.077_image_mapping.json	94	5	14	1040	panda	images_THINGS/object_images/panda/panda_01b.jpg	/media/psycontrol/HDD/Datasets/THINGS/images_THINGS/object_images/panda/panda_01b.jpg	True	False	1	736789	1780401570082.000	easy_marker_manifest_order_min_gap_5s	pass	False		True	41.343746	pass
melina	Melina_02062026	lab_data/melina/Melina_02062026_EEG_recon_2026-06-02_13h08.29.077_image_mapping.json	95	5	15	1061	taco	images_THINGS/object_images/taco/taco_06n.jpg	/media/psycontrol/HDD/Datasets/THINGS/images_THINGS/object_images/taco/taco_06n.jpg	True	True	2	739733	1780401575971.000	easy_marker_manifest_order_min_gap_5s	pass	False		True	40.104794	pass
melina	Melina_02062026	lab_data/melina/Melina_02062026_EEG_recon_2026-06-02_13h08.29.077_image_mapping.json	96	5	16	1107	omelet	images_THINGS/object_images/omelet/omelet_06s.jpg	/media/psycontrol/HDD/Datasets/THINGS/images_THINGS/object_images/omelet/omelet_06s.jpg	True	False	1	742775	1780401582055.000	easy_marker_manifest_order_min_gap_5s	pass	False		True	32.299999	pass
melina	Melina_02062026	lab_data/melina/Melina_02062026_EEG_recon_2026-06-02_13h08.29.077_image_mapping.json	97	5	17	1086	pasta	images_THINGS/object_images/pasta/pasta_12s.jpg	/media/psycontrol/HDD/Datasets/THINGS/images_THINGS/object_images/pasta/pasta_12s.jpg	True	False	1	745851	1780401588207.000	easy_marker_manifest_order_min_gap_5s	pass	False		True	30.543068	pass
melina	Melina_02062026	lab_data/melina/Melina_02062026_EEG_recon_2026-06-02_13h08.29.077_image_mapping.json	98	5	18	1010	pineapple	images_THINGS/object_images/pineapple/pineapple_08s.jpg	/media/psycontrol/HDD/Datasets/THINGS/images_THINGS/object_images/pineapple/pineapple_08s.jpg	True	False	1	748868	1780401594242.000	easy_marker_manifest_order_min_gap_5s	pass	False		True	30.291231	pass
melina	Melina_02062026	lab_data/melina/Melina_02062026_EEG_recon_2026-06-02_13h08.29.077_image_mapping.json	99	5	19	1127	space_shuttle	images_THINGS/object_images/space_shuttle/space_shuttle_12s.jpg	/media/psycontrol/HDD/Datasets/THINGS/images_THINGS/object_images/space_shuttle/space_shuttle_12s.jpg	True	False	1	751767	1780401600040.000	easy_marker_manifest_order_min_gap_5s	pass	False		True	53.739483	pass
melina	Melina_02062026	lab_data/melina/Melina_02062026_EEG_recon_2026-06-02_13h08.29.077_image_mapping.json	100	5	20	1155	kale	images_THINGS/object_images/kale/kale_01b.jpg	/media/psycontrol/HDD/Datasets/THINGS/images_THINGS/object_images/kale/kale_01b.jpg	True	False	1	754684	1780401605875.000	easy_marker_manifest_order_min_gap_5s	pass	False		True	28.218893	pass
melina	Melina_02062026	lab_data/melina/Melina_02062026_EEG_recon_2026-06-02_13h08.29.077_image_mapping.json	101	6	1	1152	speedboat	images_THINGS/object_images/speedboat/speedboat_06s.jpg	/media/psycontrol/HDD/Datasets/THINGS/images_THINGS/object_images/speedboat/speedboat_06s.jpg	True	False	1	767488	1780401631485.000	easy_marker_manifest_order_min_gap_5s	pass	False		True	89.521118	pass
melina	Melina_02062026	lab_data/melina/Melina_02062026_EEG_recon_2026-06-02_13h08.29.077_image_mapping.json	102	6	2	1008	keyboard	images_THINGS/object_images/keyboard/keyboard_13s.jpg	/media/psycontrol/HDD/Datasets/THINGS/images_THINGS/object_images/keyboard/keyboard_13s.jpg	True	False	1	770537	1780401637583.000	easy_marker_manifest_order_min_gap_5s	pass	False		True	33.671642	pass
melina	Melina_02062026	lab_data/melina/Melina_02062026_EEG_recon_2026-06-02_13h08.29.077_image_mapping.json	103	6	3	1042	eagle	images_THINGS/object_images/eagle/eagle_08s.jpg	/media/psycontrol/HDD/Datasets/THINGS/images_THINGS/object_images/eagle/eagle_08s.jpg	True	False	1	773599	1780401643708.000	easy_marker_manifest_order_min_gap_5s	pass	False		True	42.683338	pass
melina	Melina_02062026	lab_data/melina/Melina_02062026_EEG_recon_2026-06-02_13h08.29.077_image_mapping.json	104	6	4	1028	meatball	images_THINGS/object_images/meatball/meatball_04s.jpg	/media/psycontrol/HDD/Datasets/THINGS/images_THINGS/object_images/meatball/meatball_04s.jpg	True	False	1	776668	1780401649846.000	easy_marker_manifest_order_min_gap_5s	pass	False		True	37.048889	pass
melina	Melina_02062026	lab_data/melina/Melina_02062026_EEG_recon_2026-06-02_13h08.29.077_image_mapping.json	105	6	5	1062	antelope	images_THINGS/object_images/antelope/antelope_12n.jpg	/media/psycontrol/HDD/Datasets/THINGS/images_THINGS/object_images/antelope/antelope_12n.jpg	True	True	2	779692	1780401655895.000	easy_marker_manifest_order_min_gap_5s	pass	False		True	48.790436	pass
melina	Melina_02062026	lab_data/melina/Melina_02062026_EEG_recon_2026-06-02_13h08.29.077_image_mapping.json	106	6	6	1085	frog	images_THINGS/object_images/frog/frog_09s.jpg	/media/psycontrol/HDD/Datasets/THINGS/images_THINGS/object_images/frog/frog_09s.jpg	True	False	1	782730	1780401661971.000	easy_marker_manifest_order_min_gap_5s	pass	False		True	35.070210	pass
melina	Melina_02062026	lab_data/melina/Melina_02062026_EEG_recon_2026-06-02_13h08.29.077_image_mapping.json	107	6	7	1074	cobra	images_THINGS/object_images/cobra/cobra_07s.jpg	/media/psycontrol/HDD/Datasets/THINGS/images_THINGS/object_images/cobra/cobra_07s.jpg	True	False	1	785737	1780401667986.000	easy_marker_manifest_order_min_gap_5s	pass	False		True	24.743940	pass
melina	Melina_02062026	lab_data/melina/Melina_02062026_EEG_recon_2026-06-02_13h08.29.077_image_mapping.json	108	6	8	1103	blazer	images_THINGS/object_images/blazer/blazer_05s.jpg	/media/psycontrol/HDD/Datasets/THINGS/images_THINGS/object_images/blazer/blazer_05s.jpg	True	False	1	788844	1780401674201.000	easy_marker_manifest_order_min_gap_5s	pass	False		True	48.176453	pass
melina	Melina_02062026	lab_data/melina/Melina_02062026_EEG_recon_2026-06-02_13h08.29.077_image_mapping.json	109	6	9	1017	carrot	images_THINGS/object_images/carrot/carrot_01b.jpg	/media/psycontrol/HDD/Datasets/THINGS/images_THINGS/object_images/carrot/carrot_01b.jpg	True	False	1	791959	1780401680431.000	easy_marker_manifest_order_min_gap_5s	pass	False		True	37.590462	pass
melina	Melina_02062026	lab_data/melina/Melina_02062026_EEG_recon_2026-06-02_13h08.29.077_image_mapping.json	110	6	10	1126	helicopter	images_THINGS/object_images/helicopter/helicopter_20s.jpg	/media/psycontrol/HDD/Datasets/THINGS/images_THINGS/object_images/helicopter/helicopter_20s.jpg	True	False	2	794875	1780401686263.000	easy_marker_manifest_order_min_gap_5s	pass	False		True	44.151669	pass
melina	Melina_02062026	lab_data/melina/Melina_02062026_EEG_recon_2026-06-02_13h08.29.077_image_mapping.json	111	6	11	1106	swordfish	images_THINGS/object_images/swordfish/swordfish_07s.jpg	/media/psycontrol/HDD/Datasets/THINGS/images_THINGS/object_images/swordfish/swordfish_07s.jpg	True	False	1	797819	1780401692152.000	easy_marker_manifest_order_min_gap_5s	pass	False		True	39.944244	pass
melina	Melina_02062026	lab_data/melina/Melina_02062026_EEG_recon_2026-06-02_13h08.29.077_image_mapping.json	112	6	12	1068	radio	images_THINGS/object_images/radio/radio_04s.jpg	/media/psycontrol/HDD/Datasets/THINGS/images_THINGS/object_images/radio/radio_04s.jpg	True	False	1	800823	1780401698160.000	easy_marker_manifest_order_min_gap_5s	pass	False		True	60.996201	pass
melina	Melina_02062026	lab_data/melina/Melina_02062026_EEG_recon_2026-06-02_13h08.29.077_image_mapping.json	113	6	13	1100	champagne	images_THINGS/object_images/champagne/champagne_01b.jpg	/media/psycontrol/HDD/Datasets/THINGS/images_THINGS/object_images/champagne/champagne_01b.jpg	True	False	1	803701	1780401703917.000	easy_marker_manifest_order_min_gap_5s	pass	False		True	75.933937	pass
melina	Melina_02062026	lab_data/melina/Melina_02062026_EEG_recon_2026-06-02_13h08.29.077_image_mapping.json	114	6	14	1084	cheetah	images_THINGS/object_images/cheetah/cheetah_06s.jpg	/media/psycontrol/HDD/Datasets/THINGS/images_THINGS/object_images/cheetah/cheetah_06s.jpg	True	False	2	806784	1780401710083.000	easy_marker_manifest_order_min_gap_5s	pass	False		True	30.470570	pass
melina	Melina_02062026	lab_data/melina/Melina_02062026_EEG_recon_2026-06-02_13h08.29.077_image_mapping.json	115	6	15	1120	owl	images_THINGS/object_images/owl/owl_19s.jpg	/media/psycontrol/HDD/Datasets/THINGS/images_THINGS/object_images/owl/owl_19s.jpg	True	True	2	809711	1780401715938.000	easy_marker_manifest_order_min_gap_5s	pass	False		True	47.116146	pass
melina	Melina_02062026	lab_data/melina/Melina_02062026_EEG_recon_2026-06-02_13h08.29.077_image_mapping.json	116	6	16	1129	workbench	images_THINGS/object_images/workbench/workbench_07s.jpg	/media/psycontrol/HDD/Datasets/THINGS/images_THINGS/object_images/workbench/workbench_07s.jpg	True	False	2	812770	1780401722056.000	easy_marker_manifest_order_min_gap_5s	pass	False		True	91.076118	pass
melina	Melina_02062026	lab_data/melina/Melina_02062026_EEG_recon_2026-06-02_13h08.29.077_image_mapping.json	117	6	17	1053	reindeer	images_THINGS/object_images/reindeer/reindeer_14s.jpg	/media/psycontrol/HDD/Datasets/THINGS/images_THINGS/object_images/reindeer/reindeer_14s.jpg	True	True	2	815807	1780401728131.000	easy_marker_manifest_order_min_gap_5s	pass	False		True	97.458405	pass
melina	Melina_02062026	lab_data/melina/Melina_02062026_EEG_recon_2026-06-02_13h08.29.077_image_mapping.json	118	6	18	1039	sailboat	images_THINGS/object_images/sailboat/sailboat_07s.jpg	/media/psycontrol/HDD/Datasets/THINGS/images_THINGS/object_images/sailboat/sailboat_07s.jpg	True	False	1	818786	1780401734090.000	easy_marker_manifest_order_min_gap_5s	pass	False		True	98.530144	pass
melina	Melina_02062026	lab_data/melina/Melina_02062026_EEG_recon_2026-06-02_13h08.29.077_image_mapping.json	119	6	19	1111	creme_brulee	images_THINGS/object_images/creme_brulee/creme_brulee_01b.jpg	/media/psycontrol/HDD/Datasets/THINGS/images_THINGS/object_images/creme_brulee/creme_brulee_01b.jpg	True	False	1	821765	1780401740048.000	easy_marker_manifest_order_min_gap_5s	pass	False		True	32.617264	pass
melina	Melina_02062026	lab_data/melina/Melina_02062026_EEG_recon_2026-06-02_13h08.29.077_image_mapping.json	120	6	20	1012	burrito	images_THINGS/object_images/burrito/burrito_07s.jpg	/media/psycontrol/HDD/Datasets/THINGS/images_THINGS/object_images/burrito/burrito_07s.jpg	True	True	2	824700	1780401745917.000	easy_marker_manifest_order_min_gap_5s	pass	False		True	45.977177	pass
melina	Melina_02062026	lab_data/melina/Melina_02062026_EEG_recon_2026-06-02_13h08.29.077_image_mapping.json	121	7	1	1067	taffy	images_THINGS/object_images/taffy/taffy_11s.jpg	/media/psycontrol/HDD/Datasets/THINGS/images_THINGS/object_images/taffy/taffy_11s.jpg	True	False	1	842834	1780401782187.000	easy_marker_manifest_order_min_gap_5s	pass	False		True	191.843719	pass
melina	Melina_02062026	lab_data/melina/Melina_02062026_EEG_recon_2026-06-02_13h08.29.077_image_mapping.json	122	7	2	1084	cheetah	images_THINGS/object_images/cheetah/cheetah_06s.jpg	/media/psycontrol/HDD/Datasets/THINGS/images_THINGS/object_images/cheetah/cheetah_06s.jpg	True	True	2	845841	1780401788202.000	easy_marker_manifest_order_min_gap_5s	pass	False		True	67.899124	pass
melina	Melina_02062026	lab_data/melina/Melina_02062026_EEG_recon_2026-06-02_13h08.29.077_image_mapping.json	123	7	3	1082	necklace	images_THINGS/object_images/necklace/necklace_11s.jpg	/media/psycontrol/HDD/Datasets/THINGS/images_THINGS/object_images/necklace/necklace_11s.jpg	True	True	2	848713	1780401793945.000	easy_marker_manifest_order_min_gap_5s	pass	False		True	22.645607	pass
melina	Melina_02062026	lab_data/melina/Melina_02062026_EEG_recon_2026-06-02_13h08.29.077_image_mapping.json	124	7	4	1051	yacht	images_THINGS/object_images/yacht/yacht_05s.jpg	/media/psycontrol/HDD/Datasets/THINGS/images_THINGS/object_images/yacht/yacht_05s.jpg	True	False	2	851789	1780401800098.000	easy_marker_manifest_order_min_gap_5s	pass	False		True	31.204334	pass
melina	Melina_02062026	lab_data/melina/Melina_02062026_EEG_recon_2026-06-02_13h08.29.077_image_mapping.json	125	7	5	1091	kitten	images_THINGS/object_images/kitten/kitten_09s.jpg	/media/psycontrol/HDD/Datasets/THINGS/images_THINGS/object_images/kitten/kitten_09s.jpg	True	False	1	854702	1780401805924.000	easy_marker_manifest_order_min_gap_5s	pass	False		True	29.332266	pass
melina	Melina_02062026	lab_data/melina/Melina_02062026_EEG_recon_2026-06-02_13h08.29.077_image_mapping.json	126	7	6	1081	police_car	images_THINGS/object_images/police_car/police_car_14s.jpg	/media/psycontrol/HDD/Datasets/THINGS/images_THINGS/object_images/police_car/police_car_14s.jpg	True	False	1	857692	1780401811904.000	easy_marker_manifest_order_min_gap_5s	pass	False		True	67.709175	pass
melina	Melina_02062026	lab_data/melina/Melina_02062026_EEG_recon_2026-06-02_13h08.29.077_image_mapping.json	127	7	7	1154	chandelier	images_THINGS/object_images/chandelier/chandelier_10s.jpg	/media/psycontrol/HDD/Datasets/THINGS/images_THINGS/object_images/chandelier/chandelier_10s.jpg	True	False	1	860757	1780401818035.000	easy_marker_manifest_order_min_gap_5s	pass	False		True	44.092247	pass
melina	Melina_02062026	lab_data/melina/Melina_02062026_EEG_recon_2026-06-02_13h08.29.077_image_mapping.json	128	7	8	1087	bathrobe	images_THINGS/object_images/bathrobe/bathrobe_12s.jpg	/media/psycontrol/HDD/Datasets/THINGS/images_THINGS/object_images/bathrobe/bathrobe_12s.jpg	True	False	1	863861	1780401824243.000	easy_marker_manifest_order_min_gap_5s	pass	False		True	70.112633	pass
melina	Melina_02062026	lab_data/melina/Melina_02062026_EEG_recon_2026-06-02_13h08.29.077_image_mapping.json	129	7	9	1065	cabinet	images_THINGS/object_images/cabinet/cabinet_07s.jpg	/media/psycontrol/HDD/Datasets/THINGS/images_THINGS/object_images/cabinet/cabinet_07s.jpg	True	False	1	866976	1780401830473.000	easy_marker_manifest_order_min_gap_5s	pass	False		True	92.590546	pass
melina	Melina_02062026	lab_data/melina/Melina_02062026_EEG_recon_2026-06-02_13h08.29.077_image_mapping.json	130	7	10	1114	spinach	images_THINGS/object_images/spinach/spinach_09s.jpg	/media/psycontrol/HDD/Datasets/THINGS/images_THINGS/object_images/spinach/spinach_09s.jpg	True	False	1	869847	1780401836216.000	easy_marker_manifest_order_min_gap_5s	pass	False		True	92.299355	pass
melina	Melina_02062026	lab_data/melina/Melina_02062026_EEG_recon_2026-06-02_13h08.29.077_image_mapping.json	131	7	11	1138	ping-pong_table	images_THINGS/object_images/ping-pong_table/ping-pong_table_10s.jpg	/media/psycontrol/HDD/Datasets/THINGS/images_THINGS/object_images/ping-pong_table/ping-pong_table_10s.jpg	True	False	1	872889	1780401842300.000	easy_marker_manifest_order_min_gap_5s	pass	False		True	34.552326	pass
melina	Melina_02062026	lab_data/melina/Melina_02062026_EEG_recon_2026-06-02_13h08.29.077_image_mapping.json	132	7	12	1113	firetruck	images_THINGS/object_images/firetruck/firetruck_04s.jpg	/media/psycontrol/HDD/Datasets/THINGS/images_THINGS/object_images/firetruck/firetruck_04s.jpg	True	False	1	875902	1780401848327.000	easy_marker_manifest_order_min_gap_5s	pass	False		True	72.104950	pass
melina	Melina_02062026	lab_data/melina/Melina_02062026_EEG_recon_2026-06-02_13h08.29.077_image_mapping.json	133	7	13	1021	tea	images_THINGS/object_images/tea/tea_10s.jpg	/media/psycontrol/HDD/Datasets/THINGS/images_THINGS/object_images/tea/tea_10s.jpg	True	False	1	878919	1780401854361.000	easy_marker_manifest_order_min_gap_5s	pass	False		True	62.865501	pass
melina	Melina_02062026	lab_data/melina/Melina_02062026_EEG_recon_2026-06-02_13h08.29.077_image_mapping.json	134	7	14	1023	wolf	images_THINGS/object_images/wolf/wolf_12n.jpg	/media/psycontrol/HDD/Datasets/THINGS/images_THINGS/object_images/wolf/wolf_12n.jpg	True	True	2	881822	1780401860167.000	easy_marker_manifest_order_min_gap_5s	pass	False		True	32.959682	pass
melina	Melina_02062026	lab_data/melina/Melina_02062026_EEG_recon_2026-06-02_13h08.29.077_image_mapping.json	135	7	15	1093	duckling	images_THINGS/object_images/duckling/duckling_25s.jpg	/media/psycontrol/HDD/Datasets/THINGS/images_THINGS/object_images/duckling/duckling_25s.jpg	True	False	1	884936	1780401866396.000	easy_marker_manifest_order_min_gap_5s	pass	False		True	125.289330	pass
melina	Melina_02062026	lab_data/melina/Melina_02062026_EEG_recon_2026-06-02_13h08.29.077_image_mapping.json	136	7	16	1146	cheesecake	images_THINGS/object_images/cheesecake/cheesecake_06s.jpg	/media/psycontrol/HDD/Datasets/THINGS/images_THINGS/object_images/cheesecake/cheesecake_06s.jpg	True	False	1	887874	1780401872272.000	easy_marker_manifest_order_min_gap_5s	pass	False		True	130.343903	pass
melina	Melina_02062026	lab_data/melina/Melina_02062026_EEG_recon_2026-06-02_13h08.29.077_image_mapping.json	137	7	17	1045	goose	images_THINGS/object_images/goose/goose_08s.jpg	/media/psycontrol/HDD/Datasets/THINGS/images_THINGS/object_images/goose/goose_08s.jpg	True	True	2	890881	1780401878286.000	easy_marker_manifest_order_min_gap_5s	pass	False		True	37.276142	pass
melina	Melina_02062026	lab_data/melina/Melina_02062026_EEG_recon_2026-06-02_13h08.29.077_image_mapping.json	138	7	18	1156	coconut	images_THINGS/object_images/coconut/coconut_08s.jpg	/media/psycontrol/HDD/Datasets/THINGS/images_THINGS/object_images/coconut/coconut_08s.jpg	True	False	1	893793	1780401884111.000	easy_marker_manifest_order_min_gap_5s	pass	False		True	43.617443	pass
melina	Melina_02062026	lab_data/melina/Melina_02062026_EEG_recon_2026-06-02_13h08.29.077_image_mapping.json	139	7	19	1058	loveseat	images_THINGS/object_images/loveseat/loveseat_10s.jpg	/media/psycontrol/HDD/Datasets/THINGS/images_THINGS/object_images/loveseat/loveseat_10s.jpg	True	False	1	896683	1780401889891.000	easy_marker_manifest_order_min_gap_5s	pass	False		True	49.865986	pass
melina	Melina_02062026	lab_data/melina/Melina_02062026_EEG_recon_2026-06-02_13h08.29.077_image_mapping.json	140	7	20	1055	seagull	images_THINGS/object_images/seagull/seagull_11s.jpg	/media/psycontrol/HDD/Datasets/THINGS/images_THINGS/object_images/seagull/seagull_11s.jpg	True	False	1	899675	1780401895875.000	easy_marker_manifest_order_min_gap_5s	pass	False		True	85.212868	pass
melina	Melina_02062026	lab_data/melina/Melina_02062026_EEG_recon_2026-06-02_13h08.29.077_image_mapping.json	141	8	1	1056	leggings	images_THINGS/object_images/leggings/leggings_02s.jpg	/media/psycontrol/HDD/Datasets/THINGS/images_THINGS/object_images/leggings/leggings_02s.jpg	True	False	1	912695	1780401921917.000	easy_marker_manifest_order_min_gap_5s	pass	False		True	24.477318	pass
melina	Melina_02062026	lab_data/melina/Melina_02062026_EEG_recon_2026-06-02_13h08.29.077_image_mapping.json	142	8	2	1054	bathtub	images_THINGS/object_images/bathtub/bathtub_18s.jpg	/media/psycontrol/HDD/Datasets/THINGS/images_THINGS/object_images/bathtub/bathtub_18s.jpg	True	False	1	915643	1780401927813.000	easy_marker_manifest_order_min_gap_5s	pass	False		True	76.834534	pass
melina	Melina_02062026	lab_data/melina/Melina_02062026_EEG_recon_2026-06-02_13h08.29.077_image_mapping.json	143	8	3	1034	bracelet1	images_THINGS/object_images/bracelet1/bracelet1_18s.jpg	/media/psycontrol/HDD/Datasets/THINGS/images_THINGS/object_images/bracelet1/bracelet1_18s.jpg	True	False	1	918737	1780401934001.000	easy_marker_manifest_order_min_gap_5s	pass	False		True	178.314148	pass
melina	Melina_02062026	lab_data/melina/Melina_02062026_EEG_recon_2026-06-02_13h08.29.077_image_mapping.json	144	8	4	1003	shorts	images_THINGS/object_images/shorts/shorts_14s.jpg	/media/psycontrol/HDD/Datasets/THINGS/images_THINGS/object_images/shorts/shorts_14s.jpg	True	False	1	921834	1780401940196.000	easy_marker_manifest_order_min_gap_5s	pass	False		True	30.326839	pass
melina	Melina_02062026	lab_data/melina/Melina_02062026_EEG_recon_2026-06-02_13h08.29.077_image_mapping.json	145	8	5	1078	sea_urchin	images_THINGS/object_images/sea_urchin/sea_urchin_08s.jpg	/media/psycontrol/HDD/Datasets/THINGS/images_THINGS/object_images/sea_urchin/sea_urchin_08s.jpg	True	False	1	924938	1780401946404.000	easy_marker_manifest_order_min_gap_5s	pass	False		True	47.505711	pass
melina	Melina_02062026	lab_data/melina/Melina_02062026_EEG_recon_2026-06-02_13h08.29.077_image_mapping.json	146	8	6	1105	gorilla	images_THINGS/object_images/gorilla/gorilla_19s.jpg	/media/psycontrol/HDD/Datasets/THINGS/images_THINGS/object_images/gorilla/gorilla_19s.jpg	True	False	1	927962	1780401952453.000	easy_marker_manifest_order_min_gap_5s	pass	False		True	37.183544	pass
melina	Melina_02062026	lab_data/melina/Melina_02062026_EEG_recon_2026-06-02_13h08.29.077_image_mapping.json	147	8	7	1129	workbench	images_THINGS/object_images/workbench/workbench_07s.jpg	/media/psycontrol/HDD/Datasets/THINGS/images_THINGS/object_images/workbench/workbench_07s.jpg	True	True	2	930885	1780401958299.000	easy_marker_manifest_order_min_gap_5s	pass	False		True	48.751400	pass
melina	Melina_02062026	lab_data/melina/Melina_02062026_EEG_recon_2026-06-02_13h08.29.077_image_mapping.json	148	8	8	1088	slipper	images_THINGS/object_images/slipper/slipper_02s.jpg	/media/psycontrol/HDD/Datasets/THINGS/images_THINGS/object_images/slipper/slipper_02s.jpg	True	False	1	933833	1780401964196.000	easy_marker_manifest_order_min_gap_5s	pass	False		True	83.324966	pass
melina	Melina_02062026	lab_data/melina/Melina_02062026_EEG_recon_2026-06-02_13h08.29.077_image_mapping.json	149	8	9	1102	crab	images_THINGS/object_images/crab/crab_02s.jpg	/media/psycontrol/HDD/Datasets/THINGS/images_THINGS/object_images/crab/crab_02s.jpg	True	False	1	936871	1780401970272.000	easy_marker_manifest_order_min_gap_5s	pass	False		True	39.511871	pass
melina	Melina_02062026	lab_data/melina/Melina_02062026_EEG_recon_2026-06-02_13h08.29.077_image_mapping.json	150	8	10	1033	helmet	images_THINGS/object_images/helmet/helmet_11s.jpg	/media/psycontrol/HDD/Datasets/THINGS/images_THINGS/object_images/helmet/helmet_11s.jpg	True	False	1	939979	1780401976488.000	easy_marker_manifest_order_min_gap_5s	pass	False		True	40.215172	pass
melina	Melina_02062026	lab_data/melina/Melina_02062026_EEG_recon_2026-06-02_13h08.29.077_image_mapping.json	151	8	11	1141	peach	images_THINGS/object_images/peach/peach_09n.jpg	/media/psycontrol/HDD/Datasets/THINGS/images_THINGS/object_images/peach/peach_09n.jpg	True	False	1	943027	1780401982584.000	easy_marker_manifest_order_min_gap_5s	pass	False		True	41.115818	pass
melina	Melina_02062026	lab_data/melina/Melina_02062026_EEG_recon_2026-06-02_13h08.29.077_image_mapping.json	152	8	12	1130	showerhead	images_THINGS/object_images/showerhead/showerhead_05s.jpg	/media/psycontrol/HDD/Datasets/THINGS/images_THINGS/object_images/showerhead/showerhead_05s.jpg	True	True	2	945978	1780401988487.000	easy_marker_manifest_order_min_gap_5s	pass	False		True	41.003178	pass
melina	Melina_02062026	lab_data/melina/Melina_02062026_EEG_recon_2026-06-02_13h08.29.077_image_mapping.json	153	8	13	1150	chick	images_THINGS/object_images/chick/chick_10s.jpg	/media/psycontrol/HDD/Datasets/THINGS/images_THINGS/object_images/chick/chick_10s.jpg	True	True	2	949003	1780401994537.000	easy_marker_manifest_order_min_gap_5s	pass	False		True	37.855396	pass
melina	Melina_02062026	lab_data/melina/Melina_02062026_EEG_recon_2026-06-02_13h08.29.077_image_mapping.json	154	8	14	1145	rocking_chair	images_THINGS/object_images/rocking_chair/rocking_chair_07s.jpg	/media/psycontrol/HDD/Datasets/THINGS/images_THINGS/object_images/rocking_chair/rocking_chair_07s.jpg	True	True	2	952048	1780402000627.000	easy_marker_manifest_order_min_gap_5s	pass	False		True	43.858856	pass
melina	Melina_02062026	lab_data/melina/Melina_02062026_EEG_recon_2026-06-02_13h08.29.077_image_mapping.json	155	8	15	1094	onion	images_THINGS/object_images/onion/onion_03n.jpg	/media/psycontrol/HDD/Datasets/THINGS/images_THINGS/object_images/onion/onion_03n.jpg	True	False	1	955078	1780402006688.000	easy_marker_manifest_order_min_gap_5s	pass	False		True	32.964256	pass
melina	Melina_02062026	lab_data/melina/Melina_02062026_EEG_recon_2026-06-02_13h08.29.077_image_mapping.json	156	8	16	1153	donut	images_THINGS/object_images/donut/donut_15s.jpg	/media/psycontrol/HDD/Datasets/THINGS/images_THINGS/object_images/donut/donut_15s.jpg	True	False	1	958186	1780402012904.000	easy_marker_manifest_order_min_gap_5s	pass	False		True	109.622635	pass
melina	Melina_02062026	lab_data/melina/Melina_02062026_EEG_recon_2026-06-02_13h08.29.077_image_mapping.json	157	8	17	1027	memory_stick	images_THINGS/object_images/memory_stick/memory_stick_08s.jpg	/media/psycontrol/HDD/Datasets/THINGS/images_THINGS/object_images/memory_stick/memory_stick_08s.jpg	True	False	2	961110	1780402018752.000	easy_marker_manifest_order_min_gap_5s	pass	False		True	79.962791	pass
melina	Melina_02062026	lab_data/melina/Melina_02062026_EEG_recon_2026-06-02_13h08.29.077_image_mapping.json	158	8	18	1014	shark	images_THINGS/object_images/shark/shark_07s.jpg	/media/psycontrol/HDD/Datasets/THINGS/images_THINGS/object_images/shark/shark_07s.jpg	True	False	1	964207	1780402024946.000	easy_marker_manifest_order_min_gap_5s	pass	False		True	46.433231	pass
melina	Melina_02062026	lab_data/melina/Melina_02062026_EEG_recon_2026-06-02_13h08.29.077_image_mapping.json	159	8	19	1025	llama	images_THINGS/object_images/llama/llama_05s.jpg	/media/psycontrol/HDD/Datasets/THINGS/images_THINGS/object_images/llama/llama_05s.jpg	True	False	1	967266	1780402031065.000	easy_marker_manifest_order_min_gap_5s	pass	False		True	50.107254	pass
melina	Melina_02062026	lab_data/melina/Melina_02062026_EEG_recon_2026-06-02_13h08.29.077_image_mapping.json	160	8	20	1148	broccoli	images_THINGS/object_images/broccoli/broccoli_09s.jpg	/media/psycontrol/HDD/Datasets/THINGS/images_THINGS/object_images/broccoli/broccoli_09s.jpg	True	False	1	970297	1780402037127.000	easy_marker_manifest_order_min_gap_5s	pass	False		True	53.894817	pass
melina	Melina_02062026	lab_data/melina/Melina_02062026_EEG_recon_2026-06-02_13h08.29.077_image_mapping.json	161	9	1	1147	lemonade	images_THINGS/object_images/lemonade/lemonade_01b.jpg	/media/psycontrol/HDD/Datasets/THINGS/images_THINGS/object_images/lemonade/lemonade_01b.jpg	True	True	2	987995	1780402072522.000	easy_marker_manifest_order_min_gap_5s	pass	False		True	180.876770	pass
melina	Melina_02062026	lab_data/melina/Melina_02062026_EEG_recon_2026-06-02_13h08.29.077_image_mapping.json	162	9	2	1083	shirt	images_THINGS/object_images/shirt/shirt_03s.jpg	/media/psycontrol/HDD/Datasets/THINGS/images_THINGS/object_images/shirt/shirt_03s.jpg	True	False	1	990992	1780402078517.000	easy_marker_manifest_order_min_gap_5s	pass	False		True	39.802464	pass
melina	Melina_02062026	lab_data/melina/Melina_02062026_EEG_recon_2026-06-02_13h08.29.077_image_mapping.json	163	9	3	1041	octopus	images_THINGS/object_images/octopus/octopus_09s.jpg	/media/psycontrol/HDD/Datasets/THINGS/images_THINGS/object_images/octopus/octopus_09s.jpg	True	False	1	994064	1780402084661.000	easy_marker_manifest_order_min_gap_5s	pass	False		True	38.323219	pass
melina	Melina_02062026	lab_data/melina/Melina_02062026_EEG_recon_2026-06-02_13h08.29.077_image_mapping.json	164	9	4	1018	coffee	images_THINGS/object_images/coffee/coffee_15s.jpg	/media/psycontrol/HDD/Datasets/THINGS/images_THINGS/object_images/coffee/coffee_15s.jpg	True	False	1	996981	1780402090495.000	easy_marker_manifest_order_min_gap_5s	pass	False		True	30.897312	pass
melina	Melina_02062026	lab_data/melina/Melina_02062026_EEG_recon_2026-06-02_13h08.29.077_image_mapping.json	165	9	5	1136	snake	images_THINGS/object_images/snake/snake_16n.jpg	/media/psycontrol/HDD/Datasets/THINGS/images_THINGS/object_images/snake/snake_16n.jpg	True	False	1	999929	1780402096391.000	easy_marker_manifest_order_min_gap_5s	pass	False		True	44.387192	pass
melina	Melina_02062026	lab_data/melina/Melina_02062026_EEG_recon_2026-06-02_13h08.29.077_image_mapping.json	166	9	6	1044	raccoon	images_THINGS/object_images/raccoon/raccoon_08n.jpg	/media/psycontrol/HDD/Datasets/THINGS/images_THINGS/object_images/raccoon/raccoon_08n.jpg	True	False	1	1002871	1780402102274.000	easy_marker_manifest_order_min_gap_5s	pass	False		True	34.974262	pass
melina	Melina_02062026	lab_data/melina/Melina_02062026_EEG_recon_2026-06-02_13h08.29.077_image_mapping.json	167	9	7	1027	memory_stick	images_THINGS/object_images/memory_stick/memory_stick_08s.jpg	/media/psycontrol/HDD/Datasets/THINGS/images_THINGS/object_images/memory_stick/memory_stick_08s.jpg	True	True	2	1005877	1780402108287.000	easy_marker_manifest_order_min_gap_5s	pass	False		True	39.723450	pass
melina	Melina_02062026	lab_data/melina/Melina_02062026_EEG_recon_2026-06-02_13h08.29.077_image_mapping.json	168	9	8	1128	toad	images_THINGS/object_images/toad/toad_01b.jpg	/media/psycontrol/HDD/Datasets/THINGS/images_THINGS/object_images/toad/toad_01b.jpg	True	False	1	1008787	1780402114107.000	easy_marker_manifest_order_min_gap_5s	pass	False		True	82.073921	pass
melina	Melina_02062026	lab_data/melina/Melina_02062026_EEG_recon_2026-06-02_13h08.29.077_image_mapping.json	169	9	9	1043	ostrich	images_THINGS/object_images/ostrich/ostrich_15s.jpg	/media/psycontrol/HDD/Datasets/THINGS/images_THINGS/object_images/ostrich/ostrich_15s.jpg	True	False	1	1011828	1780402120189.000	easy_marker_manifest_order_min_gap_5s	pass	False		True	38.582062	pass
melina	Melina_02062026	lab_data/melina/Melina_02062026_EEG_recon_2026-06-02_13h08.29.077_image_mapping.json	170	9	10	1099	tricycle	images_THINGS/object_images/tricycle/tricycle_12s.jpg	/media/psycontrol/HDD/Datasets/THINGS/images_THINGS/object_images/tricycle/tricycle_12s.jpg	True	False	1	1014812	1780402126156.000	easy_marker_manifest_order_min_gap_5s	pass	False		True	32.473709	pass
melina	Melina_02062026	lab_data/melina/Melina_02062026_EEG_recon_2026-06-02_13h08.29.077_image_mapping.json	171	9	11	1117	hamster	images_THINGS/object_images/hamster/hamster_07s.jpg	/media/psycontrol/HDD/Datasets/THINGS/images_THINGS/object_images/hamster/hamster_07s.jpg	True	False	1	1017701	1780402131933.000	easy_marker_manifest_order_min_gap_5s	pass	False		True	31.734053	pass
melina	Melina_02062026	lab_data/melina/Melina_02062026_EEG_recon_2026-06-02_13h08.29.077_image_mapping.json	172	9	12	1030	puffin	images_THINGS/object_images/puffin/puffin_02s.jpg	/media/psycontrol/HDD/Datasets/THINGS/images_THINGS/object_images/puffin/puffin_02s.jpg	True	False	1	1020604	1780402137739.000	easy_marker_manifest_order_min_gap_5s	pass	False		True	19.495108	pass
melina	Melina_02062026	lab_data/melina/Melina_02062026_EEG_recon_2026-06-02_13h08.29.077_image_mapping.json	173	9	13	1080	camcorder	images_THINGS/object_images/camcorder/camcorder_07s.jpg	/media/psycontrol/HDD/Datasets/THINGS/images_THINGS/object_images/camcorder/camcorder_07s.jpg	True	False	1	1023622	1780402143774.000	easy_marker_manifest_order_min_gap_5s	pass	False		True	34.360855	pass
melina	Melina_02062026	lab_data/melina/Melina_02062026_EEG_recon_2026-06-02_13h08.29.077_image_mapping.json	174	9	14	1070	dragonfly	images_THINGS/object_images/dragonfly/dragonfly_10s.jpg	/media/psycontrol/HDD/Datasets/THINGS/images_THINGS/object_images/dragonfly/dragonfly_10s.jpg	True	False	1	1026618	1780402149766.000	easy_marker_manifest_order_min_gap_5s	pass	False		True	27.680700	pass
melina	Melina_02062026	lab_data/melina/Melina_02062026_EEG_recon_2026-06-02_13h08.29.077_image_mapping.json	175	9	15	1007	mirror	images_THINGS/object_images/mirror/mirror_08s.jpg	/media/psycontrol/HDD/Datasets/THINGS/images_THINGS/object_images/mirror/mirror_08s.jpg	True	False	1	1029580	1780402155691.000	easy_marker_manifest_order_min_gap_5s	pass	False		True	40.968102	pass
melina	Melina_02062026	lab_data/melina/Melina_02062026_EEG_recon_2026-06-02_13h08.29.077_image_mapping.json	176	9	16	1059	zucchini	images_THINGS/object_images/zucchini/zucchini_02s.jpg	/media/psycontrol/HDD/Datasets/THINGS/images_THINGS/object_images/zucchini/zucchini_02s.jpg	True	True	2	1032489	1780402161509.000	easy_marker_manifest_order_min_gap_5s	pass	False		True	43.749577	pass
melina	Melina_02062026	lab_data/melina/Melina_02062026_EEG_recon_2026-06-02_13h08.29.077_image_mapping.json	177	9	17	1158	bulldozer	images_THINGS/object_images/bulldozer/bulldozer_06s.jpg	/media/psycontrol/HDD/Datasets/THINGS/images_THINGS/object_images/bulldozer/bulldozer_06s.jpg	True	False	1	1035461	1780402167453.000	easy_marker_manifest_order_min_gap_5s	pass	False		True	44.472027	pass
melina	Melina_02062026	lab_data/melina/Melina_02062026_EEG_recon_2026-06-02_13h08.29.077_image_mapping.json	178	9	18	1051	yacht	images_THINGS/object_images/yacht/yacht_05s.jpg	/media/psycontrol/HDD/Datasets/THINGS/images_THINGS/object_images/yacht/yacht_05s.jpg	True	True	2	1038565	1780402173662.000	easy_marker_manifest_order_min_gap_5s	pass	False		True	65.698288	pass
melina	Melina_02062026	lab_data/melina/Melina_02062026_EEG_recon_2026-06-02_13h08.29.077_image_mapping.json	179	9	19	1076	groundhog	images_THINGS/object_images/groundhog/groundhog_01b.jpg	/media/psycontrol/HDD/Datasets/THINGS/images_THINGS/object_images/groundhog/groundhog_01b.jpg	True	False	1	1041614	1780402179760.000	easy_marker_manifest_order_min_gap_5s	pass	False		True	55.169910	pass
melina	Melina_02062026	lab_data/melina/Melina_02062026_EEG_recon_2026-06-02_13h08.29.077_image_mapping.json	180	9	20	1122	webcam	images_THINGS/object_images/webcam/webcam_08s.jpg	/media/psycontrol/HDD/Datasets/THINGS/images_THINGS/object_images/webcam/webcam_08s.jpg	True	False	1	1044676	1780402185884.000	easy_marker_manifest_order_min_gap_5s	pass	False		True	51.609108	pass
melina	Melina_02062026	lab_data/melina/Melina_02062026_EEG_recon_2026-06-02_13h08.29.077_image_mapping.json	181	10	1	1052	wallpaper	images_THINGS/object_images/wallpaper/wallpaper_01b.jpg	/media/psycontrol/HDD/Datasets/THINGS/images_THINGS/object_images/wallpaper/wallpaper_01b.jpg	True	True	2	1056401	1780402209336.000	easy_marker_manifest_order_min_gap_5s	pass	False		True	37.852886	pass
melina	Melina_02062026	lab_data/melina/Melina_02062026_EEG_recon_2026-06-02_13h08.29.077_image_mapping.json	182	10	2	1142	piglet	images_THINGS/object_images/piglet/piglet_07s.jpg	/media/psycontrol/HDD/Datasets/THINGS/images_THINGS/object_images/piglet/piglet_07s.jpg	True	False	1	1059373	1780402215280.000	easy_marker_manifest_order_min_gap_5s	pass	False		True	30.077604	pass
melina	Melina_02062026	lab_data/melina/Melina_02062026_EEG_recon_2026-06-02_13h08.29.077_image_mapping.json	183	10	3	1064	fly	images_THINGS/object_images/fly/fly_17s.jpg	/media/psycontrol/HDD/Datasets/THINGS/images_THINGS/object_images/fly/fly_17s.jpg	True	False	1	1062401	1780402221336.000	easy_marker_manifest_order_min_gap_5s	pass	False		True	28.138731	pass
melina	Melina_02062026	lab_data/melina/Melina_02062026_EEG_recon_2026-06-02_13h08.29.077_image_mapping.json	184	10	4	1060	squirrel	images_THINGS/object_images/squirrel/squirrel_12n.jpg	/media/psycontrol/HDD/Datasets/THINGS/images_THINGS/object_images/squirrel/squirrel_12n.jpg	True	True	2	1065359	1780402227253.000	easy_marker_manifest_order_min_gap_5s	pass	False		True	39.512478	pass
melina	Melina_02062026	lab_data/melina/Melina_02062026_EEG_recon_2026-06-02_13h08.29.077_image_mapping.json	185	10	5	1048	sombrero	images_THINGS/object_images/sombrero/sombrero_11s.jpg	/media/psycontrol/HDD/Datasets/THINGS/images_THINGS/object_images/sombrero/sombrero_11s.jpg	True	False	1	1068432	1780402233399.000	easy_marker_manifest_order_min_gap_5s	pass	False		True	41.291592	pass
melina	Melina_02062026	lab_data/melina/Melina_02062026_EEG_recon_2026-06-02_13h08.29.077_image_mapping.json	186	10	6	1009	papaya	images_THINGS/object_images/papaya/papaya_08s.jpg	/media/psycontrol/HDD/Datasets/THINGS/images_THINGS/object_images/papaya/papaya_08s.jpg	True	False	1	1071436	1780402239407.000	easy_marker_manifest_order_min_gap_5s	pass	False		True	60.785763	pass
melina	Melina_02062026	lab_data/melina/Melina_02062026_EEG_recon_2026-06-02_13h08.29.077_image_mapping.json	187	10	7	1072	blackberry	images_THINGS/object_images/blackberry/blackberry_08s.jpg	/media/psycontrol/HDD/Datasets/THINGS/images_THINGS/object_images/blackberry/blackberry_08s.jpg	True	False	1	1074553	1780402245642.000	easy_marker_manifest_order_min_gap_5s	pass	False		True	48.599339	pass
melina	Melina_02062026	lab_data/melina/Melina_02062026_EEG_recon_2026-06-02_13h08.29.077_image_mapping.json	188	10	8	1089	unicycle	images_THINGS/object_images/unicycle/unicycle_08s.jpg	/media/psycontrol/HDD/Datasets/THINGS/images_THINGS/object_images/unicycle/unicycle_08s.jpg	True	False	1	1077553	1780402251642.000	easy_marker_manifest_order_min_gap_5s	pass	False		True	78.037636	pass
melina	Melina_02062026	lab_data/melina/Melina_02062026_EEG_recon_2026-06-02_13h08.29.077_image_mapping.json	189	10	9	1075	filing_cabinet	images_THINGS/object_images/filing_cabinet/filing_cabinet_10s.jpg	/media/psycontrol/HDD/Datasets/THINGS/images_THINGS/object_images/filing_cabinet/filing_cabinet_10s.jpg	True	False	1	1080445	1780402257426.000	easy_marker_manifest_order_min_gap_5s	pass	False		True	25.201645	pass
melina	Melina_02062026	lab_data/melina/Melina_02062026_EEG_recon_2026-06-02_13h08.29.077_image_mapping.json	190	10	10	1029	sheep	images_THINGS/object_images/sheep/sheep_06s.jpg	/media/psycontrol/HDD/Datasets/THINGS/images_THINGS/object_images/sheep/sheep_06s.jpg	True	False	1	1083379	1780402263295.000	easy_marker_manifest_order_min_gap_5s	pass	False		True	57.861954	pass
melina	Melina_02062026	lab_data/melina/Melina_02062026_EEG_recon_2026-06-02_13h08.29.077_image_mapping.json	191	10	11	1069	rollerblade	images_THINGS/object_images/rollerblade/rollerblade_05s.jpg	/media/psycontrol/HDD/Datasets/THINGS/images_THINGS/object_images/rollerblade/rollerblade_05s.jpg	True	False	1	1086271	1780402269079.000	easy_marker_manifest_order_min_gap_5s	pass	False		True	61.255257	pass
melina	Melina_02062026	lab_data/melina/Melina_02062026_EEG_recon_2026-06-02_13h08.29.077_image_mapping.json	192	10	12	1126	helicopter	images_THINGS/object_images/helicopter/helicopter_20s.jpg	/media/psycontrol/HDD/Datasets/THINGS/images_THINGS/object_images/helicopter/helicopter_20s.jpg	True	True	2	1089323	1780402275183.000	easy_marker_manifest_order_min_gap_5s	pass	False		True	58.115627	pass
melina	Melina_02062026	lab_data/melina/Melina_02062026_EEG_recon_2026-06-02_13h08.29.077_image_mapping.json	193	10	13	1019	videocassette	images_THINGS/object_images/videocassette/videocassette_07n.jpg	/media/psycontrol/HDD/Datasets/THINGS/images_THINGS/object_images/videocassette/videocassette_07n.jpg	True	False	1	1092212	1780402280962.000	easy_marker_manifest_order_min_gap_5s	pass	False		True	35.085365	pass
melina	Melina_02062026	lab_data/melina/Melina_02062026_EEG_recon_2026-06-02_13h08.29.077_image_mapping.json	194	10	14	1005	ottoman	images_THINGS/object_images/ottoman/ottoman_05s.jpg	/media/psycontrol/HDD/Datasets/THINGS/images_THINGS/object_images/ottoman/ottoman_05s.jpg	True	False	1	1095326	1780402287190.000	easy_marker_manifest_order_min_gap_5s	pass	False		True	49.045578	pass
melina	Melina_02062026	lab_data/melina/Melina_02062026_EEG_recon_2026-06-02_13h08.29.077_image_mapping.json	195	10	15	1116	praying_mantis	images_THINGS/object_images/praying_mantis/praying_mantis_08s.jpg	/media/psycontrol/HDD/Datasets/THINGS/images_THINGS/object_images/praying_mantis/praying_mantis_08s.jpg	True	False	1	1098434	1780402293406.000	easy_marker_manifest_order_min_gap_5s	pass	False		True	37.293674	pass
melina	Melina_02062026	lab_data/melina/Melina_02062026_EEG_recon_2026-06-02_13h08.29.077_image_mapping.json	196	10	16	1022	shoe	images_THINGS/object_images/shoe/shoe_01s.jpg	/media/psycontrol/HDD/Datasets/THINGS/images_THINGS/object_images/shoe/shoe_01s.jpg	True	False	1	1101458	1780402299455.000	easy_marker_manifest_order_min_gap_5s	pass	False		True	108.825279	pass
melina	Melina_02062026	lab_data/melina/Melina_02062026_EEG_recon_2026-06-02_13h08.29.077_image_mapping.json	197	10	17	1066	giraffe	images_THINGS/object_images/giraffe/giraffe_17s.jpg	/media/psycontrol/HDD/Datasets/THINGS/images_THINGS/object_images/giraffe/giraffe_17s.jpg	True	False	1	1104566	1780402305671.000	easy_marker_manifest_order_min_gap_5s	pass	False		True	109.558235	pass
melina	Melina_02062026	lab_data/melina/Melina_02062026_EEG_recon_2026-06-02_13h08.29.077_image_mapping.json	198	10	18	1004	dalmatian	images_THINGS/object_images/dalmatian/dalmatian_02s.jpg	/media/psycontrol/HDD/Datasets/THINGS/images_THINGS/object_images/dalmatian/dalmatian_02s.jpg	True	False	1	1107604	1780402311747.000	easy_marker_manifest_order_min_gap_5s	pass	False		True	44.655231	pass
melina	Melina_02062026	lab_data/melina/Melina_02062026_EEG_recon_2026-06-02_13h08.29.077_image_mapping.json	199	10	19	1157	barnacle	images_THINGS/object_images/barnacle/barnacle_11s.jpg	/media/psycontrol/HDD/Datasets/THINGS/images_THINGS/object_images/barnacle/barnacle_11s.jpg	True	True	2	1110492	1780402317524.000	easy_marker_manifest_order_min_gap_5s	pass	False		True	36.931660	pass
melina	Melina_02062026	lab_data/melina/Melina_02062026_EEG_recon_2026-06-02_13h08.29.077_image_mapping.json	200	10	20	1024	lab_coat	images_THINGS/object_images/lab_coat/lab_coat_08s.jpg	/media/psycontrol/HDD/Datasets/THINGS/images_THINGS/object_images/lab_coat/lab_coat_08s.jpg	True	False	1	1113575	1780402323690.000	easy_marker_manifest_order_min_gap_5s	pass	False		True	48.610638	pass
zar	004-zar	lab_data/zar/004-zar_EEG_recon_2026-05-21_13h23.20.049_image_mapping.json	1	1	1	1096	beaver	images_THINGS/object_images/beaver/beaver_13n.jpg	/media/psycontrol/HDD/Datasets/THINGS/images_THINGS/object_images/beaver/beaver_13n.jpg	True	False	1	511629	1779364398698.000	easy_marker_manifest_order_min_gap_5s	pass	True	True	True	402.100342	review
zar	004-zar	lab_data/zar/004-zar_EEG_recon_2026-05-21_13h23.20.049_image_mapping.json	2	1	2	1124	nightshirt	images_THINGS/object_images/nightshirt/nightshirt_11s.jpg	/media/psycontrol/HDD/Datasets/THINGS/images_THINGS/object_images/nightshirt/nightshirt_11s.jpg	True	False	2	514736	1779364404913.000	easy_marker_manifest_order_min_gap_5s	pass	True	True	True	62.498451	pass
zar	004-zar	lab_data/zar/004-zar_EEG_recon_2026-05-21_13h23.20.049_image_mapping.json	3	1	3	1006	cardinal	images_THINGS/object_images/cardinal/cardinal_02s.jpg	/media/psycontrol/HDD/Datasets/THINGS/images_THINGS/object_images/cardinal/cardinal_02s.jpg	True	False	2	517695	1779364410831.000	easy_marker_manifest_order_min_gap_5s	pass	True	True	True	43.841660	pass
zar	004-zar	lab_data/zar/004-zar_EEG_recon_2026-05-21_13h23.20.049_image_mapping.json	4	1	4	1071	mongoose	images_THINGS/object_images/mongoose/mongoose_10s.jpg	/media/psycontrol/HDD/Datasets/THINGS/images_THINGS/object_images/mongoose/mongoose_10s.jpg	True	False	2	520639	1779364416720.000	easy_marker_manifest_order_min_gap_5s	pass	True	True	True	58.844025	pass
zar	004-zar	lab_data/zar/004-zar_EEG_recon_2026-05-21_13h23.20.049_image_mapping.json	5	1	5	1077	bison	images_THINGS/object_images/bison/bison_08s.jpg	/media/psycontrol/HDD/Datasets/THINGS/images_THINGS/object_images/bison/bison_08s.jpg	True	False	1	523638	1779364422719.000	easy_marker_manifest_order_min_gap_5s	pass	True	True	True	56.771904	pass
zar	004-zar	lab_data/zar/004-zar_EEG_recon_2026-05-21_13h23.20.049_image_mapping.json	6	1	6	1159	pear	images_THINGS/object_images/pear/pear_09s.jpg	/media/psycontrol/HDD/Datasets/THINGS/images_THINGS/object_images/pear/pear_09s.jpg	True	False	2	526538	1779364428518.000	easy_marker_manifest_order_min_gap_5s	pass	True	True	True	54.155151	pass
zar	004-zar	lab_data/zar/004-zar_EEG_recon_2026-05-21_13h23.20.049_image_mapping.json	7	1	7	1062	antelope	images_THINGS/object_images/antelope/antelope_12n.jpg	/media/psycontrol/HDD/Datasets/THINGS/images_THINGS/object_images/antelope/antelope_12n.jpg	True	False	2	529628	1779364434699.000	easy_marker_manifest_order_min_gap_5s	pass	True	True	True	50.380280	pass
zar	004-zar	lab_data/zar/004-zar_EEG_recon_2026-05-21_13h23.20.049_image_mapping.json	8	1	8	1145	rocking_chair	images_THINGS/object_images/rocking_chair/rocking_chair_07s.jpg	/media/psycontrol/HDD/Datasets/THINGS/images_THINGS/object_images/rocking_chair/rocking_chair_07s.jpg	True	False	2	532517	1779364440477.000	easy_marker_manifest_order_min_gap_5s	pass	True	True	True	43.129242	pass
zar	004-zar	lab_data/zar/004-zar_EEG_recon_2026-05-21_13h23.20.049_image_mapping.json	9	1	9	1015	moose	images_THINGS/object_images/moose/moose_02s.jpg	/media/psycontrol/HDD/Datasets/THINGS/images_THINGS/object_images/moose/moose_02s.jpg	True	False	2	535391	1779364446226.000	easy_marker_manifest_order_min_gap_5s	pass	True	True	True	55.332325	pass
zar	004-zar	lab_data/zar/004-zar_EEG_recon_2026-05-21_13h23.20.049_image_mapping.json	10	1	10	1092	bunkbed	images_THINGS/object_images/bunkbed/bunkbed_02s.jpg	/media/psycontrol/HDD/Datasets/THINGS/images_THINGS/object_images/bunkbed/bunkbed_02s.jpg	True	False	2	538336	1779364452116.000	easy_marker_manifest_order_min_gap_5s	pass	True	True	True	63.394077	pass
zar	004-zar	lab_data/zar/004-zar_EEG_recon_2026-05-21_13h23.20.049_image_mapping.json	11	1	11	1001	limousine	images_THINGS/object_images/limousine/limousine_03s.jpg	/media/psycontrol/HDD/Datasets/THINGS/images_THINGS/object_images/limousine/limousine_03s.jpg	True	False	2	541360	1779364458164.000	easy_marker_manifest_order_min_gap_5s	pass	True	True	True	54.963127	pass
zar	004-zar	lab_data/zar/004-zar_EEG_recon_2026-05-21_13h23.20.049_image_mapping.json	12	1	12	1160	clam	images_THINGS/object_images/clam/clam_06s.jpg	/media/psycontrol/HDD/Datasets/THINGS/images_THINGS/object_images/clam/clam_06s.jpg	True	False	2	544231	1779364463907.000	easy_marker_manifest_order_min_gap_5s	pass	True	True	True	52.675613	pass
zar	004-zar	lab_data/zar/004-zar_EEG_recon_2026-05-21_13h23.20.049_image_mapping.json	13	1	13	1020	television	images_THINGS/object_images/television/television_07s.jpg	/media/psycontrol/HDD/Datasets/THINGS/images_THINGS/object_images/television/television_07s.jpg	True	False	2	547200	1779364469845.000	easy_marker_manifest_order_min_gap_5s	pass	True	True	True	67.114944	pass
zar	004-zar	lab_data/zar/004-zar_EEG_recon_2026-05-21_13h23.20.049_image_mapping.json	14	1	14	1104	speaker	images_THINGS/object_images/speaker/speaker_19n.jpg	/media/psycontrol/HDD/Datasets/THINGS/images_THINGS/object_images/speaker/speaker_19n.jpg	True	False	2	550272	1779364475990.000	easy_marker_manifest_order_min_gap_5s	pass	True	True	True	52.089077	pass
zar	004-zar	lab_data/zar/004-zar_EEG_recon_2026-05-21_13h23.20.049_image_mapping.json	15	1	15	1134	sleeping_bag	images_THINGS/object_images/sleeping_bag/sleeping_bag_07s.jpg	/media/psycontrol/HDD/Datasets/THINGS/images_THINGS/object_images/sleeping_bag/sleeping_bag_07s.jpg	True	False	2	553331	1779364482108.000	easy_marker_manifest_order_min_gap_5s	pass	True	True	True	63.791630	pass
zar	004-zar	lab_data/zar/004-zar_EEG_recon_2026-05-21_13h23.20.049_image_mapping.json	16	1	16	1147	lemonade	images_THINGS/object_images/lemonade/lemonade_01b.jpg	/media/psycontrol/HDD/Datasets/THINGS/images_THINGS/object_images/lemonade/lemonade_01b.jpg	True	False	2	556245	1779364487936.000	easy_marker_manifest_order_min_gap_5s	pass	True	True	True	64.619568	pass
zar	004-zar	lab_data/zar/004-zar_EEG_recon_2026-05-21_13h23.20.049_image_mapping.json	17	1	17	1121	sunglasses	images_THINGS/object_images/sunglasses/sunglasses_06s.jpg	/media/psycontrol/HDD/Datasets/THINGS/images_THINGS/object_images/sunglasses/sunglasses_06s.jpg	True	False	2	559310	1779364494067.000	easy_marker_manifest_order_min_gap_5s	pass	True	True	True	48.700359	pass
zar	004-zar	lab_data/zar/004-zar_EEG_recon_2026-05-21_13h23.20.049_image_mapping.json	18	1	18	1035	lizard	images_THINGS/object_images/lizard/lizard_01b.jpg	/media/psycontrol/HDD/Datasets/THINGS/images_THINGS/object_images/lizard/lizard_01b.jpg	True	False	1	562324	1779364500095.000	easy_marker_manifest_order_min_gap_5s	pass	True	True	True	59.829807	pass
zar	004-zar	lab_data/zar/004-zar_EEG_recon_2026-05-21_13h23.20.049_image_mapping.json	19	1	19	1052	wallpaper	images_THINGS/object_images/wallpaper/wallpaper_01b.jpg	/media/psycontrol/HDD/Datasets/THINGS/images_THINGS/object_images/wallpaper/wallpaper_01b.jpg	True	False	2	565230	1779364505907.000	easy_marker_manifest_order_min_gap_5s	pass	True	True	True	46.672195	pass
zar	004-zar	lab_data/zar/004-zar_EEG_recon_2026-05-21_13h23.20.049_image_mapping.json	20	1	20	1132	polar_bear	images_THINGS/object_images/polar_bear/polar_bear_18s.jpg	/media/psycontrol/HDD/Datasets/THINGS/images_THINGS/object_images/polar_bear/polar_bear_18s.jpg	True	False	2	568212	1779364511872.000	easy_marker_manifest_order_min_gap_5s	pass	True	True	True	56.737019	pass
zar	004-zar	lab_data/zar/004-zar_EEG_recon_2026-05-21_13h23.20.049_image_mapping.json	21	2	1	1071	mongoose	images_THINGS/object_images/mongoose/mongoose_10s.jpg	/media/psycontrol/HDD/Datasets/THINGS/images_THINGS/object_images/mongoose/mongoose_10s.jpg	True	True	2	590374	1779364556199.000	easy_marker_manifest_order_min_gap_5s	pass	True	True	True	343.627869	review
zar	004-zar	lab_data/zar/004-zar_EEG_recon_2026-05-21_13h23.20.049_image_mapping.json	22	2	2	1150	chick	images_THINGS/object_images/chick/chick_10s.jpg	/media/psycontrol/HDD/Datasets/THINGS/images_THINGS/object_images/chick/chick_10s.jpg	True	False	2	593280	1779364562011.000	easy_marker_manifest_order_min_gap_5s	pass	True	True	True	54.689075	pass
zar	004-zar	lab_data/zar/004-zar_EEG_recon_2026-05-21_13h23.20.049_image_mapping.json	23	2	3	1134	sleeping_bag	images_THINGS/object_images/sleeping_bag/sleeping_bag_07s.jpg	/media/psycontrol/HDD/Datasets/THINGS/images_THINGS/object_images/sleeping_bag/sleeping_bag_07s.jpg	True	True	2	596353	1779364568158.000	easy_marker_manifest_order_min_gap_5s	pass	True	True	True	42.521290	pass
zar	004-zar	lab_data/zar/004-zar_EEG_recon_2026-05-21_13h23.20.049_image_mapping.json	24	2	4	1053	reindeer	images_THINGS/object_images/reindeer/reindeer_14s.jpg	/media/psycontrol/HDD/Datasets/THINGS/images_THINGS/object_images/reindeer/reindeer_14s.jpg	True	False	2	599332	1779364574116.000	easy_marker_manifest_order_min_gap_5s	pass	True	True	True	75.744141	pass
zar	004-zar	lab_data/zar/004-zar_EEG_recon_2026-05-21_13h23.20.049_image_mapping.json	25	2	5	1060	squirrel	images_THINGS/object_images/squirrel/squirrel_12n.jpg	/media/psycontrol/HDD/Datasets/THINGS/images_THINGS/object_images/squirrel/squirrel_12n.jpg	True	False	2	602440	1779364580332.000	easy_marker_manifest_order_min_gap_5s	pass	True	True	True	72.529938	pass
zar	004-zar	lab_data/zar/004-zar_EEG_recon_2026-05-21_13h23.20.049_image_mapping.json	26	2	6	1001	limousine	images_THINGS/object_images/limousine/limousine_03s.jpg	/media/psycontrol/HDD/Datasets/THINGS/images_THINGS/object_images/limousine/limousine_03s.jpg	True	True	2	605506	1779364586464.000	easy_marker_manifest_order_min_gap_5s	pass	True	True	True	66.546661	pass
zar	004-zar	lab_data/zar/004-zar_EEG_recon_2026-05-21_13h23.20.049_image_mapping.json	27	2	7	1115	marshmallow	images_THINGS/object_images/marshmallow/marshmallow_09s.jpg	/media/psycontrol/HDD/Datasets/THINGS/images_THINGS/object_images/marshmallow/marshmallow_09s.jpg	True	False	1	608505	1779364592463.000	easy_marker_manifest_order_min_gap_5s	pass	True	True	True	63.335964	pass
zar	004-zar	lab_data/zar/004-zar_EEG_recon_2026-05-21_13h23.20.049_image_mapping.json	28	2	8	1159	pear	images_THINGS/object_images/pear/pear_09s.jpg	/media/psycontrol/HDD/Datasets/THINGS/images_THINGS/object_images/pear/pear_09s.jpg	True	True	2	611578	1779364598609.000	easy_marker_manifest_order_min_gap_5s	pass	True	True	True	73.587128	pass
zar	004-zar	lab_data/zar/004-zar_EEG_recon_2026-05-21_13h23.20.049_image_mapping.json	29	2	9	1012	burrito	images_THINGS/object_images/burrito/burrito_07s.jpg	/media/psycontrol/HDD/Datasets/THINGS/images_THINGS/object_images/burrito/burrito_07s.jpg	True	False	2	614582	1779364604617.000	easy_marker_manifest_order_min_gap_5s	pass	True	True	True	87.872818	pass
zar	004-zar	lab_data/zar/004-zar_EEG_recon_2026-05-21_13h23.20.049_image_mapping.json	30	2	10	1036	ladybug	images_THINGS/object_images/ladybug/ladybug_07s.jpg	/media/psycontrol/HDD/Datasets/THINGS/images_THINGS/object_images/ladybug/ladybug_07s.jpg	True	False	1	617630	1779364610714.000	easy_marker_manifest_order_min_gap_5s	pass	True	True	True	49.648571	pass
zar	004-zar	lab_data/zar/004-zar_EEG_recon_2026-05-21_13h23.20.049_image_mapping.json	31	2	11	1045	goose	images_THINGS/object_images/goose/goose_08s.jpg	/media/psycontrol/HDD/Datasets/THINGS/images_THINGS/object_images/goose/goose_08s.jpg	True	False	2	620578	1779364616610.000	easy_marker_manifest_order_min_gap_5s	pass	True	True	True	257.968231	review
zar	004-zar	lab_data/zar/004-zar_EEG_recon_2026-05-21_13h23.20.049_image_mapping.json	32	2	12	1095	mouse2	images_THINGS/object_images/mouse2/mouse2_17s.jpg	/media/psycontrol/HDD/Datasets/THINGS/images_THINGS/object_images/mouse2/mouse2_17s.jpg	True	False	1	623491	1779364622436.000	easy_marker_manifest_order_min_gap_5s	pass	True	True	True	93.290688	pass
zar	004-zar	lab_data/zar/004-zar_EEG_recon_2026-05-21_13h23.20.049_image_mapping.json	33	2	13	1144	tarantula	images_THINGS/object_images/tarantula/tarantula_12s.jpg	/media/psycontrol/HDD/Datasets/THINGS/images_THINGS/object_images/tarantula/tarantula_12s.jpg	True	False	2	626435	1779364628324.000	easy_marker_manifest_order_min_gap_5s	pass	True	True	True	71.196884	pass
zar	004-zar	lab_data/zar/004-zar_EEG_recon_2026-05-21_13h23.20.049_image_mapping.json	34	2	14	1057	eggnog	images_THINGS/object_images/eggnog/eggnog_03s.jpg	/media/psycontrol/HDD/Datasets/THINGS/images_THINGS/object_images/eggnog/eggnog_03s.jpg	True	False	1	629303	1779364634061.000	easy_marker_manifest_order_min_gap_5s	pass	True	True	True	57.721172	pass
zar	004-zar	lab_data/zar/004-zar_EEG_recon_2026-05-21_13h23.20.049_image_mapping.json	35	2	15	1112	hard_disk	images_THINGS/object_images/hard_disk/hard_disk_13s.jpg	/media/psycontrol/HDD/Datasets/THINGS/images_THINGS/object_images/hard_disk/hard_disk_13s.jpg	True	False	1	632362	1779364640179.000	easy_marker_manifest_order_min_gap_5s	pass	True	True	True	76.341942	pass
zar	004-zar	lab_data/zar/004-zar_EEG_recon_2026-05-21_13h23.20.049_image_mapping.json	36	2	16	1108	possum	images_THINGS/object_images/possum/possum_03s.jpg	/media/psycontrol/HDD/Datasets/THINGS/images_THINGS/object_images/possum/possum_03s.jpg	True	False	1	635456	1779364646367.000	easy_marker_manifest_order_min_gap_5s	pass	True	True	True	70.133255	pass
zar	004-zar	lab_data/zar/004-zar_EEG_recon_2026-05-21_13h23.20.049_image_mapping.json	37	2	17	1160	clam	images_THINGS/object_images/clam/clam_06s.jpg	/media/psycontrol/HDD/Datasets/THINGS/images_THINGS/object_images/clam/clam_06s.jpg	True	True	2	638500	1779364652456.000	easy_marker_manifest_order_min_gap_5s	pass	True	True	True	243.185425	pass
zar	004-zar	lab_data/zar/004-zar_EEG_recon_2026-05-21_13h23.20.049_image_mapping.json	38	2	18	1031	fish	images_THINGS/object_images/fish/fish_01b.jpg	/media/psycontrol/HDD/Datasets/THINGS/images_THINGS/object_images/fish/fish_01b.jpg	True	False	1	641448	1779364658352.000	easy_marker_manifest_order_min_gap_5s	pass	True	True	True	80.942947	pass
zar	004-zar	lab_data/zar/004-zar_EEG_recon_2026-05-21_13h23.20.049_image_mapping.json	39	2	19	1016	ant	images_THINGS/object_images/ant/ant_08s.jpg	/media/psycontrol/HDD/Datasets/THINGS/images_THINGS/object_images/ant/ant_08s.jpg	True	False	1	644417	1779364664290.000	easy_marker_manifest_order_min_gap_5s	pass	True	True	True	49.538841	pass
zar	004-zar	lab_data/zar/004-zar_EEG_recon_2026-05-21_13h23.20.049_image_mapping.json	40	2	20	1118	candy_bar	images_THINGS/object_images/candy_bar/candy_bar_09s.jpg	/media/psycontrol/HDD/Datasets/THINGS/images_THINGS/object_images/candy_bar/candy_bar_09s.jpg	True	False	2	647382	1779364670221.000	easy_marker_manifest_order_min_gap_5s	pass	True	True	True	64.811989	pass
zar	004-zar	lab_data/zar/004-zar_EEG_recon_2026-05-21_13h23.20.049_image_mapping.json	41	3	1	1050	artichoke	images_THINGS/object_images/artichoke/artichoke_08n.jpg	/media/psycontrol/HDD/Datasets/THINGS/images_THINGS/object_images/artichoke/artichoke_08n.jpg	True	False	1	666524	1779364708507.000	easy_marker_manifest_order_min_gap_5s	pass	True	True	True	286.560577	review
zar	004-zar	lab_data/zar/004-zar_EEG_recon_2026-05-21_13h23.20.049_image_mapping.json	42	3	2	1157	barnacle	images_THINGS/object_images/barnacle/barnacle_11s.jpg	/media/psycontrol/HDD/Datasets/THINGS/images_THINGS/object_images/barnacle/barnacle_11s.jpg	True	False	2	669468	1779364714395.000	easy_marker_manifest_order_min_gap_5s	pass	True	True	True	59.240509	pass
zar	004-zar	lab_data/zar/004-zar_EEG_recon_2026-05-21_13h23.20.049_image_mapping.json	43	3	3	1098	stool	images_THINGS/object_images/stool/stool_08s.jpg	/media/psycontrol/HDD/Datasets/THINGS/images_THINGS/object_images/stool/stool_08s.jpg	True	False	1	672485	1779364720429.000	easy_marker_manifest_order_min_gap_5s	pass	True	True	True	78.526810	pass
zar	004-zar	lab_data/zar/004-zar_EEG_recon_2026-05-21_13h23.20.049_image_mapping.json	44	3	4	1073	bull	images_THINGS/object_images/bull/bull_09s.jpg	/media/psycontrol/HDD/Datasets/THINGS/images_THINGS/object_images/bull/bull_09s.jpg	True	False	1	675468	1779364726396.000	easy_marker_manifest_order_min_gap_5s	pass	True	True	True	49.226704	pass
zar	004-zar	lab_data/zar/004-zar_EEG_recon_2026-05-21_13h23.20.049_image_mapping.json	45	3	5	1020	television	images_THINGS/object_images/television/television_07s.jpg	/media/psycontrol/HDD/Datasets/THINGS/images_THINGS/object_images/television/television_07s.jpg	True	True	2	678398	1779364732256.000	easy_marker_manifest_order_min_gap_5s	pass	True	True	True	65.501007	pass
zar	004-zar	lab_data/zar/004-zar_EEG_recon_2026-05-21_13h23.20.049_image_mapping.json	46	3	6	1151	tractor	images_THINGS/object_images/tractor/tractor_10n.jpg	/media/psycontrol/HDD/Datasets/THINGS/images_THINGS/object_images/tractor/tractor_10n.jpg	True	False	1	681460	1779364738380.000	easy_marker_manifest_order_min_gap_5s	pass	True	True	True	76.247795	pass
zar	004-zar	lab_data/zar/004-zar_EEG_recon_2026-05-21_13h23.20.049_image_mapping.json	47	3	7	1119	star_fruit	images_THINGS/object_images/star_fruit/star_fruit_06s.jpg	/media/psycontrol/HDD/Datasets/THINGS/images_THINGS/object_images/star_fruit/star_fruit_06s.jpg	True	False	1	684519	1779364744499.000	easy_marker_manifest_order_min_gap_5s	pass	True	True	True	64.976173	pass
zar	004-zar	lab_data/zar/004-zar_EEG_recon_2026-05-21_13h23.20.049_image_mapping.json	48	3	8	1011	raspberry	images_THINGS/object_images/raspberry/raspberry_11s.jpg	/media/psycontrol/HDD/Datasets/THINGS/images_THINGS/object_images/raspberry/raspberry_11s.jpg	True	False	1	687609	1779364750680.000	easy_marker_manifest_order_min_gap_5s	pass	True	True	True	84.713516	pass
zar	004-zar	lab_data/zar/004-zar_EEG_recon_2026-05-21_13h23.20.049_image_mapping.json	49	3	9	1137	lamb	images_THINGS/object_images/lamb/lamb_12s.jpg	/media/psycontrol/HDD/Datasets/THINGS/images_THINGS/object_images/lamb/lamb_12s.jpg	True	False	1	690689	1779364756840.000	easy_marker_manifest_order_min_gap_5s	pass	True	True	True	264.862305	review
zar	004-zar	lab_data/zar/004-zar_EEG_recon_2026-05-21_13h23.20.049_image_mapping.json	50	3	10	1104	speaker	images_THINGS/object_images/speaker/speaker_19n.jpg	/media/psycontrol/HDD/Datasets/THINGS/images_THINGS/object_images/speaker/speaker_19n.jpg	True	True	2	693668	1779364762798.000	easy_marker_manifest_order_min_gap_5s	pass	True	True	True	92.645172	pass
zar	004-zar	lab_data/zar/004-zar_EEG_recon_2026-05-21_13h23.20.049_image_mapping.json	51	3	11	1110	jet	images_THINGS/object_images/jet/jet_04s.jpg	/media/psycontrol/HDD/Datasets/THINGS/images_THINGS/object_images/jet/jet_04s.jpg	True	False	2	696622	1779364768707.000	easy_marker_manifest_order_min_gap_5s	pass	True	True	True	316.124481	review
zar	004-zar	lab_data/zar/004-zar_EEG_recon_2026-05-21_13h23.20.049_image_mapping.json	52	3	12	1144	tarantula	images_THINGS/object_images/tarantula/tarantula_12s.jpg	/media/psycontrol/HDD/Datasets/THINGS/images_THINGS/object_images/tarantula/tarantula_12s.jpg	True	True	2	699532	1779364774527.000	easy_marker_manifest_order_min_gap_5s	pass	True	True	True	261.045380	review
zar	004-zar	lab_data/zar/004-zar_EEG_recon_2026-05-21_13h23.20.049_image_mapping.json	53	3	13	1006	cardinal	images_THINGS/object_images/cardinal/cardinal_02s.jpg	/media/psycontrol/HDD/Datasets/THINGS/images_THINGS/object_images/cardinal/cardinal_02s.jpg	True	True	2	702445	1779364780353.000	easy_marker_manifest_order_min_gap_5s	pass	True	True	True	262.952454	review
zar	004-zar	lab_data/zar/004-zar_EEG_recon_2026-05-21_13h23.20.049_image_mapping.json	54	3	14	1097	sandwich	images_THINGS/object_images/sandwich/sandwich_06s.jpg	/media/psycontrol/HDD/Datasets/THINGS/images_THINGS/object_images/sandwich/sandwich_06s.jpg	True	False	1	705358	1779364786179.000	easy_marker_manifest_order_min_gap_5s	pass	True	True	True	385.678558	review
zar	004-zar	lab_data/zar/004-zar_EEG_recon_2026-05-21_13h23.20.049_image_mapping.json	55	3	15	1090	garlic	images_THINGS/object_images/garlic/garlic_11s.jpg	/media/psycontrol/HDD/Datasets/THINGS/images_THINGS/object_images/garlic/garlic_11s.jpg	True	False	1	708312	1779364792088.000	easy_marker_manifest_order_min_gap_5s	pass	True	True	True	77.709251	pass
zar	004-zar	lab_data/zar/004-zar_EEG_recon_2026-05-21_13h23.20.049_image_mapping.json	56	3	16	1101	boat	images_THINGS/object_images/boat/boat_08s.jpg	/media/psycontrol/HDD/Datasets/THINGS/images_THINGS/object_images/boat/boat_08s.jpg	True	False	1	711382	1779364798228.000	easy_marker_manifest_order_min_gap_5s	pass	True	True	True	237.047058	pass
zar	004-zar	lab_data/zar/004-zar_EEG_recon_2026-05-21_13h23.20.049_image_mapping.json	57	3	17	1132	polar_bear	images_THINGS/object_images/polar_bear/polar_bear_18s.jpg	/media/psycontrol/HDD/Datasets/THINGS/images_THINGS/object_images/polar_bear/polar_bear_18s.jpg	True	True	2	714271	1779364804007.000	easy_marker_manifest_order_min_gap_5s	pass	True	True	True	180.652588	pass
zar	004-zar	lab_data/zar/004-zar_EEG_recon_2026-05-21_13h23.20.049_image_mapping.json	58	3	18	1047	drawer	images_THINGS/object_images/drawer/drawer_04s.jpg	/media/psycontrol/HDD/Datasets/THINGS/images_THINGS/object_images/drawer/drawer_04s.jpg	True	False	1	717326	1779364810117.000	easy_marker_manifest_order_min_gap_5s	pass	True	True	True	44.553497	pass
zar	004-zar	lab_data/zar/004-zar_EEG_recon_2026-05-21_13h23.20.049_image_mapping.json	59	3	19	1026	asparagus	images_THINGS/object_images/asparagus/asparagus_12s.jpg	/media/psycontrol/HDD/Datasets/THINGS/images_THINGS/object_images/asparagus/asparagus_12s.jpg	True	False	1	720219	1779364815903.000	easy_marker_manifest_order_min_gap_5s	pass	True	True	True	75.880928	pass
zar	004-zar	lab_data/zar/004-zar_EEG_recon_2026-05-21_13h23.20.049_image_mapping.json	60	3	20	1046	tiramisu	images_THINGS/object_images/tiramisu/tiramisu_12s.jpg	/media/psycontrol/HDD/Datasets/THINGS/images_THINGS/object_images/tiramisu/tiramisu_12s.jpg	True	False	2	723232	1779364821930.000	easy_marker_manifest_order_min_gap_5s	pass	True	True	True	73.130615	pass
zar	004-zar	lab_data/zar/004-zar_EEG_recon_2026-05-21_13h23.20.049_image_mapping.json	61	4	1	1110	jet	images_THINGS/object_images/jet/jet_04s.jpg	/media/psycontrol/HDD/Datasets/THINGS/images_THINGS/object_images/jet/jet_04s.jpg	True	True	2	742293	1779364860054.000	easy_marker_manifest_order_min_gap_5s	pass	True	True	True	56.127663	pass
zar	004-zar	lab_data/zar/004-zar_EEG_recon_2026-05-21_13h23.20.049_image_mapping.json	62	4	2	1149	mole	images_THINGS/object_images/mole/mole_09s.jpg	/media/psycontrol/HDD/Datasets/THINGS/images_THINGS/object_images/mole/mole_09s.jpg	True	False	1	745214	1779364865896.000	easy_marker_manifest_order_min_gap_5s	pass	True	True	True	63.556793	pass
zar	004-zar	lab_data/zar/004-zar_EEG_recon_2026-05-21_13h23.20.049_image_mapping.json	63	4	3	1023	wolf	images_THINGS/object_images/wolf/wolf_12n.jpg	/media/psycontrol/HDD/Datasets/THINGS/images_THINGS/object_images/wolf/wolf_12n.jpg	True	False	2	748318	1779364872104.000	easy_marker_manifest_order_min_gap_5s	pass	True	True	True	60.882744	pass
zar	004-zar	lab_data/zar/004-zar_EEG_recon_2026-05-21_13h23.20.049_image_mapping.json	64	4	4	1125	sundae	images_THINGS/object_images/sundae/sundae_09s.jpg	/media/psycontrol/HDD/Datasets/THINGS/images_THINGS/object_images/sundae/sundae_09s.jpg	True	False	2	751192	1779364877853.000	easy_marker_manifest_order_min_gap_5s	pass	True	True	True	59.508282	pass
zar	004-zar	lab_data/zar/004-zar_EEG_recon_2026-05-21_13h23.20.049_image_mapping.json	65	4	5	1037	steamroller	images_THINGS/object_images/steamroller/steamroller_11n.jpg	/media/psycontrol/HDD/Datasets/THINGS/images_THINGS/object_images/steamroller/steamroller_11n.jpg	True	False	1	754102	1779364883673.000	easy_marker_manifest_order_min_gap_5s	pass	True	True	True	84.331337	pass
zar	004-zar	lab_data/zar/004-zar_EEG_recon_2026-05-21_13h23.20.049_image_mapping.json	66	4	6	1120	owl	images_THINGS/object_images/owl/owl_19s.jpg	/media/psycontrol/HDD/Datasets/THINGS/images_THINGS/object_images/owl/owl_19s.jpg	True	False	2	757168	1779364889805.000	easy_marker_manifest_order_min_gap_5s	pass	True	True	True	76.103149	pass
zar	004-zar	lab_data/zar/004-zar_EEG_recon_2026-05-21_13h23.20.049_image_mapping.json	67	4	7	1015	moose	images_THINGS/object_images/moose/moose_02s.jpg	/media/psycontrol/HDD/Datasets/THINGS/images_THINGS/object_images/moose/moose_02s.jpg	True	True	2	760178	1779364895826.000	easy_marker_manifest_order_min_gap_5s	pass	True	True	True	64.918434	pass
zar	004-zar	lab_data/zar/004-zar_EEG_recon_2026-05-21_13h23.20.049_image_mapping.json	68	4	8	1121	sunglasses	images_THINGS/object_images/sunglasses/sunglasses_06s.jpg	/media/psycontrol/HDD/Datasets/THINGS/images_THINGS/object_images/sunglasses/sunglasses_06s.jpg	True	True	2	763275	1779364902020.000	easy_marker_manifest_order_min_gap_5s	pass	True	True	True	93.918022	pass
zar	004-zar	lab_data/zar/004-zar_EEG_recon_2026-05-21_13h23.20.049_image_mapping.json	69	4	9	1049	rat	images_THINGS/object_images/rat/rat_04s.jpg	/media/psycontrol/HDD/Datasets/THINGS/images_THINGS/object_images/rat/rat_04s.jpg	True	False	1	766202	1779364907874.000	easy_marker_manifest_order_min_gap_5s	pass	True	True	True	70.312187	pass
zar	004-zar	lab_data/zar/004-zar_EEG_recon_2026-05-21_13h23.20.049_image_mapping.json	70	4	10	1032	pants	images_THINGS/object_images/pants/pants_01b.jpg	/media/psycontrol/HDD/Datasets/THINGS/images_THINGS/object_images/pants/pants_01b.jpg	True	False	1	769094	1779364913659.000	easy_marker_manifest_order_min_gap_5s	pass	True	True	True	54.227779	pass
zar	004-zar	lab_data/zar/004-zar_EEG_recon_2026-05-21_13h23.20.049_image_mapping.json	71	4	11	1063	car	images_THINGS/object_images/car/car_12s.jpg	/media/psycontrol/HDD/Datasets/THINGS/images_THINGS/object_images/car/car_12s.jpg	True	False	1	772119	1779364919709.000	easy_marker_manifest_order_min_gap_5s	pass	True	True	True	73.958839	pass
zar	004-zar	lab_data/zar/004-zar_EEG_recon_2026-05-21_13h23.20.049_image_mapping.json	72	4	12	1118	candy_bar	images_THINGS/object_images/candy_bar/candy_bar_09s.jpg	/media/psycontrol/HDD/Datasets/THINGS/images_THINGS/object_images/candy_bar/candy_bar_09s.jpg	True	True	2	775185	1779364925841.000	easy_marker_manifest_order_min_gap_5s	pass	True	True	True	88.283623	pass
zar	004-zar	lab_data/zar/004-zar_EEG_recon_2026-05-21_13h23.20.049_image_mapping.json	73	4	13	1092	bunkbed	images_THINGS/object_images/bunkbed/bunkbed_02s.jpg	/media/psycontrol/HDD/Datasets/THINGS/images_THINGS/object_images/bunkbed/bunkbed_02s.jpg	True	True	2	778077	1779364931625.000	easy_marker_manifest_order_min_gap_5s	pass	True	True	True	116.465706	pass
zar	004-zar	lab_data/zar/004-zar_EEG_recon_2026-05-21_13h23.20.049_image_mapping.json	74	4	14	1038	cupcake	images_THINGS/object_images/cupcake/cupcake_07s.jpg	/media/psycontrol/HDD/Datasets/THINGS/images_THINGS/object_images/cupcake/cupcake_07s.jpg	True	False	1	781001	1779364937473.000	easy_marker_manifest_order_min_gap_5s	pass	True	True	True	81.910500	pass
zar	004-zar	lab_data/zar/004-zar_EEG_recon_2026-05-21_13h23.20.049_image_mapping.json	75	4	15	1061	taco	images_THINGS/object_images/taco/taco_06n.jpg	/media/psycontrol/HDD/Datasets/THINGS/images_THINGS/object_images/taco/taco_06n.jpg	True	False	2	784070	1779364943612.000	easy_marker_manifest_order_min_gap_5s	pass	True	True	True	476.484711	review
zar	004-zar	lab_data/zar/004-zar_EEG_recon_2026-05-21_13h23.20.049_image_mapping.json	76	4	16	1130	showerhead	images_THINGS/object_images/showerhead/showerhead_05s.jpg	/media/psycontrol/HDD/Datasets/THINGS/images_THINGS/object_images/showerhead/showerhead_05s.jpg	True	False	2	787038	1779364949548.000	easy_marker_manifest_order_min_gap_5s	pass	True	True	True	86.625076	pass
zar	004-zar	lab_data/zar/004-zar_EEG_recon_2026-05-21_13h23.20.049_image_mapping.json	77	4	17	1143	mango	images_THINGS/object_images/mango/mango_16s.jpg	/media/psycontrol/HDD/Datasets/THINGS/images_THINGS/object_images/mango/mango_16s.jpg	True	False	2	789968	1779364955409.000	easy_marker_manifest_order_min_gap_5s	pass	True	True	True	90.350525	pass
zar	004-zar	lab_data/zar/004-zar_EEG_recon_2026-05-21_13h23.20.049_image_mapping.json	78	4	18	1123	sorbet	images_THINGS/object_images/sorbet/sorbet_05s.jpg	/media/psycontrol/HDD/Datasets/THINGS/images_THINGS/object_images/sorbet/sorbet_05s.jpg	True	False	1	793052	1779364961577.000	easy_marker_manifest_order_min_gap_5s	pass	True	True	True	62.051010	pass
zar	004-zar	lab_data/zar/004-zar_EEG_recon_2026-05-21_13h23.20.049_image_mapping.json	79	4	19	1013	banana	images_THINGS/object_images/banana/banana_13s.jpg	/media/psycontrol/HDD/Datasets/THINGS/images_THINGS/object_images/banana/banana_13s.jpg	True	False	1	796097	1779364967667.000	easy_marker_manifest_order_min_gap_5s	pass	True	True	True	231.659637	pass
zar	004-zar	lab_data/zar/004-zar_EEG_recon_2026-05-21_13h23.20.049_image_mapping.json	80	4	20	1139	earwig	images_THINGS/object_images/earwig/earwig_09s.jpg	/media/psycontrol/HDD/Datasets/THINGS/images_THINGS/object_images/earwig/earwig_09s.jpg	True	False	1	798965	1779364973404.000	easy_marker_manifest_order_min_gap_5s	pass	True	True	True	49.055809	pass
zar	004-zar	lab_data/zar/004-zar_EEG_recon_2026-05-21_13h23.20.049_image_mapping.json	81	5	1	1079	puppy	images_THINGS/object_images/puppy/puppy_12s.jpg	/media/psycontrol/HDD/Datasets/THINGS/images_THINGS/object_images/puppy/puppy_12s.jpg	True	False	1	818075	1779365011625.000	easy_marker_manifest_order_min_gap_5s	pass	True	True	True	69.409721	pass
zar	004-zar	lab_data/zar/004-zar_EEG_recon_2026-05-21_13h23.20.049_image_mapping.json	82	5	2	1082	necklace	images_THINGS/object_images/necklace/necklace_11s.jpg	/media/psycontrol/HDD/Datasets/THINGS/images_THINGS/object_images/necklace/necklace_11s.jpg	True	False	2	821130	1779365017736.000	easy_marker_manifest_order_min_gap_5s	pass	True	True	True	87.386787	pass
zar	004-zar	lab_data/zar/004-zar_EEG_recon_2026-05-21_13h23.20.049_image_mapping.json	83	5	3	1131	eel	images_THINGS/object_images/eel/eel_09s.jpg	/media/psycontrol/HDD/Datasets/THINGS/images_THINGS/object_images/eel/eel_09s.jpg	True	False	1	824085	1779365023646.000	easy_marker_manifest_order_min_gap_5s	pass	True	True	True	67.298576	pass
zar	004-zar	lab_data/zar/004-zar_EEG_recon_2026-05-21_13h23.20.049_image_mapping.json	84	5	4	1143	mango	images_THINGS/object_images/mango/mango_16s.jpg	/media/psycontrol/HDD/Datasets/THINGS/images_THINGS/object_images/mango/mango_16s.jpg	True	True	2	827064	1779365029605.000	easy_marker_manifest_order_min_gap_5s	pass	True	True	True	350.361145	review
zar	004-zar	lab_data/zar/004-zar_EEG_recon_2026-05-21_13h23.20.049_image_mapping.json	85	5	5	1109	wasp	images_THINGS/object_images/wasp/wasp_09n.jpg	/media/psycontrol/HDD/Datasets/THINGS/images_THINGS/object_images/wasp/wasp_09n.jpg	True	False	1	830147	1779365035771.000	easy_marker_manifest_order_min_gap_5s	pass	True	True	True	77.579941	pass
zar	004-zar	lab_data/zar/004-zar_EEG_recon_2026-05-21_13h23.20.049_image_mapping.json	86	5	6	1046	tiramisu	images_THINGS/object_images/tiramisu/tiramisu_12s.jpg	/media/psycontrol/HDD/Datasets/THINGS/images_THINGS/object_images/tiramisu/tiramisu_12s.jpg	True	True	2	833040	1779365041557.000	easy_marker_manifest_order_min_gap_5s	pass	True	True	True	100.564888	pass
zar	004-zar	lab_data/zar/004-zar_EEG_recon_2026-05-21_13h23.20.049_image_mapping.json	87	5	7	1133	cockatoo	images_THINGS/object_images/cockatoo/cockatoo_04s.jpg	/media/psycontrol/HDD/Datasets/THINGS/images_THINGS/object_images/cockatoo/cockatoo_04s.jpg	True	False	1	836102	1779365047682.000	easy_marker_manifest_order_min_gap_5s	pass	True	True	True	254.452606	review
zar	004-zar	lab_data/zar/004-zar_EEG_recon_2026-05-21_13h23.20.049_image_mapping.json	88	5	8	1002	pea	images_THINGS/object_images/pea/pea_10s.jpg	/media/psycontrol/HDD/Datasets/THINGS/images_THINGS/object_images/pea/pea_10s.jpg	True	False	1	839046	1779365053570.000	easy_marker_manifest_order_min_gap_5s	pass	True	True	True	93.098228	pass
zar	004-zar	lab_data/zar/004-zar_EEG_recon_2026-05-21_13h23.20.049_image_mapping.json	89	5	9	1135	pony	images_THINGS/object_images/pony/pony_01b.jpg	/media/psycontrol/HDD/Datasets/THINGS/images_THINGS/object_images/pony/pony_01b.jpg	True	False	1	842036	1779365059550.000	easy_marker_manifest_order_min_gap_5s	pass	True	True	True	87.841263	pass
zar	004-zar	lab_data/zar/004-zar_EEG_recon_2026-05-21_13h23.20.049_image_mapping.json	90	5	10	1125	sundae	images_THINGS/object_images/sundae/sundae_09s.jpg	/media/psycontrol/HDD/Datasets/THINGS/images_THINGS/object_images/sundae/sundae_09s.jpg	True	True	2	845067	1779365065613.000	easy_marker_manifest_order_min_gap_5s	pass	True	True	True	478.057190	review
zar	004-zar	lab_data/zar/004-zar_EEG_recon_2026-05-21_13h23.20.049_image_mapping.json	91	5	11	1124	nightshirt	images_THINGS/object_images/nightshirt/nightshirt_11s.jpg	/media/psycontrol/HDD/Datasets/THINGS/images_THINGS/object_images/nightshirt/nightshirt_11s.jpg	True	True	2	847976	1779365071431.000	easy_marker_manifest_order_min_gap_5s	pass	True	True	True	47.565647	pass
zar	004-zar	lab_data/zar/004-zar_EEG_recon_2026-05-21_13h23.20.049_image_mapping.json	92	5	12	1140	kayak	images_THINGS/object_images/kayak/kayak_04s.jpg	/media/psycontrol/HDD/Datasets/THINGS/images_THINGS/object_images/kayak/kayak_04s.jpg	True	False	1	850882	1779365077244.000	easy_marker_manifest_order_min_gap_5s	pass	True	True	True	94.084801	pass
zar	004-zar	lab_data/zar/004-zar_EEG_recon_2026-05-21_13h23.20.049_image_mapping.json	93	5	13	1059	zucchini	images_THINGS/object_images/zucchini/zucchini_02s.jpg	/media/psycontrol/HDD/Datasets/THINGS/images_THINGS/object_images/zucchini/zucchini_02s.jpg	True	False	2	853785	1779365083050.000	easy_marker_manifest_order_min_gap_5s	pass	True	True	True	79.168610	pass
zar	004-zar	lab_data/zar/004-zar_EEG_recon_2026-05-21_13h23.20.049_image_mapping.json	94	5	14	1040	panda	images_THINGS/object_images/panda/panda_01b.jpg	/media/psycontrol/HDD/Datasets/THINGS/images_THINGS/object_images/panda/panda_01b.jpg	True	False	1	856868	1779365089216.000	easy_marker_manifest_order_min_gap_5s	pass	True	True	True	55.402840	pass
zar	004-zar	lab_data/zar/004-zar_EEG_recon_2026-05-21_13h23.20.049_image_mapping.json	95	5	15	1061	taco	images_THINGS/object_images/taco/taco_06n.jpg	/media/psycontrol/HDD/Datasets/THINGS/images_THINGS/object_images/taco/taco_06n.jpg	True	True	2	859812	1779365095105.000	easy_marker_manifest_order_min_gap_5s	pass	True	True	True	218.104218	pass
zar	004-zar	lab_data/zar/004-zar_EEG_recon_2026-05-21_13h23.20.049_image_mapping.json	96	5	16	1107	omelet	images_THINGS/object_images/omelet/omelet_06s.jpg	/media/psycontrol/HDD/Datasets/THINGS/images_THINGS/object_images/omelet/omelet_06s.jpg	True	False	1	862850	1779365101181.000	easy_marker_manifest_order_min_gap_5s	pass	True	True	True	45.320019	pass
zar	004-zar	lab_data/zar/004-zar_EEG_recon_2026-05-21_13h23.20.049_image_mapping.json	97	5	17	1086	pasta	images_THINGS/object_images/pasta/pasta_12s.jpg	/media/psycontrol/HDD/Datasets/THINGS/images_THINGS/object_images/pasta/pasta_12s.jpg	True	False	1	865926	1779365107334.000	easy_marker_manifest_order_min_gap_5s	pass	True	True	True	75.049217	pass
zar	004-zar	lab_data/zar/004-zar_EEG_recon_2026-05-21_13h23.20.049_image_mapping.json	98	5	18	1010	pineapple	images_THINGS/object_images/pineapple/pineapple_08s.jpg	/media/psycontrol/HDD/Datasets/THINGS/images_THINGS/object_images/pineapple/pineapple_08s.jpg	True	False	1	868943	1779365113368.000	easy_marker_manifest_order_min_gap_5s	pass	True	True	True	86.405579	pass
zar	004-zar	lab_data/zar/004-zar_EEG_recon_2026-05-21_13h23.20.049_image_mapping.json	99	5	19	1127	space_shuttle	images_THINGS/object_images/space_shuttle/space_shuttle_12s.jpg	/media/psycontrol/HDD/Datasets/THINGS/images_THINGS/object_images/space_shuttle/space_shuttle_12s.jpg	True	False	1	871840	1779365119162.000	easy_marker_manifest_order_min_gap_5s	pass	True	True	True	67.437607	pass
zar	004-zar	lab_data/zar/004-zar_EEG_recon_2026-05-21_13h23.20.049_image_mapping.json	100	5	20	1155	kale	images_THINGS/object_images/kale/kale_01b.jpg	/media/psycontrol/HDD/Datasets/THINGS/images_THINGS/object_images/kale/kale_01b.jpg	True	False	1	874759	1779365125001.000	easy_marker_manifest_order_min_gap_5s	pass	True	True	True	62.655006	pass
zar	004-zar	lab_data/zar/004-zar_EEG_recon_2026-05-21_13h23.20.049_image_mapping.json	101	6	1	1152	speedboat	images_THINGS/object_images/speedboat/speedboat_06s.jpg	/media/psycontrol/HDD/Datasets/THINGS/images_THINGS/object_images/speedboat/speedboat_06s.jpg	True	False	1	892047	1779365159579.000	easy_marker_manifest_order_min_gap_5s	pass	True	True	True	42.584736	pass
zar	004-zar	lab_data/zar/004-zar_EEG_recon_2026-05-21_13h23.20.049_image_mapping.json	102	6	2	1008	keyboard	images_THINGS/object_images/keyboard/keyboard_13s.jpg	/media/psycontrol/HDD/Datasets/THINGS/images_THINGS/object_images/keyboard/keyboard_13s.jpg	True	False	1	895094	1779365165674.000	easy_marker_manifest_order_min_gap_5s	pass	True	True	True	45.786949	pass
zar	004-zar	lab_data/zar/004-zar_EEG_recon_2026-05-21_13h23.20.049_image_mapping.json	103	6	3	1042	eagle	images_THINGS/object_images/eagle/eagle_08s.jpg	/media/psycontrol/HDD/Datasets/THINGS/images_THINGS/object_images/eagle/eagle_08s.jpg	True	False	1	898157	1779365171800.000	easy_marker_manifest_order_min_gap_5s	pass	True	True	True	54.094414	pass
zar	004-zar	lab_data/zar/004-zar_EEG_recon_2026-05-21_13h23.20.049_image_mapping.json	104	6	4	1028	meatball	images_THINGS/object_images/meatball/meatball_04s.jpg	/media/psycontrol/HDD/Datasets/THINGS/images_THINGS/object_images/meatball/meatball_04s.jpg	True	False	1	901230	1779365177946.000	easy_marker_manifest_order_min_gap_5s	pass	True	True	True	63.575996	pass
zar	004-zar	lab_data/zar/004-zar_EEG_recon_2026-05-21_13h23.20.049_image_mapping.json	105	6	5	1062	antelope	images_THINGS/object_images/antelope/antelope_12n.jpg	/media/psycontrol/HDD/Datasets/THINGS/images_THINGS/object_images/antelope/antelope_12n.jpg	True	True	2	904254	1779365183995.000	easy_marker_manifest_order_min_gap_5s	pass	True	True	True	50.004539	pass
zar	004-zar	lab_data/zar/004-zar_EEG_recon_2026-05-21_13h23.20.049_image_mapping.json	106	6	6	1085	frog	images_THINGS/object_images/frog/frog_09s.jpg	/media/psycontrol/HDD/Datasets/THINGS/images_THINGS/object_images/frog/frog_09s.jpg	True	False	1	907292	1779365190071.000	easy_marker_manifest_order_min_gap_5s	pass	True	True	True	144.467575	pass
zar	004-zar	lab_data/zar/004-zar_EEG_recon_2026-05-21_13h23.20.049_image_mapping.json	107	6	7	1074	cobra	images_THINGS/object_images/cobra/cobra_07s.jpg	/media/psycontrol/HDD/Datasets/THINGS/images_THINGS/object_images/cobra/cobra_07s.jpg	True	False	1	910299	1779365196085.000	easy_marker_manifest_order_min_gap_5s	pass	True	True	True	63.862064	pass
zar	004-zar	lab_data/zar/004-zar_EEG_recon_2026-05-21_13h23.20.049_image_mapping.json	108	6	8	1103	blazer	images_THINGS/object_images/blazer/blazer_05s.jpg	/media/psycontrol/HDD/Datasets/THINGS/images_THINGS/object_images/blazer/blazer_05s.jpg	True	False	1	913403	1779365202294.000	easy_marker_manifest_order_min_gap_5s	pass	True	True	True	61.565235	pass
zar	004-zar	lab_data/zar/004-zar_EEG_recon_2026-05-21_13h23.20.049_image_mapping.json	109	6	9	1017	carrot	images_THINGS/object_images/carrot/carrot_01b.jpg	/media/psycontrol/HDD/Datasets/THINGS/images_THINGS/object_images/carrot/carrot_01b.jpg	True	False	1	916517	1779365208522.000	easy_marker_manifest_order_min_gap_5s	pass	True	True	True	58.225563	pass
zar	004-zar	lab_data/zar/004-zar_EEG_recon_2026-05-21_13h23.20.049_image_mapping.json	110	6	10	1126	helicopter	images_THINGS/object_images/helicopter/helicopter_20s.jpg	/media/psycontrol/HDD/Datasets/THINGS/images_THINGS/object_images/helicopter/helicopter_20s.jpg	True	False	2	919434	1779365214356.000	easy_marker_manifest_order_min_gap_5s	pass	True	True	True	169.520935	pass
zar	004-zar	lab_data/zar/004-zar_EEG_recon_2026-05-21_13h23.20.049_image_mapping.json	111	6	11	1106	swordfish	images_THINGS/object_images/swordfish/swordfish_07s.jpg	/media/psycontrol/HDD/Datasets/THINGS/images_THINGS/object_images/swordfish/swordfish_07s.jpg	True	False	1	922378	1779365220245.000	easy_marker_manifest_order_min_gap_5s	pass	True	True	True	70.038437	pass
zar	004-zar	lab_data/zar/004-zar_EEG_recon_2026-05-21_13h23.20.049_image_mapping.json	112	6	12	1068	radio	images_THINGS/object_images/radio/radio_04s.jpg	/media/psycontrol/HDD/Datasets/THINGS/images_THINGS/object_images/radio/radio_04s.jpg	True	False	1	925378	1779365226245.000	easy_marker_manifest_order_min_gap_5s	pass	True	True	True	45.322735	pass
zar	004-zar	lab_data/zar/004-zar_EEG_recon_2026-05-21_13h23.20.049_image_mapping.json	113	6	13	1100	champagne	images_THINGS/object_images/champagne/champagne_01b.jpg	/media/psycontrol/HDD/Datasets/THINGS/images_THINGS/object_images/champagne/champagne_01b.jpg	True	False	1	928256	1779365232001.000	easy_marker_manifest_order_min_gap_5s	pass	True	True	True	62.624462	pass
zar	004-zar	lab_data/zar/004-zar_EEG_recon_2026-05-21_13h23.20.049_image_mapping.json	114	6	14	1084	cheetah	images_THINGS/object_images/cheetah/cheetah_06s.jpg	/media/psycontrol/HDD/Datasets/THINGS/images_THINGS/object_images/cheetah/cheetah_06s.jpg	True	False	2	931339	1779365238168.000	easy_marker_manifest_order_min_gap_5s	pass	True	True	True	53.819687	pass
zar	004-zar	lab_data/zar/004-zar_EEG_recon_2026-05-21_13h23.20.049_image_mapping.json	115	6	15	1120	owl	images_THINGS/object_images/owl/owl_19s.jpg	/media/psycontrol/HDD/Datasets/THINGS/images_THINGS/object_images/owl/owl_19s.jpg	True	True	2	934266	1779365244022.000	easy_marker_manifest_order_min_gap_5s	pass	True	True	True	54.488438	pass
zar	004-zar	lab_data/zar/004-zar_EEG_recon_2026-05-21_13h23.20.049_image_mapping.json	116	6	16	1129	workbench	images_THINGS/object_images/workbench/workbench_07s.jpg	/media/psycontrol/HDD/Datasets/THINGS/images_THINGS/object_images/workbench/workbench_07s.jpg	True	False	2	937325	1779365250140.000	easy_marker_manifest_order_min_gap_5s	pass	True	True	True	75.245026	pass
zar	004-zar	lab_data/zar/004-zar_EEG_recon_2026-05-21_13h23.20.049_image_mapping.json	117	6	17	1053	reindeer	images_THINGS/object_images/reindeer/reindeer_14s.jpg	/media/psycontrol/HDD/Datasets/THINGS/images_THINGS/object_images/reindeer/reindeer_14s.jpg	True	True	2	940363	1779365256217.000	easy_marker_manifest_order_min_gap_5s	pass	True	True	True	52.599571	pass
zar	004-zar	lab_data/zar/004-zar_EEG_recon_2026-05-21_13h23.20.049_image_mapping.json	118	6	18	1039	sailboat	images_THINGS/object_images/sailboat/sailboat_07s.jpg	/media/psycontrol/HDD/Datasets/THINGS/images_THINGS/object_images/sailboat/sailboat_07s.jpg	True	False	1	943339	1779365262169.000	easy_marker_manifest_order_min_gap_5s	pass	True	True	True	70.850655	pass
zar	004-zar	lab_data/zar/004-zar_EEG_recon_2026-05-21_13h23.20.049_image_mapping.json	119	6	19	1111	creme_brulee	images_THINGS/object_images/creme_brulee/creme_brulee_01b.jpg	/media/psycontrol/HDD/Datasets/THINGS/images_THINGS/object_images/creme_brulee/creme_brulee_01b.jpg	True	False	1	946318	1779365268127.000	easy_marker_manifest_order_min_gap_5s	pass	True	True	True	66.579247	pass
zar	004-zar	lab_data/zar/004-zar_EEG_recon_2026-05-21_13h23.20.049_image_mapping.json	120	6	20	1012	burrito	images_THINGS/object_images/burrito/burrito_07s.jpg	/media/psycontrol/HDD/Datasets/THINGS/images_THINGS/object_images/burrito/burrito_07s.jpg	True	True	2	949251	1779365273994.000	easy_marker_manifest_order_min_gap_5s	pass	True	True	True	92.373482	pass
zar	004-zar	lab_data/zar/004-zar_EEG_recon_2026-05-21_13h23.20.049_image_mapping.json	121	7	1	1067	taffy	images_THINGS/object_images/taffy/taffy_11s.jpg	/media/psycontrol/HDD/Datasets/THINGS/images_THINGS/object_images/taffy/taffy_11s.jpg	True	False	1	961647	1779365298787.000	easy_marker_manifest_order_min_gap_5s	pass	True	True	True	515.706787	review
zar	004-zar	lab_data/zar/004-zar_EEG_recon_2026-05-21_13h23.20.049_image_mapping.json	122	7	2	1084	cheetah	images_THINGS/object_images/cheetah/cheetah_06s.jpg	/media/psycontrol/HDD/Datasets/THINGS/images_THINGS/object_images/cheetah/cheetah_06s.jpg	True	True	2	964650	1779365304793.000	easy_marker_manifest_order_min_gap_5s	pass	True	True	True	189.648911	pass
zar	004-zar	lab_data/zar/004-zar_EEG_recon_2026-05-21_13h23.20.049_image_mapping.json	123	7	3	1082	necklace	images_THINGS/object_images/necklace/necklace_11s.jpg	/media/psycontrol/HDD/Datasets/THINGS/images_THINGS/object_images/necklace/necklace_11s.jpg	True	True	2	967518	1779365310530.000	easy_marker_manifest_order_min_gap_5s	pass	True	True	True	94.868912	pass
zar	004-zar	lab_data/zar/004-zar_EEG_recon_2026-05-21_13h23.20.049_image_mapping.json	124	7	4	1051	yacht	images_THINGS/object_images/yacht/yacht_05s.jpg	/media/psycontrol/HDD/Datasets/THINGS/images_THINGS/object_images/yacht/yacht_05s.jpg	True	False	2	970591	1779365316676.000	easy_marker_manifest_order_min_gap_5s	pass	True	True	True	52.157990	pass
zar	004-zar	lab_data/zar/004-zar_EEG_recon_2026-05-21_13h23.20.049_image_mapping.json	125	7	5	1091	kitten	images_THINGS/object_images/kitten/kitten_09s.jpg	/media/psycontrol/HDD/Datasets/THINGS/images_THINGS/object_images/kitten/kitten_09s.jpg	True	False	1	973504	1779365322502.000	easy_marker_manifest_order_min_gap_5s	pass	True	True	True	41.595009	pass
zar	004-zar	lab_data/zar/004-zar_EEG_recon_2026-05-21_13h23.20.049_image_mapping.json	126	7	6	1081	police_car	images_THINGS/object_images/police_car/police_car_14s.jpg	/media/psycontrol/HDD/Datasets/THINGS/images_THINGS/object_images/police_car/police_car_14s.jpg	True	False	1	976491	1779365328475.000	easy_marker_manifest_order_min_gap_5s	pass	True	True	True	64.778839	pass
zar	004-zar	lab_data/zar/004-zar_EEG_recon_2026-05-21_13h23.20.049_image_mapping.json	127	7	7	1154	chandelier	images_THINGS/object_images/chandelier/chandelier_10s.jpg	/media/psycontrol/HDD/Datasets/THINGS/images_THINGS/object_images/chandelier/chandelier_10s.jpg	True	False	1	979557	1779365334607.000	easy_marker_manifest_order_min_gap_5s	pass	True	True	True	58.497059	pass
zar	004-zar	lab_data/zar/004-zar_EEG_recon_2026-05-21_13h23.20.049_image_mapping.json	128	7	8	1087	bathrobe	images_THINGS/object_images/bathrobe/bathrobe_12s.jpg	/media/psycontrol/HDD/Datasets/THINGS/images_THINGS/object_images/bathrobe/bathrobe_12s.jpg	True	False	1	982661	1779365340816.000	easy_marker_manifest_order_min_gap_5s	pass	True	True	True	54.942802	pass
zar	004-zar	lab_data/zar/004-zar_EEG_recon_2026-05-21_13h23.20.049_image_mapping.json	129	7	9	1065	cabinet	images_THINGS/object_images/cabinet/cabinet_07s.jpg	/media/psycontrol/HDD/Datasets/THINGS/images_THINGS/object_images/cabinet/cabinet_07s.jpg	True	False	1	985775	1779365347043.000	easy_marker_manifest_order_min_gap_5s	pass	True	True	True	59.157227	pass
zar	004-zar	lab_data/zar/004-zar_EEG_recon_2026-05-21_13h23.20.049_image_mapping.json	130	7	10	1114	spinach	images_THINGS/object_images/spinach/spinach_09s.jpg	/media/psycontrol/HDD/Datasets/THINGS/images_THINGS/object_images/spinach/spinach_09s.jpg	True	False	1	988647	1779365352787.000	easy_marker_manifest_order_min_gap_5s	pass	True	True	True	56.365562	pass
zar	004-zar	lab_data/zar/004-zar_EEG_recon_2026-05-21_13h23.20.049_image_mapping.json	131	7	11	1138	ping-pong_table	images_THINGS/object_images/ping-pong_table/ping-pong_table_10s.jpg	/media/psycontrol/HDD/Datasets/THINGS/images_THINGS/object_images/ping-pong_table/ping-pong_table_10s.jpg	True	False	1	991689	1779365358870.000	easy_marker_manifest_order_min_gap_5s	pass	True	True	True	66.211372	pass
zar	004-zar	lab_data/zar/004-zar_EEG_recon_2026-05-21_13h23.20.049_image_mapping.json	132	7	12	1113	firetruck	images_THINGS/object_images/firetruck/firetruck_04s.jpg	/media/psycontrol/HDD/Datasets/THINGS/images_THINGS/object_images/firetruck/firetruck_04s.jpg	True	False	1	994703	1779365364899.000	easy_marker_manifest_order_min_gap_5s	pass	True	True	True	71.499229	pass
zar	004-zar	lab_data/zar/004-zar_EEG_recon_2026-05-21_13h23.20.049_image_mapping.json	133	7	13	1021	tea	images_THINGS/object_images/tea/tea_10s.jpg	/media/psycontrol/HDD/Datasets/THINGS/images_THINGS/object_images/tea/tea_10s.jpg	True	False	1	997720	1779365370933.000	easy_marker_manifest_order_min_gap_5s	pass	True	True	True	218.048248	pass
zar	004-zar	lab_data/zar/004-zar_EEG_recon_2026-05-21_13h23.20.049_image_mapping.json	134	7	14	1023	wolf	images_THINGS/object_images/wolf/wolf_12n.jpg	/media/psycontrol/HDD/Datasets/THINGS/images_THINGS/object_images/wolf/wolf_12n.jpg	True	True	2	1000626	1779365376745.000	easy_marker_manifest_order_min_gap_5s	pass	True	True	True	60.353622	pass
zar	004-zar	lab_data/zar/004-zar_EEG_recon_2026-05-21_13h23.20.049_image_mapping.json	135	7	15	1093	duckling	images_THINGS/object_images/duckling/duckling_25s.jpg	/media/psycontrol/HDD/Datasets/THINGS/images_THINGS/object_images/duckling/duckling_25s.jpg	True	False	1	1003738	1779365382968.000	easy_marker_manifest_order_min_gap_5s	pass	True	True	True	51.580894	pass
zar	004-zar	lab_data/zar/004-zar_EEG_recon_2026-05-21_13h23.20.049_image_mapping.json	136	7	16	1146	cheesecake	images_THINGS/object_images/cheesecake/cheesecake_06s.jpg	/media/psycontrol/HDD/Datasets/THINGS/images_THINGS/object_images/cheesecake/cheesecake_06s.jpg	True	False	1	1006676	1779365388844.000	easy_marker_manifest_order_min_gap_5s	pass	True	True	True	328.454651	review
zar	004-zar	lab_data/zar/004-zar_EEG_recon_2026-05-21_13h23.20.049_image_mapping.json	137	7	17	1045	goose	images_THINGS/object_images/goose/goose_08s.jpg	/media/psycontrol/HDD/Datasets/THINGS/images_THINGS/object_images/goose/goose_08s.jpg	True	True	2	1009682	1779365394856.000	easy_marker_manifest_order_min_gap_5s	pass	True	True	True	56.304554	pass
zar	004-zar	lab_data/zar/004-zar_EEG_recon_2026-05-21_13h23.20.049_image_mapping.json	138	7	18	1156	coconut	images_THINGS/object_images/coconut/coconut_08s.jpg	/media/psycontrol/HDD/Datasets/THINGS/images_THINGS/object_images/coconut/coconut_08s.jpg	True	False	1	1012596	1779365400684.000	easy_marker_manifest_order_min_gap_5s	pass	True	True	True	45.241722	pass
zar	004-zar	lab_data/zar/004-zar_EEG_recon_2026-05-21_13h23.20.049_image_mapping.json	139	7	19	1058	loveseat	images_THINGS/object_images/loveseat/loveseat_10s.jpg	/media/psycontrol/HDD/Datasets/THINGS/images_THINGS/object_images/loveseat/loveseat_10s.jpg	True	False	1	1015485	1779365406462.000	easy_marker_manifest_order_min_gap_5s	pass	True	True	True	52.400112	pass
zar	004-zar	lab_data/zar/004-zar_EEG_recon_2026-05-21_13h23.20.049_image_mapping.json	140	7	20	1055	seagull	images_THINGS/object_images/seagull/seagull_11s.jpg	/media/psycontrol/HDD/Datasets/THINGS/images_THINGS/object_images/seagull/seagull_11s.jpg	True	False	1	1018478	1779365412448.000	easy_marker_manifest_order_min_gap_5s	pass	True	True	True	324.013641	review
zar	004-zar	lab_data/zar/004-zar_EEG_recon_2026-05-21_13h23.20.049_image_mapping.json	141	8	1	1056	leggings	images_THINGS/object_images/leggings/leggings_02s.jpg	/media/psycontrol/HDD/Datasets/THINGS/images_THINGS/object_images/leggings/leggings_02s.jpg	True	False	1	1037204	1779365449898.000	easy_marker_manifest_order_min_gap_5s	pass	True	True	True	235.968552	pass
zar	004-zar	lab_data/zar/004-zar_EEG_recon_2026-05-21_13h23.20.049_image_mapping.json	142	8	2	1054	bathtub	images_THINGS/object_images/bathtub/bathtub_18s.jpg	/media/psycontrol/HDD/Datasets/THINGS/images_THINGS/object_images/bathtub/bathtub_18s.jpg	True	False	1	1040152	1779365455794.000	easy_marker_manifest_order_min_gap_5s	pass	True	True	True	307.255219	review
zar	004-zar	lab_data/zar/004-zar_EEG_recon_2026-05-21_13h23.20.049_image_mapping.json	143	8	3	1034	bracelet1	images_THINGS/object_images/bracelet1/bracelet1_18s.jpg	/media/psycontrol/HDD/Datasets/THINGS/images_THINGS/object_images/bracelet1/bracelet1_18s.jpg	True	False	1	1043246	1779365461982.000	easy_marker_manifest_order_min_gap_5s	pass	True	True	True	87.699608	pass
zar	004-zar	lab_data/zar/004-zar_EEG_recon_2026-05-21_13h23.20.049_image_mapping.json	144	8	4	1003	shorts	images_THINGS/object_images/shorts/shorts_14s.jpg	/media/psycontrol/HDD/Datasets/THINGS/images_THINGS/object_images/shorts/shorts_14s.jpg	True	False	1	1046343	1779365468176.000	easy_marker_manifest_order_min_gap_5s	pass	True	True	True	53.760296	pass
zar	004-zar	lab_data/zar/004-zar_EEG_recon_2026-05-21_13h23.20.049_image_mapping.json	145	8	5	1078	sea_urchin	images_THINGS/object_images/sea_urchin/sea_urchin_08s.jpg	/media/psycontrol/HDD/Datasets/THINGS/images_THINGS/object_images/sea_urchin/sea_urchin_08s.jpg	True	False	1	1049447	1779365474384.000	easy_marker_manifest_order_min_gap_5s	pass	True	True	True	61.627190	pass
zar	004-zar	lab_data/zar/004-zar_EEG_recon_2026-05-21_13h23.20.049_image_mapping.json	146	8	6	1105	gorilla	images_THINGS/object_images/gorilla/gorilla_19s.jpg	/media/psycontrol/HDD/Datasets/THINGS/images_THINGS/object_images/gorilla/gorilla_19s.jpg	True	False	1	1052476	1779365480441.000	easy_marker_manifest_order_min_gap_5s	pass	True	True	True	78.625648	pass
zar	004-zar	lab_data/zar/004-zar_EEG_recon_2026-05-21_13h23.20.049_image_mapping.json	147	8	7	1129	workbench	images_THINGS/object_images/workbench/workbench_07s.jpg	/media/psycontrol/HDD/Datasets/THINGS/images_THINGS/object_images/workbench/workbench_07s.jpg	True	True	2	1055396	1779365486281.000	easy_marker_manifest_order_min_gap_5s	pass	True	True	True	62.683796	pass
zar	004-zar	lab_data/zar/004-zar_EEG_recon_2026-05-21_13h23.20.049_image_mapping.json	148	8	8	1088	slipper	images_THINGS/object_images/slipper/slipper_02s.jpg	/media/psycontrol/HDD/Datasets/THINGS/images_THINGS/object_images/slipper/slipper_02s.jpg	True	False	1	1058340	1779365492169.000	easy_marker_manifest_order_min_gap_5s	pass	True	True	True	85.173706	pass
zar	004-zar	lab_data/zar/004-zar_EEG_recon_2026-05-21_13h23.20.049_image_mapping.json	149	8	9	1102	crab	images_THINGS/object_images/crab/crab_02s.jpg	/media/psycontrol/HDD/Datasets/THINGS/images_THINGS/object_images/crab/crab_02s.jpg	True	False	1	1061379	1779365498246.000	easy_marker_manifest_order_min_gap_5s	pass	True	True	True	63.622429	pass
zar	004-zar	lab_data/zar/004-zar_EEG_recon_2026-05-21_13h23.20.049_image_mapping.json	150	8	10	1033	helmet	images_THINGS/object_images/helmet/helmet_11s.jpg	/media/psycontrol/HDD/Datasets/THINGS/images_THINGS/object_images/helmet/helmet_11s.jpg	True	False	1	1064487	1779365504462.000	easy_marker_manifest_order_min_gap_5s	pass	True	True	True	100.980850	pass
zar	004-zar	lab_data/zar/004-zar_EEG_recon_2026-05-21_13h23.20.049_image_mapping.json	151	8	11	1141	peach	images_THINGS/object_images/peach/peach_09n.jpg	/media/psycontrol/HDD/Datasets/THINGS/images_THINGS/object_images/peach/peach_09n.jpg	True	False	1	1067535	1779365510559.000	easy_marker_manifest_order_min_gap_5s	pass	True	True	True	217.708954	pass
zar	004-zar	lab_data/zar/004-zar_EEG_recon_2026-05-21_13h23.20.049_image_mapping.json	152	8	12	1130	showerhead	images_THINGS/object_images/showerhead/showerhead_05s.jpg	/media/psycontrol/HDD/Datasets/THINGS/images_THINGS/object_images/showerhead/showerhead_05s.jpg	True	True	2	1070486	1779365516461.000	easy_marker_manifest_order_min_gap_5s	pass	True	True	True	261.165344	review
zar	004-zar	lab_data/zar/004-zar_EEG_recon_2026-05-21_13h23.20.049_image_mapping.json	153	8	13	1150	chick	images_THINGS/object_images/chick/chick_10s.jpg	/media/psycontrol/HDD/Datasets/THINGS/images_THINGS/object_images/chick/chick_10s.jpg	True	True	2	1073511	1779365522511.000	easy_marker_manifest_order_min_gap_5s	pass	True	True	True	67.775352	pass
zar	004-zar	lab_data/zar/004-zar_EEG_recon_2026-05-21_13h23.20.049_image_mapping.json	154	8	14	1145	rocking_chair	images_THINGS/object_images/rocking_chair/rocking_chair_07s.jpg	/media/psycontrol/HDD/Datasets/THINGS/images_THINGS/object_images/rocking_chair/rocking_chair_07s.jpg	True	True	2	1076555	1779365528600.000	easy_marker_manifest_order_min_gap_5s	pass	True	True	True	64.258331	pass
zar	004-zar	lab_data/zar/004-zar_EEG_recon_2026-05-21_13h23.20.049_image_mapping.json	155	8	15	1094	onion	images_THINGS/object_images/onion/onion_03n.jpg	/media/psycontrol/HDD/Datasets/THINGS/images_THINGS/object_images/onion/onion_03n.jpg	True	False	1	1079586	1779365534662.000	easy_marker_manifest_order_min_gap_5s	pass	True	True	True	67.946190	pass
zar	004-zar	lab_data/zar/004-zar_EEG_recon_2026-05-21_13h23.20.049_image_mapping.json	156	8	16	1153	donut	images_THINGS/object_images/donut/donut_15s.jpg	/media/psycontrol/HDD/Datasets/THINGS/images_THINGS/object_images/donut/donut_15s.jpg	True	False	1	1082698	1779365540886.000	easy_marker_manifest_order_min_gap_5s	pass	True	True	True	46.694523	pass
zar	004-zar	lab_data/zar/004-zar_EEG_recon_2026-05-21_13h23.20.049_image_mapping.json	157	8	17	1027	memory_stick	images_THINGS/object_images/memory_stick/memory_stick_08s.jpg	/media/psycontrol/HDD/Datasets/THINGS/images_THINGS/object_images/memory_stick/memory_stick_08s.jpg	True	False	2	1085621	1779365546733.000	easy_marker_manifest_order_min_gap_5s	pass	True	True	True	52.410278	pass
zar	004-zar	lab_data/zar/004-zar_EEG_recon_2026-05-21_13h23.20.049_image_mapping.json	158	8	18	1014	shark	images_THINGS/object_images/shark/shark_07s.jpg	/media/psycontrol/HDD/Datasets/THINGS/images_THINGS/object_images/shark/shark_07s.jpg	True	False	1	1088718	1779365552927.000	easy_marker_manifest_order_min_gap_5s	pass	True	True	True	55.778667	pass
zar	004-zar	lab_data/zar/004-zar_EEG_recon_2026-05-21_13h23.20.049_image_mapping.json	159	8	19	1025	llama	images_THINGS/object_images/llama/llama_05s.jpg	/media/psycontrol/HDD/Datasets/THINGS/images_THINGS/object_images/llama/llama_05s.jpg	True	False	1	1091774	1779365559039.000	easy_marker_manifest_order_min_gap_5s	pass	True	True	True	52.002529	pass
zar	004-zar	lab_data/zar/004-zar_EEG_recon_2026-05-21_13h23.20.049_image_mapping.json	160	8	20	1148	broccoli	images_THINGS/object_images/broccoli/broccoli_09s.jpg	/media/psycontrol/HDD/Datasets/THINGS/images_THINGS/object_images/broccoli/broccoli_09s.jpg	True	False	1	1094801	1779365565094.000	easy_marker_manifest_order_min_gap_5s	pass	True	True	True	87.747070	pass
zar	004-zar	lab_data/zar/004-zar_EEG_recon_2026-05-21_13h23.20.049_image_mapping.json	161	9	1	1147	lemonade	images_THINGS/object_images/lemonade/lemonade_01b.jpg	/media/psycontrol/HDD/Datasets/THINGS/images_THINGS/object_images/lemonade/lemonade_01b.jpg	True	True	2	1107175	1779365589843.000	easy_marker_manifest_order_min_gap_5s	pass	True	True	True	101.581673	pass
zar	004-zar	lab_data/zar/004-zar_EEG_recon_2026-05-21_13h23.20.049_image_mapping.json	162	9	2	1083	shirt	images_THINGS/object_images/shirt/shirt_03s.jpg	/media/psycontrol/HDD/Datasets/THINGS/images_THINGS/object_images/shirt/shirt_03s.jpg	True	False	1	1110169	1779365595831.000	easy_marker_manifest_order_min_gap_5s	pass	True	True	True	86.350037	pass
zar	004-zar	lab_data/zar/004-zar_EEG_recon_2026-05-21_13h23.20.049_image_mapping.json	163	9	3	1041	octopus	images_THINGS/object_images/octopus/octopus_09s.jpg	/media/psycontrol/HDD/Datasets/THINGS/images_THINGS/object_images/octopus/octopus_09s.jpg	True	False	1	1113238	1779365601969.000	easy_marker_manifest_order_min_gap_5s	pass	True	True	True	57.440639	pass
zar	004-zar	lab_data/zar/004-zar_EEG_recon_2026-05-21_13h23.20.049_image_mapping.json	164	9	4	1018	coffee	images_THINGS/object_images/coffee/coffee_15s.jpg	/media/psycontrol/HDD/Datasets/THINGS/images_THINGS/object_images/coffee/coffee_15s.jpg	True	False	1	1116154	1779365607802.000	easy_marker_manifest_order_min_gap_5s	pass	True	True	True	45.672611	pass
zar	004-zar	lab_data/zar/004-zar_EEG_recon_2026-05-21_13h23.20.049_image_mapping.json	165	9	5	1136	snake	images_THINGS/object_images/snake/snake_16n.jpg	/media/psycontrol/HDD/Datasets/THINGS/images_THINGS/object_images/snake/snake_16n.jpg	True	False	1	1119099	1779365613692.000	easy_marker_manifest_order_min_gap_5s	pass	True	True	True	67.310913	pass
zar	004-zar	lab_data/zar/004-zar_EEG_recon_2026-05-21_13h23.20.049_image_mapping.json	166	9	6	1044	raccoon	images_THINGS/object_images/raccoon/raccoon_08n.jpg	/media/psycontrol/HDD/Datasets/THINGS/images_THINGS/object_images/raccoon/raccoon_08n.jpg	True	False	1	1122043	1779365619580.000	easy_marker_manifest_order_min_gap_5s	pass	True	True	True	61.268063	pass
zar	004-zar	lab_data/zar/004-zar_EEG_recon_2026-05-21_13h23.20.049_image_mapping.json	167	9	7	1027	memory_stick	images_THINGS/object_images/memory_stick/memory_stick_08s.jpg	/media/psycontrol/HDD/Datasets/THINGS/images_THINGS/object_images/memory_stick/memory_stick_08s.jpg	True	True	2	1125050	1779365625595.000	easy_marker_manifest_order_min_gap_5s	pass	True	True	True	62.634975	pass
zar	004-zar	lab_data/zar/004-zar_EEG_recon_2026-05-21_13h23.20.049_image_mapping.json	168	9	8	1128	toad	images_THINGS/object_images/toad/toad_01b.jpg	/media/psycontrol/HDD/Datasets/THINGS/images_THINGS/object_images/toad/toad_01b.jpg	True	False	1	1127956	1779365631407.000	easy_marker_manifest_order_min_gap_5s	pass	True	True	True	78.578041	pass
zar	004-zar	lab_data/zar/004-zar_EEG_recon_2026-05-21_13h23.20.049_image_mapping.json	169	9	9	1043	ostrich	images_THINGS/object_images/ostrich/ostrich_15s.jpg	/media/psycontrol/HDD/Datasets/THINGS/images_THINGS/object_images/ostrich/ostrich_15s.jpg	True	False	1	1130998	1779365637491.000	easy_marker_manifest_order_min_gap_5s	pass	True	True	True	59.577148	pass
zar	004-zar	lab_data/zar/004-zar_EEG_recon_2026-05-21_13h23.20.049_image_mapping.json	170	9	10	1099	tricycle	images_THINGS/object_images/tricycle/tricycle_12s.jpg	/media/psycontrol/HDD/Datasets/THINGS/images_THINGS/object_images/tricycle/tricycle_12s.jpg	True	False	1	1133980	1779365643455.000	easy_marker_manifest_order_min_gap_5s	pass	True	True	True	60.544846	pass
zar	004-zar	lab_data/zar/004-zar_EEG_recon_2026-05-21_13h23.20.049_image_mapping.json	171	9	11	1117	hamster	images_THINGS/object_images/hamster/hamster_07s.jpg	/media/psycontrol/HDD/Datasets/THINGS/images_THINGS/object_images/hamster/hamster_07s.jpg	True	False	1	1136869	1779365649234.000	easy_marker_manifest_order_min_gap_5s	pass	True	True	True	58.034519	pass
zar	004-zar	lab_data/zar/004-zar_EEG_recon_2026-05-21_13h23.20.049_image_mapping.json	172	9	12	1030	puffin	images_THINGS/object_images/puffin/puffin_02s.jpg	/media/psycontrol/HDD/Datasets/THINGS/images_THINGS/object_images/puffin/puffin_02s.jpg	True	False	1	1139768	1779365655032.000	easy_marker_manifest_order_min_gap_5s	pass	True	True	True	366.014069	review
zar	004-zar	lab_data/zar/004-zar_EEG_recon_2026-05-21_13h23.20.049_image_mapping.json	173	9	13	1080	camcorder	images_THINGS/object_images/camcorder/camcorder_07s.jpg	/media/psycontrol/HDD/Datasets/THINGS/images_THINGS/object_images/camcorder/camcorder_07s.jpg	True	False	1	1142785	1779365661066.000	easy_marker_manifest_order_min_gap_5s	pass	True	True	True	64.336929	pass
zar	004-zar	lab_data/zar/004-zar_EEG_recon_2026-05-21_13h23.20.049_image_mapping.json	174	9	14	1070	dragonfly	images_THINGS/object_images/dragonfly/dragonfly_10s.jpg	/media/psycontrol/HDD/Datasets/THINGS/images_THINGS/object_images/dragonfly/dragonfly_10s.jpg	True	False	1	1145782	1779365667061.000	easy_marker_manifest_order_min_gap_5s	pass	True	True	True	53.655483	pass
zar	004-zar	lab_data/zar/004-zar_EEG_recon_2026-05-21_13h23.20.049_image_mapping.json	175	9	15	1007	mirror	images_THINGS/object_images/mirror/mirror_08s.jpg	/media/psycontrol/HDD/Datasets/THINGS/images_THINGS/object_images/mirror/mirror_08s.jpg	True	False	1	1148743	1779365672983.000	easy_marker_manifest_order_min_gap_5s	pass	True	True	True	43.576408	pass
zar	004-zar	lab_data/zar/004-zar_EEG_recon_2026-05-21_13h23.20.049_image_mapping.json	176	9	16	1059	zucchini	images_THINGS/object_images/zucchini/zucchini_02s.jpg	/media/psycontrol/HDD/Datasets/THINGS/images_THINGS/object_images/zucchini/zucchini_02s.jpg	True	True	2	1151649	1779365678795.000	easy_marker_manifest_order_min_gap_5s	pass	True	True	True	59.372997	pass
zar	004-zar	lab_data/zar/004-zar_EEG_recon_2026-05-21_13h23.20.049_image_mapping.json	177	9	17	1158	bulldozer	images_THINGS/object_images/bulldozer/bulldozer_06s.jpg	/media/psycontrol/HDD/Datasets/THINGS/images_THINGS/object_images/bulldozer/bulldozer_06s.jpg	True	False	1	1154621	1779365684740.000	easy_marker_manifest_order_min_gap_5s	pass	True	True	True	57.343555	pass
zar	004-zar	lab_data/zar/004-zar_EEG_recon_2026-05-21_13h23.20.049_image_mapping.json	178	9	18	1051	yacht	images_THINGS/object_images/yacht/yacht_05s.jpg	/media/psycontrol/HDD/Datasets/THINGS/images_THINGS/object_images/yacht/yacht_05s.jpg	True	True	2	1157725	1779365690948.000	easy_marker_manifest_order_min_gap_5s	pass	True	True	True	51.884121	pass
zar	004-zar	lab_data/zar/004-zar_EEG_recon_2026-05-21_13h23.20.049_image_mapping.json	179	9	19	1076	groundhog	images_THINGS/object_images/groundhog/groundhog_01b.jpg	/media/psycontrol/HDD/Datasets/THINGS/images_THINGS/object_images/groundhog/groundhog_01b.jpg	True	False	1	1160770	1779365697038.000	easy_marker_manifest_order_min_gap_5s	pass	True	True	True	306.449951	review
zar	004-zar	lab_data/zar/004-zar_EEG_recon_2026-05-21_13h23.20.049_image_mapping.json	180	9	20	1122	webcam	images_THINGS/object_images/webcam/webcam_08s.jpg	/media/psycontrol/HDD/Datasets/THINGS/images_THINGS/object_images/webcam/webcam_08s.jpg	True	False	1	1163833	1779365703165.000	easy_marker_manifest_order_min_gap_5s	pass	True	True	True	100.632675	pass
zar	004-zar	lab_data/zar/004-zar_EEG_recon_2026-05-21_13h23.20.049_image_mapping.json	181	10	1	1052	wallpaper	images_THINGS/object_images/wallpaper/wallpaper_01b.jpg	/media/psycontrol/HDD/Datasets/THINGS/images_THINGS/object_images/wallpaper/wallpaper_01b.jpg	True	True	2	1178072	1779365731644.000	easy_marker_manifest_order_min_gap_5s	pass	True	True	True	217.021683	pass
zar	004-zar	lab_data/zar/004-zar_EEG_recon_2026-05-21_13h23.20.049_image_mapping.json	182	10	2	1142	piglet	images_THINGS/object_images/piglet/piglet_07s.jpg	/media/psycontrol/HDD/Datasets/THINGS/images_THINGS/object_images/piglet/piglet_07s.jpg	True	False	1	1181040	1779365737580.000	easy_marker_manifest_order_min_gap_5s	pass	True	True	True	371.161011	review
zar	004-zar	lab_data/zar/004-zar_EEG_recon_2026-05-21_13h23.20.049_image_mapping.json	183	10	3	1064	fly	images_THINGS/object_images/fly/fly_17s.jpg	/media/psycontrol/HDD/Datasets/THINGS/images_THINGS/object_images/fly/fly_17s.jpg	True	False	1	1184068	1779365743637.000	easy_marker_manifest_order_min_gap_5s	pass	True	True	True	63.530243	pass
zar	004-zar	lab_data/zar/004-zar_EEG_recon_2026-05-21_13h23.20.049_image_mapping.json	184	10	4	1060	squirrel	images_THINGS/object_images/squirrel/squirrel_12n.jpg	/media/psycontrol/HDD/Datasets/THINGS/images_THINGS/object_images/squirrel/squirrel_12n.jpg	True	True	2	1187026	1779365749553.000	easy_marker_manifest_order_min_gap_5s	pass	True	True	True	57.696507	pass
zar	004-zar	lab_data/zar/004-zar_EEG_recon_2026-05-21_13h23.20.049_image_mapping.json	185	10	5	1048	sombrero	images_THINGS/object_images/sombrero/sombrero_11s.jpg	/media/psycontrol/HDD/Datasets/THINGS/images_THINGS/object_images/sombrero/sombrero_11s.jpg	True	False	1	1190099	1779365755699.000	easy_marker_manifest_order_min_gap_5s	pass	True	True	True	65.606651	pass
zar	004-zar	lab_data/zar/004-zar_EEG_recon_2026-05-21_13h23.20.049_image_mapping.json	186	10	6	1009	papaya	images_THINGS/object_images/papaya/papaya_08s.jpg	/media/psycontrol/HDD/Datasets/THINGS/images_THINGS/object_images/papaya/papaya_08s.jpg	True	False	1	1193102	1779365761706.000	easy_marker_manifest_order_min_gap_5s	pass	True	True	True	59.823067	pass
zar	004-zar	lab_data/zar/004-zar_EEG_recon_2026-05-21_13h23.20.049_image_mapping.json	187	10	7	1072	blackberry	images_THINGS/object_images/blackberry/blackberry_08s.jpg	/media/psycontrol/HDD/Datasets/THINGS/images_THINGS/object_images/blackberry/blackberry_08s.jpg	True	False	1	1196220	1779365767942.000	easy_marker_manifest_order_min_gap_5s	pass	True	True	True	63.368927	pass
zar	004-zar	lab_data/zar/004-zar_EEG_recon_2026-05-21_13h23.20.049_image_mapping.json	188	10	8	1089	unicycle	images_THINGS/object_images/unicycle/unicycle_08s.jpg	/media/psycontrol/HDD/Datasets/THINGS/images_THINGS/object_images/unicycle/unicycle_08s.jpg	True	False	1	1199217	1779365773936.000	easy_marker_manifest_order_min_gap_5s	pass	True	True	True	53.035183	pass
zar	004-zar	lab_data/zar/004-zar_EEG_recon_2026-05-21_13h23.20.049_image_mapping.json	189	10	9	1075	filing_cabinet	images_THINGS/object_images/filing_cabinet/filing_cabinet_10s.jpg	/media/psycontrol/HDD/Datasets/THINGS/images_THINGS/object_images/filing_cabinet/filing_cabinet_10s.jpg	True	False	1	1202109	1779365779720.000	easy_marker_manifest_order_min_gap_5s	pass	True	True	True	174.297653	pass
zar	004-zar	lab_data/zar/004-zar_EEG_recon_2026-05-21_13h23.20.049_image_mapping.json	190	10	10	1029	sheep	images_THINGS/object_images/sheep/sheep_06s.jpg	/media/psycontrol/HDD/Datasets/THINGS/images_THINGS/object_images/sheep/sheep_06s.jpg	True	False	1	1205043	1779365785589.000	easy_marker_manifest_order_min_gap_5s	pass	True	True	True	73.499207	pass
zar	004-zar	lab_data/zar/004-zar_EEG_recon_2026-05-21_13h23.20.049_image_mapping.json	191	10	11	1069	rollerblade	images_THINGS/object_images/rollerblade/rollerblade_05s.jpg	/media/psycontrol/HDD/Datasets/THINGS/images_THINGS/object_images/rollerblade/rollerblade_05s.jpg	True	False	1	1207935	1779365791373.000	easy_marker_manifest_order_min_gap_5s	pass	True	True	True	98.136093	pass
zar	004-zar	lab_data/zar/004-zar_EEG_recon_2026-05-21_13h23.20.049_image_mapping.json	192	10	12	1126	helicopter	images_THINGS/object_images/helicopter/helicopter_20s.jpg	/media/psycontrol/HDD/Datasets/THINGS/images_THINGS/object_images/helicopter/helicopter_20s.jpg	True	True	2	1210987	1779365797477.000	easy_marker_manifest_order_min_gap_5s	pass	True	True	True	58.579727	pass
zar	004-zar	lab_data/zar/004-zar_EEG_recon_2026-05-21_13h23.20.049_image_mapping.json	193	10	13	1019	videocassette	images_THINGS/object_images/videocassette/videocassette_07n.jpg	/media/psycontrol/HDD/Datasets/THINGS/images_THINGS/object_images/videocassette/videocassette_07n.jpg	True	False	1	1213876	1779365803256.000	easy_marker_manifest_order_min_gap_5s	pass	True	True	True	68.891113	pass
zar	004-zar	lab_data/zar/004-zar_EEG_recon_2026-05-21_13h23.20.049_image_mapping.json	194	10	14	1005	ottoman	images_THINGS/object_images/ottoman/ottoman_05s.jpg	/media/psycontrol/HDD/Datasets/THINGS/images_THINGS/object_images/ottoman/ottoman_05s.jpg	True	False	1	1216990	1779365809484.000	easy_marker_manifest_order_min_gap_5s	pass	True	True	True	50.636692	pass
zar	004-zar	lab_data/zar/004-zar_EEG_recon_2026-05-21_13h23.20.049_image_mapping.json	195	10	15	1116	praying_mantis	images_THINGS/object_images/praying_mantis/praying_mantis_08s.jpg	/media/psycontrol/HDD/Datasets/THINGS/images_THINGS/object_images/praying_mantis/praying_mantis_08s.jpg	True	False	1	1220098	1779365815700.000	easy_marker_manifest_order_min_gap_5s	pass	True	True	True	54.990833	pass
zar	004-zar	lab_data/zar/004-zar_EEG_recon_2026-05-21_13h23.20.049_image_mapping.json	196	10	16	1022	shoe	images_THINGS/object_images/shoe/shoe_01s.jpg	/media/psycontrol/HDD/Datasets/THINGS/images_THINGS/object_images/shoe/shoe_01s.jpg	True	False	1	1223122	1779365821749.000	easy_marker_manifest_order_min_gap_5s	pass	True	True	True	59.614700	pass
zar	004-zar	lab_data/zar/004-zar_EEG_recon_2026-05-21_13h23.20.049_image_mapping.json	197	10	17	1066	giraffe	images_THINGS/object_images/giraffe/giraffe_17s.jpg	/media/psycontrol/HDD/Datasets/THINGS/images_THINGS/object_images/giraffe/giraffe_17s.jpg	True	False	1	1226229	1779365827963.000	easy_marker_manifest_order_min_gap_5s	pass	True	True	True	59.514534	pass
zar	004-zar	lab_data/zar/004-zar_EEG_recon_2026-05-21_13h23.20.049_image_mapping.json	198	10	18	1004	dalmatian	images_THINGS/object_images/dalmatian/dalmatian_02s.jpg	/media/psycontrol/HDD/Datasets/THINGS/images_THINGS/object_images/dalmatian/dalmatian_02s.jpg	True	False	1	1229271	1779365834047.000	easy_marker_manifest_order_min_gap_5s	pass	True	True	True	68.273232	pass
zar	004-zar	lab_data/zar/004-zar_EEG_recon_2026-05-21_13h23.20.049_image_mapping.json	199	10	19	1157	barnacle	images_THINGS/object_images/barnacle/barnacle_11s.jpg	/media/psycontrol/HDD/Datasets/THINGS/images_THINGS/object_images/barnacle/barnacle_11s.jpg	True	True	2	1232160	1779365839825.000	easy_marker_manifest_order_min_gap_5s	pass	True	True	True	61.931057	pass
zar	004-zar	lab_data/zar/004-zar_EEG_recon_2026-05-21_13h23.20.049_image_mapping.json	200	10	20	1024	lab_coat	images_THINGS/object_images/lab_coat/lab_coat_08s.jpg	/media/psycontrol/HDD/Datasets/THINGS/images_THINGS/object_images/lab_coat/lab_coat_08s.jpg	True	False	1	1235243	1779365845992.000	easy_marker_manifest_order_min_gap_5s	pass	True	True	True	250.134857	review
