setting,split,group,target_index,n_trials
baseline_allch_80_700ms_6bins__train-single_trial__eval-image,val,0,0,11
baseline_allch_80_700ms_6bins__train-single_trial__eval-image,val,2,2,6
baseline_allch_80_700ms_6bins__train-single_trial__eval-image,val,11,11,12
baseline_allch_80_700ms_6bins__train-single_trial__eval-image,val,17,17,6
baseline_allch_80_700ms_6bins__train-single_trial__eval-image,val,18,18,6
baseline_allch_80_700ms_6bins__train-single_trial__eval-image,val,19,19,12
baseline_allch_80_700ms_6bins__train-single_trial__eval-image,val,30,30,6
baseline_allch_80_700ms_6bins__train-single_trial__eval-image,val,38,38,6
baseline_allch_80_700ms_6bins__train-single_trial__eval-image,val,42,42,6
baseline_allch_80_700ms_6bins__train-single_trial__eval-image,val,52,52,12
baseline_allch_80_700ms_6bins__train-single_trial__eval-image,val,61,61,12
baseline_allch_80_700ms_6bins__train-single_trial__eval-image,val,66,66,6
baseline_allch_80_700ms_6bins__train-single_trial__eval-image,val,67,67,6
baseline_allch_80_700ms_6bins__train-single_trial__eval-image,val,72,72,6
baseline_allch_80_700ms_6bins__train-single_trial__eval-image,val,76,76,6
baseline_allch_80_700ms_6bins__train-single_trial__eval-image,val,85,85,6
baseline_allch_80_700ms_6bins__train-single_trial__eval-image,val,89,89,6
baseline_allch_80_700ms_6bins__train-single_trial__eval-image,val,94,94,6
baseline_allch_80_700ms_6bins__train-single_trial__eval-image,val,96,96,5
baseline_allch_80_700ms_6bins__train-single_trial__eval-image,val,104,104,6
baseline_allch_80_700ms_6bins__train-single_trial__eval-image,val,120,120,12
baseline_allch_80_700ms_6bins__train-single_trial__eval-image,val,122,122,6
baseline_allch_80_700ms_6bins__train-single_trial__eval-image,val,123,123,12
baseline_allch_80_700ms_6bins__train-single_trial__eval-image,val,131,131,12
baseline_allch_80_700ms_6bins__train-single_trial__eval-image,val,133,133,12
baseline_allch_80_700ms_6bins__train-single_trial__eval-image,val,136,136,5
baseline_allch_80_700ms_6bins__train-single_trial__eval-image,val,140,140,6
baseline_allch_80_700ms_6bins__train-single_trial__eval-image,val,142,142,10
baseline_allch_80_700ms_6bins__train-single_trial__eval-image,val,143,143,10
baseline_allch_80_700ms_6bins__train-single_trial__eval-image,val,151,151,5
baseline_allch_80_700ms_6bins__train-single_trial__eval-image,val,155,155,6
baseline_allch_80_700ms_6bins__train-single_trial__eval-image,val,156,156,12
baseline_allch_80_700ms_6bins__train-subject_image__eval-subject_image,train,P04|1,1,1
baseline_allch_80_700ms_6bins__train-subject_image__eval-subject_image,train,P04|3,3,1
baseline_allch_80_700ms_6bins__train-subject_image__eval-subject_image,train,P04|4,4,1
baseline_allch_80_700ms_6bins__train-subject_image__eval-subject_image,train,P04|5,5,2
baseline_allch_80_700ms_6bins__train-subject_image__eval-subject_image,train,P04|6,6,1
baseline_allch_80_700ms_6bins__train-subject_image__eval-subject_image,train,P04|7,7,1
baseline_allch_80_700ms_6bins__train-subject_image__eval-subject_image,train,P04|8,8,1
baseline_allch_80_700ms_6bins__train-subject_image__eval-subject_image,train,P04|9,9,1
baseline_allch_80_700ms_6bins__train-subject_image__eval-subject_image,train,P04|10,10,1
baseline_allch_80_700ms_6bins__train-subject_image__eval-subject_image,train,P04|12,12,1
baseline_allch_80_700ms_6bins__train-subject_image__eval-subject_image,train,P04|13,13,1
baseline_allch_80_700ms_6bins__train-subject_image__eval-subject_image,train,P04|14,14,2
baseline_allch_80_700ms_6bins__train-subject_image__eval-subject_image,train,P04|15,15,1
baseline_allch_80_700ms_6bins__train-subject_image__eval-subject_image,train,P04|16,16,1
baseline_allch_80_700ms_6bins__train-subject_image__eval-subject_image,train,P04|20,20,1
baseline_allch_80_700ms_6bins__train-subject_image__eval-subject_image,train,P04|21,21,1
baseline_allch_80_700ms_6bins__train-subject_image__eval-subject_image,train,P04|22,22,2
baseline_allch_80_700ms_6bins__train-subject_image__eval-subject_image,train,P04|23,23,1
baseline_allch_80_700ms_6bins__train-subject_image__eval-subject_image,train,P04|24,24,1
baseline_allch_80_700ms_6bins__train-subject_image__eval-subject_image,train,P04|25,25,1
baseline_allch_80_700ms_6bins__train-subject_image__eval-subject_image,train,P04|26,26,2
baseline_allch_80_700ms_6bins__train-subject_image__eval-subject_image,train,P04|27,27,1
baseline_allch_80_700ms_6bins__train-subject_image__eval-subject_image,train,P04|28,28,1
baseline_allch_80_700ms_6bins__train-subject_image__eval-subject_image,train,P04|29,29,1
baseline_allch_80_700ms_6bins__train-subject_image__eval-subject_image,train,P04|31,31,1
baseline_allch_80_700ms_6bins__train-subject_image__eval-subject_image,train,P04|32,32,1
baseline_allch_80_700ms_6bins__train-subject_image__eval-subject_image,train,P04|33,33,1
baseline_allch_80_700ms_6bins__train-subject_image__eval-subject_image,train,P04|34,34,1
baseline_allch_80_700ms_6bins__train-subject_image__eval-subject_image,train,P04|35,35,1
baseline_allch_80_700ms_6bins__train-subject_image__eval-subject_image,train,P04|36,36,1
baseline_allch_80_700ms_6bins__train-subject_image__eval-subject_image,train,P04|37,37,1
baseline_allch_80_700ms_6bins__train-subject_image__eval-subject_image,train,P04|39,39,1
baseline_allch_80_700ms_6bins__train-subject_image__eval-subject_image,train,P04|40,40,1
baseline_allch_80_700ms_6bins__train-subject_image__eval-subject_image,train,P04|41,41,1
baseline_allch_80_700ms_6bins__train-subject_image__eval-subject_image,train,P04|43,43,1
baseline_allch_80_700ms_6bins__train-subject_image__eval-subject_image,train,P04|44,44,2
baseline_allch_80_700ms_6bins__train-subject_image__eval-subject_image,train,P04|45,45,2
baseline_allch_80_700ms_6bins__train-subject_image__eval-subject_image,train,P04|46,46,1
baseline_allch_80_700ms_6bins__train-subject_image__eval-subject_image,train,P04|47,47,1
baseline_allch_80_700ms_6bins__train-subject_image__eval-subject_image,train,P04|48,48,1
baseline_allch_80_700ms_6bins__train-subject_image__eval-subject_image,train,P04|49,49,1
baseline_allch_80_700ms_6bins__train-subject_image__eval-subject_image,train,P04|50,50,2
baseline_allch_80_700ms_6bins__train-subject_image__eval-subject_image,train,P04|51,51,2
baseline_allch_80_700ms_6bins__train-subject_image__eval-subject_image,train,P04|53,53,1
baseline_allch_80_700ms_6bins__train-subject_image__eval-subject_image,train,P04|54,54,1
baseline_allch_80_700ms_6bins__train-subject_image__eval-subject_image,train,P04|55,55,1
baseline_allch_80_700ms_6bins__train-subject_image__eval-subject_image,train,P04|56,56,1
baseline_allch_80_700ms_6bins__train-subject_image__eval-subject_image,train,P04|57,57,1
baseline_allch_80_700ms_6bins__train-subject_image__eval-subject_image,train,P04|58,58,2
baseline_allch_80_700ms_6bins__train-subject_image__eval-subject_image,train,P04|59,59,2
baseline_allch_80_700ms_6bins__train-subject_image__eval-subject_image,train,P04|60,60,2
baseline_allch_80_700ms_6bins__train-subject_image__eval-subject_image,train,P04|62,62,1
baseline_allch_80_700ms_6bins__train-subject_image__eval-subject_image,train,P04|63,63,1
baseline_allch_80_700ms_6bins__train-subject_image__eval-subject_image,train,P04|64,64,1
baseline_allch_80_700ms_6bins__train-subject_image__eval-subject_image,train,P04|65,65,1
baseline_allch_80_700ms_6bins__train-subject_image__eval-subject_image,train,P04|68,68,1
baseline_allch_80_700ms_6bins__train-subject_image__eval-subject_image,train,P04|69,69,1
baseline_allch_80_700ms_6bins__train-subject_image__eval-subject_image,train,P04|70,70,2
baseline_allch_80_700ms_6bins__train-subject_image__eval-subject_image,train,P04|71,71,1
baseline_allch_80_700ms_6bins__train-subject_image__eval-subject_image,train,P04|73,73,1
baseline_allch_80_700ms_6bins__train-subject_image__eval-subject_image,train,P04|74,74,1
baseline_allch_80_700ms_6bins__train-subject_image__eval-subject_image,train,P04|75,75,1
baseline_allch_80_700ms_6bins__train-subject_image__eval-subject_image,train,P04|77,77,1
baseline_allch_80_700ms_6bins__train-subject_image__eval-subject_image,train,P04|78,78,1
baseline_allch_80_700ms_6bins__train-subject_image__eval-subject_image,train,P04|79,79,1
baseline_allch_80_700ms_6bins__train-subject_image__eval-subject_image,train,P04|80,80,1
baseline_allch_80_700ms_6bins__train-subject_image__eval-subject_image,train,P04|81,81,2
baseline_allch_80_700ms_6bins__train-subject_image__eval-subject_image,train,P04|82,82,1
baseline_allch_80_700ms_6bins__train-subject_image__eval-subject_image,train,P04|83,83,2
baseline_allch_80_700ms_6bins__train-subject_image__eval-subject_image,train,P04|84,84,1
baseline_allch_80_700ms_6bins__train-subject_image__eval-subject_image,train,P04|86,86,1
baseline_allch_80_700ms_6bins__train-subject_image__eval-subject_image,train,P04|87,87,1
baseline_allch_80_700ms_6bins__train-subject_image__eval-subject_image,train,P04|88,88,1
baseline_allch_80_700ms_6bins__train-subject_image__eval-subject_image,train,P04|90,90,1
baseline_allch_80_700ms_6bins__train-subject_image__eval-subject_image,train,P04|91,91,2
baseline_allch_80_700ms_6bins__train-subject_image__eval-subject_image,train,P04|92,92,1
baseline_allch_80_700ms_6bins__train-subject_image__eval-subject_image,train,P04|93,93,1
baseline_allch_80_700ms_6bins__train-subject_image__eval-subject_image,train,P04|95,95,1
baseline_allch_80_700ms_6bins__train-subject_image__eval-subject_image,train,P04|98,98,1
baseline_allch_80_700ms_6bins__train-subject_image__eval-subject_image,train,P04|99,99,1
baseline_allch_80_700ms_6bins__train-subject_image__eval-subject_image,train,P04|100,100,1
baseline_allch_80_700ms_6bins__train-subject_image__eval-subject_image,train,P04|101,101,1
baseline_allch_80_700ms_6bins__train-subject_image__eval-subject_image,train,P04|102,102,1
baseline_allch_80_700ms_6bins__train-subject_image__eval-subject_image,train,P04|103,103,1
baseline_allch_80_700ms_6bins__train-subject_image__eval-subject_image,train,P04|105,105,1
baseline_allch_80_700ms_6bins__train-subject_image__eval-subject_image,train,P04|106,106,1
baseline_allch_80_700ms_6bins__train-subject_image__eval-subject_image,train,P04|107,107,1
baseline_allch_80_700ms_6bins__train-subject_image__eval-subject_image,train,P04|108,108,1
baseline_allch_80_700ms_6bins__train-subject_image__eval-subject_image,train,P04|109,109,2
baseline_allch_80_700ms_6bins__train-subject_image__eval-subject_image,train,P04|110,110,1
baseline_allch_80_700ms_6bins__train-subject_image__eval-subject_image,train,P04|111,111,1
baseline_allch_80_700ms_6bins__train-subject_image__eval-subject_image,train,P04|112,112,1
baseline_allch_80_700ms_6bins__train-subject_image__eval-subject_image,train,P04|113,113,1
baseline_allch_80_700ms_6bins__train-subject_image__eval-subject_image,train,P04|114,114,1
baseline_allch_80_700ms_6bins__train-subject_image__eval-subject_image,train,P04|115,115,1
baseline_allch_80_700ms_6bins__train-subject_image__eval-subject_image,train,P04|116,116,1
baseline_allch_80_700ms_6bins__train-subject_image__eval-subject_image,train,P04|117,117,2
baseline_allch_80_700ms_6bins__train-subject_image__eval-subject_image,train,P04|118,118,1
baseline_allch_80_700ms_6bins__train-subject_image__eval-subject_image,train,P04|119,119,2
baseline_allch_80_700ms_6bins__train-subject_image__eval-subject_image,train,P04|124,124,2
baseline_allch_80_700ms_6bins__train-subject_image__eval-subject_image,train,P04|125,125,2
baseline_allch_80_700ms_6bins__train-subject_image__eval-subject_image,train,P04|126,126,1
baseline_allch_80_700ms_6bins__train-subject_image__eval-subject_image,train,P04|127,127,1
baseline_allch_80_700ms_6bins__train-subject_image__eval-subject_image,train,P04|128,128,2
baseline_allch_80_700ms_6bins__train-subject_image__eval-subject_image,train,P04|129,129,2
baseline_allch_80_700ms_6bins__train-subject_image__eval-subject_image,train,P04|130,130,1
baseline_allch_80_700ms_6bins__train-subject_image__eval-subject_image,train,P04|132,132,1
baseline_allch_80_700ms_6bins__train-subject_image__eval-subject_image,train,P04|134,134,1
baseline_allch_80_700ms_6bins__train-subject_image__eval-subject_image,train,P04|135,135,1
baseline_allch_80_700ms_6bins__train-subject_image__eval-subject_image,train,P04|137,137,1
baseline_allch_80_700ms_6bins__train-subject_image__eval-subject_image,train,P04|138,138,1
baseline_allch_80_700ms_6bins__train-subject_image__eval-subject_image,train,P04|139,139,1
baseline_allch_80_700ms_6bins__train-subject_image__eval-subject_image,train,P04|141,141,1
baseline_allch_80_700ms_6bins__train-subject_image__eval-subject_image,train,P04|144,144,2
baseline_allch_80_700ms_6bins__train-subject_image__eval-subject_image,train,P04|145,145,1
baseline_allch_80_700ms_6bins__train-subject_image__eval-subject_image,train,P04|146,146,2
baseline_allch_80_700ms_6bins__train-subject_image__eval-subject_image,train,P04|147,147,1
baseline_allch_80_700ms_6bins__train-subject_image__eval-subject_image,train,P04|148,148,1
baseline_allch_80_700ms_6bins__train-subject_image__eval-subject_image,train,P04|149,149,2
baseline_allch_80_700ms_6bins__train-subject_image__eval-subject_image,train,P04|150,150,1
baseline_allch_80_700ms_6bins__train-subject_image__eval-subject_image,train,P04|152,152,1
baseline_allch_80_700ms_6bins__train-subject_image__eval-subject_image,train,P04|153,153,1
baseline_allch_80_700ms_6bins__train-subject_image__eval-subject_image,train,P04|154,154,1
baseline_allch_80_700ms_6bins__train-subject_image__eval-subject_image,train,P04|157,157,1
baseline_allch_80_700ms_6bins__train-subject_image__eval-subject_image,train,P04|158,158,1
baseline_allch_80_700ms_6bins__train-subject_image__eval-subject_image,train,P04|159,159,1
baseline_allch_80_700ms_6bins__train-subject_image__eval-subject_image,train,P05|1,1,1
baseline_allch_80_700ms_6bins__train-subject_image__eval-subject_image,train,P05|3,3,1
baseline_allch_80_700ms_6bins__train-subject_image__eval-subject_image,train,P05|4,4,1
baseline_allch_80_700ms_6bins__train-subject_image__eval-subject_image,train,P05|5,5,2
baseline_allch_80_700ms_6bins__train-subject_image__eval-subject_image,train,P05|6,6,1
baseline_allch_80_700ms_6bins__train-subject_image__eval-subject_image,train,P05|7,7,1
baseline_allch_80_700ms_6bins__train-subject_image__eval-subject_image,train,P05|8,8,1
baseline_allch_80_700ms_6bins__train-subject_image__eval-subject_image,train,P05|9,9,1
baseline_allch_80_700ms_6bins__train-subject_image__eval-subject_image,train,P05|10,10,1
baseline_allch_80_700ms_6bins__train-subject_image__eval-subject_image,train,P05|12,12,1
baseline_allch_80_700ms_6bins__train-subject_image__eval-subject_image,train,P05|13,13,1
baseline_allch_80_700ms_6bins__train-subject_image__eval-subject_image,train,P05|14,14,2
baseline_allch_80_700ms_6bins__train-subject_image__eval-subject_image,train,P05|15,15,1
baseline_allch_80_700ms_6bins__train-subject_image__eval-subject_image,train,P05|16,16,1
baseline_allch_80_700ms_6bins__train-subject_image__eval-subject_image,train,P05|20,20,1
baseline_allch_80_700ms_6bins__train-subject_image__eval-subject_image,train,P05|21,21,1
baseline_allch_80_700ms_6bins__train-subject_image__eval-subject_image,train,P05|22,22,2
baseline_allch_80_700ms_6bins__train-subject_image__eval-subject_image,train,P05|23,23,1
baseline_allch_80_700ms_6bins__train-subject_image__eval-subject_image,train,P05|24,24,1
baseline_allch_80_700ms_6bins__train-subject_image__eval-subject_image,train,P05|25,25,1
baseline_allch_80_700ms_6bins__train-subject_image__eval-subject_image,train,P05|26,26,2
baseline_allch_80_700ms_6bins__train-subject_image__eval-subject_image,train,P05|27,27,1
baseline_allch_80_700ms_6bins__train-subject_image__eval-subject_image,train,P05|28,28,1
baseline_allch_80_700ms_6bins__train-subject_image__eval-subject_image,train,P05|29,29,1
baseline_allch_80_700ms_6bins__train-subject_image__eval-subject_image,train,P05|31,31,1
baseline_allch_80_700ms_6bins__train-subject_image__eval-subject_image,train,P05|32,32,1
baseline_allch_80_700ms_6bins__train-subject_image__eval-subject_image,train,P05|33,33,1
baseline_allch_80_700ms_6bins__train-subject_image__eval-subject_image,train,P05|34,34,1
baseline_allch_80_700ms_6bins__train-subject_image__eval-subject_image,train,P05|35,35,1
baseline_allch_80_700ms_6bins__train-subject_image__eval-subject_image,train,P05|36,36,1
baseline_allch_80_700ms_6bins__train-subject_image__eval-subject_image,train,P05|37,37,1
baseline_allch_80_700ms_6bins__train-subject_image__eval-subject_image,train,P05|39,39,1
baseline_allch_80_700ms_6bins__train-subject_image__eval-subject_image,train,P05|40,40,1
baseline_allch_80_700ms_6bins__train-subject_image__eval-subject_image,train,P05|41,41,1
baseline_allch_80_700ms_6bins__train-subject_image__eval-subject_image,train,P05|43,43,1
baseline_allch_80_700ms_6bins__train-subject_image__eval-subject_image,train,P05|44,44,2
baseline_allch_80_700ms_6bins__train-subject_image__eval-subject_image,train,P05|45,45,2
baseline_allch_80_700ms_6bins__train-subject_image__eval-subject_image,train,P05|46,46,1
baseline_allch_80_700ms_6bins__train-subject_image__eval-subject_image,train,P05|47,47,1
baseline_allch_80_700ms_6bins__train-subject_image__eval-subject_image,train,P05|48,48,1
baseline_allch_80_700ms_6bins__train-subject_image__eval-subject_image,train,P05|49,49,1
baseline_allch_80_700ms_6bins__train-subject_image__eval-subject_image,train,P05|50,50,2
baseline_allch_80_700ms_6bins__train-subject_image__eval-subject_image,train,P05|51,51,2
baseline_allch_80_700ms_6bins__train-subject_image__eval-subject_image,train,P05|53,53,1
baseline_allch_80_700ms_6bins__train-subject_image__eval-subject_image,train,P05|54,54,1
baseline_allch_80_700ms_6bins__train-subject_image__eval-subject_image,train,P05|55,55,1
baseline_allch_80_700ms_6bins__train-subject_image__eval-subject_image,train,P05|56,56,1
baseline_allch_80_700ms_6bins__train-subject_image__eval-subject_image,train,P05|57,57,1
baseline_allch_80_700ms_6bins__train-subject_image__eval-subject_image,train,P05|58,58,2
baseline_allch_80_700ms_6bins__train-subject_image__eval-subject_image,train,P05|59,59,2
baseline_allch_80_700ms_6bins__train-subject_image__eval-subject_image,train,P05|60,60,2
baseline_allch_80_700ms_6bins__train-subject_image__eval-subject_image,train,P05|62,62,1
baseline_allch_80_700ms_6bins__train-subject_image__eval-subject_image,train,P05|63,63,1
baseline_allch_80_700ms_6bins__train-subject_image__eval-subject_image,train,P05|64,64,1
baseline_allch_80_700ms_6bins__train-subject_image__eval-subject_image,train,P05|65,65,1
baseline_allch_80_700ms_6bins__train-subject_image__eval-subject_image,train,P05|68,68,1
baseline_allch_80_700ms_6bins__train-subject_image__eval-subject_image,train,P05|69,69,1
baseline_allch_80_700ms_6bins__train-subject_image__eval-subject_image,train,P05|70,70,2
baseline_allch_80_700ms_6bins__train-subject_image__eval-subject_image,train,P05|71,71,1
baseline_allch_80_700ms_6bins__train-subject_image__eval-subject_image,train,P05|73,73,1
baseline_allch_80_700ms_6bins__train-subject_image__eval-subject_image,train,P05|74,74,1
baseline_allch_80_700ms_6bins__train-subject_image__eval-subject_image,train,P05|75,75,1
baseline_allch_80_700ms_6bins__train-subject_image__eval-subject_image,train,P05|77,77,1
baseline_allch_80_700ms_6bins__train-subject_image__eval-subject_image,train,P05|78,78,1
baseline_allch_80_700ms_6bins__train-subject_image__eval-subject_image,train,P05|79,79,1
baseline_allch_80_700ms_6bins__train-subject_image__eval-subject_image,train,P05|80,80,1
baseline_allch_80_700ms_6bins__train-subject_image__eval-subject_image,train,P05|81,81,2
baseline_allch_80_700ms_6bins__train-subject_image__eval-subject_image,train,P05|82,82,1
baseline_allch_80_700ms_6bins__train-subject_image__eval-subject_image,train,P05|83,83,2
baseline_allch_80_700ms_6bins__train-subject_image__eval-subject_image,train,P05|84,84,1
baseline_allch_80_700ms_6bins__train-subject_image__eval-subject_image,train,P05|86,86,1
baseline_allch_80_700ms_6bins__train-subject_image__eval-subject_image,train,P05|87,87,1
baseline_allch_80_700ms_6bins__train-subject_image__eval-subject_image,train,P05|88,88,1
baseline_allch_80_700ms_6bins__train-subject_image__eval-subject_image,train,P05|90,90,1
baseline_allch_80_700ms_6bins__train-subject_image__eval-subject_image,train,P05|91,91,2
baseline_allch_80_700ms_6bins__train-subject_image__eval-subject_image,train,P05|92,92,1
baseline_allch_80_700ms_6bins__train-subject_image__eval-subject_image,train,P05|93,93,1
baseline_allch_80_700ms_6bins__train-subject_image__eval-subject_image,train,P05|95,95,1
baseline_allch_80_700ms_6bins__train-subject_image__eval-subject_image,train,P05|97,97,1
baseline_allch_80_700ms_6bins__train-subject_image__eval-subject_image,train,P05|98,98,1
baseline_allch_80_700ms_6bins__train-subject_image__eval-subject_image,train,P05|99,99,1
baseline_allch_80_700ms_6bins__train-subject_image__eval-subject_image,train,P05|100,100,1
baseline_allch_80_700ms_6bins__train-subject_image__eval-subject_image,train,P05|101,101,1
baseline_allch_80_700ms_6bins__train-subject_image__eval-subject_image,train,P05|102,102,1
baseline_allch_80_700ms_6bins__train-subject_image__eval-subject_image,train,P05|103,103,2
baseline_allch_80_700ms_6bins__train-subject_image__eval-subject_image,train,P05|105,105,1
baseline_allch_80_700ms_6bins__train-subject_image__eval-subject_image,train,P05|106,106,1
baseline_allch_80_700ms_6bins__train-subject_image__eval-subject_image,train,P05|107,107,1
baseline_allch_80_700ms_6bins__train-subject_image__eval-subject_image,train,P05|108,108,1
baseline_allch_80_700ms_6bins__train-subject_image__eval-subject_image,train,P05|109,109,2
baseline_allch_80_700ms_6bins__train-subject_image__eval-subject_image,train,P05|110,110,1
baseline_allch_80_700ms_6bins__train-subject_image__eval-subject_image,train,P05|111,111,1
baseline_allch_80_700ms_6bins__train-subject_image__eval-subject_image,train,P05|112,112,1
baseline_allch_80_700ms_6bins__train-subject_image__eval-subject_image,train,P05|113,113,1
baseline_allch_80_700ms_6bins__train-subject_image__eval-subject_image,train,P05|114,114,1
baseline_allch_80_700ms_6bins__train-subject_image__eval-subject_image,train,P05|115,115,1
baseline_allch_80_700ms_6bins__train-subject_image__eval-subject_image,train,P05|116,116,1
baseline_allch_80_700ms_6bins__train-subject_image__eval-subject_image,train,P05|117,117,2
baseline_allch_80_700ms_6bins__train-subject_image__eval-subject_image,train,P05|118,118,1
baseline_allch_80_700ms_6bins__train-subject_image__eval-subject_image,train,P05|119,119,2
baseline_allch_80_700ms_6bins__train-subject_image__eval-subject_image,train,P05|121,121,1
baseline_allch_80_700ms_6bins__train-subject_image__eval-subject_image,train,P05|124,124,2
baseline_allch_80_700ms_6bins__train-subject_image__eval-subject_image,train,P05|125,125,2
baseline_allch_80_700ms_6bins__train-subject_image__eval-subject_image,train,P05|126,126,1
baseline_allch_80_700ms_6bins__train-subject_image__eval-subject_image,train,P05|127,127,1
baseline_allch_80_700ms_6bins__train-subject_image__eval-subject_image,train,P05|128,128,2
baseline_allch_80_700ms_6bins__train-subject_image__eval-subject_image,train,P05|129,129,2
baseline_allch_80_700ms_6bins__train-subject_image__eval-subject_image,train,P05|130,130,1
baseline_allch_80_700ms_6bins__train-subject_image__eval-subject_image,train,P05|132,132,1
baseline_allch_80_700ms_6bins__train-subject_image__eval-subject_image,train,P05|134,134,1
baseline_allch_80_700ms_6bins__train-subject_image__eval-subject_image,train,P05|135,135,1
baseline_allch_80_700ms_6bins__train-subject_image__eval-subject_image,train,P05|137,137,1
baseline_allch_80_700ms_6bins__train-subject_image__eval-subject_image,train,P05|138,138,1
baseline_allch_80_700ms_6bins__train-subject_image__eval-subject_image,train,P05|139,139,1
baseline_allch_80_700ms_6bins__train-subject_image__eval-subject_image,train,P05|141,141,1
baseline_allch_80_700ms_6bins__train-subject_image__eval-subject_image,train,P05|144,144,2
baseline_allch_80_700ms_6bins__train-subject_image__eval-subject_image,train,P05|145,145,1
baseline_allch_80_700ms_6bins__train-subject_image__eval-subject_image,train,P05|146,146,2
baseline_allch_80_700ms_6bins__train-subject_image__eval-subject_image,train,P05|147,147,1
baseline_allch_80_700ms_6bins__train-subject_image__eval-subject_image,train,P05|148,148,1
baseline_allch_80_700ms_6bins__train-subject_image__eval-subject_image,train,P05|149,149,2
baseline_allch_80_700ms_6bins__train-subject_image__eval-subject_image,train,P05|150,150,1
baseline_allch_80_700ms_6bins__train-subject_image__eval-subject_image,train,P05|152,152,1
baseline_allch_80_700ms_6bins__train-subject_image__eval-subject_image,train,P05|153,153,1
baseline_allch_80_700ms_6bins__train-subject_image__eval-subject_image,train,P05|154,154,1
baseline_allch_80_700ms_6bins__train-subject_image__eval-subject_image,train,P05|157,157,1
baseline_allch_80_700ms_6bins__train-subject_image__eval-subject_image,train,P05|158,158,2
baseline_allch_80_700ms_6bins__train-subject_image__eval-subject_image,train,P05|159,159,2
baseline_allch_80_700ms_6bins__train-subject_image__eval-subject_image,train,P06|1,1,1
baseline_allch_80_700ms_6bins__train-subject_image__eval-subject_image,train,P06|3,3,1
baseline_allch_80_700ms_6bins__train-subject_image__eval-subject_image,train,P06|4,4,1
baseline_allch_80_700ms_6bins__train-subject_image__eval-subject_image,train,P06|5,5,2
baseline_allch_80_700ms_6bins__train-subject_image__eval-subject_image,train,P06|6,6,1
baseline_allch_80_700ms_6bins__train-subject_image__eval-subject_image,train,P06|7,7,1
baseline_allch_80_700ms_6bins__train-subject_image__eval-subject_image,train,P06|8,8,1
baseline_allch_80_700ms_6bins__train-subject_image__eval-subject_image,train,P06|9,9,1
baseline_allch_80_700ms_6bins__train-subject_image__eval-subject_image,train,P06|10,10,1
baseline_allch_80_700ms_6bins__train-subject_image__eval-subject_image,train,P06|12,12,1
baseline_allch_80_700ms_6bins__train-subject_image__eval-subject_image,train,P06|13,13,1
baseline_allch_80_700ms_6bins__train-subject_image__eval-subject_image,train,P06|14,14,2
baseline_allch_80_700ms_6bins__train-subject_image__eval-subject_image,train,P06|15,15,1
baseline_allch_80_700ms_6bins__train-subject_image__eval-subject_image,train,P06|16,16,1
baseline_allch_80_700ms_6bins__train-subject_image__eval-subject_image,train,P06|20,20,1
baseline_allch_80_700ms_6bins__train-subject_image__eval-subject_image,train,P06|21,21,1
baseline_allch_80_700ms_6bins__train-subject_image__eval-subject_image,train,P06|22,22,2
baseline_allch_80_700ms_6bins__train-subject_image__eval-subject_image,train,P06|23,23,1
baseline_allch_80_700ms_6bins__train-subject_image__eval-subject_image,train,P06|24,24,1
baseline_allch_80_700ms_6bins__train-subject_image__eval-subject_image,train,P06|25,25,1
baseline_allch_80_700ms_6bins__train-subject_image__eval-subject_image,train,P06|26,26,2
baseline_allch_80_700ms_6bins__train-subject_image__eval-subject_image,train,P06|27,27,1
baseline_allch_80_700ms_6bins__train-subject_image__eval-subject_image,train,P06|28,28,1
baseline_allch_80_700ms_6bins__train-subject_image__eval-subject_image,train,P06|29,29,1
baseline_allch_80_700ms_6bins__train-subject_image__eval-subject_image,train,P06|31,31,1
baseline_allch_80_700ms_6bins__train-subject_image__eval-subject_image,train,P06|32,32,1
baseline_allch_80_700ms_6bins__train-subject_image__eval-subject_image,train,P06|33,33,1
baseline_allch_80_700ms_6bins__train-subject_image__eval-subject_image,train,P06|34,34,1
baseline_allch_80_700ms_6bins__train-subject_image__eval-subject_image,train,P06|35,35,1
baseline_allch_80_700ms_6bins__train-subject_image__eval-subject_image,train,P06|36,36,1
baseline_allch_80_700ms_6bins__train-subject_image__eval-subject_image,train,P06|37,37,1
baseline_allch_80_700ms_6bins__train-subject_image__eval-subject_image,train,P06|39,39,1
baseline_allch_80_700ms_6bins__train-subject_image__eval-subject_image,train,P06|40,40,1
baseline_allch_80_700ms_6bins__train-subject_image__eval-subject_image,train,P06|41,41,1
baseline_allch_80_700ms_6bins__train-subject_image__eval-subject_image,train,P06|43,43,1
baseline_allch_80_700ms_6bins__train-subject_image__eval-subject_image,train,P06|44,44,2
baseline_allch_80_700ms_6bins__train-subject_image__eval-subject_image,train,P06|45,45,2
baseline_allch_80_700ms_6bins__train-subject_image__eval-subject_image,train,P06|46,46,1
baseline_allch_80_700ms_6bins__train-subject_image__eval-subject_image,train,P06|47,47,1
baseline_allch_80_700ms_6bins__train-subject_image__eval-subject_image,train,P06|48,48,1
baseline_allch_80_700ms_6bins__train-subject_image__eval-subject_image,train,P06|49,49,1
baseline_allch_80_700ms_6bins__train-subject_image__eval-subject_image,train,P06|50,50,2
baseline_allch_80_700ms_6bins__train-subject_image__eval-subject_image,train,P06|51,51,2
baseline_allch_80_700ms_6bins__train-subject_image__eval-subject_image,train,P06|53,53,1
baseline_allch_80_700ms_6bins__train-subject_image__eval-subject_image,train,P06|54,54,1
baseline_allch_80_700ms_6bins__train-subject_image__eval-subject_image,train,P06|55,55,1
baseline_allch_80_700ms_6bins__train-subject_image__eval-subject_image,train,P06|56,56,1
baseline_allch_80_700ms_6bins__train-subject_image__eval-subject_image,train,P06|57,57,1
baseline_allch_80_700ms_6bins__train-subject_image__eval-subject_image,train,P06|58,58,2
baseline_allch_80_700ms_6bins__train-subject_image__eval-subject_image,train,P06|59,59,2
baseline_allch_80_700ms_6bins__train-subject_image__eval-subject_image,train,P06|60,60,2
baseline_allch_80_700ms_6bins__train-subject_image__eval-subject_image,train,P06|62,62,1
baseline_allch_80_700ms_6bins__train-subject_image__eval-subject_image,train,P06|63,63,1
baseline_allch_80_700ms_6bins__train-subject_image__eval-subject_image,train,P06|64,64,1
baseline_allch_80_700ms_6bins__train-subject_image__eval-subject_image,train,P06|65,65,1
baseline_allch_80_700ms_6bins__train-subject_image__eval-subject_image,train,P06|68,68,1
baseline_allch_80_700ms_6bins__train-subject_image__eval-subject_image,train,P06|69,69,1
baseline_allch_80_700ms_6bins__train-subject_image__eval-subject_image,train,P06|70,70,2
baseline_allch_80_700ms_6bins__train-subject_image__eval-subject_image,train,P06|71,71,1
baseline_allch_80_700ms_6bins__train-subject_image__eval-subject_image,train,P06|73,73,1
baseline_allch_80_700ms_6bins__train-subject_image__eval-subject_image,train,P06|74,74,1
baseline_allch_80_700ms_6bins__train-subject_image__eval-subject_image,train,P06|75,75,1
baseline_allch_80_700ms_6bins__train-subject_image__eval-subject_image,train,P06|77,77,1
baseline_allch_80_700ms_6bins__train-subject_image__eval-subject_image,train,P06|78,78,1
baseline_allch_80_700ms_6bins__train-subject_image__eval-subject_image,train,P06|79,79,1
baseline_allch_80_700ms_6bins__train-subject_image__eval-subject_image,train,P06|80,80,1
baseline_allch_80_700ms_6bins__train-subject_image__eval-subject_image,train,P06|81,81,2
baseline_allch_80_700ms_6bins__train-subject_image__eval-subject_image,train,P06|82,82,1
baseline_allch_80_700ms_6bins__train-subject_image__eval-subject_image,train,P06|83,83,2
baseline_allch_80_700ms_6bins__train-subject_image__eval-subject_image,train,P06|84,84,1
baseline_allch_80_700ms_6bins__train-subject_image__eval-subject_image,train,P06|86,86,1
baseline_allch_80_700ms_6bins__train-subject_image__eval-subject_image,train,P06|87,87,1
baseline_allch_80_700ms_6bins__train-subject_image__eval-subject_image,train,P06|88,88,1
baseline_allch_80_700ms_6bins__train-subject_image__eval-subject_image,train,P06|90,90,1
baseline_allch_80_700ms_6bins__train-subject_image__eval-subject_image,train,P06|91,91,2
baseline_allch_80_700ms_6bins__train-subject_image__eval-subject_image,train,P06|92,92,1
baseline_allch_80_700ms_6bins__train-subject_image__eval-subject_image,train,P06|93,93,1
baseline_allch_80_700ms_6bins__train-subject_image__eval-subject_image,train,P06|95,95,1
baseline_allch_80_700ms_6bins__train-subject_image__eval-subject_image,train,P06|97,97,1
baseline_allch_80_700ms_6bins__train-subject_image__eval-subject_image,train,P06|98,98,1
baseline_allch_80_700ms_6bins__train-subject_image__eval-subject_image,train,P06|99,99,1
baseline_allch_80_700ms_6bins__train-subject_image__eval-subject_image,train,P06|100,100,1
baseline_allch_80_700ms_6bins__train-subject_image__eval-subject_image,train,P06|101,101,1
baseline_allch_80_700ms_6bins__train-subject_image__eval-subject_image,train,P06|102,102,1
baseline_allch_80_700ms_6bins__train-subject_image__eval-subject_image,train,P06|103,103,2
baseline_allch_80_700ms_6bins__train-subject_image__eval-subject_image,train,P06|105,105,1
baseline_allch_80_700ms_6bins__train-subject_image__eval-subject_image,train,P06|106,106,1
baseline_allch_80_700ms_6bins__train-subject_image__eval-subject_image,train,P06|107,107,1
baseline_allch_80_700ms_6bins__train-subject_image__eval-subject_image,train,P06|108,108,1
baseline_allch_80_700ms_6bins__train-subject_image__eval-subject_image,train,P06|109,109,2
baseline_allch_80_700ms_6bins__train-subject_image__eval-subject_image,train,P06|110,110,1
baseline_allch_80_700ms_6bins__train-subject_image__eval-subject_image,train,P06|111,111,1
baseline_allch_80_700ms_6bins__train-subject_image__eval-subject_image,train,P06|112,112,1
baseline_allch_80_700ms_6bins__train-subject_image__eval-subject_image,train,P06|113,113,1
baseline_allch_80_700ms_6bins__train-subject_image__eval-subject_image,train,P06|114,114,1
baseline_allch_80_700ms_6bins__train-subject_image__eval-subject_image,train,P06|115,115,1
baseline_allch_80_700ms_6bins__train-subject_image__eval-subject_image,train,P06|116,116,1
baseline_allch_80_700ms_6bins__train-subject_image__eval-subject_image,train,P06|117,117,2
baseline_allch_80_700ms_6bins__train-subject_image__eval-subject_image,train,P06|118,118,1
baseline_allch_80_700ms_6bins__train-subject_image__eval-subject_image,train,P06|119,119,2
baseline_allch_80_700ms_6bins__train-subject_image__eval-subject_image,train,P06|121,121,1
baseline_allch_80_700ms_6bins__train-subject_image__eval-subject_image,train,P06|124,124,2
baseline_allch_80_700ms_6bins__train-subject_image__eval-subject_image,train,P06|125,125,2
baseline_allch_80_700ms_6bins__train-subject_image__eval-subject_image,train,P06|126,126,1
baseline_allch_80_700ms_6bins__train-subject_image__eval-subject_image,train,P06|127,127,1
baseline_allch_80_700ms_6bins__train-subject_image__eval-subject_image,train,P06|128,128,2
baseline_allch_80_700ms_6bins__train-subject_image__eval-subject_image,train,P06|129,129,2
baseline_allch_80_700ms_6bins__train-subject_image__eval-subject_image,train,P06|130,130,1
baseline_allch_80_700ms_6bins__train-subject_image__eval-subject_image,train,P06|132,132,1
baseline_allch_80_700ms_6bins__train-subject_image__eval-subject_image,train,P06|134,134,1
baseline_allch_80_700ms_6bins__train-subject_image__eval-subject_image,train,P06|135,135,1
baseline_allch_80_700ms_6bins__train-subject_image__eval-subject_image,train,P06|137,137,1
baseline_allch_80_700ms_6bins__train-subject_image__eval-subject_image,train,P06|138,138,1
baseline_allch_80_700ms_6bins__train-subject_image__eval-subject_image,train,P06|139,139,1
baseline_allch_80_700ms_6bins__train-subject_image__eval-subject_image,train,P06|141,141,1
baseline_allch_80_700ms_6bins__train-subject_image__eval-subject_image,train,P06|144,144,2
baseline_allch_80_700ms_6bins__train-subject_image__eval-subject_image,train,P06|145,145,1
baseline_allch_80_700ms_6bins__train-subject_image__eval-subject_image,train,P06|146,146,2
baseline_allch_80_700ms_6bins__train-subject_image__eval-subject_image,train,P06|147,147,1
baseline_allch_80_700ms_6bins__train-subject_image__eval-subject_image,train,P06|148,148,1
baseline_allch_80_700ms_6bins__train-subject_image__eval-subject_image,train,P06|149,149,2
baseline_allch_80_700ms_6bins__train-subject_image__eval-subject_image,train,P06|150,150,1
baseline_allch_80_700ms_6bins__train-subject_image__eval-subject_image,train,P06|152,152,1
baseline_allch_80_700ms_6bins__train-subject_image__eval-subject_image,train,P06|153,153,1
baseline_allch_80_700ms_6bins__train-subject_image__eval-subject_image,train,P06|154,154,1
baseline_allch_80_700ms_6bins__train-subject_image__eval-subject_image,train,P06|157,157,1
baseline_allch_80_700ms_6bins__train-subject_image__eval-subject_image,train,P06|158,158,2
baseline_allch_80_700ms_6bins__train-subject_image__eval-subject_image,train,P06|159,159,2
baseline_allch_80_700ms_6bins__train-subject_image__eval-subject_image,train,P07|1,1,1
baseline_allch_80_700ms_6bins__train-subject_image__eval-subject_image,train,P07|3,3,1
baseline_allch_80_700ms_6bins__train-subject_image__eval-subject_image,train,P07|4,4,1
baseline_allch_80_700ms_6bins__train-subject_image__eval-subject_image,train,P07|5,5,2
baseline_allch_80_700ms_6bins__train-subject_image__eval-subject_image,train,P07|6,6,1
baseline_allch_80_700ms_6bins__train-subject_image__eval-subject_image,train,P07|7,7,1
baseline_allch_80_700ms_6bins__train-subject_image__eval-subject_image,train,P07|8,8,1
baseline_allch_80_700ms_6bins__train-subject_image__eval-subject_image,train,P07|9,9,1
baseline_allch_80_700ms_6bins__train-subject_image__eval-subject_image,train,P07|10,10,1
baseline_allch_80_700ms_6bins__train-subject_image__eval-subject_image,train,P07|12,12,1
baseline_allch_80_700ms_6bins__train-subject_image__eval-subject_image,train,P07|13,13,1
baseline_allch_80_700ms_6bins__train-subject_image__eval-subject_image,train,P07|14,14,2
baseline_allch_80_700ms_6bins__train-subject_image__eval-subject_image,train,P07|15,15,1
baseline_allch_80_700ms_6bins__train-subject_image__eval-subject_image,train,P07|16,16,1
baseline_allch_80_700ms_6bins__train-subject_image__eval-subject_image,train,P07|20,20,1
baseline_allch_80_700ms_6bins__train-subject_image__eval-subject_image,train,P07|21,21,1
baseline_allch_80_700ms_6bins__train-subject_image__eval-subject_image,train,P07|22,22,2
baseline_allch_80_700ms_6bins__train-subject_image__eval-subject_image,train,P07|23,23,1
baseline_allch_80_700ms_6bins__train-subject_image__eval-subject_image,train,P07|24,24,1
baseline_allch_80_700ms_6bins__train-subject_image__eval-subject_image,train,P07|25,25,1
baseline_allch_80_700ms_6bins__train-subject_image__eval-subject_image,train,P07|26,26,2
baseline_allch_80_700ms_6bins__train-subject_image__eval-subject_image,train,P07|27,27,1
baseline_allch_80_700ms_6bins__train-subject_image__eval-subject_image,train,P07|28,28,1
baseline_allch_80_700ms_6bins__train-subject_image__eval-subject_image,train,P07|29,29,1
baseline_allch_80_700ms_6bins__train-subject_image__eval-subject_image,train,P07|31,31,1
baseline_allch_80_700ms_6bins__train-subject_image__eval-subject_image,train,P07|32,32,1
baseline_allch_80_700ms_6bins__train-subject_image__eval-subject_image,train,P07|33,33,1
baseline_allch_80_700ms_6bins__train-subject_image__eval-subject_image,train,P07|34,34,1
baseline_allch_80_700ms_6bins__train-subject_image__eval-subject_image,train,P07|35,35,1
baseline_allch_80_700ms_6bins__train-subject_image__eval-subject_image,train,P07|36,36,1
baseline_allch_80_700ms_6bins__train-subject_image__eval-subject_image,train,P07|37,37,1
baseline_allch_80_700ms_6bins__train-subject_image__eval-subject_image,train,P07|39,39,1
baseline_allch_80_700ms_6bins__train-subject_image__eval-subject_image,train,P07|40,40,1
baseline_allch_80_700ms_6bins__train-subject_image__eval-subject_image,train,P07|41,41,1
baseline_allch_80_700ms_6bins__train-subject_image__eval-subject_image,train,P07|43,43,1
baseline_allch_80_700ms_6bins__train-subject_image__eval-subject_image,train,P07|44,44,2
baseline_allch_80_700ms_6bins__train-subject_image__eval-subject_image,train,P07|45,45,2
baseline_allch_80_700ms_6bins__train-subject_image__eval-subject_image,train,P07|46,46,1
baseline_allch_80_700ms_6bins__train-subject_image__eval-subject_image,train,P07|47,47,1
baseline_allch_80_700ms_6bins__train-subject_image__eval-subject_image,train,P07|48,48,1
baseline_allch_80_700ms_6bins__train-subject_image__eval-subject_image,train,P07|49,49,1
baseline_allch_80_700ms_6bins__train-subject_image__eval-subject_image,train,P07|50,50,2
baseline_allch_80_700ms_6bins__train-subject_image__eval-subject_image,train,P07|51,51,2
baseline_allch_80_700ms_6bins__train-subject_image__eval-subject_image,train,P07|53,53,1
baseline_allch_80_700ms_6bins__train-subject_image__eval-subject_image,train,P07|54,54,1
baseline_allch_80_700ms_6bins__train-subject_image__eval-subject_image,train,P07|55,55,1
baseline_allch_80_700ms_6bins__train-subject_image__eval-subject_image,train,P07|56,56,1
baseline_allch_80_700ms_6bins__train-subject_image__eval-subject_image,train,P07|57,57,1
baseline_allch_80_700ms_6bins__train-subject_image__eval-subject_image,train,P07|58,58,2
baseline_allch_80_700ms_6bins__train-subject_image__eval-subject_image,train,P07|59,59,2
baseline_allch_80_700ms_6bins__train-subject_image__eval-subject_image,train,P07|60,60,2
baseline_allch_80_700ms_6bins__train-subject_image__eval-subject_image,train,P07|62,62,1
baseline_allch_80_700ms_6bins__train-subject_image__eval-subject_image,train,P07|63,63,1
baseline_allch_80_700ms_6bins__train-subject_image__eval-subject_image,train,P07|64,64,1
baseline_allch_80_700ms_6bins__train-subject_image__eval-subject_image,train,P07|65,65,1
baseline_allch_80_700ms_6bins__train-subject_image__eval-subject_image,train,P07|68,68,1
baseline_allch_80_700ms_6bins__train-subject_image__eval-subject_image,train,P07|69,69,1
baseline_allch_80_700ms_6bins__train-subject_image__eval-subject_image,train,P07|70,70,2
baseline_allch_80_700ms_6bins__train-subject_image__eval-subject_image,train,P07|71,71,1
baseline_allch_80_700ms_6bins__train-subject_image__eval-subject_image,train,P07|73,73,1
baseline_allch_80_700ms_6bins__train-subject_image__eval-subject_image,train,P07|74,74,1
baseline_allch_80_700ms_6bins__train-subject_image__eval-subject_image,train,P07|75,75,1
baseline_allch_80_700ms_6bins__train-subject_image__eval-subject_image,train,P07|77,77,1
baseline_allch_80_700ms_6bins__train-subject_image__eval-subject_image,train,P07|78,78,1
baseline_allch_80_700ms_6bins__train-subject_image__eval-subject_image,train,P07|79,79,1
baseline_allch_80_700ms_6bins__train-subject_image__eval-subject_image,train,P07|80,80,1
baseline_allch_80_700ms_6bins__train-subject_image__eval-subject_image,train,P07|81,81,2
baseline_allch_80_700ms_6bins__train-subject_image__eval-subject_image,train,P07|82,82,1
baseline_allch_80_700ms_6bins__train-subject_image__eval-subject_image,train,P07|83,83,2
baseline_allch_80_700ms_6bins__train-subject_image__eval-subject_image,train,P07|84,84,1
baseline_allch_80_700ms_6bins__train-subject_image__eval-subject_image,train,P07|86,86,1
baseline_allch_80_700ms_6bins__train-subject_image__eval-subject_image,train,P07|87,87,1
baseline_allch_80_700ms_6bins__train-subject_image__eval-subject_image,train,P07|88,88,1
baseline_allch_80_700ms_6bins__train-subject_image__eval-subject_image,train,P07|90,90,1
baseline_allch_80_700ms_6bins__train-subject_image__eval-subject_image,train,P07|91,91,2
baseline_allch_80_700ms_6bins__train-subject_image__eval-subject_image,train,P07|92,92,1
baseline_allch_80_700ms_6bins__train-subject_image__eval-subject_image,train,P07|93,93,1
baseline_allch_80_700ms_6bins__train-subject_image__eval-subject_image,train,P07|95,95,1
baseline_allch_80_700ms_6bins__train-subject_image__eval-subject_image,train,P07|97,97,1
baseline_allch_80_700ms_6bins__train-subject_image__eval-subject_image,train,P07|98,98,1
baseline_allch_80_700ms_6bins__train-subject_image__eval-subject_image,train,P07|99,99,1
baseline_allch_80_700ms_6bins__train-subject_image__eval-subject_image,train,P07|100,100,1
baseline_allch_80_700ms_6bins__train-subject_image__eval-subject_image,train,P07|101,101,1
baseline_allch_80_700ms_6bins__train-subject_image__eval-subject_image,train,P07|102,102,1
baseline_allch_80_700ms_6bins__train-subject_image__eval-subject_image,train,P07|103,103,2
baseline_allch_80_700ms_6bins__train-subject_image__eval-subject_image,train,P07|105,105,1
baseline_allch_80_700ms_6bins__train-subject_image__eval-subject_image,train,P07|106,106,1
baseline_allch_80_700ms_6bins__train-subject_image__eval-subject_image,train,P07|107,107,1
baseline_allch_80_700ms_6bins__train-subject_image__eval-subject_image,train,P07|108,108,1
baseline_allch_80_700ms_6bins__train-subject_image__eval-subject_image,train,P07|109,109,2
baseline_allch_80_700ms_6bins__train-subject_image__eval-subject_image,train,P07|110,110,1
baseline_allch_80_700ms_6bins__train-subject_image__eval-subject_image,train,P07|111,111,1
baseline_allch_80_700ms_6bins__train-subject_image__eval-subject_image,train,P07|112,112,1
baseline_allch_80_700ms_6bins__train-subject_image__eval-subject_image,train,P07|113,113,1
baseline_allch_80_700ms_6bins__train-subject_image__eval-subject_image,train,P07|114,114,1
baseline_allch_80_700ms_6bins__train-subject_image__eval-subject_image,train,P07|115,115,1
baseline_allch_80_700ms_6bins__train-subject_image__eval-subject_image,train,P07|116,116,1
baseline_allch_80_700ms_6bins__train-subject_image__eval-subject_image,train,P07|117,117,2
baseline_allch_80_700ms_6bins__train-subject_image__eval-subject_image,train,P07|118,118,1
baseline_allch_80_700ms_6bins__train-subject_image__eval-subject_image,train,P07|119,119,2
baseline_allch_80_700ms_6bins__train-subject_image__eval-subject_image,train,P07|121,121,1
baseline_allch_80_700ms_6bins__train-subject_image__eval-subject_image,train,P07|124,124,2
baseline_allch_80_700ms_6bins__train-subject_image__eval-subject_image,train,P07|125,125,2
baseline_allch_80_700ms_6bins__train-subject_image__eval-subject_image,train,P07|126,126,1
baseline_allch_80_700ms_6bins__train-subject_image__eval-subject_image,train,P07|127,127,1
baseline_allch_80_700ms_6bins__train-subject_image__eval-subject_image,train,P07|128,128,2
baseline_allch_80_700ms_6bins__train-subject_image__eval-subject_image,train,P07|129,129,2
baseline_allch_80_700ms_6bins__train-subject_image__eval-subject_image,train,P07|130,130,1
baseline_allch_80_700ms_6bins__train-subject_image__eval-subject_image,train,P07|132,132,1
baseline_allch_80_700ms_6bins__train-subject_image__eval-subject_image,train,P07|134,134,1
baseline_allch_80_700ms_6bins__train-subject_image__eval-subject_image,train,P07|135,135,1
baseline_allch_80_700ms_6bins__train-subject_image__eval-subject_image,train,P07|137,137,1
baseline_allch_80_700ms_6bins__train-subject_image__eval-subject_image,train,P07|138,138,1
baseline_allch_80_700ms_6bins__train-subject_image__eval-subject_image,train,P07|139,139,1
baseline_allch_80_700ms_6bins__train-subject_image__eval-subject_image,train,P07|141,141,1
baseline_allch_80_700ms_6bins__train-subject_image__eval-subject_image,train,P07|144,144,2
baseline_allch_80_700ms_6bins__train-subject_image__eval-subject_image,train,P07|145,145,1
baseline_allch_80_700ms_6bins__train-subject_image__eval-subject_image,train,P07|146,146,2
baseline_allch_80_700ms_6bins__train-subject_image__eval-subject_image,train,P07|147,147,1
baseline_allch_80_700ms_6bins__train-subject_image__eval-subject_image,train,P07|148,148,1
baseline_allch_80_700ms_6bins__train-subject_image__eval-subject_image,train,P07|149,149,2
baseline_allch_80_700ms_6bins__train-subject_image__eval-subject_image,train,P07|150,150,1
baseline_allch_80_700ms_6bins__train-subject_image__eval-subject_image,train,P07|152,152,1
baseline_allch_80_700ms_6bins__train-subject_image__eval-subject_image,train,P07|153,153,1
baseline_allch_80_700ms_6bins__train-subject_image__eval-subject_image,train,P07|154,154,1
baseline_allch_80_700ms_6bins__train-subject_image__eval-subject_image,train,P07|157,157,1
baseline_allch_80_700ms_6bins__train-subject_image__eval-subject_image,train,P07|158,158,2
baseline_allch_80_700ms_6bins__train-subject_image__eval-subject_image,train,P07|159,159,2
baseline_allch_80_700ms_6bins__train-subject_image__eval-subject_image,train,melina|1,1,1
baseline_allch_80_700ms_6bins__train-subject_image__eval-subject_image,train,melina|3,3,1
baseline_allch_80_700ms_6bins__train-subject_image__eval-subject_image,train,melina|4,4,1
baseline_allch_80_700ms_6bins__train-subject_image__eval-subject_image,train,melina|5,5,2
baseline_allch_80_700ms_6bins__train-subject_image__eval-subject_image,train,melina|6,6,1
baseline_allch_80_700ms_6bins__train-subject_image__eval-subject_image,train,melina|7,7,1
baseline_allch_80_700ms_6bins__train-subject_image__eval-subject_image,train,melina|8,8,1
baseline_allch_80_700ms_6bins__train-subject_image__eval-subject_image,train,melina|9,9,1
baseline_allch_80_700ms_6bins__train-subject_image__eval-subject_image,train,melina|10,10,1
baseline_allch_80_700ms_6bins__train-subject_image__eval-subject_image,train,melina|12,12,1
baseline_allch_80_700ms_6bins__train-subject_image__eval-subject_image,train,melina|13,13,1
baseline_allch_80_700ms_6bins__train-subject_image__eval-subject_image,train,melina|14,14,2
baseline_allch_80_700ms_6bins__train-subject_image__eval-subject_image,train,melina|15,15,1
baseline_allch_80_700ms_6bins__train-subject_image__eval-subject_image,train,melina|16,16,1
baseline_allch_80_700ms_6bins__train-subject_image__eval-subject_image,train,melina|20,20,1
baseline_allch_80_700ms_6bins__train-subject_image__eval-subject_image,train,melina|21,21,1
baseline_allch_80_700ms_6bins__train-subject_image__eval-subject_image,train,melina|22,22,2
baseline_allch_80_700ms_6bins__train-subject_image__eval-subject_image,train,melina|23,23,1
baseline_allch_80_700ms_6bins__train-subject_image__eval-subject_image,train,melina|24,24,1
baseline_allch_80_700ms_6bins__train-subject_image__eval-subject_image,train,melina|25,25,1
baseline_allch_80_700ms_6bins__train-subject_image__eval-subject_image,train,melina|26,26,2
baseline_allch_80_700ms_6bins__train-subject_image__eval-subject_image,train,melina|27,27,1
baseline_allch_80_700ms_6bins__train-subject_image__eval-subject_image,train,melina|28,28,1
baseline_allch_80_700ms_6bins__train-subject_image__eval-subject_image,train,melina|29,29,1
baseline_allch_80_700ms_6bins__train-subject_image__eval-subject_image,train,melina|31,31,1
baseline_allch_80_700ms_6bins__train-subject_image__eval-subject_image,train,melina|32,32,1
baseline_allch_80_700ms_6bins__train-subject_image__eval-subject_image,train,melina|33,33,1
baseline_allch_80_700ms_6bins__train-subject_image__eval-subject_image,train,melina|34,34,1
baseline_allch_80_700ms_6bins__train-subject_image__eval-subject_image,train,melina|35,35,1
baseline_allch_80_700ms_6bins__train-subject_image__eval-subject_image,train,melina|36,36,1
baseline_allch_80_700ms_6bins__train-subject_image__eval-subject_image,train,melina|37,37,1
baseline_allch_80_700ms_6bins__train-subject_image__eval-subject_image,train,melina|39,39,1
baseline_allch_80_700ms_6bins__train-subject_image__eval-subject_image,train,melina|40,40,1
baseline_allch_80_700ms_6bins__train-subject_image__eval-subject_image,train,melina|41,41,1
baseline_allch_80_700ms_6bins__train-subject_image__eval-subject_image,train,melina|43,43,1
baseline_allch_80_700ms_6bins__train-subject_image__eval-subject_image,train,melina|44,44,2
baseline_allch_80_700ms_6bins__train-subject_image__eval-subject_image,train,melina|45,45,2
baseline_allch_80_700ms_6bins__train-subject_image__eval-subject_image,train,melina|46,46,1
baseline_allch_80_700ms_6bins__train-subject_image__eval-subject_image,train,melina|47,47,1
baseline_allch_80_700ms_6bins__train-subject_image__eval-subject_image,train,melina|48,48,1
baseline_allch_80_700ms_6bins__train-subject_image__eval-subject_image,train,melina|49,49,1
baseline_allch_80_700ms_6bins__train-subject_image__eval-subject_image,train,melina|50,50,2
baseline_allch_80_700ms_6bins__train-subject_image__eval-subject_image,train,melina|51,51,2
baseline_allch_80_700ms_6bins__train-subject_image__eval-subject_image,train,melina|53,53,1
baseline_allch_80_700ms_6bins__train-subject_image__eval-subject_image,train,melina|54,54,1
baseline_allch_80_700ms_6bins__train-subject_image__eval-subject_image,train,melina|55,55,1
baseline_allch_80_700ms_6bins__train-subject_image__eval-subject_image,train,melina|56,56,1
baseline_allch_80_700ms_6bins__train-subject_image__eval-subject_image,train,melina|57,57,1
baseline_allch_80_700ms_6bins__train-subject_image__eval-subject_image,train,melina|58,58,2
baseline_allch_80_700ms_6bins__train-subject_image__eval-subject_image,train,melina|59,59,2
baseline_allch_80_700ms_6bins__train-subject_image__eval-subject_image,train,melina|60,60,2
baseline_allch_80_700ms_6bins__train-subject_image__eval-subject_image,train,melina|62,62,1
baseline_allch_80_700ms_6bins__train-subject_image__eval-subject_image,train,melina|63,63,1
baseline_allch_80_700ms_6bins__train-subject_image__eval-subject_image,train,melina|64,64,1
baseline_allch_80_700ms_6bins__train-subject_image__eval-subject_image,train,melina|65,65,1
baseline_allch_80_700ms_6bins__train-subject_image__eval-subject_image,train,melina|68,68,1
baseline_allch_80_700ms_6bins__train-subject_image__eval-subject_image,train,melina|69,69,1
baseline_allch_80_700ms_6bins__train-subject_image__eval-subject_image,train,melina|70,70,2
baseline_allch_80_700ms_6bins__train-subject_image__eval-subject_image,train,melina|71,71,1
baseline_allch_80_700ms_6bins__train-subject_image__eval-subject_image,train,melina|73,73,1
baseline_allch_80_700ms_6bins__train-subject_image__eval-subject_image,train,melina|74,74,1
baseline_allch_80_700ms_6bins__train-subject_image__eval-subject_image,train,melina|75,75,1
baseline_allch_80_700ms_6bins__train-subject_image__eval-subject_image,train,melina|77,77,1
baseline_allch_80_700ms_6bins__train-subject_image__eval-subject_image,train,melina|78,78,1
baseline_allch_80_700ms_6bins__train-subject_image__eval-subject_image,train,melina|79,79,1
baseline_allch_80_700ms_6bins__train-subject_image__eval-subject_image,train,melina|80,80,1
baseline_allch_80_700ms_6bins__train-subject_image__eval-subject_image,train,melina|81,81,2
baseline_allch_80_700ms_6bins__train-subject_image__eval-subject_image,train,melina|82,82,1
baseline_allch_80_700ms_6bins__train-subject_image__eval-subject_image,train,melina|83,83,2
baseline_allch_80_700ms_6bins__train-subject_image__eval-subject_image,train,melina|84,84,1
baseline_allch_80_700ms_6bins__train-subject_image__eval-subject_image,train,melina|86,86,1
baseline_allch_80_700ms_6bins__train-subject_image__eval-subject_image,train,melina|87,87,1
baseline_allch_80_700ms_6bins__train-subject_image__eval-subject_image,train,melina|88,88,1
baseline_allch_80_700ms_6bins__train-subject_image__eval-subject_image,train,melina|90,90,1
baseline_allch_80_700ms_6bins__train-subject_image__eval-subject_image,train,melina|91,91,2
baseline_allch_80_700ms_6bins__train-subject_image__eval-subject_image,train,melina|92,92,1
baseline_allch_80_700ms_6bins__train-subject_image__eval-subject_image,train,melina|93,93,1
baseline_allch_80_700ms_6bins__train-subject_image__eval-subject_image,train,melina|95,95,1
baseline_allch_80_700ms_6bins__train-subject_image__eval-subject_image,train,melina|97,97,1
baseline_allch_80_700ms_6bins__train-subject_image__eval-subject_image,train,melina|98,98,1
baseline_allch_80_700ms_6bins__train-subject_image__eval-subject_image,train,melina|99,99,1
baseline_allch_80_700ms_6bins__train-subject_image__eval-subject_image,train,melina|100,100,1
baseline_allch_80_700ms_6bins__train-subject_image__eval-subject_image,train,melina|101,101,1
baseline_allch_80_700ms_6bins__train-subject_image__eval-subject_image,train,melina|102,102,1
baseline_allch_80_700ms_6bins__train-subject_image__eval-subject_image,train,melina|103,103,2
baseline_allch_80_700ms_6bins__train-subject_image__eval-subject_image,train,melina|105,105,1
baseline_allch_80_700ms_6bins__train-subject_image__eval-subject_image,train,melina|106,106,1
baseline_allch_80_700ms_6bins__train-subject_image__eval-subject_image,train,melina|107,107,1
baseline_allch_80_700ms_6bins__train-subject_image__eval-subject_image,train,melina|108,108,1
baseline_allch_80_700ms_6bins__train-subject_image__eval-subject_image,train,melina|109,109,2
baseline_allch_80_700ms_6bins__train-subject_image__eval-subject_image,train,melina|110,110,1
baseline_allch_80_700ms_6bins__train-subject_image__eval-subject_image,train,melina|111,111,1
baseline_allch_80_700ms_6bins__train-subject_image__eval-subject_image,train,melina|112,112,1
baseline_allch_80_700ms_6bins__train-subject_image__eval-subject_image,train,melina|113,113,1
baseline_allch_80_700ms_6bins__train-subject_image__eval-subject_image,train,melina|114,114,1
baseline_allch_80_700ms_6bins__train-subject_image__eval-subject_image,train,melina|115,115,1
baseline_allch_80_700ms_6bins__train-subject_image__eval-subject_image,train,melina|116,116,1
baseline_allch_80_700ms_6bins__train-subject_image__eval-subject_image,train,melina|117,117,2
baseline_allch_80_700ms_6bins__train-subject_image__eval-subject_image,train,melina|118,118,1
baseline_allch_80_700ms_6bins__train-subject_image__eval-subject_image,train,melina|119,119,2
baseline_allch_80_700ms_6bins__train-subject_image__eval-subject_image,train,melina|121,121,1
baseline_allch_80_700ms_6bins__train-subject_image__eval-subject_image,train,melina|124,124,2
baseline_allch_80_700ms_6bins__train-subject_image__eval-subject_image,train,melina|125,125,2
baseline_allch_80_700ms_6bins__train-subject_image__eval-subject_image,train,melina|126,126,1
baseline_allch_80_700ms_6bins__train-subject_image__eval-subject_image,train,melina|127,127,1
baseline_allch_80_700ms_6bins__train-subject_image__eval-subject_image,train,melina|128,128,2
baseline_allch_80_700ms_6bins__train-subject_image__eval-subject_image,train,melina|129,129,2
baseline_allch_80_700ms_6bins__train-subject_image__eval-subject_image,train,melina|130,130,1
baseline_allch_80_700ms_6bins__train-subject_image__eval-subject_image,train,melina|132,132,1
baseline_allch_80_700ms_6bins__train-subject_image__eval-subject_image,train,melina|134,134,1
baseline_allch_80_700ms_6bins__train-subject_image__eval-subject_image,train,melina|135,135,1
baseline_allch_80_700ms_6bins__train-subject_image__eval-subject_image,train,melina|137,137,1
baseline_allch_80_700ms_6bins__train-subject_image__eval-subject_image,train,melina|138,138,1
baseline_allch_80_700ms_6bins__train-subject_image__eval-subject_image,train,melina|139,139,1
baseline_allch_80_700ms_6bins__train-subject_image__eval-subject_image,train,melina|141,141,1
baseline_allch_80_700ms_6bins__train-subject_image__eval-subject_image,train,melina|144,144,2
baseline_allch_80_700ms_6bins__train-subject_image__eval-subject_image,train,melina|145,145,1
baseline_allch_80_700ms_6bins__train-subject_image__eval-subject_image,train,melina|146,146,2
baseline_allch_80_700ms_6bins__train-subject_image__eval-subject_image,train,melina|147,147,1
baseline_allch_80_700ms_6bins__train-subject_image__eval-subject_image,train,melina|148,148,1
baseline_allch_80_700ms_6bins__train-subject_image__eval-subject_image,train,melina|149,149,2
baseline_allch_80_700ms_6bins__train-subject_image__eval-subject_image,train,melina|150,150,1
baseline_allch_80_700ms_6bins__train-subject_image__eval-subject_image,train,melina|152,152,1
baseline_allch_80_700ms_6bins__train-subject_image__eval-subject_image,train,melina|153,153,1
baseline_allch_80_700ms_6bins__train-subject_image__eval-subject_image,train,melina|154,154,1
baseline_allch_80_700ms_6bins__train-subject_image__eval-subject_image,train,melina|157,157,1
baseline_allch_80_700ms_6bins__train-subject_image__eval-subject_image,train,melina|158,158,2
baseline_allch_80_700ms_6bins__train-subject_image__eval-subject_image,train,melina|159,159,2
baseline_allch_80_700ms_6bins__train-subject_image__eval-subject_image,train,zar|1,1,1
baseline_allch_80_700ms_6bins__train-subject_image__eval-subject_image,train,zar|3,3,1
baseline_allch_80_700ms_6bins__train-subject_image__eval-subject_image,train,zar|4,4,1
baseline_allch_80_700ms_6bins__train-subject_image__eval-subject_image,train,zar|5,5,1
baseline_allch_80_700ms_6bins__train-subject_image__eval-subject_image,train,zar|6,6,1
baseline_allch_80_700ms_6bins__train-subject_image__eval-subject_image,train,zar|7,7,1
baseline_allch_80_700ms_6bins__train-subject_image__eval-subject_image,train,zar|8,8,1
baseline_allch_80_700ms_6bins__train-subject_image__eval-subject_image,train,zar|9,9,1
baseline_allch_80_700ms_6bins__train-subject_image__eval-subject_image,train,zar|10,10,1
baseline_allch_80_700ms_6bins__train-subject_image__eval-subject_image,train,zar|12,12,1
baseline_allch_80_700ms_6bins__train-subject_image__eval-subject_image,train,zar|13,13,1
baseline_allch_80_700ms_6bins__train-subject_image__eval-subject_image,train,zar|14,14,2
baseline_allch_80_700ms_6bins__train-subject_image__eval-subject_image,train,zar|15,15,1
baseline_allch_80_700ms_6bins__train-subject_image__eval-subject_image,train,zar|16,16,1
baseline_allch_80_700ms_6bins__train-subject_image__eval-subject_image,train,zar|20,20,1
baseline_allch_80_700ms_6bins__train-subject_image__eval-subject_image,train,zar|21,21,1
baseline_allch_80_700ms_6bins__train-subject_image__eval-subject_image,train,zar|22,22,2
baseline_allch_80_700ms_6bins__train-subject_image__eval-subject_image,train,zar|24,24,1
baseline_allch_80_700ms_6bins__train-subject_image__eval-subject_image,train,zar|25,25,1
baseline_allch_80_700ms_6bins__train-subject_image__eval-subject_image,train,zar|26,26,2
baseline_allch_80_700ms_6bins__train-subject_image__eval-subject_image,train,zar|27,27,1
baseline_allch_80_700ms_6bins__train-subject_image__eval-subject_image,train,zar|28,28,1
baseline_allch_80_700ms_6bins__train-subject_image__eval-subject_image,train,zar|31,31,1
baseline_allch_80_700ms_6bins__train-subject_image__eval-subject_image,train,zar|32,32,1
baseline_allch_80_700ms_6bins__train-subject_image__eval-subject_image,train,zar|33,33,1
baseline_allch_80_700ms_6bins__train-subject_image__eval-subject_image,train,zar|34,34,1
baseline_allch_80_700ms_6bins__train-subject_image__eval-subject_image,train,zar|35,35,1
baseline_allch_80_700ms_6bins__train-subject_image__eval-subject_image,train,zar|36,36,1
baseline_allch_80_700ms_6bins__train-subject_image__eval-subject_image,train,zar|37,37,1
baseline_allch_80_700ms_6bins__train-subject_image__eval-subject_image,train,zar|39,39,1
baseline_allch_80_700ms_6bins__train-subject_image__eval-subject_image,train,zar|40,40,1
baseline_allch_80_700ms_6bins__train-subject_image__eval-subject_image,train,zar|41,41,1
baseline_allch_80_700ms_6bins__train-subject_image__eval-subject_image,train,zar|43,43,1
baseline_allch_80_700ms_6bins__train-subject_image__eval-subject_image,train,zar|44,44,1
baseline_allch_80_700ms_6bins__train-subject_image__eval-subject_image,train,zar|45,45,2
baseline_allch_80_700ms_6bins__train-subject_image__eval-subject_image,train,zar|46,46,1
baseline_allch_80_700ms_6bins__train-subject_image__eval-subject_image,train,zar|47,47,1
baseline_allch_80_700ms_6bins__train-subject_image__eval-subject_image,train,zar|48,48,1
baseline_allch_80_700ms_6bins__train-subject_image__eval-subject_image,train,zar|50,50,2
baseline_allch_80_700ms_6bins__train-subject_image__eval-subject_image,train,zar|51,51,2
baseline_allch_80_700ms_6bins__train-subject_image__eval-subject_image,train,zar|54,54,1
baseline_allch_80_700ms_6bins__train-subject_image__eval-subject_image,train,zar|55,55,1
baseline_allch_80_700ms_6bins__train-subject_image__eval-subject_image,train,zar|56,56,1
baseline_allch_80_700ms_6bins__train-subject_image__eval-subject_image,train,zar|57,57,1
baseline_allch_80_700ms_6bins__train-subject_image__eval-subject_image,train,zar|58,58,2
baseline_allch_80_700ms_6bins__train-subject_image__eval-subject_image,train,zar|59,59,2
baseline_allch_80_700ms_6bins__train-subject_image__eval-subject_image,train,zar|60,60,1
baseline_allch_80_700ms_6bins__train-subject_image__eval-subject_image,train,zar|62,62,1
baseline_allch_80_700ms_6bins__train-subject_image__eval-subject_image,train,zar|63,63,1
baseline_allch_80_700ms_6bins__train-subject_image__eval-subject_image,train,zar|64,64,1
baseline_allch_80_700ms_6bins__train-subject_image__eval-subject_image,train,zar|65,65,1
baseline_allch_80_700ms_6bins__train-subject_image__eval-subject_image,train,zar|68,68,1
baseline_allch_80_700ms_6bins__train-subject_image__eval-subject_image,train,zar|69,69,1
baseline_allch_80_700ms_6bins__train-subject_image__eval-subject_image,train,zar|70,70,1
baseline_allch_80_700ms_6bins__train-subject_image__eval-subject_image,train,zar|71,71,1
baseline_allch_80_700ms_6bins__train-subject_image__eval-subject_image,train,zar|73,73,1
baseline_allch_80_700ms_6bins__train-subject_image__eval-subject_image,train,zar|74,74,1
baseline_allch_80_700ms_6bins__train-subject_image__eval-subject_image,train,zar|77,77,1
baseline_allch_80_700ms_6bins__train-subject_image__eval-subject_image,train,zar|78,78,1
baseline_allch_80_700ms_6bins__train-subject_image__eval-subject_image,train,zar|79,79,1
baseline_allch_80_700ms_6bins__train-subject_image__eval-subject_image,train,zar|80,80,1
baseline_allch_80_700ms_6bins__train-subject_image__eval-subject_image,train,zar|81,81,2
baseline_allch_80_700ms_6bins__train-subject_image__eval-subject_image,train,zar|82,82,1
baseline_allch_80_700ms_6bins__train-subject_image__eval-subject_image,train,zar|83,83,2
baseline_allch_80_700ms_6bins__train-subject_image__eval-subject_image,train,zar|84,84,1
baseline_allch_80_700ms_6bins__train-subject_image__eval-subject_image,train,zar|86,86,1
baseline_allch_80_700ms_6bins__train-subject_image__eval-subject_image,train,zar|87,87,1
baseline_allch_80_700ms_6bins__train-subject_image__eval-subject_image,train,zar|88,88,1
baseline_allch_80_700ms_6bins__train-subject_image__eval-subject_image,train,zar|90,90,1
baseline_allch_80_700ms_6bins__train-subject_image__eval-subject_image,train,zar|91,91,2
baseline_allch_80_700ms_6bins__train-subject_image__eval-subject_image,train,zar|92,92,1
baseline_allch_80_700ms_6bins__train-subject_image__eval-subject_image,train,zar|93,93,1
baseline_allch_80_700ms_6bins__train-subject_image__eval-subject_image,train,zar|97,97,1
baseline_allch_80_700ms_6bins__train-subject_image__eval-subject_image,train,zar|98,98,1
baseline_allch_80_700ms_6bins__train-subject_image__eval-subject_image,train,zar|99,99,1
baseline_allch_80_700ms_6bins__train-subject_image__eval-subject_image,train,zar|100,100,1
baseline_allch_80_700ms_6bins__train-subject_image__eval-subject_image,train,zar|101,101,1
baseline_allch_80_700ms_6bins__train-subject_image__eval-subject_image,train,zar|102,102,1
baseline_allch_80_700ms_6bins__train-subject_image__eval-subject_image,train,zar|103,103,2
baseline_allch_80_700ms_6bins__train-subject_image__eval-subject_image,train,zar|105,105,1
baseline_allch_80_700ms_6bins__train-subject_image__eval-subject_image,train,zar|106,106,1
baseline_allch_80_700ms_6bins__train-subject_image__eval-subject_image,train,zar|107,107,1
baseline_allch_80_700ms_6bins__train-subject_image__eval-subject_image,train,zar|108,108,1
baseline_allch_80_700ms_6bins__train-subject_image__eval-subject_image,train,zar|109,109,1
baseline_allch_80_700ms_6bins__train-subject_image__eval-subject_image,train,zar|110,110,1
baseline_allch_80_700ms_6bins__train-subject_image__eval-subject_image,train,zar|111,111,1
baseline_allch_80_700ms_6bins__train-subject_image__eval-subject_image,train,zar|112,112,1
baseline_allch_80_700ms_6bins__train-subject_image__eval-subject_image,train,zar|113,113,1
baseline_allch_80_700ms_6bins__train-subject_image__eval-subject_image,train,zar|114,114,1
baseline_allch_80_700ms_6bins__train-subject_image__eval-subject_image,train,zar|115,115,1
baseline_allch_80_700ms_6bins__train-subject_image__eval-subject_image,train,zar|116,116,1
baseline_allch_80_700ms_6bins__train-subject_image__eval-subject_image,train,zar|117,117,2
baseline_allch_80_700ms_6bins__train-subject_image__eval-subject_image,train,zar|118,118,1
baseline_allch_80_700ms_6bins__train-subject_image__eval-subject_image,train,zar|119,119,2
baseline_allch_80_700ms_6bins__train-subject_image__eval-subject_image,train,zar|121,121,1
baseline_allch_80_700ms_6bins__train-subject_image__eval-subject_image,train,zar|124,124,1
baseline_allch_80_700ms_6bins__train-subject_image__eval-subject_image,train,zar|125,125,2
baseline_allch_80_700ms_6bins__train-subject_image__eval-subject_image,train,zar|126,126,1
baseline_allch_80_700ms_6bins__train-subject_image__eval-subject_image,train,zar|127,127,1
baseline_allch_80_700ms_6bins__train-subject_image__eval-subject_image,train,zar|128,128,2
baseline_allch_80_700ms_6bins__train-subject_image__eval-subject_image,train,zar|129,129,1
baseline_allch_80_700ms_6bins__train-subject_image__eval-subject_image,train,zar|130,130,1
baseline_allch_80_700ms_6bins__train-subject_image__eval-subject_image,train,zar|134,134,1
baseline_allch_80_700ms_6bins__train-subject_image__eval-subject_image,train,zar|135,135,1
baseline_allch_80_700ms_6bins__train-subject_image__eval-subject_image,train,zar|137,137,1
baseline_allch_80_700ms_6bins__train-subject_image__eval-subject_image,train,zar|138,138,1
baseline_allch_80_700ms_6bins__train-subject_image__eval-subject_image,train,zar|139,139,1
baseline_allch_80_700ms_6bins__train-subject_image__eval-subject_image,train,zar|144,144,2
baseline_allch_80_700ms_6bins__train-subject_image__eval-subject_image,train,zar|146,146,2
baseline_allch_80_700ms_6bins__train-subject_image__eval-subject_image,train,zar|147,147,1
baseline_allch_80_700ms_6bins__train-subject_image__eval-subject_image,train,zar|148,148,1
baseline_allch_80_700ms_6bins__train-subject_image__eval-subject_image,train,zar|149,149,2
baseline_allch_80_700ms_6bins__train-subject_image__eval-subject_image,train,zar|150,150,1
baseline_allch_80_700ms_6bins__train-subject_image__eval-subject_image,train,zar|152,152,1
baseline_allch_80_700ms_6bins__train-subject_image__eval-subject_image,train,zar|153,153,1
baseline_allch_80_700ms_6bins__train-subject_image__eval-subject_image,train,zar|154,154,1
baseline_allch_80_700ms_6bins__train-subject_image__eval-subject_image,train,zar|157,157,1
baseline_allch_80_700ms_6bins__train-subject_image__eval-subject_image,train,zar|158,158,2
baseline_allch_80_700ms_6bins__train-subject_image__eval-subject_image,train,zar|159,159,2
baseline_allch_80_700ms_6bins__train-subject_image__eval-subject_image,val,P04|0,0,1
baseline_allch_80_700ms_6bins__train-subject_image__eval-subject_image,val,P04|2,2,1
baseline_allch_80_700ms_6bins__train-subject_image__eval-subject_image,val,P04|11,11,2
baseline_allch_80_700ms_6bins__train-subject_image__eval-subject_image,val,P04|17,17,1
baseline_allch_80_700ms_6bins__train-subject_image__eval-subject_image,val,P04|18,18,1
baseline_allch_80_700ms_6bins__train-subject_image__eval-subject_image,val,P04|19,19,2
baseline_allch_80_700ms_6bins__train-subject_image__eval-subject_image,val,P04|30,30,1
baseline_allch_80_700ms_6bins__train-subject_image__eval-subject_image,val,P04|38,38,1
baseline_allch_80_700ms_6bins__train-subject_image__eval-subject_image,val,P04|42,42,1
baseline_allch_80_700ms_6bins__train-subject_image__eval-subject_image,val,P04|52,52,2
baseline_allch_80_700ms_6bins__train-subject_image__eval-subject_image,val,P04|61,61,2
baseline_allch_80_700ms_6bins__train-subject_image__eval-subject_image,val,P04|66,66,1
baseline_allch_80_700ms_6bins__train-subject_image__eval-subject_image,val,P04|67,67,1
baseline_allch_80_700ms_6bins__train-subject_image__eval-subject_image,val,P04|72,72,1
baseline_allch_80_700ms_6bins__train-subject_image__eval-subject_image,val,P04|76,76,1
baseline_allch_80_700ms_6bins__train-subject_image__eval-subject_image,val,P04|85,85,1
baseline_allch_80_700ms_6bins__train-subject_image__eval-subject_image,val,P04|89,89,1
baseline_allch_80_700ms_6bins__train-subject_image__eval-subject_image,val,P04|94,94,1
baseline_allch_80_700ms_6bins__train-subject_image__eval-subject_image,val,P04|96,96,1
baseline_allch_80_700ms_6bins__train-subject_image__eval-subject_image,val,P04|104,104,1
baseline_allch_80_700ms_6bins__train-subject_image__eval-subject_image,val,P04|120,120,2
baseline_allch_80_700ms_6bins__train-subject_image__eval-subject_image,val,P04|122,122,1
baseline_allch_80_700ms_6bins__train-subject_image__eval-subject_image,val,P04|123,123,2
baseline_allch_80_700ms_6bins__train-subject_image__eval-subject_image,val,P04|131,131,2
baseline_allch_80_700ms_6bins__train-subject_image__eval-subject_image,val,P04|133,133,2
baseline_allch_80_700ms_6bins__train-subject_image__eval-subject_image,val,P04|136,136,1
baseline_allch_80_700ms_6bins__train-subject_image__eval-subject_image,val,P04|140,140,1
baseline_allch_80_700ms_6bins__train-subject_image__eval-subject_image,val,P04|142,142,1
baseline_allch_80_700ms_6bins__train-subject_image__eval-subject_image,val,P04|143,143,1
baseline_allch_80_700ms_6bins__train-subject_image__eval-subject_image,val,P04|155,155,1
baseline_allch_80_700ms_6bins__train-subject_image__eval-subject_image,val,P04|156,156,2
baseline_allch_80_700ms_6bins__train-subject_image__eval-subject_image,val,P05|0,0,2
baseline_allch_80_700ms_6bins__train-subject_image__eval-subject_image,val,P05|2,2,1
baseline_allch_80_700ms_6bins__train-subject_image__eval-subject_image,val,P05|11,11,2
baseline_allch_80_700ms_6bins__train-subject_image__eval-subject_image,val,P05|17,17,1
baseline_allch_80_700ms_6bins__train-subject_image__eval-subject_image,val,P05|18,18,1
baseline_allch_80_700ms_6bins__train-subject_image__eval-subject_image,val,P05|19,19,2
baseline_allch_80_700ms_6bins__train-subject_image__eval-subject_image,val,P05|30,30,1
baseline_allch_80_700ms_6bins__train-subject_image__eval-subject_image,val,P05|38,38,1
baseline_allch_80_700ms_6bins__train-subject_image__eval-subject_image,val,P05|42,42,1
baseline_allch_80_700ms_6bins__train-subject_image__eval-subject_image,val,P05|52,52,2
baseline_allch_80_700ms_6bins__train-subject_image__eval-subject_image,val,P05|61,61,2
baseline_allch_80_700ms_6bins__train-subject_image__eval-subject_image,val,P05|66,66,1
baseline_allch_80_700ms_6bins__train-subject_image__eval-subject_image,val,P05|67,67,1
baseline_allch_80_700ms_6bins__train-subject_image__eval-subject_image,val,P05|72,72,1
baseline_allch_80_700ms_6bins__train-subject_image__eval-subject_image,val,P05|76,76,1
baseline_allch_80_700ms_6bins__train-subject_image__eval-subject_image,val,P05|85,85,1
baseline_allch_80_700ms_6bins__train-subject_image__eval-subject_image,val,P05|89,89,1
baseline_allch_80_700ms_6bins__train-subject_image__eval-subject_image,val,P05|94,94,1
baseline_allch_80_700ms_6bins__train-subject_image__eval-subject_image,val,P05|96,96,1
baseline_allch_80_700ms_6bins__train-subject_image__eval-subject_image,val,P05|104,104,1
baseline_allch_80_700ms_6bins__train-subject_image__eval-subject_image,val,P05|120,120,2
baseline_allch_80_700ms_6bins__train-subject_image__eval-subject_image,val,P05|122,122,1
baseline_allch_80_700ms_6bins__train-subject_image__eval-subject_image,val,P05|123,123,2
baseline_allch_80_700ms_6bins__train-subject_image__eval-subject_image,val,P05|131,131,2
baseline_allch_80_700ms_6bins__train-subject_image__eval-subject_image,val,P05|133,133,2
baseline_allch_80_700ms_6bins__train-subject_image__eval-subject_image,val,P05|136,136,1
baseline_allch_80_700ms_6bins__train-subject_image__eval-subject_image,val,P05|140,140,1
baseline_allch_80_700ms_6bins__train-subject_image__eval-subject_image,val,P05|142,142,2
baseline_allch_80_700ms_6bins__train-subject_image__eval-subject_image,val,P05|143,143,2
baseline_allch_80_700ms_6bins__train-subject_image__eval-subject_image,val,P05|151,151,1
baseline_allch_80_700ms_6bins__train-subject_image__eval-subject_image,val,P05|155,155,1
baseline_allch_80_700ms_6bins__train-subject_image__eval-subject_image,val,P05|156,156,2
baseline_allch_80_700ms_6bins__train-subject_image__eval-subject_image,val,P06|0,0,2
baseline_allch_80_700ms_6bins__train-subject_image__eval-subject_image,val,P06|2,2,1
baseline_allch_80_700ms_6bins__train-subject_image__eval-subject_image,val,P06|11,11,2
baseline_allch_80_700ms_6bins__train-subject_image__eval-subject_image,val,P06|17,17,1
baseline_allch_80_700ms_6bins__train-subject_image__eval-subject_image,val,P06|18,18,1
baseline_allch_80_700ms_6bins__train-subject_image__eval-subject_image,val,P06|19,19,2
baseline_allch_80_700ms_6bins__train-subject_image__eval-subject_image,val,P06|30,30,1
baseline_allch_80_700ms_6bins__train-subject_image__eval-subject_image,val,P06|38,38,1
baseline_allch_80_700ms_6bins__train-subject_image__eval-subject_image,val,P06|42,42,1
baseline_allch_80_700ms_6bins__train-subject_image__eval-subject_image,val,P06|52,52,2
baseline_allch_80_700ms_6bins__train-subject_image__eval-subject_image,val,P06|61,61,2
baseline_allch_80_700ms_6bins__train-subject_image__eval-subject_image,val,P06|66,66,1
baseline_allch_80_700ms_6bins__train-subject_image__eval-subject_image,val,P06|67,67,1
baseline_allch_80_700ms_6bins__train-subject_image__eval-subject_image,val,P06|72,72,1
baseline_allch_80_700ms_6bins__train-subject_image__eval-subject_image,val,P06|76,76,1
baseline_allch_80_700ms_6bins__train-subject_image__eval-subject_image,val,P06|85,85,1
baseline_allch_80_700ms_6bins__train-subject_image__eval-subject_image,val,P06|89,89,1
baseline_allch_80_700ms_6bins__train-subject_image__eval-subject_image,val,P06|94,94,1
baseline_allch_80_700ms_6bins__train-subject_image__eval-subject_image,val,P06|96,96,1
baseline_allch_80_700ms_6bins__train-subject_image__eval-subject_image,val,P06|104,104,1
baseline_allch_80_700ms_6bins__train-subject_image__eval-subject_image,val,P06|120,120,2
baseline_allch_80_700ms_6bins__train-subject_image__eval-subject_image,val,P06|122,122,1
baseline_allch_80_700ms_6bins__train-subject_image__eval-subject_image,val,P06|123,123,2
baseline_allch_80_700ms_6bins__train-subject_image__eval-subject_image,val,P06|131,131,2
baseline_allch_80_700ms_6bins__train-subject_image__eval-subject_image,val,P06|133,133,2
baseline_allch_80_700ms_6bins__train-subject_image__eval-subject_image,val,P06|136,136,1
baseline_allch_80_700ms_6bins__train-subject_image__eval-subject_image,val,P06|140,140,1
baseline_allch_80_700ms_6bins__train-subject_image__eval-subject_image,val,P06|142,142,2
baseline_allch_80_700ms_6bins__train-subject_image__eval-subject_image,val,P06|143,143,2
baseline_allch_80_700ms_6bins__train-subject_image__eval-subject_image,val,P06|151,151,1
baseline_allch_80_700ms_6bins__train-subject_image__eval-subject_image,val,P06|155,155,1
baseline_allch_80_700ms_6bins__train-subject_image__eval-subject_image,val,P06|156,156,2
baseline_allch_80_700ms_6bins__train-subject_image__eval-subject_image,val,P07|0,0,2
baseline_allch_80_700ms_6bins__train-subject_image__eval-subject_image,val,P07|2,2,1
baseline_allch_80_700ms_6bins__train-subject_image__eval-subject_image,val,P07|11,11,2
baseline_allch_80_700ms_6bins__train-subject_image__eval-subject_image,val,P07|17,17,1
baseline_allch_80_700ms_6bins__train-subject_image__eval-subject_image,val,P07|18,18,1
baseline_allch_80_700ms_6bins__train-subject_image__eval-subject_image,val,P07|19,19,2
baseline_allch_80_700ms_6bins__train-subject_image__eval-subject_image,val,P07|30,30,1
baseline_allch_80_700ms_6bins__train-subject_image__eval-subject_image,val,P07|38,38,1
baseline_allch_80_700ms_6bins__train-subject_image__eval-subject_image,val,P07|42,42,1
baseline_allch_80_700ms_6bins__train-subject_image__eval-subject_image,val,P07|52,52,2
baseline_allch_80_700ms_6bins__train-subject_image__eval-subject_image,val,P07|61,61,2
baseline_allch_80_700ms_6bins__train-subject_image__eval-subject_image,val,P07|66,66,1
baseline_allch_80_700ms_6bins__train-subject_image__eval-subject_image,val,P07|67,67,1
baseline_allch_80_700ms_6bins__train-subject_image__eval-subject_image,val,P07|72,72,1
baseline_allch_80_700ms_6bins__train-subject_image__eval-subject_image,val,P07|76,76,1
baseline_allch_80_700ms_6bins__train-subject_image__eval-subject_image,val,P07|85,85,1
baseline_allch_80_700ms_6bins__train-subject_image__eval-subject_image,val,P07|89,89,1
baseline_allch_80_700ms_6bins__train-subject_image__eval-subject_image,val,P07|94,94,1
baseline_allch_80_700ms_6bins__train-subject_image__eval-subject_image,val,P07|96,96,1
baseline_allch_80_700ms_6bins__train-subject_image__eval-subject_image,val,P07|104,104,1
baseline_allch_80_700ms_6bins__train-subject_image__eval-subject_image,val,P07|120,120,2
baseline_allch_80_700ms_6bins__train-subject_image__eval-subject_image,val,P07|122,122,1
baseline_allch_80_700ms_6bins__train-subject_image__eval-subject_image,val,P07|123,123,2
baseline_allch_80_700ms_6bins__train-subject_image__eval-subject_image,val,P07|131,131,2
baseline_allch_80_700ms_6bins__train-subject_image__eval-subject_image,val,P07|133,133,2
baseline_allch_80_700ms_6bins__train-subject_image__eval-subject_image,val,P07|136,136,1
baseline_allch_80_700ms_6bins__train-subject_image__eval-subject_image,val,P07|140,140,1
baseline_allch_80_700ms_6bins__train-subject_image__eval-subject_image,val,P07|142,142,2
baseline_allch_80_700ms_6bins__train-subject_image__eval-subject_image,val,P07|143,143,2
baseline_allch_80_700ms_6bins__train-subject_image__eval-subject_image,val,P07|151,151,1
baseline_allch_80_700ms_6bins__train-subject_image__eval-subject_image,val,P07|155,155,1
baseline_allch_80_700ms_6bins__train-subject_image__eval-subject_image,val,P07|156,156,2
baseline_allch_80_700ms_6bins__train-subject_image__eval-subject_image,val,melina|0,0,2
baseline_allch_80_700ms_6bins__train-subject_image__eval-subject_image,val,melina|2,2,1
baseline_allch_80_700ms_6bins__train-subject_image__eval-subject_image,val,melina|11,11,2
baseline_allch_80_700ms_6bins__train-subject_image__eval-subject_image,val,melina|17,17,1
baseline_allch_80_700ms_6bins__train-subject_image__eval-subject_image,val,melina|18,18,1
baseline_allch_80_700ms_6bins__train-subject_image__eval-subject_image,val,melina|19,19,2
baseline_allch_80_700ms_6bins__train-subject_image__eval-subject_image,val,melina|30,30,1
baseline_allch_80_700ms_6bins__train-subject_image__eval-subject_image,val,melina|38,38,1
baseline_allch_80_700ms_6bins__train-subject_image__eval-subject_image,val,melina|42,42,1
baseline_allch_80_700ms_6bins__train-subject_image__eval-subject_image,val,melina|52,52,2
baseline_allch_80_700ms_6bins__train-subject_image__eval-subject_image,val,melina|61,61,2
baseline_allch_80_700ms_6bins__train-subject_image__eval-subject_image,val,melina|66,66,1
baseline_allch_80_700ms_6bins__train-subject_image__eval-subject_image,val,melina|67,67,1
baseline_allch_80_700ms_6bins__train-subject_image__eval-subject_image,val,melina|72,72,1
baseline_allch_80_700ms_6bins__train-subject_image__eval-subject_image,val,melina|76,76,1
baseline_allch_80_700ms_6bins__train-subject_image__eval-subject_image,val,melina|85,85,1
baseline_allch_80_700ms_6bins__train-subject_image__eval-subject_image,val,melina|89,89,1
baseline_allch_80_700ms_6bins__train-subject_image__eval-subject_image,val,melina|94,94,1
baseline_allch_80_700ms_6bins__train-subject_image__eval-subject_image,val,melina|96,96,1
baseline_allch_80_700ms_6bins__train-subject_image__eval-subject_image,val,melina|104,104,1
baseline_allch_80_700ms_6bins__train-subject_image__eval-subject_image,val,melina|120,120,2
baseline_allch_80_700ms_6bins__train-subject_image__eval-subject_image,val,melina|122,122,1
baseline_allch_80_700ms_6bins__train-subject_image__eval-subject_image,val,melina|123,123,2
baseline_allch_80_700ms_6bins__train-subject_image__eval-subject_image,val,melina|131,131,2
baseline_allch_80_700ms_6bins__train-subject_image__eval-subject_image,val,melina|133,133,2
baseline_allch_80_700ms_6bins__train-subject_image__eval-subject_image,val,melina|136,136,1
baseline_allch_80_700ms_6bins__train-subject_image__eval-subject_image,val,melina|140,140,1
baseline_allch_80_700ms_6bins__train-subject_image__eval-subject_image,val,melina|142,142,2
baseline_allch_80_700ms_6bins__train-subject_image__eval-subject_image,val,melina|143,143,2
baseline_allch_80_700ms_6bins__train-subject_image__eval-subject_image,val,melina|151,151,1
baseline_allch_80_700ms_6bins__train-subject_image__eval-subject_image,val,melina|155,155,1
baseline_allch_80_700ms_6bins__train-subject_image__eval-subject_image,val,melina|156,156,2
baseline_allch_80_700ms_6bins__train-subject_image__eval-subject_image,val,zar|0,0,2
baseline_allch_80_700ms_6bins__train-subject_image__eval-subject_image,val,zar|2,2,1
baseline_allch_80_700ms_6bins__train-subject_image__eval-subject_image,val,zar|11,11,2
baseline_allch_80_700ms_6bins__train-subject_image__eval-subject_image,val,zar|17,17,1
baseline_allch_80_700ms_6bins__train-subject_image__eval-subject_image,val,zar|18,18,1
baseline_allch_80_700ms_6bins__train-subject_image__eval-subject_image,val,zar|19,19,2
baseline_allch_80_700ms_6bins__train-subject_image__eval-subject_image,val,zar|30,30,1
baseline_allch_80_700ms_6bins__train-subject_image__eval-subject_image,val,zar|38,38,1
baseline_allch_80_700ms_6bins__train-subject_image__eval-subject_image,val,zar|42,42,1
baseline_allch_80_700ms_6bins__train-subject_image__eval-subject_image,val,zar|52,52,2
baseline_allch_80_700ms_6bins__train-subject_image__eval-subject_image,val,zar|61,61,2
baseline_allch_80_700ms_6bins__train-subject_image__eval-subject_image,val,zar|66,66,1
baseline_allch_80_700ms_6bins__train-subject_image__eval-subject_image,val,zar|67,67,1
baseline_allch_80_700ms_6bins__train-subject_image__eval-subject_image,val,zar|72,72,1
baseline_allch_80_700ms_6bins__train-subject_image__eval-subject_image,val,zar|76,76,1
baseline_allch_80_700ms_6bins__train-subject_image__eval-subject_image,val,zar|85,85,1
baseline_allch_80_700ms_6bins__train-subject_image__eval-subject_image,val,zar|89,89,1
baseline_allch_80_700ms_6bins__train-subject_image__eval-subject_image,val,zar|94,94,1
baseline_allch_80_700ms_6bins__train-subject_image__eval-subject_image,val,zar|104,104,1
baseline_allch_80_700ms_6bins__train-subject_image__eval-subject_image,val,zar|120,120,2
baseline_allch_80_700ms_6bins__train-subject_image__eval-subject_image,val,zar|122,122,1
baseline_allch_80_700ms_6bins__train-subject_image__eval-subject_image,val,zar|123,123,2
baseline_allch_80_700ms_6bins__train-subject_image__eval-subject_image,val,zar|131,131,2
baseline_allch_80_700ms_6bins__train-subject_image__eval-subject_image,val,zar|133,133,2
baseline_allch_80_700ms_6bins__train-subject_image__eval-subject_image,val,zar|140,140,1
baseline_allch_80_700ms_6bins__train-subject_image__eval-subject_image,val,zar|142,142,1
baseline_allch_80_700ms_6bins__train-subject_image__eval-subject_image,val,zar|143,143,1
baseline_allch_80_700ms_6bins__train-subject_image__eval-subject_image,val,zar|151,151,1
baseline_allch_80_700ms_6bins__train-subject_image__eval-subject_image,val,zar|155,155,1
baseline_allch_80_700ms_6bins__train-subject_image__eval-subject_image,val,zar|156,156,2
baseline_allch_80_700ms_6bins__train-image__eval-image,train,1,1,6
baseline_allch_80_700ms_6bins__train-image__eval-image,train,3,3,6
baseline_allch_80_700ms_6bins__train-image__eval-image,train,4,4,6
baseline_allch_80_700ms_6bins__train-image__eval-image,train,5,5,11
baseline_allch_80_700ms_6bins__train-image__eval-image,train,6,6,6
baseline_allch_80_700ms_6bins__train-image__eval-image,train,7,7,6
baseline_allch_80_700ms_6bins__train-image__eval-image,train,8,8,6
baseline_allch_80_700ms_6bins__train-image__eval-image,train,9,9,6
baseline_allch_80_700ms_6bins__train-image__eval-image,train,10,10,6
baseline_allch_80_700ms_6bins__train-image__eval-image,train,12,12,6
baseline_allch_80_700ms_6bins__train-image__eval-image,train,13,13,6
baseline_allch_80_700ms_6bins__train-image__eval-image,train,14,14,12
baseline_allch_80_700ms_6bins__train-image__eval-image,train,15,15,6
baseline_allch_80_700ms_6bins__train-image__eval-image,train,16,16,6
baseline_allch_80_700ms_6bins__train-image__eval-image,train,20,20,6
baseline_allch_80_700ms_6bins__train-image__eval-image,train,21,21,6
baseline_allch_80_700ms_6bins__train-image__eval-image,train,22,22,12
baseline_allch_80_700ms_6bins__train-image__eval-image,train,23,23,5
baseline_allch_80_700ms_6bins__train-image__eval-image,train,24,24,6
baseline_allch_80_700ms_6bins__train-image__eval-image,train,25,25,6
baseline_allch_80_700ms_6bins__train-image__eval-image,train,26,26,12
baseline_allch_80_700ms_6bins__train-image__eval-image,train,27,27,6
baseline_allch_80_700ms_6bins__train-image__eval-image,train,28,28,6
baseline_allch_80_700ms_6bins__train-image__eval-image,train,29,29,5
baseline_allch_80_700ms_6bins__train-image__eval-image,train,31,31,6
baseline_allch_80_700ms_6bins__train-image__eval-image,train,32,32,6
baseline_allch_80_700ms_6bins__train-image__eval-image,train,33,33,6
baseline_allch_80_700ms_6bins__train-image__eval-image,train,34,34,6
baseline_allch_80_700ms_6bins__train-image__eval-image,train,35,35,6
baseline_allch_80_700ms_6bins__train-image__eval-image,train,36,36,6
baseline_allch_80_700ms_6bins__train-image__eval-image,train,37,37,6
baseline_allch_80_700ms_6bins__train-image__eval-image,train,39,39,6
baseline_allch_80_700ms_6bins__train-image__eval-image,train,40,40,6
baseline_allch_80_700ms_6bins__train-image__eval-image,train,41,41,6
baseline_allch_80_700ms_6bins__train-image__eval-image,train,43,43,6
baseline_allch_80_700ms_6bins__train-image__eval-image,train,44,44,11
baseline_allch_80_700ms_6bins__train-image__eval-image,train,45,45,12
baseline_allch_80_700ms_6bins__train-image__eval-image,train,46,46,6
baseline_allch_80_700ms_6bins__train-image__eval-image,train,47,47,6
baseline_allch_80_700ms_6bins__train-image__eval-image,train,48,48,6
baseline_allch_80_700ms_6bins__train-image__eval-image,train,49,49,5
baseline_allch_80_700ms_6bins__train-image__eval-image,train,50,50,12
baseline_allch_80_700ms_6bins__train-image__eval-image,train,51,51,12
baseline_allch_80_700ms_6bins__train-image__eval-image,train,53,53,5
baseline_allch_80_700ms_6bins__train-image__eval-image,train,54,54,6
baseline_allch_80_700ms_6bins__train-image__eval-image,train,55,55,6
baseline_allch_80_700ms_6bins__train-image__eval-image,train,56,56,6
baseline_allch_80_700ms_6bins__train-image__eval-image,train,57,57,6
baseline_allch_80_700ms_6bins__train-image__eval-image,train,58,58,12
baseline_allch_80_700ms_6bins__train-image__eval-image,train,59,59,12
baseline_allch_80_700ms_6bins__train-image__eval-image,train,60,60,11
baseline_allch_80_700ms_6bins__train-image__eval-image,train,62,62,6
baseline_allch_80_700ms_6bins__train-image__eval-image,train,63,63,6
baseline_allch_80_700ms_6bins__train-image__eval-image,train,64,64,6
baseline_allch_80_700ms_6bins__train-image__eval-image,train,65,65,6
baseline_allch_80_700ms_6bins__train-image__eval-image,train,68,68,6
baseline_allch_80_700ms_6bins__train-image__eval-image,train,69,69,6
baseline_allch_80_700ms_6bins__train-image__eval-image,train,70,70,11
baseline_allch_80_700ms_6bins__train-image__eval-image,train,71,71,6
baseline_allch_80_700ms_6bins__train-image__eval-image,train,73,73,6
baseline_allch_80_700ms_6bins__train-image__eval-image,train,74,74,6
baseline_allch_80_700ms_6bins__train-image__eval-image,train,75,75,5
baseline_allch_80_700ms_6bins__train-image__eval-image,train,77,77,6
baseline_allch_80_700ms_6bins__train-image__eval-image,train,78,78,6
baseline_allch_80_700ms_6bins__train-image__eval-image,train,79,79,6
baseline_allch_80_700ms_6bins__train-image__eval-image,train,80,80,6
baseline_allch_80_700ms_6bins__train-image__eval-image,train,81,81,12
baseline_allch_80_700ms_6bins__train-image__eval-image,train,82,82,6
baseline_allch_80_700ms_6bins__train-image__eval-image,train,83,83,12
baseline_allch_80_700ms_6bins__train-image__eval-image,train,84,84,6
baseline_allch_80_700ms_6bins__train-image__eval-image,train,86,86,6
baseline_allch_80_700ms_6bins__train-image__eval-image,train,87,87,6
baseline_allch_80_700ms_6bins__train-image__eval-image,train,88,88,6
baseline_allch_80_700ms_6bins__train-image__eval-image,train,90,90,6
baseline_allch_80_700ms_6bins__train-image__eval-image,train,91,91,12
baseline_allch_80_700ms_6bins__train-image__eval-image,train,92,92,6
baseline_allch_80_700ms_6bins__train-image__eval-image,train,93,93,6
baseline_allch_80_700ms_6bins__train-image__eval-image,train,95,95,5
baseline_allch_80_700ms_6bins__train-image__eval-image,train,97,97,5
baseline_allch_80_700ms_6bins__train-image__eval-image,train,98,98,6
baseline_allch_80_700ms_6bins__train-image__eval-image,train,99,99,6
baseline_allch_80_700ms_6bins__train-image__eval-image,train,100,100,6
baseline_allch_80_700ms_6bins__train-image__eval-image,train,101,101,6
baseline_allch_80_700ms_6bins__train-image__eval-image,train,102,102,6
baseline_allch_80_700ms_6bins__train-image__eval-image,train,103,103,11
baseline_allch_80_700ms_6bins__train-image__eval-image,train,105,105,6
baseline_allch_80_700ms_6bins__train-image__eval-image,train,106,106,6
baseline_allch_80_700ms_6bins__train-image__eval-image,train,107,107,6
baseline_allch_80_700ms_6bins__train-image__eval-image,train,108,108,6
baseline_allch_80_700ms_6bins__train-image__eval-image,train,109,109,11
baseline_allch_80_700ms_6bins__train-image__eval-image,train,110,110,6
baseline_allch_80_700ms_6bins__train-image__eval-image,train,111,111,6
baseline_allch_80_700ms_6bins__train-image__eval-image,train,112,112,6
baseline_allch_80_700ms_6bins__train-image__eval-image,train,113,113,6
baseline_allch_80_700ms_6bins__train-image__eval-image,train,114,114,6
baseline_allch_80_700ms_6bins__train-image__eval-image,train,115,115,6
baseline_allch_80_700ms_6bins__train-image__eval-image,train,116,116,6
baseline_allch_80_700ms_6bins__train-image__eval-image,train,117,117,12
baseline_allch_80_700ms_6bins__train-image__eval-image,train,118,118,6
baseline_allch_80_700ms_6bins__train-image__eval-image,train,119,119,12
baseline_allch_80_700ms_6bins__train-image__eval-image,train,121,121,5
baseline_allch_80_700ms_6bins__train-image__eval-image,train,124,124,11
baseline_allch_80_700ms_6bins__train-image__eval-image,train,125,125,12
baseline_allch_80_700ms_6bins__train-image__eval-image,train,126,126,6
baseline_allch_80_700ms_6bins__train-image__eval-image,train,127,127,6
baseline_allch_80_700ms_6bins__train-image__eval-image,train,128,128,12
baseline_allch_80_700ms_6bins__train-image__eval-image,train,129,129,11
baseline_allch_80_700ms_6bins__train-image__eval-image,train,130,130,6
baseline_allch_80_700ms_6bins__train-image__eval-image,train,132,132,5
baseline_allch_80_700ms_6bins__train-image__eval-image,train,134,134,6
baseline_allch_80_700ms_6bins__train-image__eval-image,train,135,135,6
baseline_allch_80_700ms_6bins__train-image__eval-image,train,137,137,6
baseline_allch_80_700ms_6bins__train-image__eval-image,train,138,138,6
baseline_allch_80_700ms_6bins__train-image__eval-image,train,139,139,6
baseline_allch_80_700ms_6bins__train-image__eval-image,train,141,141,5
baseline_allch_80_700ms_6bins__train-image__eval-image,train,144,144,12
baseline_allch_80_700ms_6bins__train-image__eval-image,train,145,145,5
baseline_allch_80_700ms_6bins__train-image__eval-image,train,146,146,12
baseline_allch_80_700ms_6bins__train-image__eval-image,train,147,147,6
baseline_allch_80_700ms_6bins__train-image__eval-image,train,148,148,6
baseline_allch_80_700ms_6bins__train-image__eval-image,train,149,149,12
baseline_allch_80_700ms_6bins__train-image__eval-image,train,150,150,6
baseline_allch_80_700ms_6bins__train-image__eval-image,train,152,152,6
baseline_allch_80_700ms_6bins__train-image__eval-image,train,153,153,6
baseline_allch_80_700ms_6bins__train-image__eval-image,train,154,154,6
baseline_allch_80_700ms_6bins__train-image__eval-image,train,157,157,6
baseline_allch_80_700ms_6bins__train-image__eval-image,train,158,158,11
baseline_allch_80_700ms_6bins__train-image__eval-image,train,159,159,11
baseline_allch_80_700ms_6bins__train-image__eval-image,val,0,0,11
baseline_allch_80_700ms_6bins__train-image__eval-image,val,2,2,6
baseline_allch_80_700ms_6bins__train-image__eval-image,val,11,11,12
baseline_allch_80_700ms_6bins__train-image__eval-image,val,17,17,6
baseline_allch_80_700ms_6bins__train-image__eval-image,val,18,18,6
baseline_allch_80_700ms_6bins__train-image__eval-image,val,19,19,12
baseline_allch_80_700ms_6bins__train-image__eval-image,val,30,30,6
baseline_allch_80_700ms_6bins__train-image__eval-image,val,38,38,6
baseline_allch_80_700ms_6bins__train-image__eval-image,val,42,42,6
baseline_allch_80_700ms_6bins__train-image__eval-image,val,52,52,12
baseline_allch_80_700ms_6bins__train-image__eval-image,val,61,61,12
baseline_allch_80_700ms_6bins__train-image__eval-image,val,66,66,6
baseline_allch_80_700ms_6bins__train-image__eval-image,val,67,67,6
baseline_allch_80_700ms_6bins__train-image__eval-image,val,72,72,6
baseline_allch_80_700ms_6bins__train-image__eval-image,val,76,76,6
baseline_allch_80_700ms_6bins__train-image__eval-image,val,85,85,6
baseline_allch_80_700ms_6bins__train-image__eval-image,val,89,89,6
baseline_allch_80_700ms_6bins__train-image__eval-image,val,94,94,6
baseline_allch_80_700ms_6bins__train-image__eval-image,val,96,96,5
baseline_allch_80_700ms_6bins__train-image__eval-image,val,104,104,6
baseline_allch_80_700ms_6bins__train-image__eval-image,val,120,120,12
baseline_allch_80_700ms_6bins__train-image__eval-image,val,122,122,6
baseline_allch_80_700ms_6bins__train-image__eval-image,val,123,123,12
baseline_allch_80_700ms_6bins__train-image__eval-image,val,131,131,12
baseline_allch_80_700ms_6bins__train-image__eval-image,val,133,133,12
baseline_allch_80_700ms_6bins__train-image__eval-image,val,136,136,5
baseline_allch_80_700ms_6bins__train-image__eval-image,val,140,140,6
baseline_allch_80_700ms_6bins__train-image__eval-image,val,142,142,10
baseline_allch_80_700ms_6bins__train-image__eval-image,val,143,143,10
baseline_allch_80_700ms_6bins__train-image__eval-image,val,151,151,5
baseline_allch_80_700ms_6bins__train-image__eval-image,val,155,155,6
baseline_allch_80_700ms_6bins__train-image__eval-image,val,156,156,12
baseline_visualch_80_700ms_6bins__train-single_trial__eval-image,val,0,0,11
baseline_visualch_80_700ms_6bins__train-single_trial__eval-image,val,2,2,6
baseline_visualch_80_700ms_6bins__train-single_trial__eval-image,val,11,11,12
baseline_visualch_80_700ms_6bins__train-single_trial__eval-image,val,17,17,6
baseline_visualch_80_700ms_6bins__train-single_trial__eval-image,val,18,18,6
baseline_visualch_80_700ms_6bins__train-single_trial__eval-image,val,19,19,12
baseline_visualch_80_700ms_6bins__train-single_trial__eval-image,val,30,30,6
baseline_visualch_80_700ms_6bins__train-single_trial__eval-image,val,38,38,6
baseline_visualch_80_700ms_6bins__train-single_trial__eval-image,val,42,42,6
baseline_visualch_80_700ms_6bins__train-single_trial__eval-image,val,52,52,12
baseline_visualch_80_700ms_6bins__train-single_trial__eval-image,val,61,61,12
baseline_visualch_80_700ms_6bins__train-single_trial__eval-image,val,66,66,6
baseline_visualch_80_700ms_6bins__train-single_trial__eval-image,val,67,67,6
baseline_visualch_80_700ms_6bins__train-single_trial__eval-image,val,72,72,6
baseline_visualch_80_700ms_6bins__train-single_trial__eval-image,val,76,76,6
baseline_visualch_80_700ms_6bins__train-single_trial__eval-image,val,85,85,6
baseline_visualch_80_700ms_6bins__train-single_trial__eval-image,val,89,89,6
baseline_visualch_80_700ms_6bins__train-single_trial__eval-image,val,94,94,6
baseline_visualch_80_700ms_6bins__train-single_trial__eval-image,val,96,96,5
baseline_visualch_80_700ms_6bins__train-single_trial__eval-image,val,104,104,6
baseline_visualch_80_700ms_6bins__train-single_trial__eval-image,val,120,120,12
baseline_visualch_80_700ms_6bins__train-single_trial__eval-image,val,122,122,6
baseline_visualch_80_700ms_6bins__train-single_trial__eval-image,val,123,123,12
baseline_visualch_80_700ms_6bins__train-single_trial__eval-image,val,131,131,12
baseline_visualch_80_700ms_6bins__train-single_trial__eval-image,val,133,133,12
baseline_visualch_80_700ms_6bins__train-single_trial__eval-image,val,136,136,5
baseline_visualch_80_700ms_6bins__train-single_trial__eval-image,val,140,140,6
baseline_visualch_80_700ms_6bins__train-single_trial__eval-image,val,142,142,10
baseline_visualch_80_700ms_6bins__train-single_trial__eval-image,val,143,143,10
baseline_visualch_80_700ms_6bins__train-single_trial__eval-image,val,151,151,5
baseline_visualch_80_700ms_6bins__train-single_trial__eval-image,val,155,155,6
baseline_visualch_80_700ms_6bins__train-single_trial__eval-image,val,156,156,12
baseline_visualch_80_700ms_6bins__train-subject_image__eval-subject_image,train,P04|1,1,1
baseline_visualch_80_700ms_6bins__train-subject_image__eval-subject_image,train,P04|3,3,1
baseline_visualch_80_700ms_6bins__train-subject_image__eval-subject_image,train,P04|4,4,1
baseline_visualch_80_700ms_6bins__train-subject_image__eval-subject_image,train,P04|5,5,2
baseline_visualch_80_700ms_6bins__train-subject_image__eval-subject_image,train,P04|6,6,1
baseline_visualch_80_700ms_6bins__train-subject_image__eval-subject_image,train,P04|7,7,1
baseline_visualch_80_700ms_6bins__train-subject_image__eval-subject_image,train,P04|8,8,1
baseline_visualch_80_700ms_6bins__train-subject_image__eval-subject_image,train,P04|9,9,1
baseline_visualch_80_700ms_6bins__train-subject_image__eval-subject_image,train,P04|10,10,1
baseline_visualch_80_700ms_6bins__train-subject_image__eval-subject_image,train,P04|12,12,1
baseline_visualch_80_700ms_6bins__train-subject_image__eval-subject_image,train,P04|13,13,1
baseline_visualch_80_700ms_6bins__train-subject_image__eval-subject_image,train,P04|14,14,2
baseline_visualch_80_700ms_6bins__train-subject_image__eval-subject_image,train,P04|15,15,1
baseline_visualch_80_700ms_6bins__train-subject_image__eval-subject_image,train,P04|16,16,1
baseline_visualch_80_700ms_6bins__train-subject_image__eval-subject_image,train,P04|20,20,1
baseline_visualch_80_700ms_6bins__train-subject_image__eval-subject_image,train,P04|21,21,1
baseline_visualch_80_700ms_6bins__train-subject_image__eval-subject_image,train,P04|22,22,2
baseline_visualch_80_700ms_6bins__train-subject_image__eval-subject_image,train,P04|23,23,1
baseline_visualch_80_700ms_6bins__train-subject_image__eval-subject_image,train,P04|24,24,1
baseline_visualch_80_700ms_6bins__train-subject_image__eval-subject_image,train,P04|25,25,1
baseline_visualch_80_700ms_6bins__train-subject_image__eval-subject_image,train,P04|26,26,2
baseline_visualch_80_700ms_6bins__train-subject_image__eval-subject_image,train,P04|27,27,1
baseline_visualch_80_700ms_6bins__train-subject_image__eval-subject_image,train,P04|28,28,1
baseline_visualch_80_700ms_6bins__train-subject_image__eval-subject_image,train,P04|29,29,1
baseline_visualch_80_700ms_6bins__train-subject_image__eval-subject_image,train,P04|31,31,1
baseline_visualch_80_700ms_6bins__train-subject_image__eval-subject_image,train,P04|32,32,1
baseline_visualch_80_700ms_6bins__train-subject_image__eval-subject_image,train,P04|33,33,1
baseline_visualch_80_700ms_6bins__train-subject_image__eval-subject_image,train,P04|34,34,1
baseline_visualch_80_700ms_6bins__train-subject_image__eval-subject_image,train,P04|35,35,1
baseline_visualch_80_700ms_6bins__train-subject_image__eval-subject_image,train,P04|36,36,1
baseline_visualch_80_700ms_6bins__train-subject_image__eval-subject_image,train,P04|37,37,1
baseline_visualch_80_700ms_6bins__train-subject_image__eval-subject_image,train,P04|39,39,1
baseline_visualch_80_700ms_6bins__train-subject_image__eval-subject_image,train,P04|40,40,1
baseline_visualch_80_700ms_6bins__train-subject_image__eval-subject_image,train,P04|41,41,1
baseline_visualch_80_700ms_6bins__train-subject_image__eval-subject_image,train,P04|43,43,1
baseline_visualch_80_700ms_6bins__train-subject_image__eval-subject_image,train,P04|44,44,2
baseline_visualch_80_700ms_6bins__train-subject_image__eval-subject_image,train,P04|45,45,2
baseline_visualch_80_700ms_6bins__train-subject_image__eval-subject_image,train,P04|46,46,1
baseline_visualch_80_700ms_6bins__train-subject_image__eval-subject_image,train,P04|47,47,1
baseline_visualch_80_700ms_6bins__train-subject_image__eval-subject_image,train,P04|48,48,1
baseline_visualch_80_700ms_6bins__train-subject_image__eval-subject_image,train,P04|49,49,1
baseline_visualch_80_700ms_6bins__train-subject_image__eval-subject_image,train,P04|50,50,2
baseline_visualch_80_700ms_6bins__train-subject_image__eval-subject_image,train,P04|51,51,2
baseline_visualch_80_700ms_6bins__train-subject_image__eval-subject_image,train,P04|53,53,1
baseline_visualch_80_700ms_6bins__train-subject_image__eval-subject_image,train,P04|54,54,1
baseline_visualch_80_700ms_6bins__train-subject_image__eval-subject_image,train,P04|55,55,1
baseline_visualch_80_700ms_6bins__train-subject_image__eval-subject_image,train,P04|56,56,1
baseline_visualch_80_700ms_6bins__train-subject_image__eval-subject_image,train,P04|57,57,1
baseline_visualch_80_700ms_6bins__train-subject_image__eval-subject_image,train,P04|58,58,2
baseline_visualch_80_700ms_6bins__train-subject_image__eval-subject_image,train,P04|59,59,2
baseline_visualch_80_700ms_6bins__train-subject_image__eval-subject_image,train,P04|60,60,2
baseline_visualch_80_700ms_6bins__train-subject_image__eval-subject_image,train,P04|62,62,1
baseline_visualch_80_700ms_6bins__train-subject_image__eval-subject_image,train,P04|63,63,1
baseline_visualch_80_700ms_6bins__train-subject_image__eval-subject_image,train,P04|64,64,1
baseline_visualch_80_700ms_6bins__train-subject_image__eval-subject_image,train,P04|65,65,1
baseline_visualch_80_700ms_6bins__train-subject_image__eval-subject_image,train,P04|68,68,1
baseline_visualch_80_700ms_6bins__train-subject_image__eval-subject_image,train,P04|69,69,1
baseline_visualch_80_700ms_6bins__train-subject_image__eval-subject_image,train,P04|70,70,2
baseline_visualch_80_700ms_6bins__train-subject_image__eval-subject_image,train,P04|71,71,1
baseline_visualch_80_700ms_6bins__train-subject_image__eval-subject_image,train,P04|73,73,1
baseline_visualch_80_700ms_6bins__train-subject_image__eval-subject_image,train,P04|74,74,1
baseline_visualch_80_700ms_6bins__train-subject_image__eval-subject_image,train,P04|75,75,1
baseline_visualch_80_700ms_6bins__train-subject_image__eval-subject_image,train,P04|77,77,1
baseline_visualch_80_700ms_6bins__train-subject_image__eval-subject_image,train,P04|78,78,1
baseline_visualch_80_700ms_6bins__train-subject_image__eval-subject_image,train,P04|79,79,1
baseline_visualch_80_700ms_6bins__train-subject_image__eval-subject_image,train,P04|80,80,1
baseline_visualch_80_700ms_6bins__train-subject_image__eval-subject_image,train,P04|81,81,2
baseline_visualch_80_700ms_6bins__train-subject_image__eval-subject_image,train,P04|82,82,1
baseline_visualch_80_700ms_6bins__train-subject_image__eval-subject_image,train,P04|83,83,2
baseline_visualch_80_700ms_6bins__train-subject_image__eval-subject_image,train,P04|84,84,1
baseline_visualch_80_700ms_6bins__train-subject_image__eval-subject_image,train,P04|86,86,1
baseline_visualch_80_700ms_6bins__train-subject_image__eval-subject_image,train,P04|87,87,1
baseline_visualch_80_700ms_6bins__train-subject_image__eval-subject_image,train,P04|88,88,1
baseline_visualch_80_700ms_6bins__train-subject_image__eval-subject_image,train,P04|90,90,1
baseline_visualch_80_700ms_6bins__train-subject_image__eval-subject_image,train,P04|91,91,2
baseline_visualch_80_700ms_6bins__train-subject_image__eval-subject_image,train,P04|92,92,1
baseline_visualch_80_700ms_6bins__train-subject_image__eval-subject_image,train,P04|93,93,1
baseline_visualch_80_700ms_6bins__train-subject_image__eval-subject_image,train,P04|95,95,1
baseline_visualch_80_700ms_6bins__train-subject_image__eval-subject_image,train,P04|98,98,1
baseline_visualch_80_700ms_6bins__train-subject_image__eval-subject_image,train,P04|99,99,1
baseline_visualch_80_700ms_6bins__train-subject_image__eval-subject_image,train,P04|100,100,1
baseline_visualch_80_700ms_6bins__train-subject_image__eval-subject_image,train,P04|101,101,1
baseline_visualch_80_700ms_6bins__train-subject_image__eval-subject_image,train,P04|102,102,1
baseline_visualch_80_700ms_6bins__train-subject_image__eval-subject_image,train,P04|103,103,1
baseline_visualch_80_700ms_6bins__train-subject_image__eval-subject_image,train,P04|105,105,1
baseline_visualch_80_700ms_6bins__train-subject_image__eval-subject_image,train,P04|106,106,1
baseline_visualch_80_700ms_6bins__train-subject_image__eval-subject_image,train,P04|107,107,1
baseline_visualch_80_700ms_6bins__train-subject_image__eval-subject_image,train,P04|108,108,1
baseline_visualch_80_700ms_6bins__train-subject_image__eval-subject_image,train,P04|109,109,2
baseline_visualch_80_700ms_6bins__train-subject_image__eval-subject_image,train,P04|110,110,1
baseline_visualch_80_700ms_6bins__train-subject_image__eval-subject_image,train,P04|111,111,1
baseline_visualch_80_700ms_6bins__train-subject_image__eval-subject_image,train,P04|112,112,1
baseline_visualch_80_700ms_6bins__train-subject_image__eval-subject_image,train,P04|113,113,1
baseline_visualch_80_700ms_6bins__train-subject_image__eval-subject_image,train,P04|114,114,1
baseline_visualch_80_700ms_6bins__train-subject_image__eval-subject_image,train,P04|115,115,1
baseline_visualch_80_700ms_6bins__train-subject_image__eval-subject_image,train,P04|116,116,1
baseline_visualch_80_700ms_6bins__train-subject_image__eval-subject_image,train,P04|117,117,2
baseline_visualch_80_700ms_6bins__train-subject_image__eval-subject_image,train,P04|118,118,1
baseline_visualch_80_700ms_6bins__train-subject_image__eval-subject_image,train,P04|119,119,2
baseline_visualch_80_700ms_6bins__train-subject_image__eval-subject_image,train,P04|124,124,2
baseline_visualch_80_700ms_6bins__train-subject_image__eval-subject_image,train,P04|125,125,2
baseline_visualch_80_700ms_6bins__train-subject_image__eval-subject_image,train,P04|126,126,1
baseline_visualch_80_700ms_6bins__train-subject_image__eval-subject_image,train,P04|127,127,1
baseline_visualch_80_700ms_6bins__train-subject_image__eval-subject_image,train,P04|128,128,2
baseline_visualch_80_700ms_6bins__train-subject_image__eval-subject_image,train,P04|129,129,2
baseline_visualch_80_700ms_6bins__train-subject_image__eval-subject_image,train,P04|130,130,1
baseline_visualch_80_700ms_6bins__train-subject_image__eval-subject_image,train,P04|132,132,1
baseline_visualch_80_700ms_6bins__train-subject_image__eval-subject_image,train,P04|134,134,1
baseline_visualch_80_700ms_6bins__train-subject_image__eval-subject_image,train,P04|135,135,1
baseline_visualch_80_700ms_6bins__train-subject_image__eval-subject_image,train,P04|137,137,1
baseline_visualch_80_700ms_6bins__train-subject_image__eval-subject_image,train,P04|138,138,1
baseline_visualch_80_700ms_6bins__train-subject_image__eval-subject_image,train,P04|139,139,1
baseline_visualch_80_700ms_6bins__train-subject_image__eval-subject_image,train,P04|141,141,1
baseline_visualch_80_700ms_6bins__train-subject_image__eval-subject_image,train,P04|144,144,2
baseline_visualch_80_700ms_6bins__train-subject_image__eval-subject_image,train,P04|145,145,1
baseline_visualch_80_700ms_6bins__train-subject_image__eval-subject_image,train,P04|146,146,2
baseline_visualch_80_700ms_6bins__train-subject_image__eval-subject_image,train,P04|147,147,1
baseline_visualch_80_700ms_6bins__train-subject_image__eval-subject_image,train,P04|148,148,1
baseline_visualch_80_700ms_6bins__train-subject_image__eval-subject_image,train,P04|149,149,2
baseline_visualch_80_700ms_6bins__train-subject_image__eval-subject_image,train,P04|150,150,1
baseline_visualch_80_700ms_6bins__train-subject_image__eval-subject_image,train,P04|152,152,1
baseline_visualch_80_700ms_6bins__train-subject_image__eval-subject_image,train,P04|153,153,1
baseline_visualch_80_700ms_6bins__train-subject_image__eval-subject_image,train,P04|154,154,1
baseline_visualch_80_700ms_6bins__train-subject_image__eval-subject_image,train,P04|157,157,1
baseline_visualch_80_700ms_6bins__train-subject_image__eval-subject_image,train,P04|158,158,1
baseline_visualch_80_700ms_6bins__train-subject_image__eval-subject_image,train,P04|159,159,1
baseline_visualch_80_700ms_6bins__train-subject_image__eval-subject_image,train,P05|1,1,1
baseline_visualch_80_700ms_6bins__train-subject_image__eval-subject_image,train,P05|3,3,1
baseline_visualch_80_700ms_6bins__train-subject_image__eval-subject_image,train,P05|4,4,1
baseline_visualch_80_700ms_6bins__train-subject_image__eval-subject_image,train,P05|5,5,2
baseline_visualch_80_700ms_6bins__train-subject_image__eval-subject_image,train,P05|6,6,1
baseline_visualch_80_700ms_6bins__train-subject_image__eval-subject_image,train,P05|7,7,1
baseline_visualch_80_700ms_6bins__train-subject_image__eval-subject_image,train,P05|8,8,1
baseline_visualch_80_700ms_6bins__train-subject_image__eval-subject_image,train,P05|9,9,1
baseline_visualch_80_700ms_6bins__train-subject_image__eval-subject_image,train,P05|10,10,1
baseline_visualch_80_700ms_6bins__train-subject_image__eval-subject_image,train,P05|12,12,1
baseline_visualch_80_700ms_6bins__train-subject_image__eval-subject_image,train,P05|13,13,1
baseline_visualch_80_700ms_6bins__train-subject_image__eval-subject_image,train,P05|14,14,2
baseline_visualch_80_700ms_6bins__train-subject_image__eval-subject_image,train,P05|15,15,1
baseline_visualch_80_700ms_6bins__train-subject_image__eval-subject_image,train,P05|16,16,1
baseline_visualch_80_700ms_6bins__train-subject_image__eval-subject_image,train,P05|20,20,1
baseline_visualch_80_700ms_6bins__train-subject_image__eval-subject_image,train,P05|21,21,1
baseline_visualch_80_700ms_6bins__train-subject_image__eval-subject_image,train,P05|22,22,2
baseline_visualch_80_700ms_6bins__train-subject_image__eval-subject_image,train,P05|23,23,1
baseline_visualch_80_700ms_6bins__train-subject_image__eval-subject_image,train,P05|24,24,1
baseline_visualch_80_700ms_6bins__train-subject_image__eval-subject_image,train,P05|25,25,1
baseline_visualch_80_700ms_6bins__train-subject_image__eval-subject_image,train,P05|26,26,2
baseline_visualch_80_700ms_6bins__train-subject_image__eval-subject_image,train,P05|27,27,1
baseline_visualch_80_700ms_6bins__train-subject_image__eval-subject_image,train,P05|28,28,1
baseline_visualch_80_700ms_6bins__train-subject_image__eval-subject_image,train,P05|29,29,1
baseline_visualch_80_700ms_6bins__train-subject_image__eval-subject_image,train,P05|31,31,1
baseline_visualch_80_700ms_6bins__train-subject_image__eval-subject_image,train,P05|32,32,1
baseline_visualch_80_700ms_6bins__train-subject_image__eval-subject_image,train,P05|33,33,1
baseline_visualch_80_700ms_6bins__train-subject_image__eval-subject_image,train,P05|34,34,1
baseline_visualch_80_700ms_6bins__train-subject_image__eval-subject_image,train,P05|35,35,1
baseline_visualch_80_700ms_6bins__train-subject_image__eval-subject_image,train,P05|36,36,1
baseline_visualch_80_700ms_6bins__train-subject_image__eval-subject_image,train,P05|37,37,1
baseline_visualch_80_700ms_6bins__train-subject_image__eval-subject_image,train,P05|39,39,1
baseline_visualch_80_700ms_6bins__train-subject_image__eval-subject_image,train,P05|40,40,1
baseline_visualch_80_700ms_6bins__train-subject_image__eval-subject_image,train,P05|41,41,1
baseline_visualch_80_700ms_6bins__train-subject_image__eval-subject_image,train,P05|43,43,1
baseline_visualch_80_700ms_6bins__train-subject_image__eval-subject_image,train,P05|44,44,2
baseline_visualch_80_700ms_6bins__train-subject_image__eval-subject_image,train,P05|45,45,2
baseline_visualch_80_700ms_6bins__train-subject_image__eval-subject_image,train,P05|46,46,1
baseline_visualch_80_700ms_6bins__train-subject_image__eval-subject_image,train,P05|47,47,1
baseline_visualch_80_700ms_6bins__train-subject_image__eval-subject_image,train,P05|48,48,1
baseline_visualch_80_700ms_6bins__train-subject_image__eval-subject_image,train,P05|49,49,1
baseline_visualch_80_700ms_6bins__train-subject_image__eval-subject_image,train,P05|50,50,2
baseline_visualch_80_700ms_6bins__train-subject_image__eval-subject_image,train,P05|51,51,2
baseline_visualch_80_700ms_6bins__train-subject_image__eval-subject_image,train,P05|53,53,1
baseline_visualch_80_700ms_6bins__train-subject_image__eval-subject_image,train,P05|54,54,1
baseline_visualch_80_700ms_6bins__train-subject_image__eval-subject_image,train,P05|55,55,1
baseline_visualch_80_700ms_6bins__train-subject_image__eval-subject_image,train,P05|56,56,1
baseline_visualch_80_700ms_6bins__train-subject_image__eval-subject_image,train,P05|57,57,1
baseline_visualch_80_700ms_6bins__train-subject_image__eval-subject_image,train,P05|58,58,2
baseline_visualch_80_700ms_6bins__train-subject_image__eval-subject_image,train,P05|59,59,2
baseline_visualch_80_700ms_6bins__train-subject_image__eval-subject_image,train,P05|60,60,2
baseline_visualch_80_700ms_6bins__train-subject_image__eval-subject_image,train,P05|62,62,1
baseline_visualch_80_700ms_6bins__train-subject_image__eval-subject_image,train,P05|63,63,1
baseline_visualch_80_700ms_6bins__train-subject_image__eval-subject_image,train,P05|64,64,1
baseline_visualch_80_700ms_6bins__train-subject_image__eval-subject_image,train,P05|65,65,1
baseline_visualch_80_700ms_6bins__train-subject_image__eval-subject_image,train,P05|68,68,1
baseline_visualch_80_700ms_6bins__train-subject_image__eval-subject_image,train,P05|69,69,1
baseline_visualch_80_700ms_6bins__train-subject_image__eval-subject_image,train,P05|70,70,2
baseline_visualch_80_700ms_6bins__train-subject_image__eval-subject_image,train,P05|71,71,1
baseline_visualch_80_700ms_6bins__train-subject_image__eval-subject_image,train,P05|73,73,1
baseline_visualch_80_700ms_6bins__train-subject_image__eval-subject_image,train,P05|74,74,1
baseline_visualch_80_700ms_6bins__train-subject_image__eval-subject_image,train,P05|75,75,1
baseline_visualch_80_700ms_6bins__train-subject_image__eval-subject_image,train,P05|77,77,1
baseline_visualch_80_700ms_6bins__train-subject_image__eval-subject_image,train,P05|78,78,1
baseline_visualch_80_700ms_6bins__train-subject_image__eval-subject_image,train,P05|79,79,1
baseline_visualch_80_700ms_6bins__train-subject_image__eval-subject_image,train,P05|80,80,1
baseline_visualch_80_700ms_6bins__train-subject_image__eval-subject_image,train,P05|81,81,2
baseline_visualch_80_700ms_6bins__train-subject_image__eval-subject_image,train,P05|82,82,1
baseline_visualch_80_700ms_6bins__train-subject_image__eval-subject_image,train,P05|83,83,2
baseline_visualch_80_700ms_6bins__train-subject_image__eval-subject_image,train,P05|84,84,1
baseline_visualch_80_700ms_6bins__train-subject_image__eval-subject_image,train,P05|86,86,1
baseline_visualch_80_700ms_6bins__train-subject_image__eval-subject_image,train,P05|87,87,1
baseline_visualch_80_700ms_6bins__train-subject_image__eval-subject_image,train,P05|88,88,1
baseline_visualch_80_700ms_6bins__train-subject_image__eval-subject_image,train,P05|90,90,1
baseline_visualch_80_700ms_6bins__train-subject_image__eval-subject_image,train,P05|91,91,2
baseline_visualch_80_700ms_6bins__train-subject_image__eval-subject_image,train,P05|92,92,1
baseline_visualch_80_700ms_6bins__train-subject_image__eval-subject_image,train,P05|93,93,1
baseline_visualch_80_700ms_6bins__train-subject_image__eval-subject_image,train,P05|95,95,1
baseline_visualch_80_700ms_6bins__train-subject_image__eval-subject_image,train,P05|97,97,1
baseline_visualch_80_700ms_6bins__train-subject_image__eval-subject_image,train,P05|98,98,1
baseline_visualch_80_700ms_6bins__train-subject_image__eval-subject_image,train,P05|99,99,1
baseline_visualch_80_700ms_6bins__train-subject_image__eval-subject_image,train,P05|100,100,1
baseline_visualch_80_700ms_6bins__train-subject_image__eval-subject_image,train,P05|101,101,1
baseline_visualch_80_700ms_6bins__train-subject_image__eval-subject_image,train,P05|102,102,1
baseline_visualch_80_700ms_6bins__train-subject_image__eval-subject_image,train,P05|103,103,2
baseline_visualch_80_700ms_6bins__train-subject_image__eval-subject_image,train,P05|105,105,1
baseline_visualch_80_700ms_6bins__train-subject_image__eval-subject_image,train,P05|106,106,1
baseline_visualch_80_700ms_6bins__train-subject_image__eval-subject_image,train,P05|107,107,1
baseline_visualch_80_700ms_6bins__train-subject_image__eval-subject_image,train,P05|108,108,1
baseline_visualch_80_700ms_6bins__train-subject_image__eval-subject_image,train,P05|109,109,2
baseline_visualch_80_700ms_6bins__train-subject_image__eval-subject_image,train,P05|110,110,1
baseline_visualch_80_700ms_6bins__train-subject_image__eval-subject_image,train,P05|111,111,1
baseline_visualch_80_700ms_6bins__train-subject_image__eval-subject_image,train,P05|112,112,1
baseline_visualch_80_700ms_6bins__train-subject_image__eval-subject_image,train,P05|113,113,1
baseline_visualch_80_700ms_6bins__train-subject_image__eval-subject_image,train,P05|114,114,1
baseline_visualch_80_700ms_6bins__train-subject_image__eval-subject_image,train,P05|115,115,1
baseline_visualch_80_700ms_6bins__train-subject_image__eval-subject_image,train,P05|116,116,1
baseline_visualch_80_700ms_6bins__train-subject_image__eval-subject_image,train,P05|117,117,2
baseline_visualch_80_700ms_6bins__train-subject_image__eval-subject_image,train,P05|118,118,1
baseline_visualch_80_700ms_6bins__train-subject_image__eval-subject_image,train,P05|119,119,2
baseline_visualch_80_700ms_6bins__train-subject_image__eval-subject_image,train,P05|121,121,1
baseline_visualch_80_700ms_6bins__train-subject_image__eval-subject_image,train,P05|124,124,2
baseline_visualch_80_700ms_6bins__train-subject_image__eval-subject_image,train,P05|125,125,2
baseline_visualch_80_700ms_6bins__train-subject_image__eval-subject_image,train,P05|126,126,1
baseline_visualch_80_700ms_6bins__train-subject_image__eval-subject_image,train,P05|127,127,1
baseline_visualch_80_700ms_6bins__train-subject_image__eval-subject_image,train,P05|128,128,2
baseline_visualch_80_700ms_6bins__train-subject_image__eval-subject_image,train,P05|129,129,2
baseline_visualch_80_700ms_6bins__train-subject_image__eval-subject_image,train,P05|130,130,1
baseline_visualch_80_700ms_6bins__train-subject_image__eval-subject_image,train,P05|132,132,1
baseline_visualch_80_700ms_6bins__train-subject_image__eval-subject_image,train,P05|134,134,1
baseline_visualch_80_700ms_6bins__train-subject_image__eval-subject_image,train,P05|135,135,1
baseline_visualch_80_700ms_6bins__train-subject_image__eval-subject_image,train,P05|137,137,1
baseline_visualch_80_700ms_6bins__train-subject_image__eval-subject_image,train,P05|138,138,1
baseline_visualch_80_700ms_6bins__train-subject_image__eval-subject_image,train,P05|139,139,1
baseline_visualch_80_700ms_6bins__train-subject_image__eval-subject_image,train,P05|141,141,1
baseline_visualch_80_700ms_6bins__train-subject_image__eval-subject_image,train,P05|144,144,2
baseline_visualch_80_700ms_6bins__train-subject_image__eval-subject_image,train,P05|145,145,1
baseline_visualch_80_700ms_6bins__train-subject_image__eval-subject_image,train,P05|146,146,2
baseline_visualch_80_700ms_6bins__train-subject_image__eval-subject_image,train,P05|147,147,1
baseline_visualch_80_700ms_6bins__train-subject_image__eval-subject_image,train,P05|148,148,1
baseline_visualch_80_700ms_6bins__train-subject_image__eval-subject_image,train,P05|149,149,2
baseline_visualch_80_700ms_6bins__train-subject_image__eval-subject_image,train,P05|150,150,1
baseline_visualch_80_700ms_6bins__train-subject_image__eval-subject_image,train,P05|152,152,1
baseline_visualch_80_700ms_6bins__train-subject_image__eval-subject_image,train,P05|153,153,1
baseline_visualch_80_700ms_6bins__train-subject_image__eval-subject_image,train,P05|154,154,1
baseline_visualch_80_700ms_6bins__train-subject_image__eval-subject_image,train,P05|157,157,1
baseline_visualch_80_700ms_6bins__train-subject_image__eval-subject_image,train,P05|158,158,2
baseline_visualch_80_700ms_6bins__train-subject_image__eval-subject_image,train,P05|159,159,2
baseline_visualch_80_700ms_6bins__train-subject_image__eval-subject_image,train,P06|1,1,1
baseline_visualch_80_700ms_6bins__train-subject_image__eval-subject_image,train,P06|3,3,1
baseline_visualch_80_700ms_6bins__train-subject_image__eval-subject_image,train,P06|4,4,1
baseline_visualch_80_700ms_6bins__train-subject_image__eval-subject_image,train,P06|5,5,2
baseline_visualch_80_700ms_6bins__train-subject_image__eval-subject_image,train,P06|6,6,1
baseline_visualch_80_700ms_6bins__train-subject_image__eval-subject_image,train,P06|7,7,1
baseline_visualch_80_700ms_6bins__train-subject_image__eval-subject_image,train,P06|8,8,1
baseline_visualch_80_700ms_6bins__train-subject_image__eval-subject_image,train,P06|9,9,1
baseline_visualch_80_700ms_6bins__train-subject_image__eval-subject_image,train,P06|10,10,1
baseline_visualch_80_700ms_6bins__train-subject_image__eval-subject_image,train,P06|12,12,1
baseline_visualch_80_700ms_6bins__train-subject_image__eval-subject_image,train,P06|13,13,1
baseline_visualch_80_700ms_6bins__train-subject_image__eval-subject_image,train,P06|14,14,2
baseline_visualch_80_700ms_6bins__train-subject_image__eval-subject_image,train,P06|15,15,1
baseline_visualch_80_700ms_6bins__train-subject_image__eval-subject_image,train,P06|16,16,1
baseline_visualch_80_700ms_6bins__train-subject_image__eval-subject_image,train,P06|20,20,1
baseline_visualch_80_700ms_6bins__train-subject_image__eval-subject_image,train,P06|21,21,1
baseline_visualch_80_700ms_6bins__train-subject_image__eval-subject_image,train,P06|22,22,2
baseline_visualch_80_700ms_6bins__train-subject_image__eval-subject_image,train,P06|23,23,1
baseline_visualch_80_700ms_6bins__train-subject_image__eval-subject_image,train,P06|24,24,1
baseline_visualch_80_700ms_6bins__train-subject_image__eval-subject_image,train,P06|25,25,1
baseline_visualch_80_700ms_6bins__train-subject_image__eval-subject_image,train,P06|26,26,2
baseline_visualch_80_700ms_6bins__train-subject_image__eval-subject_image,train,P06|27,27,1
baseline_visualch_80_700ms_6bins__train-subject_image__eval-subject_image,train,P06|28,28,1
baseline_visualch_80_700ms_6bins__train-subject_image__eval-subject_image,train,P06|29,29,1
baseline_visualch_80_700ms_6bins__train-subject_image__eval-subject_image,train,P06|31,31,1
baseline_visualch_80_700ms_6bins__train-subject_image__eval-subject_image,train,P06|32,32,1
baseline_visualch_80_700ms_6bins__train-subject_image__eval-subject_image,train,P06|33,33,1
baseline_visualch_80_700ms_6bins__train-subject_image__eval-subject_image,train,P06|34,34,1
baseline_visualch_80_700ms_6bins__train-subject_image__eval-subject_image,train,P06|35,35,1
baseline_visualch_80_700ms_6bins__train-subject_image__eval-subject_image,train,P06|36,36,1
baseline_visualch_80_700ms_6bins__train-subject_image__eval-subject_image,train,P06|37,37,1
baseline_visualch_80_700ms_6bins__train-subject_image__eval-subject_image,train,P06|39,39,1
baseline_visualch_80_700ms_6bins__train-subject_image__eval-subject_image,train,P06|40,40,1
baseline_visualch_80_700ms_6bins__train-subject_image__eval-subject_image,train,P06|41,41,1
baseline_visualch_80_700ms_6bins__train-subject_image__eval-subject_image,train,P06|43,43,1
baseline_visualch_80_700ms_6bins__train-subject_image__eval-subject_image,train,P06|44,44,2
baseline_visualch_80_700ms_6bins__train-subject_image__eval-subject_image,train,P06|45,45,2
baseline_visualch_80_700ms_6bins__train-subject_image__eval-subject_image,train,P06|46,46,1
baseline_visualch_80_700ms_6bins__train-subject_image__eval-subject_image,train,P06|47,47,1
baseline_visualch_80_700ms_6bins__train-subject_image__eval-subject_image,train,P06|48,48,1
baseline_visualch_80_700ms_6bins__train-subject_image__eval-subject_image,train,P06|49,49,1
baseline_visualch_80_700ms_6bins__train-subject_image__eval-subject_image,train,P06|50,50,2
baseline_visualch_80_700ms_6bins__train-subject_image__eval-subject_image,train,P06|51,51,2
baseline_visualch_80_700ms_6bins__train-subject_image__eval-subject_image,train,P06|53,53,1
baseline_visualch_80_700ms_6bins__train-subject_image__eval-subject_image,train,P06|54,54,1
baseline_visualch_80_700ms_6bins__train-subject_image__eval-subject_image,train,P06|55,55,1
baseline_visualch_80_700ms_6bins__train-subject_image__eval-subject_image,train,P06|56,56,1
baseline_visualch_80_700ms_6bins__train-subject_image__eval-subject_image,train,P06|57,57,1
baseline_visualch_80_700ms_6bins__train-subject_image__eval-subject_image,train,P06|58,58,2
baseline_visualch_80_700ms_6bins__train-subject_image__eval-subject_image,train,P06|59,59,2
baseline_visualch_80_700ms_6bins__train-subject_image__eval-subject_image,train,P06|60,60,2
baseline_visualch_80_700ms_6bins__train-subject_image__eval-subject_image,train,P06|62,62,1
baseline_visualch_80_700ms_6bins__train-subject_image__eval-subject_image,train,P06|63,63,1
baseline_visualch_80_700ms_6bins__train-subject_image__eval-subject_image,train,P06|64,64,1
baseline_visualch_80_700ms_6bins__train-subject_image__eval-subject_image,train,P06|65,65,1
baseline_visualch_80_700ms_6bins__train-subject_image__eval-subject_image,train,P06|68,68,1
baseline_visualch_80_700ms_6bins__train-subject_image__eval-subject_image,train,P06|69,69,1
baseline_visualch_80_700ms_6bins__train-subject_image__eval-subject_image,train,P06|70,70,2
baseline_visualch_80_700ms_6bins__train-subject_image__eval-subject_image,train,P06|71,71,1
baseline_visualch_80_700ms_6bins__train-subject_image__eval-subject_image,train,P06|73,73,1
baseline_visualch_80_700ms_6bins__train-subject_image__eval-subject_image,train,P06|74,74,1
baseline_visualch_80_700ms_6bins__train-subject_image__eval-subject_image,train,P06|75,75,1
baseline_visualch_80_700ms_6bins__train-subject_image__eval-subject_image,train,P06|77,77,1
baseline_visualch_80_700ms_6bins__train-subject_image__eval-subject_image,train,P06|78,78,1
baseline_visualch_80_700ms_6bins__train-subject_image__eval-subject_image,train,P06|79,79,1
baseline_visualch_80_700ms_6bins__train-subject_image__eval-subject_image,train,P06|80,80,1
baseline_visualch_80_700ms_6bins__train-subject_image__eval-subject_image,train,P06|81,81,2
baseline_visualch_80_700ms_6bins__train-subject_image__eval-subject_image,train,P06|82,82,1
baseline_visualch_80_700ms_6bins__train-subject_image__eval-subject_image,train,P06|83,83,2
baseline_visualch_80_700ms_6bins__train-subject_image__eval-subject_image,train,P06|84,84,1
baseline_visualch_80_700ms_6bins__train-subject_image__eval-subject_image,train,P06|86,86,1
baseline_visualch_80_700ms_6bins__train-subject_image__eval-subject_image,train,P06|87,87,1
baseline_visualch_80_700ms_6bins__train-subject_image__eval-subject_image,train,P06|88,88,1
baseline_visualch_80_700ms_6bins__train-subject_image__eval-subject_image,train,P06|90,90,1
baseline_visualch_80_700ms_6bins__train-subject_image__eval-subject_image,train,P06|91,91,2
baseline_visualch_80_700ms_6bins__train-subject_image__eval-subject_image,train,P06|92,92,1
baseline_visualch_80_700ms_6bins__train-subject_image__eval-subject_image,train,P06|93,93,1
baseline_visualch_80_700ms_6bins__train-subject_image__eval-subject_image,train,P06|95,95,1
baseline_visualch_80_700ms_6bins__train-subject_image__eval-subject_image,train,P06|97,97,1
baseline_visualch_80_700ms_6bins__train-subject_image__eval-subject_image,train,P06|98,98,1
baseline_visualch_80_700ms_6bins__train-subject_image__eval-subject_image,train,P06|99,99,1
baseline_visualch_80_700ms_6bins__train-subject_image__eval-subject_image,train,P06|100,100,1
baseline_visualch_80_700ms_6bins__train-subject_image__eval-subject_image,train,P06|101,101,1
baseline_visualch_80_700ms_6bins__train-subject_image__eval-subject_image,train,P06|102,102,1
baseline_visualch_80_700ms_6bins__train-subject_image__eval-subject_image,train,P06|103,103,2
baseline_visualch_80_700ms_6bins__train-subject_image__eval-subject_image,train,P06|105,105,1
baseline_visualch_80_700ms_6bins__train-subject_image__eval-subject_image,train,P06|106,106,1
baseline_visualch_80_700ms_6bins__train-subject_image__eval-subject_image,train,P06|107,107,1
baseline_visualch_80_700ms_6bins__train-subject_image__eval-subject_image,train,P06|108,108,1
baseline_visualch_80_700ms_6bins__train-subject_image__eval-subject_image,train,P06|109,109,2
baseline_visualch_80_700ms_6bins__train-subject_image__eval-subject_image,train,P06|110,110,1
baseline_visualch_80_700ms_6bins__train-subject_image__eval-subject_image,train,P06|111,111,1
baseline_visualch_80_700ms_6bins__train-subject_image__eval-subject_image,train,P06|112,112,1
baseline_visualch_80_700ms_6bins__train-subject_image__eval-subject_image,train,P06|113,113,1
baseline_visualch_80_700ms_6bins__train-subject_image__eval-subject_image,train,P06|114,114,1
baseline_visualch_80_700ms_6bins__train-subject_image__eval-subject_image,train,P06|115,115,1
baseline_visualch_80_700ms_6bins__train-subject_image__eval-subject_image,train,P06|116,116,1
baseline_visualch_80_700ms_6bins__train-subject_image__eval-subject_image,train,P06|117,117,2
baseline_visualch_80_700ms_6bins__train-subject_image__eval-subject_image,train,P06|118,118,1
baseline_visualch_80_700ms_6bins__train-subject_image__eval-subject_image,train,P06|119,119,2
baseline_visualch_80_700ms_6bins__train-subject_image__eval-subject_image,train,P06|121,121,1
baseline_visualch_80_700ms_6bins__train-subject_image__eval-subject_image,train,P06|124,124,2
baseline_visualch_80_700ms_6bins__train-subject_image__eval-subject_image,train,P06|125,125,2
baseline_visualch_80_700ms_6bins__train-subject_image__eval-subject_image,train,P06|126,126,1
baseline_visualch_80_700ms_6bins__train-subject_image__eval-subject_image,train,P06|127,127,1
baseline_visualch_80_700ms_6bins__train-subject_image__eval-subject_image,train,P06|128,128,2
baseline_visualch_80_700ms_6bins__train-subject_image__eval-subject_image,train,P06|129,129,2
baseline_visualch_80_700ms_6bins__train-subject_image__eval-subject_image,train,P06|130,130,1
baseline_visualch_80_700ms_6bins__train-subject_image__eval-subject_image,train,P06|132,132,1
baseline_visualch_80_700ms_6bins__train-subject_image__eval-subject_image,train,P06|134,134,1
baseline_visualch_80_700ms_6bins__train-subject_image__eval-subject_image,train,P06|135,135,1
baseline_visualch_80_700ms_6bins__train-subject_image__eval-subject_image,train,P06|137,137,1
baseline_visualch_80_700ms_6bins__train-subject_image__eval-subject_image,train,P06|138,138,1
baseline_visualch_80_700ms_6bins__train-subject_image__eval-subject_image,train,P06|139,139,1
baseline_visualch_80_700ms_6bins__train-subject_image__eval-subject_image,train,P06|141,141,1
baseline_visualch_80_700ms_6bins__train-subject_image__eval-subject_image,train,P06|144,144,2
baseline_visualch_80_700ms_6bins__train-subject_image__eval-subject_image,train,P06|145,145,1
baseline_visualch_80_700ms_6bins__train-subject_image__eval-subject_image,train,P06|146,146,2
baseline_visualch_80_700ms_6bins__train-subject_image__eval-subject_image,train,P06|147,147,1
baseline_visualch_80_700ms_6bins__train-subject_image__eval-subject_image,train,P06|148,148,1
baseline_visualch_80_700ms_6bins__train-subject_image__eval-subject_image,train,P06|149,149,2
baseline_visualch_80_700ms_6bins__train-subject_image__eval-subject_image,train,P06|150,150,1
baseline_visualch_80_700ms_6bins__train-subject_image__eval-subject_image,train,P06|152,152,1
baseline_visualch_80_700ms_6bins__train-subject_image__eval-subject_image,train,P06|153,153,1
baseline_visualch_80_700ms_6bins__train-subject_image__eval-subject_image,train,P06|154,154,1
baseline_visualch_80_700ms_6bins__train-subject_image__eval-subject_image,train,P06|157,157,1
baseline_visualch_80_700ms_6bins__train-subject_image__eval-subject_image,train,P06|158,158,2
baseline_visualch_80_700ms_6bins__train-subject_image__eval-subject_image,train,P06|159,159,2
baseline_visualch_80_700ms_6bins__train-subject_image__eval-subject_image,train,P07|1,1,1
baseline_visualch_80_700ms_6bins__train-subject_image__eval-subject_image,train,P07|3,3,1
baseline_visualch_80_700ms_6bins__train-subject_image__eval-subject_image,train,P07|4,4,1
baseline_visualch_80_700ms_6bins__train-subject_image__eval-subject_image,train,P07|5,5,2
baseline_visualch_80_700ms_6bins__train-subject_image__eval-subject_image,train,P07|6,6,1
baseline_visualch_80_700ms_6bins__train-subject_image__eval-subject_image,train,P07|7,7,1
baseline_visualch_80_700ms_6bins__train-subject_image__eval-subject_image,train,P07|8,8,1
baseline_visualch_80_700ms_6bins__train-subject_image__eval-subject_image,train,P07|9,9,1
baseline_visualch_80_700ms_6bins__train-subject_image__eval-subject_image,train,P07|10,10,1
baseline_visualch_80_700ms_6bins__train-subject_image__eval-subject_image,train,P07|12,12,1
baseline_visualch_80_700ms_6bins__train-subject_image__eval-subject_image,train,P07|13,13,1
baseline_visualch_80_700ms_6bins__train-subject_image__eval-subject_image,train,P07|14,14,2
baseline_visualch_80_700ms_6bins__train-subject_image__eval-subject_image,train,P07|15,15,1
baseline_visualch_80_700ms_6bins__train-subject_image__eval-subject_image,train,P07|16,16,1
baseline_visualch_80_700ms_6bins__train-subject_image__eval-subject_image,train,P07|20,20,1
baseline_visualch_80_700ms_6bins__train-subject_image__eval-subject_image,train,P07|21,21,1
baseline_visualch_80_700ms_6bins__train-subject_image__eval-subject_image,train,P07|22,22,2
baseline_visualch_80_700ms_6bins__train-subject_image__eval-subject_image,train,P07|23,23,1
baseline_visualch_80_700ms_6bins__train-subject_image__eval-subject_image,train,P07|24,24,1
baseline_visualch_80_700ms_6bins__train-subject_image__eval-subject_image,train,P07|25,25,1
baseline_visualch_80_700ms_6bins__train-subject_image__eval-subject_image,train,P07|26,26,2
baseline_visualch_80_700ms_6bins__train-subject_image__eval-subject_image,train,P07|27,27,1
baseline_visualch_80_700ms_6bins__train-subject_image__eval-subject_image,train,P07|28,28,1
baseline_visualch_80_700ms_6bins__train-subject_image__eval-subject_image,train,P07|29,29,1
baseline_visualch_80_700ms_6bins__train-subject_image__eval-subject_image,train,P07|31,31,1
baseline_visualch_80_700ms_6bins__train-subject_image__eval-subject_image,train,P07|32,32,1
baseline_visualch_80_700ms_6bins__train-subject_image__eval-subject_image,train,P07|33,33,1
baseline_visualch_80_700ms_6bins__train-subject_image__eval-subject_image,train,P07|34,34,1
baseline_visualch_80_700ms_6bins__train-subject_image__eval-subject_image,train,P07|35,35,1
baseline_visualch_80_700ms_6bins__train-subject_image__eval-subject_image,train,P07|36,36,1
baseline_visualch_80_700ms_6bins__train-subject_image__eval-subject_image,train,P07|37,37,1
baseline_visualch_80_700ms_6bins__train-subject_image__eval-subject_image,train,P07|39,39,1
baseline_visualch_80_700ms_6bins__train-subject_image__eval-subject_image,train,P07|40,40,1
baseline_visualch_80_700ms_6bins__train-subject_image__eval-subject_image,train,P07|41,41,1
baseline_visualch_80_700ms_6bins__train-subject_image__eval-subject_image,train,P07|43,43,1
baseline_visualch_80_700ms_6bins__train-subject_image__eval-subject_image,train,P07|44,44,2
baseline_visualch_80_700ms_6bins__train-subject_image__eval-subject_image,train,P07|45,45,2
baseline_visualch_80_700ms_6bins__train-subject_image__eval-subject_image,train,P07|46,46,1
baseline_visualch_80_700ms_6bins__train-subject_image__eval-subject_image,train,P07|47,47,1
baseline_visualch_80_700ms_6bins__train-subject_image__eval-subject_image,train,P07|48,48,1
baseline_visualch_80_700ms_6bins__train-subject_image__eval-subject_image,train,P07|49,49,1
baseline_visualch_80_700ms_6bins__train-subject_image__eval-subject_image,train,P07|50,50,2
baseline_visualch_80_700ms_6bins__train-subject_image__eval-subject_image,train,P07|51,51,2
baseline_visualch_80_700ms_6bins__train-subject_image__eval-subject_image,train,P07|53,53,1
baseline_visualch_80_700ms_6bins__train-subject_image__eval-subject_image,train,P07|54,54,1
baseline_visualch_80_700ms_6bins__train-subject_image__eval-subject_image,train,P07|55,55,1
baseline_visualch_80_700ms_6bins__train-subject_image__eval-subject_image,train,P07|56,56,1
baseline_visualch_80_700ms_6bins__train-subject_image__eval-subject_image,train,P07|57,57,1
baseline_visualch_80_700ms_6bins__train-subject_image__eval-subject_image,train,P07|58,58,2
baseline_visualch_80_700ms_6bins__train-subject_image__eval-subject_image,train,P07|59,59,2
baseline_visualch_80_700ms_6bins__train-subject_image__eval-subject_image,train,P07|60,60,2
baseline_visualch_80_700ms_6bins__train-subject_image__eval-subject_image,train,P07|62,62,1
baseline_visualch_80_700ms_6bins__train-subject_image__eval-subject_image,train,P07|63,63,1
baseline_visualch_80_700ms_6bins__train-subject_image__eval-subject_image,train,P07|64,64,1
baseline_visualch_80_700ms_6bins__train-subject_image__eval-subject_image,train,P07|65,65,1
baseline_visualch_80_700ms_6bins__train-subject_image__eval-subject_image,train,P07|68,68,1
baseline_visualch_80_700ms_6bins__train-subject_image__eval-subject_image,train,P07|69,69,1
baseline_visualch_80_700ms_6bins__train-subject_image__eval-subject_image,train,P07|70,70,2
baseline_visualch_80_700ms_6bins__train-subject_image__eval-subject_image,train,P07|71,71,1
baseline_visualch_80_700ms_6bins__train-subject_image__eval-subject_image,train,P07|73,73,1
baseline_visualch_80_700ms_6bins__train-subject_image__eval-subject_image,train,P07|74,74,1
baseline_visualch_80_700ms_6bins__train-subject_image__eval-subject_image,train,P07|75,75,1
baseline_visualch_80_700ms_6bins__train-subject_image__eval-subject_image,train,P07|77,77,1
baseline_visualch_80_700ms_6bins__train-subject_image__eval-subject_image,train,P07|78,78,1
baseline_visualch_80_700ms_6bins__train-subject_image__eval-subject_image,train,P07|79,79,1
baseline_visualch_80_700ms_6bins__train-subject_image__eval-subject_image,train,P07|80,80,1
baseline_visualch_80_700ms_6bins__train-subject_image__eval-subject_image,train,P07|81,81,2
baseline_visualch_80_700ms_6bins__train-subject_image__eval-subject_image,train,P07|82,82,1
baseline_visualch_80_700ms_6bins__train-subject_image__eval-subject_image,train,P07|83,83,2
baseline_visualch_80_700ms_6bins__train-subject_image__eval-subject_image,train,P07|84,84,1
baseline_visualch_80_700ms_6bins__train-subject_image__eval-subject_image,train,P07|86,86,1
baseline_visualch_80_700ms_6bins__train-subject_image__eval-subject_image,train,P07|87,87,1
baseline_visualch_80_700ms_6bins__train-subject_image__eval-subject_image,train,P07|88,88,1
baseline_visualch_80_700ms_6bins__train-subject_image__eval-subject_image,train,P07|90,90,1
baseline_visualch_80_700ms_6bins__train-subject_image__eval-subject_image,train,P07|91,91,2
baseline_visualch_80_700ms_6bins__train-subject_image__eval-subject_image,train,P07|92,92,1
baseline_visualch_80_700ms_6bins__train-subject_image__eval-subject_image,train,P07|93,93,1
baseline_visualch_80_700ms_6bins__train-subject_image__eval-subject_image,train,P07|95,95,1
baseline_visualch_80_700ms_6bins__train-subject_image__eval-subject_image,train,P07|97,97,1
baseline_visualch_80_700ms_6bins__train-subject_image__eval-subject_image,train,P07|98,98,1
baseline_visualch_80_700ms_6bins__train-subject_image__eval-subject_image,train,P07|99,99,1
baseline_visualch_80_700ms_6bins__train-subject_image__eval-subject_image,train,P07|100,100,1
baseline_visualch_80_700ms_6bins__train-subject_image__eval-subject_image,train,P07|101,101,1
baseline_visualch_80_700ms_6bins__train-subject_image__eval-subject_image,train,P07|102,102,1
baseline_visualch_80_700ms_6bins__train-subject_image__eval-subject_image,train,P07|103,103,2
baseline_visualch_80_700ms_6bins__train-subject_image__eval-subject_image,train,P07|105,105,1
baseline_visualch_80_700ms_6bins__train-subject_image__eval-subject_image,train,P07|106,106,1
baseline_visualch_80_700ms_6bins__train-subject_image__eval-subject_image,train,P07|107,107,1
baseline_visualch_80_700ms_6bins__train-subject_image__eval-subject_image,train,P07|108,108,1
baseline_visualch_80_700ms_6bins__train-subject_image__eval-subject_image,train,P07|109,109,2
baseline_visualch_80_700ms_6bins__train-subject_image__eval-subject_image,train,P07|110,110,1
baseline_visualch_80_700ms_6bins__train-subject_image__eval-subject_image,train,P07|111,111,1
baseline_visualch_80_700ms_6bins__train-subject_image__eval-subject_image,train,P07|112,112,1
baseline_visualch_80_700ms_6bins__train-subject_image__eval-subject_image,train,P07|113,113,1
baseline_visualch_80_700ms_6bins__train-subject_image__eval-subject_image,train,P07|114,114,1
baseline_visualch_80_700ms_6bins__train-subject_image__eval-subject_image,train,P07|115,115,1
baseline_visualch_80_700ms_6bins__train-subject_image__eval-subject_image,train,P07|116,116,1
baseline_visualch_80_700ms_6bins__train-subject_image__eval-subject_image,train,P07|117,117,2
baseline_visualch_80_700ms_6bins__train-subject_image__eval-subject_image,train,P07|118,118,1
baseline_visualch_80_700ms_6bins__train-subject_image__eval-subject_image,train,P07|119,119,2
baseline_visualch_80_700ms_6bins__train-subject_image__eval-subject_image,train,P07|121,121,1
baseline_visualch_80_700ms_6bins__train-subject_image__eval-subject_image,train,P07|124,124,2
baseline_visualch_80_700ms_6bins__train-subject_image__eval-subject_image,train,P07|125,125,2
baseline_visualch_80_700ms_6bins__train-subject_image__eval-subject_image,train,P07|126,126,1
baseline_visualch_80_700ms_6bins__train-subject_image__eval-subject_image,train,P07|127,127,1
baseline_visualch_80_700ms_6bins__train-subject_image__eval-subject_image,train,P07|128,128,2
baseline_visualch_80_700ms_6bins__train-subject_image__eval-subject_image,train,P07|129,129,2
baseline_visualch_80_700ms_6bins__train-subject_image__eval-subject_image,train,P07|130,130,1
baseline_visualch_80_700ms_6bins__train-subject_image__eval-subject_image,train,P07|132,132,1
baseline_visualch_80_700ms_6bins__train-subject_image__eval-subject_image,train,P07|134,134,1
baseline_visualch_80_700ms_6bins__train-subject_image__eval-subject_image,train,P07|135,135,1
baseline_visualch_80_700ms_6bins__train-subject_image__eval-subject_image,train,P07|137,137,1
baseline_visualch_80_700ms_6bins__train-subject_image__eval-subject_image,train,P07|138,138,1
baseline_visualch_80_700ms_6bins__train-subject_image__eval-subject_image,train,P07|139,139,1
baseline_visualch_80_700ms_6bins__train-subject_image__eval-subject_image,train,P07|141,141,1
baseline_visualch_80_700ms_6bins__train-subject_image__eval-subject_image,train,P07|144,144,2
baseline_visualch_80_700ms_6bins__train-subject_image__eval-subject_image,train,P07|145,145,1
baseline_visualch_80_700ms_6bins__train-subject_image__eval-subject_image,train,P07|146,146,2
baseline_visualch_80_700ms_6bins__train-subject_image__eval-subject_image,train,P07|147,147,1
baseline_visualch_80_700ms_6bins__train-subject_image__eval-subject_image,train,P07|148,148,1
baseline_visualch_80_700ms_6bins__train-subject_image__eval-subject_image,train,P07|149,149,2
baseline_visualch_80_700ms_6bins__train-subject_image__eval-subject_image,train,P07|150,150,1
baseline_visualch_80_700ms_6bins__train-subject_image__eval-subject_image,train,P07|152,152,1
baseline_visualch_80_700ms_6bins__train-subject_image__eval-subject_image,train,P07|153,153,1
baseline_visualch_80_700ms_6bins__train-subject_image__eval-subject_image,train,P07|154,154,1
baseline_visualch_80_700ms_6bins__train-subject_image__eval-subject_image,train,P07|157,157,1
baseline_visualch_80_700ms_6bins__train-subject_image__eval-subject_image,train,P07|158,158,2
baseline_visualch_80_700ms_6bins__train-subject_image__eval-subject_image,train,P07|159,159,2
baseline_visualch_80_700ms_6bins__train-subject_image__eval-subject_image,train,melina|1,1,1
baseline_visualch_80_700ms_6bins__train-subject_image__eval-subject_image,train,melina|3,3,1
baseline_visualch_80_700ms_6bins__train-subject_image__eval-subject_image,train,melina|4,4,1
baseline_visualch_80_700ms_6bins__train-subject_image__eval-subject_image,train,melina|5,5,2
baseline_visualch_80_700ms_6bins__train-subject_image__eval-subject_image,train,melina|6,6,1
baseline_visualch_80_700ms_6bins__train-subject_image__eval-subject_image,train,melina|7,7,1
baseline_visualch_80_700ms_6bins__train-subject_image__eval-subject_image,train,melina|8,8,1
baseline_visualch_80_700ms_6bins__train-subject_image__eval-subject_image,train,melina|9,9,1
baseline_visualch_80_700ms_6bins__train-subject_image__eval-subject_image,train,melina|10,10,1
baseline_visualch_80_700ms_6bins__train-subject_image__eval-subject_image,train,melina|12,12,1
baseline_visualch_80_700ms_6bins__train-subject_image__eval-subject_image,train,melina|13,13,1
baseline_visualch_80_700ms_6bins__train-subject_image__eval-subject_image,train,melina|14,14,2
baseline_visualch_80_700ms_6bins__train-subject_image__eval-subject_image,train,melina|15,15,1
baseline_visualch_80_700ms_6bins__train-subject_image__eval-subject_image,train,melina|16,16,1
baseline_visualch_80_700ms_6bins__train-subject_image__eval-subject_image,train,melina|20,20,1
baseline_visualch_80_700ms_6bins__train-subject_image__eval-subject_image,train,melina|21,21,1
baseline_visualch_80_700ms_6bins__train-subject_image__eval-subject_image,train,melina|22,22,2
baseline_visualch_80_700ms_6bins__train-subject_image__eval-subject_image,train,melina|23,23,1
baseline_visualch_80_700ms_6bins__train-subject_image__eval-subject_image,train,melina|24,24,1
baseline_visualch_80_700ms_6bins__train-subject_image__eval-subject_image,train,melina|25,25,1
baseline_visualch_80_700ms_6bins__train-subject_image__eval-subject_image,train,melina|26,26,2
baseline_visualch_80_700ms_6bins__train-subject_image__eval-subject_image,train,melina|27,27,1
baseline_visualch_80_700ms_6bins__train-subject_image__eval-subject_image,train,melina|28,28,1
baseline_visualch_80_700ms_6bins__train-subject_image__eval-subject_image,train,melina|29,29,1
baseline_visualch_80_700ms_6bins__train-subject_image__eval-subject_image,train,melina|31,31,1
baseline_visualch_80_700ms_6bins__train-subject_image__eval-subject_image,train,melina|32,32,1
baseline_visualch_80_700ms_6bins__train-subject_image__eval-subject_image,train,melina|33,33,1
baseline_visualch_80_700ms_6bins__train-subject_image__eval-subject_image,train,melina|34,34,1
baseline_visualch_80_700ms_6bins__train-subject_image__eval-subject_image,train,melina|35,35,1
baseline_visualch_80_700ms_6bins__train-subject_image__eval-subject_image,train,melina|36,36,1
baseline_visualch_80_700ms_6bins__train-subject_image__eval-subject_image,train,melina|37,37,1
baseline_visualch_80_700ms_6bins__train-subject_image__eval-subject_image,train,melina|39,39,1
baseline_visualch_80_700ms_6bins__train-subject_image__eval-subject_image,train,melina|40,40,1
baseline_visualch_80_700ms_6bins__train-subject_image__eval-subject_image,train,melina|41,41,1
baseline_visualch_80_700ms_6bins__train-subject_image__eval-subject_image,train,melina|43,43,1
baseline_visualch_80_700ms_6bins__train-subject_image__eval-subject_image,train,melina|44,44,2
baseline_visualch_80_700ms_6bins__train-subject_image__eval-subject_image,train,melina|45,45,2
baseline_visualch_80_700ms_6bins__train-subject_image__eval-subject_image,train,melina|46,46,1
baseline_visualch_80_700ms_6bins__train-subject_image__eval-subject_image,train,melina|47,47,1
baseline_visualch_80_700ms_6bins__train-subject_image__eval-subject_image,train,melina|48,48,1
baseline_visualch_80_700ms_6bins__train-subject_image__eval-subject_image,train,melina|49,49,1
baseline_visualch_80_700ms_6bins__train-subject_image__eval-subject_image,train,melina|50,50,2
baseline_visualch_80_700ms_6bins__train-subject_image__eval-subject_image,train,melina|51,51,2
baseline_visualch_80_700ms_6bins__train-subject_image__eval-subject_image,train,melina|53,53,1
baseline_visualch_80_700ms_6bins__train-subject_image__eval-subject_image,train,melina|54,54,1
baseline_visualch_80_700ms_6bins__train-subject_image__eval-subject_image,train,melina|55,55,1
baseline_visualch_80_700ms_6bins__train-subject_image__eval-subject_image,train,melina|56,56,1
baseline_visualch_80_700ms_6bins__train-subject_image__eval-subject_image,train,melina|57,57,1
baseline_visualch_80_700ms_6bins__train-subject_image__eval-subject_image,train,melina|58,58,2
baseline_visualch_80_700ms_6bins__train-subject_image__eval-subject_image,train,melina|59,59,2
baseline_visualch_80_700ms_6bins__train-subject_image__eval-subject_image,train,melina|60,60,2
baseline_visualch_80_700ms_6bins__train-subject_image__eval-subject_image,train,melina|62,62,1
baseline_visualch_80_700ms_6bins__train-subject_image__eval-subject_image,train,melina|63,63,1
baseline_visualch_80_700ms_6bins__train-subject_image__eval-subject_image,train,melina|64,64,1
baseline_visualch_80_700ms_6bins__train-subject_image__eval-subject_image,train,melina|65,65,1
baseline_visualch_80_700ms_6bins__train-subject_image__eval-subject_image,train,melina|68,68,1
baseline_visualch_80_700ms_6bins__train-subject_image__eval-subject_image,train,melina|69,69,1
baseline_visualch_80_700ms_6bins__train-subject_image__eval-subject_image,train,melina|70,70,2
baseline_visualch_80_700ms_6bins__train-subject_image__eval-subject_image,train,melina|71,71,1
baseline_visualch_80_700ms_6bins__train-subject_image__eval-subject_image,train,melina|73,73,1
baseline_visualch_80_700ms_6bins__train-subject_image__eval-subject_image,train,melina|74,74,1
baseline_visualch_80_700ms_6bins__train-subject_image__eval-subject_image,train,melina|75,75,1
baseline_visualch_80_700ms_6bins__train-subject_image__eval-subject_image,train,melina|77,77,1
baseline_visualch_80_700ms_6bins__train-subject_image__eval-subject_image,train,melina|78,78,1
baseline_visualch_80_700ms_6bins__train-subject_image__eval-subject_image,train,melina|79,79,1
baseline_visualch_80_700ms_6bins__train-subject_image__eval-subject_image,train,melina|80,80,1
baseline_visualch_80_700ms_6bins__train-subject_image__eval-subject_image,train,melina|81,81,2
baseline_visualch_80_700ms_6bins__train-subject_image__eval-subject_image,train,melina|82,82,1
baseline_visualch_80_700ms_6bins__train-subject_image__eval-subject_image,train,melina|83,83,2
baseline_visualch_80_700ms_6bins__train-subject_image__eval-subject_image,train,melina|84,84,1
baseline_visualch_80_700ms_6bins__train-subject_image__eval-subject_image,train,melina|86,86,1
baseline_visualch_80_700ms_6bins__train-subject_image__eval-subject_image,train,melina|87,87,1
baseline_visualch_80_700ms_6bins__train-subject_image__eval-subject_image,train,melina|88,88,1
baseline_visualch_80_700ms_6bins__train-subject_image__eval-subject_image,train,melina|90,90,1
baseline_visualch_80_700ms_6bins__train-subject_image__eval-subject_image,train,melina|91,91,2
baseline_visualch_80_700ms_6bins__train-subject_image__eval-subject_image,train,melina|92,92,1
baseline_visualch_80_700ms_6bins__train-subject_image__eval-subject_image,train,melina|93,93,1
baseline_visualch_80_700ms_6bins__train-subject_image__eval-subject_image,train,melina|95,95,1
baseline_visualch_80_700ms_6bins__train-subject_image__eval-subject_image,train,melina|97,97,1
baseline_visualch_80_700ms_6bins__train-subject_image__eval-subject_image,train,melina|98,98,1
baseline_visualch_80_700ms_6bins__train-subject_image__eval-subject_image,train,melina|99,99,1
baseline_visualch_80_700ms_6bins__train-subject_image__eval-subject_image,train,melina|100,100,1
baseline_visualch_80_700ms_6bins__train-subject_image__eval-subject_image,train,melina|101,101,1
baseline_visualch_80_700ms_6bins__train-subject_image__eval-subject_image,train,melina|102,102,1
baseline_visualch_80_700ms_6bins__train-subject_image__eval-subject_image,train,melina|103,103,2
baseline_visualch_80_700ms_6bins__train-subject_image__eval-subject_image,train,melina|105,105,1
baseline_visualch_80_700ms_6bins__train-subject_image__eval-subject_image,train,melina|106,106,1
baseline_visualch_80_700ms_6bins__train-subject_image__eval-subject_image,train,melina|107,107,1
baseline_visualch_80_700ms_6bins__train-subject_image__eval-subject_image,train,melina|108,108,1
baseline_visualch_80_700ms_6bins__train-subject_image__eval-subject_image,train,melina|109,109,2
baseline_visualch_80_700ms_6bins__train-subject_image__eval-subject_image,train,melina|110,110,1
baseline_visualch_80_700ms_6bins__train-subject_image__eval-subject_image,train,melina|111,111,1
baseline_visualch_80_700ms_6bins__train-subject_image__eval-subject_image,train,melina|112,112,1
baseline_visualch_80_700ms_6bins__train-subject_image__eval-subject_image,train,melina|113,113,1
baseline_visualch_80_700ms_6bins__train-subject_image__eval-subject_image,train,melina|114,114,1
baseline_visualch_80_700ms_6bins__train-subject_image__eval-subject_image,train,melina|115,115,1
baseline_visualch_80_700ms_6bins__train-subject_image__eval-subject_image,train,melina|116,116,1
baseline_visualch_80_700ms_6bins__train-subject_image__eval-subject_image,train,melina|117,117,2
baseline_visualch_80_700ms_6bins__train-subject_image__eval-subject_image,train,melina|118,118,1
baseline_visualch_80_700ms_6bins__train-subject_image__eval-subject_image,train,melina|119,119,2
baseline_visualch_80_700ms_6bins__train-subject_image__eval-subject_image,train,melina|121,121,1
baseline_visualch_80_700ms_6bins__train-subject_image__eval-subject_image,train,melina|124,124,2
baseline_visualch_80_700ms_6bins__train-subject_image__eval-subject_image,train,melina|125,125,2
baseline_visualch_80_700ms_6bins__train-subject_image__eval-subject_image,train,melina|126,126,1
baseline_visualch_80_700ms_6bins__train-subject_image__eval-subject_image,train,melina|127,127,1
baseline_visualch_80_700ms_6bins__train-subject_image__eval-subject_image,train,melina|128,128,2
baseline_visualch_80_700ms_6bins__train-subject_image__eval-subject_image,train,melina|129,129,2
baseline_visualch_80_700ms_6bins__train-subject_image__eval-subject_image,train,melina|130,130,1
baseline_visualch_80_700ms_6bins__train-subject_image__eval-subject_image,train,melina|132,132,1
baseline_visualch_80_700ms_6bins__train-subject_image__eval-subject_image,train,melina|134,134,1
baseline_visualch_80_700ms_6bins__train-subject_image__eval-subject_image,train,melina|135,135,1
baseline_visualch_80_700ms_6bins__train-subject_image__eval-subject_image,train,melina|137,137,1
baseline_visualch_80_700ms_6bins__train-subject_image__eval-subject_image,train,melina|138,138,1
baseline_visualch_80_700ms_6bins__train-subject_image__eval-subject_image,train,melina|139,139,1
baseline_visualch_80_700ms_6bins__train-subject_image__eval-subject_image,train,melina|141,141,1
baseline_visualch_80_700ms_6bins__train-subject_image__eval-subject_image,train,melina|144,144,2
baseline_visualch_80_700ms_6bins__train-subject_image__eval-subject_image,train,melina|145,145,1
baseline_visualch_80_700ms_6bins__train-subject_image__eval-subject_image,train,melina|146,146,2
baseline_visualch_80_700ms_6bins__train-subject_image__eval-subject_image,train,melina|147,147,1
baseline_visualch_80_700ms_6bins__train-subject_image__eval-subject_image,train,melina|148,148,1
baseline_visualch_80_700ms_6bins__train-subject_image__eval-subject_image,train,melina|149,149,2
baseline_visualch_80_700ms_6bins__train-subject_image__eval-subject_image,train,melina|150,150,1
baseline_visualch_80_700ms_6bins__train-subject_image__eval-subject_image,train,melina|152,152,1
baseline_visualch_80_700ms_6bins__train-subject_image__eval-subject_image,train,melina|153,153,1
baseline_visualch_80_700ms_6bins__train-subject_image__eval-subject_image,train,melina|154,154,1
baseline_visualch_80_700ms_6bins__train-subject_image__eval-subject_image,train,melina|157,157,1
baseline_visualch_80_700ms_6bins__train-subject_image__eval-subject_image,train,melina|158,158,2
baseline_visualch_80_700ms_6bins__train-subject_image__eval-subject_image,train,melina|159,159,2
baseline_visualch_80_700ms_6bins__train-subject_image__eval-subject_image,train,zar|1,1,1
baseline_visualch_80_700ms_6bins__train-subject_image__eval-subject_image,train,zar|3,3,1
baseline_visualch_80_700ms_6bins__train-subject_image__eval-subject_image,train,zar|4,4,1
baseline_visualch_80_700ms_6bins__train-subject_image__eval-subject_image,train,zar|5,5,1
baseline_visualch_80_700ms_6bins__train-subject_image__eval-subject_image,train,zar|6,6,1
baseline_visualch_80_700ms_6bins__train-subject_image__eval-subject_image,train,zar|7,7,1
baseline_visualch_80_700ms_6bins__train-subject_image__eval-subject_image,train,zar|8,8,1
baseline_visualch_80_700ms_6bins__train-subject_image__eval-subject_image,train,zar|9,9,1
baseline_visualch_80_700ms_6bins__train-subject_image__eval-subject_image,train,zar|10,10,1
baseline_visualch_80_700ms_6bins__train-subject_image__eval-subject_image,train,zar|12,12,1
baseline_visualch_80_700ms_6bins__train-subject_image__eval-subject_image,train,zar|13,13,1
baseline_visualch_80_700ms_6bins__train-subject_image__eval-subject_image,train,zar|14,14,2
baseline_visualch_80_700ms_6bins__train-subject_image__eval-subject_image,train,zar|15,15,1
baseline_visualch_80_700ms_6bins__train-subject_image__eval-subject_image,train,zar|16,16,1
baseline_visualch_80_700ms_6bins__train-subject_image__eval-subject_image,train,zar|20,20,1
baseline_visualch_80_700ms_6bins__train-subject_image__eval-subject_image,train,zar|21,21,1
baseline_visualch_80_700ms_6bins__train-subject_image__eval-subject_image,train,zar|22,22,2
baseline_visualch_80_700ms_6bins__train-subject_image__eval-subject_image,train,zar|24,24,1
baseline_visualch_80_700ms_6bins__train-subject_image__eval-subject_image,train,zar|25,25,1
baseline_visualch_80_700ms_6bins__train-subject_image__eval-subject_image,train,zar|26,26,2
baseline_visualch_80_700ms_6bins__train-subject_image__eval-subject_image,train,zar|27,27,1
baseline_visualch_80_700ms_6bins__train-subject_image__eval-subject_image,train,zar|28,28,1
baseline_visualch_80_700ms_6bins__train-subject_image__eval-subject_image,train,zar|31,31,1
baseline_visualch_80_700ms_6bins__train-subject_image__eval-subject_image,train,zar|32,32,1
baseline_visualch_80_700ms_6bins__train-subject_image__eval-subject_image,train,zar|33,33,1
baseline_visualch_80_700ms_6bins__train-subject_image__eval-subject_image,train,zar|34,34,1
baseline_visualch_80_700ms_6bins__train-subject_image__eval-subject_image,train,zar|35,35,1
baseline_visualch_80_700ms_6bins__train-subject_image__eval-subject_image,train,zar|36,36,1
baseline_visualch_80_700ms_6bins__train-subject_image__eval-subject_image,train,zar|37,37,1
baseline_visualch_80_700ms_6bins__train-subject_image__eval-subject_image,train,zar|39,39,1
baseline_visualch_80_700ms_6bins__train-subject_image__eval-subject_image,train,zar|40,40,1
baseline_visualch_80_700ms_6bins__train-subject_image__eval-subject_image,train,zar|41,41,1
baseline_visualch_80_700ms_6bins__train-subject_image__eval-subject_image,train,zar|43,43,1
baseline_visualch_80_700ms_6bins__train-subject_image__eval-subject_image,train,zar|44,44,1
baseline_visualch_80_700ms_6bins__train-subject_image__eval-subject_image,train,zar|45,45,2
baseline_visualch_80_700ms_6bins__train-subject_image__eval-subject_image,train,zar|46,46,1
baseline_visualch_80_700ms_6bins__train-subject_image__eval-subject_image,train,zar|47,47,1
baseline_visualch_80_700ms_6bins__train-subject_image__eval-subject_image,train,zar|48,48,1
baseline_visualch_80_700ms_6bins__train-subject_image__eval-subject_image,train,zar|50,50,2
baseline_visualch_80_700ms_6bins__train-subject_image__eval-subject_image,train,zar|51,51,2
baseline_visualch_80_700ms_6bins__train-subject_image__eval-subject_image,train,zar|54,54,1
baseline_visualch_80_700ms_6bins__train-subject_image__eval-subject_image,train,zar|55,55,1
baseline_visualch_80_700ms_6bins__train-subject_image__eval-subject_image,train,zar|56,56,1
baseline_visualch_80_700ms_6bins__train-subject_image__eval-subject_image,train,zar|57,57,1
baseline_visualch_80_700ms_6bins__train-subject_image__eval-subject_image,train,zar|58,58,2
baseline_visualch_80_700ms_6bins__train-subject_image__eval-subject_image,train,zar|59,59,2
baseline_visualch_80_700ms_6bins__train-subject_image__eval-subject_image,train,zar|60,60,1
baseline_visualch_80_700ms_6bins__train-subject_image__eval-subject_image,train,zar|62,62,1
baseline_visualch_80_700ms_6bins__train-subject_image__eval-subject_image,train,zar|63,63,1
baseline_visualch_80_700ms_6bins__train-subject_image__eval-subject_image,train,zar|64,64,1
baseline_visualch_80_700ms_6bins__train-subject_image__eval-subject_image,train,zar|65,65,1
baseline_visualch_80_700ms_6bins__train-subject_image__eval-subject_image,train,zar|68,68,1
baseline_visualch_80_700ms_6bins__train-subject_image__eval-subject_image,train,zar|69,69,1
baseline_visualch_80_700ms_6bins__train-subject_image__eval-subject_image,train,zar|70,70,1
baseline_visualch_80_700ms_6bins__train-subject_image__eval-subject_image,train,zar|71,71,1
baseline_visualch_80_700ms_6bins__train-subject_image__eval-subject_image,train,zar|73,73,1
baseline_visualch_80_700ms_6bins__train-subject_image__eval-subject_image,train,zar|74,74,1
baseline_visualch_80_700ms_6bins__train-subject_image__eval-subject_image,train,zar|77,77,1
baseline_visualch_80_700ms_6bins__train-subject_image__eval-subject_image,train,zar|78,78,1
baseline_visualch_80_700ms_6bins__train-subject_image__eval-subject_image,train,zar|79,79,1
baseline_visualch_80_700ms_6bins__train-subject_image__eval-subject_image,train,zar|80,80,1
baseline_visualch_80_700ms_6bins__train-subject_image__eval-subject_image,train,zar|81,81,2
baseline_visualch_80_700ms_6bins__train-subject_image__eval-subject_image,train,zar|82,82,1
baseline_visualch_80_700ms_6bins__train-subject_image__eval-subject_image,train,zar|83,83,2
baseline_visualch_80_700ms_6bins__train-subject_image__eval-subject_image,train,zar|84,84,1
baseline_visualch_80_700ms_6bins__train-subject_image__eval-subject_image,train,zar|86,86,1
baseline_visualch_80_700ms_6bins__train-subject_image__eval-subject_image,train,zar|87,87,1
baseline_visualch_80_700ms_6bins__train-subject_image__eval-subject_image,train,zar|88,88,1
baseline_visualch_80_700ms_6bins__train-subject_image__eval-subject_image,train,zar|90,90,1
baseline_visualch_80_700ms_6bins__train-subject_image__eval-subject_image,train,zar|91,91,2
baseline_visualch_80_700ms_6bins__train-subject_image__eval-subject_image,train,zar|92,92,1
baseline_visualch_80_700ms_6bins__train-subject_image__eval-subject_image,train,zar|93,93,1
baseline_visualch_80_700ms_6bins__train-subject_image__eval-subject_image,train,zar|97,97,1
baseline_visualch_80_700ms_6bins__train-subject_image__eval-subject_image,train,zar|98,98,1
baseline_visualch_80_700ms_6bins__train-subject_image__eval-subject_image,train,zar|99,99,1
baseline_visualch_80_700ms_6bins__train-subject_image__eval-subject_image,train,zar|100,100,1
baseline_visualch_80_700ms_6bins__train-subject_image__eval-subject_image,train,zar|101,101,1
baseline_visualch_80_700ms_6bins__train-subject_image__eval-subject_image,train,zar|102,102,1
baseline_visualch_80_700ms_6bins__train-subject_image__eval-subject_image,train,zar|103,103,2
baseline_visualch_80_700ms_6bins__train-subject_image__eval-subject_image,train,zar|105,105,1
baseline_visualch_80_700ms_6bins__train-subject_image__eval-subject_image,train,zar|106,106,1
baseline_visualch_80_700ms_6bins__train-subject_image__eval-subject_image,train,zar|107,107,1
baseline_visualch_80_700ms_6bins__train-subject_image__eval-subject_image,train,zar|108,108,1
baseline_visualch_80_700ms_6bins__train-subject_image__eval-subject_image,train,zar|109,109,1
baseline_visualch_80_700ms_6bins__train-subject_image__eval-subject_image,train,zar|110,110,1
baseline_visualch_80_700ms_6bins__train-subject_image__eval-subject_image,train,zar|111,111,1
baseline_visualch_80_700ms_6bins__train-subject_image__eval-subject_image,train,zar|112,112,1
baseline_visualch_80_700ms_6bins__train-subject_image__eval-subject_image,train,zar|113,113,1
baseline_visualch_80_700ms_6bins__train-subject_image__eval-subject_image,train,zar|114,114,1
baseline_visualch_80_700ms_6bins__train-subject_image__eval-subject_image,train,zar|115,115,1
baseline_visualch_80_700ms_6bins__train-subject_image__eval-subject_image,train,zar|116,116,1
baseline_visualch_80_700ms_6bins__train-subject_image__eval-subject_image,train,zar|117,117,2
baseline_visualch_80_700ms_6bins__train-subject_image__eval-subject_image,train,zar|118,118,1
baseline_visualch_80_700ms_6bins__train-subject_image__eval-subject_image,train,zar|119,119,2
baseline_visualch_80_700ms_6bins__train-subject_image__eval-subject_image,train,zar|121,121,1
baseline_visualch_80_700ms_6bins__train-subject_image__eval-subject_image,train,zar|124,124,1
baseline_visualch_80_700ms_6bins__train-subject_image__eval-subject_image,train,zar|125,125,2
baseline_visualch_80_700ms_6bins__train-subject_image__eval-subject_image,train,zar|126,126,1
baseline_visualch_80_700ms_6bins__train-subject_image__eval-subject_image,train,zar|127,127,1
baseline_visualch_80_700ms_6bins__train-subject_image__eval-subject_image,train,zar|128,128,2
baseline_visualch_80_700ms_6bins__train-subject_image__eval-subject_image,train,zar|129,129,1
baseline_visualch_80_700ms_6bins__train-subject_image__eval-subject_image,train,zar|130,130,1
baseline_visualch_80_700ms_6bins__train-subject_image__eval-subject_image,train,zar|134,134,1
baseline_visualch_80_700ms_6bins__train-subject_image__eval-subject_image,train,zar|135,135,1
baseline_visualch_80_700ms_6bins__train-subject_image__eval-subject_image,train,zar|137,137,1
baseline_visualch_80_700ms_6bins__train-subject_image__eval-subject_image,train,zar|138,138,1
baseline_visualch_80_700ms_6bins__train-subject_image__eval-subject_image,train,zar|139,139,1
baseline_visualch_80_700ms_6bins__train-subject_image__eval-subject_image,train,zar|144,144,2
baseline_visualch_80_700ms_6bins__train-subject_image__eval-subject_image,train,zar|146,146,2
baseline_visualch_80_700ms_6bins__train-subject_image__eval-subject_image,train,zar|147,147,1
baseline_visualch_80_700ms_6bins__train-subject_image__eval-subject_image,train,zar|148,148,1
baseline_visualch_80_700ms_6bins__train-subject_image__eval-subject_image,train,zar|149,149,2
baseline_visualch_80_700ms_6bins__train-subject_image__eval-subject_image,train,zar|150,150,1
baseline_visualch_80_700ms_6bins__train-subject_image__eval-subject_image,train,zar|152,152,1
baseline_visualch_80_700ms_6bins__train-subject_image__eval-subject_image,train,zar|153,153,1
baseline_visualch_80_700ms_6bins__train-subject_image__eval-subject_image,train,zar|154,154,1
baseline_visualch_80_700ms_6bins__train-subject_image__eval-subject_image,train,zar|157,157,1
baseline_visualch_80_700ms_6bins__train-subject_image__eval-subject_image,train,zar|158,158,2
baseline_visualch_80_700ms_6bins__train-subject_image__eval-subject_image,train,zar|159,159,2
baseline_visualch_80_700ms_6bins__train-subject_image__eval-subject_image,val,P04|0,0,1
baseline_visualch_80_700ms_6bins__train-subject_image__eval-subject_image,val,P04|2,2,1
baseline_visualch_80_700ms_6bins__train-subject_image__eval-subject_image,val,P04|11,11,2
baseline_visualch_80_700ms_6bins__train-subject_image__eval-subject_image,val,P04|17,17,1
baseline_visualch_80_700ms_6bins__train-subject_image__eval-subject_image,val,P04|18,18,1
baseline_visualch_80_700ms_6bins__train-subject_image__eval-subject_image,val,P04|19,19,2
baseline_visualch_80_700ms_6bins__train-subject_image__eval-subject_image,val,P04|30,30,1
baseline_visualch_80_700ms_6bins__train-subject_image__eval-subject_image,val,P04|38,38,1
baseline_visualch_80_700ms_6bins__train-subject_image__eval-subject_image,val,P04|42,42,1
baseline_visualch_80_700ms_6bins__train-subject_image__eval-subject_image,val,P04|52,52,2
baseline_visualch_80_700ms_6bins__train-subject_image__eval-subject_image,val,P04|61,61,2
baseline_visualch_80_700ms_6bins__train-subject_image__eval-subject_image,val,P04|66,66,1
baseline_visualch_80_700ms_6bins__train-subject_image__eval-subject_image,val,P04|67,67,1
baseline_visualch_80_700ms_6bins__train-subject_image__eval-subject_image,val,P04|72,72,1
baseline_visualch_80_700ms_6bins__train-subject_image__eval-subject_image,val,P04|76,76,1
baseline_visualch_80_700ms_6bins__train-subject_image__eval-subject_image,val,P04|85,85,1
baseline_visualch_80_700ms_6bins__train-subject_image__eval-subject_image,val,P04|89,89,1
baseline_visualch_80_700ms_6bins__train-subject_image__eval-subject_image,val,P04|94,94,1
baseline_visualch_80_700ms_6bins__train-subject_image__eval-subject_image,val,P04|96,96,1
baseline_visualch_80_700ms_6bins__train-subject_image__eval-subject_image,val,P04|104,104,1
baseline_visualch_80_700ms_6bins__train-subject_image__eval-subject_image,val,P04|120,120,2
baseline_visualch_80_700ms_6bins__train-subject_image__eval-subject_image,val,P04|122,122,1
baseline_visualch_80_700ms_6bins__train-subject_image__eval-subject_image,val,P04|123,123,2
baseline_visualch_80_700ms_6bins__train-subject_image__eval-subject_image,val,P04|131,131,2
baseline_visualch_80_700ms_6bins__train-subject_image__eval-subject_image,val,P04|133,133,2
baseline_visualch_80_700ms_6bins__train-subject_image__eval-subject_image,val,P04|136,136,1
baseline_visualch_80_700ms_6bins__train-subject_image__eval-subject_image,val,P04|140,140,1
baseline_visualch_80_700ms_6bins__train-subject_image__eval-subject_image,val,P04|142,142,1
baseline_visualch_80_700ms_6bins__train-subject_image__eval-subject_image,val,P04|143,143,1
baseline_visualch_80_700ms_6bins__train-subject_image__eval-subject_image,val,P04|155,155,1
baseline_visualch_80_700ms_6bins__train-subject_image__eval-subject_image,val,P04|156,156,2
baseline_visualch_80_700ms_6bins__train-subject_image__eval-subject_image,val,P05|0,0,2
baseline_visualch_80_700ms_6bins__train-subject_image__eval-subject_image,val,P05|2,2,1
baseline_visualch_80_700ms_6bins__train-subject_image__eval-subject_image,val,P05|11,11,2
baseline_visualch_80_700ms_6bins__train-subject_image__eval-subject_image,val,P05|17,17,1
baseline_visualch_80_700ms_6bins__train-subject_image__eval-subject_image,val,P05|18,18,1
baseline_visualch_80_700ms_6bins__train-subject_image__eval-subject_image,val,P05|19,19,2
baseline_visualch_80_700ms_6bins__train-subject_image__eval-subject_image,val,P05|30,30,1
baseline_visualch_80_700ms_6bins__train-subject_image__eval-subject_image,val,P05|38,38,1
baseline_visualch_80_700ms_6bins__train-subject_image__eval-subject_image,val,P05|42,42,1
baseline_visualch_80_700ms_6bins__train-subject_image__eval-subject_image,val,P05|52,52,2
baseline_visualch_80_700ms_6bins__train-subject_image__eval-subject_image,val,P05|61,61,2
baseline_visualch_80_700ms_6bins__train-subject_image__eval-subject_image,val,P05|66,66,1
baseline_visualch_80_700ms_6bins__train-subject_image__eval-subject_image,val,P05|67,67,1
baseline_visualch_80_700ms_6bins__train-subject_image__eval-subject_image,val,P05|72,72,1
baseline_visualch_80_700ms_6bins__train-subject_image__eval-subject_image,val,P05|76,76,1
baseline_visualch_80_700ms_6bins__train-subject_image__eval-subject_image,val,P05|85,85,1
baseline_visualch_80_700ms_6bins__train-subject_image__eval-subject_image,val,P05|89,89,1
baseline_visualch_80_700ms_6bins__train-subject_image__eval-subject_image,val,P05|94,94,1
baseline_visualch_80_700ms_6bins__train-subject_image__eval-subject_image,val,P05|96,96,1
baseline_visualch_80_700ms_6bins__train-subject_image__eval-subject_image,val,P05|104,104,1
baseline_visualch_80_700ms_6bins__train-subject_image__eval-subject_image,val,P05|120,120,2
baseline_visualch_80_700ms_6bins__train-subject_image__eval-subject_image,val,P05|122,122,1
baseline_visualch_80_700ms_6bins__train-subject_image__eval-subject_image,val,P05|123,123,2
baseline_visualch_80_700ms_6bins__train-subject_image__eval-subject_image,val,P05|131,131,2
baseline_visualch_80_700ms_6bins__train-subject_image__eval-subject_image,val,P05|133,133,2
baseline_visualch_80_700ms_6bins__train-subject_image__eval-subject_image,val,P05|136,136,1
baseline_visualch_80_700ms_6bins__train-subject_image__eval-subject_image,val,P05|140,140,1
baseline_visualch_80_700ms_6bins__train-subject_image__eval-subject_image,val,P05|142,142,2
baseline_visualch_80_700ms_6bins__train-subject_image__eval-subject_image,val,P05|143,143,2
baseline_visualch_80_700ms_6bins__train-subject_image__eval-subject_image,val,P05|151,151,1
baseline_visualch_80_700ms_6bins__train-subject_image__eval-subject_image,val,P05|155,155,1
baseline_visualch_80_700ms_6bins__train-subject_image__eval-subject_image,val,P05|156,156,2
baseline_visualch_80_700ms_6bins__train-subject_image__eval-subject_image,val,P06|0,0,2
baseline_visualch_80_700ms_6bins__train-subject_image__eval-subject_image,val,P06|2,2,1
baseline_visualch_80_700ms_6bins__train-subject_image__eval-subject_image,val,P06|11,11,2
baseline_visualch_80_700ms_6bins__train-subject_image__eval-subject_image,val,P06|17,17,1
baseline_visualch_80_700ms_6bins__train-subject_image__eval-subject_image,val,P06|18,18,1
baseline_visualch_80_700ms_6bins__train-subject_image__eval-subject_image,val,P06|19,19,2
baseline_visualch_80_700ms_6bins__train-subject_image__eval-subject_image,val,P06|30,30,1
baseline_visualch_80_700ms_6bins__train-subject_image__eval-subject_image,val,P06|38,38,1
baseline_visualch_80_700ms_6bins__train-subject_image__eval-subject_image,val,P06|42,42,1
baseline_visualch_80_700ms_6bins__train-subject_image__eval-subject_image,val,P06|52,52,2
baseline_visualch_80_700ms_6bins__train-subject_image__eval-subject_image,val,P06|61,61,2
baseline_visualch_80_700ms_6bins__train-subject_image__eval-subject_image,val,P06|66,66,1
baseline_visualch_80_700ms_6bins__train-subject_image__eval-subject_image,val,P06|67,67,1
baseline_visualch_80_700ms_6bins__train-subject_image__eval-subject_image,val,P06|72,72,1
baseline_visualch_80_700ms_6bins__train-subject_image__eval-subject_image,val,P06|76,76,1
baseline_visualch_80_700ms_6bins__train-subject_image__eval-subject_image,val,P06|85,85,1
baseline_visualch_80_700ms_6bins__train-subject_image__eval-subject_image,val,P06|89,89,1
baseline_visualch_80_700ms_6bins__train-subject_image__eval-subject_image,val,P06|94,94,1
baseline_visualch_80_700ms_6bins__train-subject_image__eval-subject_image,val,P06|96,96,1
baseline_visualch_80_700ms_6bins__train-subject_image__eval-subject_image,val,P06|104,104,1
baseline_visualch_80_700ms_6bins__train-subject_image__eval-subject_image,val,P06|120,120,2
baseline_visualch_80_700ms_6bins__train-subject_image__eval-subject_image,val,P06|122,122,1
baseline_visualch_80_700ms_6bins__train-subject_image__eval-subject_image,val,P06|123,123,2
baseline_visualch_80_700ms_6bins__train-subject_image__eval-subject_image,val,P06|131,131,2
baseline_visualch_80_700ms_6bins__train-subject_image__eval-subject_image,val,P06|133,133,2
baseline_visualch_80_700ms_6bins__train-subject_image__eval-subject_image,val,P06|136,136,1
baseline_visualch_80_700ms_6bins__train-subject_image__eval-subject_image,val,P06|140,140,1
baseline_visualch_80_700ms_6bins__train-subject_image__eval-subject_image,val,P06|142,142,2
baseline_visualch_80_700ms_6bins__train-subject_image__eval-subject_image,val,P06|143,143,2
baseline_visualch_80_700ms_6bins__train-subject_image__eval-subject_image,val,P06|151,151,1
baseline_visualch_80_700ms_6bins__train-subject_image__eval-subject_image,val,P06|155,155,1
baseline_visualch_80_700ms_6bins__train-subject_image__eval-subject_image,val,P06|156,156,2
baseline_visualch_80_700ms_6bins__train-subject_image__eval-subject_image,val,P07|0,0,2
baseline_visualch_80_700ms_6bins__train-subject_image__eval-subject_image,val,P07|2,2,1
baseline_visualch_80_700ms_6bins__train-subject_image__eval-subject_image,val,P07|11,11,2
baseline_visualch_80_700ms_6bins__train-subject_image__eval-subject_image,val,P07|17,17,1
baseline_visualch_80_700ms_6bins__train-subject_image__eval-subject_image,val,P07|18,18,1
baseline_visualch_80_700ms_6bins__train-subject_image__eval-subject_image,val,P07|19,19,2
baseline_visualch_80_700ms_6bins__train-subject_image__eval-subject_image,val,P07|30,30,1
baseline_visualch_80_700ms_6bins__train-subject_image__eval-subject_image,val,P07|38,38,1
baseline_visualch_80_700ms_6bins__train-subject_image__eval-subject_image,val,P07|42,42,1
baseline_visualch_80_700ms_6bins__train-subject_image__eval-subject_image,val,P07|52,52,2
baseline_visualch_80_700ms_6bins__train-subject_image__eval-subject_image,val,P07|61,61,2
baseline_visualch_80_700ms_6bins__train-subject_image__eval-subject_image,val,P07|66,66,1
baseline_visualch_80_700ms_6bins__train-subject_image__eval-subject_image,val,P07|67,67,1
baseline_visualch_80_700ms_6bins__train-subject_image__eval-subject_image,val,P07|72,72,1
baseline_visualch_80_700ms_6bins__train-subject_image__eval-subject_image,val,P07|76,76,1
baseline_visualch_80_700ms_6bins__train-subject_image__eval-subject_image,val,P07|85,85,1
baseline_visualch_80_700ms_6bins__train-subject_image__eval-subject_image,val,P07|89,89,1
baseline_visualch_80_700ms_6bins__train-subject_image__eval-subject_image,val,P07|94,94,1
baseline_visualch_80_700ms_6bins__train-subject_image__eval-subject_image,val,P07|96,96,1
baseline_visualch_80_700ms_6bins__train-subject_image__eval-subject_image,val,P07|104,104,1
baseline_visualch_80_700ms_6bins__train-subject_image__eval-subject_image,val,P07|120,120,2
baseline_visualch_80_700ms_6bins__train-subject_image__eval-subject_image,val,P07|122,122,1
baseline_visualch_80_700ms_6bins__train-subject_image__eval-subject_image,val,P07|123,123,2
baseline_visualch_80_700ms_6bins__train-subject_image__eval-subject_image,val,P07|131,131,2
baseline_visualch_80_700ms_6bins__train-subject_image__eval-subject_image,val,P07|133,133,2
baseline_visualch_80_700ms_6bins__train-subject_image__eval-subject_image,val,P07|136,136,1
baseline_visualch_80_700ms_6bins__train-subject_image__eval-subject_image,val,P07|140,140,1
baseline_visualch_80_700ms_6bins__train-subject_image__eval-subject_image,val,P07|142,142,2
baseline_visualch_80_700ms_6bins__train-subject_image__eval-subject_image,val,P07|143,143,2
baseline_visualch_80_700ms_6bins__train-subject_image__eval-subject_image,val,P07|151,151,1
baseline_visualch_80_700ms_6bins__train-subject_image__eval-subject_image,val,P07|155,155,1
baseline_visualch_80_700ms_6bins__train-subject_image__eval-subject_image,val,P07|156,156,2
baseline_visualch_80_700ms_6bins__train-subject_image__eval-subject_image,val,melina|0,0,2
baseline_visualch_80_700ms_6bins__train-subject_image__eval-subject_image,val,melina|2,2,1
baseline_visualch_80_700ms_6bins__train-subject_image__eval-subject_image,val,melina|11,11,2
baseline_visualch_80_700ms_6bins__train-subject_image__eval-subject_image,val,melina|17,17,1
baseline_visualch_80_700ms_6bins__train-subject_image__eval-subject_image,val,melina|18,18,1
baseline_visualch_80_700ms_6bins__train-subject_image__eval-subject_image,val,melina|19,19,2
baseline_visualch_80_700ms_6bins__train-subject_image__eval-subject_image,val,melina|30,30,1
baseline_visualch_80_700ms_6bins__train-subject_image__eval-subject_image,val,melina|38,38,1
baseline_visualch_80_700ms_6bins__train-subject_image__eval-subject_image,val,melina|42,42,1
baseline_visualch_80_700ms_6bins__train-subject_image__eval-subject_image,val,melina|52,52,2
baseline_visualch_80_700ms_6bins__train-subject_image__eval-subject_image,val,melina|61,61,2
baseline_visualch_80_700ms_6bins__train-subject_image__eval-subject_image,val,melina|66,66,1
baseline_visualch_80_700ms_6bins__train-subject_image__eval-subject_image,val,melina|67,67,1
baseline_visualch_80_700ms_6bins__train-subject_image__eval-subject_image,val,melina|72,72,1
baseline_visualch_80_700ms_6bins__train-subject_image__eval-subject_image,val,melina|76,76,1
baseline_visualch_80_700ms_6bins__train-subject_image__eval-subject_image,val,melina|85,85,1
baseline_visualch_80_700ms_6bins__train-subject_image__eval-subject_image,val,melina|89,89,1
baseline_visualch_80_700ms_6bins__train-subject_image__eval-subject_image,val,melina|94,94,1
baseline_visualch_80_700ms_6bins__train-subject_image__eval-subject_image,val,melina|96,96,1
baseline_visualch_80_700ms_6bins__train-subject_image__eval-subject_image,val,melina|104,104,1
baseline_visualch_80_700ms_6bins__train-subject_image__eval-subject_image,val,melina|120,120,2
baseline_visualch_80_700ms_6bins__train-subject_image__eval-subject_image,val,melina|122,122,1
baseline_visualch_80_700ms_6bins__train-subject_image__eval-subject_image,val,melina|123,123,2
baseline_visualch_80_700ms_6bins__train-subject_image__eval-subject_image,val,melina|131,131,2
baseline_visualch_80_700ms_6bins__train-subject_image__eval-subject_image,val,melina|133,133,2
baseline_visualch_80_700ms_6bins__train-subject_image__eval-subject_image,val,melina|136,136,1
baseline_visualch_80_700ms_6bins__train-subject_image__eval-subject_image,val,melina|140,140,1
baseline_visualch_80_700ms_6bins__train-subject_image__eval-subject_image,val,melina|142,142,2
baseline_visualch_80_700ms_6bins__train-subject_image__eval-subject_image,val,melina|143,143,2
baseline_visualch_80_700ms_6bins__train-subject_image__eval-subject_image,val,melina|151,151,1
baseline_visualch_80_700ms_6bins__train-subject_image__eval-subject_image,val,melina|155,155,1
baseline_visualch_80_700ms_6bins__train-subject_image__eval-subject_image,val,melina|156,156,2
baseline_visualch_80_700ms_6bins__train-subject_image__eval-subject_image,val,zar|0,0,2
baseline_visualch_80_700ms_6bins__train-subject_image__eval-subject_image,val,zar|2,2,1
baseline_visualch_80_700ms_6bins__train-subject_image__eval-subject_image,val,zar|11,11,2
baseline_visualch_80_700ms_6bins__train-subject_image__eval-subject_image,val,zar|17,17,1
baseline_visualch_80_700ms_6bins__train-subject_image__eval-subject_image,val,zar|18,18,1
baseline_visualch_80_700ms_6bins__train-subject_image__eval-subject_image,val,zar|19,19,2
baseline_visualch_80_700ms_6bins__train-subject_image__eval-subject_image,val,zar|30,30,1
baseline_visualch_80_700ms_6bins__train-subject_image__eval-subject_image,val,zar|38,38,1
baseline_visualch_80_700ms_6bins__train-subject_image__eval-subject_image,val,zar|42,42,1
baseline_visualch_80_700ms_6bins__train-subject_image__eval-subject_image,val,zar|52,52,2
baseline_visualch_80_700ms_6bins__train-subject_image__eval-subject_image,val,zar|61,61,2
baseline_visualch_80_700ms_6bins__train-subject_image__eval-subject_image,val,zar|66,66,1
baseline_visualch_80_700ms_6bins__train-subject_image__eval-subject_image,val,zar|67,67,1
baseline_visualch_80_700ms_6bins__train-subject_image__eval-subject_image,val,zar|72,72,1
baseline_visualch_80_700ms_6bins__train-subject_image__eval-subject_image,val,zar|76,76,1
baseline_visualch_80_700ms_6bins__train-subject_image__eval-subject_image,val,zar|85,85,1
baseline_visualch_80_700ms_6bins__train-subject_image__eval-subject_image,val,zar|89,89,1
baseline_visualch_80_700ms_6bins__train-subject_image__eval-subject_image,val,zar|94,94,1
baseline_visualch_80_700ms_6bins__train-subject_image__eval-subject_image,val,zar|104,104,1
baseline_visualch_80_700ms_6bins__train-subject_image__eval-subject_image,val,zar|120,120,2
baseline_visualch_80_700ms_6bins__train-subject_image__eval-subject_image,val,zar|122,122,1
baseline_visualch_80_700ms_6bins__train-subject_image__eval-subject_image,val,zar|123,123,2
baseline_visualch_80_700ms_6bins__train-subject_image__eval-subject_image,val,zar|131,131,2
baseline_visualch_80_700ms_6bins__train-subject_image__eval-subject_image,val,zar|133,133,2
baseline_visualch_80_700ms_6bins__train-subject_image__eval-subject_image,val,zar|140,140,1
baseline_visualch_80_700ms_6bins__train-subject_image__eval-subject_image,val,zar|142,142,1
baseline_visualch_80_700ms_6bins__train-subject_image__eval-subject_image,val,zar|143,143,1
baseline_visualch_80_700ms_6bins__train-subject_image__eval-subject_image,val,zar|151,151,1
baseline_visualch_80_700ms_6bins__train-subject_image__eval-subject_image,val,zar|155,155,1
baseline_visualch_80_700ms_6bins__train-subject_image__eval-subject_image,val,zar|156,156,2
baseline_visualch_80_700ms_6bins__train-image__eval-image,train,1,1,6
baseline_visualch_80_700ms_6bins__train-image__eval-image,train,3,3,6
baseline_visualch_80_700ms_6bins__train-image__eval-image,train,4,4,6
baseline_visualch_80_700ms_6bins__train-image__eval-image,train,5,5,11
baseline_visualch_80_700ms_6bins__train-image__eval-image,train,6,6,6
baseline_visualch_80_700ms_6bins__train-image__eval-image,train,7,7,6
baseline_visualch_80_700ms_6bins__train-image__eval-image,train,8,8,6
baseline_visualch_80_700ms_6bins__train-image__eval-image,train,9,9,6
baseline_visualch_80_700ms_6bins__train-image__eval-image,train,10,10,6
baseline_visualch_80_700ms_6bins__train-image__eval-image,train,12,12,6
baseline_visualch_80_700ms_6bins__train-image__eval-image,train,13,13,6
baseline_visualch_80_700ms_6bins__train-image__eval-image,train,14,14,12
baseline_visualch_80_700ms_6bins__train-image__eval-image,train,15,15,6
baseline_visualch_80_700ms_6bins__train-image__eval-image,train,16,16,6
baseline_visualch_80_700ms_6bins__train-image__eval-image,train,20,20,6
baseline_visualch_80_700ms_6bins__train-image__eval-image,train,21,21,6
baseline_visualch_80_700ms_6bins__train-image__eval-image,train,22,22,12
baseline_visualch_80_700ms_6bins__train-image__eval-image,train,23,23,5
baseline_visualch_80_700ms_6bins__train-image__eval-image,train,24,24,6
baseline_visualch_80_700ms_6bins__train-image__eval-image,train,25,25,6
baseline_visualch_80_700ms_6bins__train-image__eval-image,train,26,26,12
baseline_visualch_80_700ms_6bins__train-image__eval-image,train,27,27,6
baseline_visualch_80_700ms_6bins__train-image__eval-image,train,28,28,6
baseline_visualch_80_700ms_6bins__train-image__eval-image,train,29,29,5
baseline_visualch_80_700ms_6bins__train-image__eval-image,train,31,31,6
baseline_visualch_80_700ms_6bins__train-image__eval-image,train,32,32,6
baseline_visualch_80_700ms_6bins__train-image__eval-image,train,33,33,6
baseline_visualch_80_700ms_6bins__train-image__eval-image,train,34,34,6
baseline_visualch_80_700ms_6bins__train-image__eval-image,train,35,35,6
baseline_visualch_80_700ms_6bins__train-image__eval-image,train,36,36,6
baseline_visualch_80_700ms_6bins__train-image__eval-image,train,37,37,6
baseline_visualch_80_700ms_6bins__train-image__eval-image,train,39,39,6
baseline_visualch_80_700ms_6bins__train-image__eval-image,train,40,40,6
baseline_visualch_80_700ms_6bins__train-image__eval-image,train,41,41,6
baseline_visualch_80_700ms_6bins__train-image__eval-image,train,43,43,6
baseline_visualch_80_700ms_6bins__train-image__eval-image,train,44,44,11
baseline_visualch_80_700ms_6bins__train-image__eval-image,train,45,45,12
baseline_visualch_80_700ms_6bins__train-image__eval-image,train,46,46,6
baseline_visualch_80_700ms_6bins__train-image__eval-image,train,47,47,6
baseline_visualch_80_700ms_6bins__train-image__eval-image,train,48,48,6
baseline_visualch_80_700ms_6bins__train-image__eval-image,train,49,49,5
baseline_visualch_80_700ms_6bins__train-image__eval-image,train,50,50,12
baseline_visualch_80_700ms_6bins__train-image__eval-image,train,51,51,12
baseline_visualch_80_700ms_6bins__train-image__eval-image,train,53,53,5
baseline_visualch_80_700ms_6bins__train-image__eval-image,train,54,54,6
baseline_visualch_80_700ms_6bins__train-image__eval-image,train,55,55,6
baseline_visualch_80_700ms_6bins__train-image__eval-image,train,56,56,6
baseline_visualch_80_700ms_6bins__train-image__eval-image,train,57,57,6
baseline_visualch_80_700ms_6bins__train-image__eval-image,train,58,58,12
baseline_visualch_80_700ms_6bins__train-image__eval-image,train,59,59,12
baseline_visualch_80_700ms_6bins__train-image__eval-image,train,60,60,11
baseline_visualch_80_700ms_6bins__train-image__eval-image,train,62,62,6
baseline_visualch_80_700ms_6bins__train-image__eval-image,train,63,63,6
baseline_visualch_80_700ms_6bins__train-image__eval-image,train,64,64,6
baseline_visualch_80_700ms_6bins__train-image__eval-image,train,65,65,6
baseline_visualch_80_700ms_6bins__train-image__eval-image,train,68,68,6
baseline_visualch_80_700ms_6bins__train-image__eval-image,train,69,69,6
baseline_visualch_80_700ms_6bins__train-image__eval-image,train,70,70,11
baseline_visualch_80_700ms_6bins__train-image__eval-image,train,71,71,6
baseline_visualch_80_700ms_6bins__train-image__eval-image,train,73,73,6
baseline_visualch_80_700ms_6bins__train-image__eval-image,train,74,74,6
baseline_visualch_80_700ms_6bins__train-image__eval-image,train,75,75,5
baseline_visualch_80_700ms_6bins__train-image__eval-image,train,77,77,6
baseline_visualch_80_700ms_6bins__train-image__eval-image,train,78,78,6
baseline_visualch_80_700ms_6bins__train-image__eval-image,train,79,79,6
baseline_visualch_80_700ms_6bins__train-image__eval-image,train,80,80,6
baseline_visualch_80_700ms_6bins__train-image__eval-image,train,81,81,12
baseline_visualch_80_700ms_6bins__train-image__eval-image,train,82,82,6
baseline_visualch_80_700ms_6bins__train-image__eval-image,train,83,83,12
baseline_visualch_80_700ms_6bins__train-image__eval-image,train,84,84,6
baseline_visualch_80_700ms_6bins__train-image__eval-image,train,86,86,6
baseline_visualch_80_700ms_6bins__train-image__eval-image,train,87,87,6
baseline_visualch_80_700ms_6bins__train-image__eval-image,train,88,88,6
baseline_visualch_80_700ms_6bins__train-image__eval-image,train,90,90,6
baseline_visualch_80_700ms_6bins__train-image__eval-image,train,91,91,12
baseline_visualch_80_700ms_6bins__train-image__eval-image,train,92,92,6
baseline_visualch_80_700ms_6bins__train-image__eval-image,train,93,93,6
baseline_visualch_80_700ms_6bins__train-image__eval-image,train,95,95,5
baseline_visualch_80_700ms_6bins__train-image__eval-image,train,97,97,5
baseline_visualch_80_700ms_6bins__train-image__eval-image,train,98,98,6
baseline_visualch_80_700ms_6bins__train-image__eval-image,train,99,99,6
baseline_visualch_80_700ms_6bins__train-image__eval-image,train,100,100,6
baseline_visualch_80_700ms_6bins__train-image__eval-image,train,101,101,6
baseline_visualch_80_700ms_6bins__train-image__eval-image,train,102,102,6
baseline_visualch_80_700ms_6bins__train-image__eval-image,train,103,103,11
baseline_visualch_80_700ms_6bins__train-image__eval-image,train,105,105,6
baseline_visualch_80_700ms_6bins__train-image__eval-image,train,106,106,6
baseline_visualch_80_700ms_6bins__train-image__eval-image,train,107,107,6
baseline_visualch_80_700ms_6bins__train-image__eval-image,train,108,108,6
baseline_visualch_80_700ms_6bins__train-image__eval-image,train,109,109,11
baseline_visualch_80_700ms_6bins__train-image__eval-image,train,110,110,6
baseline_visualch_80_700ms_6bins__train-image__eval-image,train,111,111,6
baseline_visualch_80_700ms_6bins__train-image__eval-image,train,112,112,6
baseline_visualch_80_700ms_6bins__train-image__eval-image,train,113,113,6
baseline_visualch_80_700ms_6bins__train-image__eval-image,train,114,114,6
baseline_visualch_80_700ms_6bins__train-image__eval-image,train,115,115,6
baseline_visualch_80_700ms_6bins__train-image__eval-image,train,116,116,6
baseline_visualch_80_700ms_6bins__train-image__eval-image,train,117,117,12
baseline_visualch_80_700ms_6bins__train-image__eval-image,train,118,118,6
baseline_visualch_80_700ms_6bins__train-image__eval-image,train,119,119,12
baseline_visualch_80_700ms_6bins__train-image__eval-image,train,121,121,5
baseline_visualch_80_700ms_6bins__train-image__eval-image,train,124,124,11
baseline_visualch_80_700ms_6bins__train-image__eval-image,train,125,125,12
baseline_visualch_80_700ms_6bins__train-image__eval-image,train,126,126,6
baseline_visualch_80_700ms_6bins__train-image__eval-image,train,127,127,6
baseline_visualch_80_700ms_6bins__train-image__eval-image,train,128,128,12
baseline_visualch_80_700ms_6bins__train-image__eval-image,train,129,129,11
baseline_visualch_80_700ms_6bins__train-image__eval-image,train,130,130,6
baseline_visualch_80_700ms_6bins__train-image__eval-image,train,132,132,5
baseline_visualch_80_700ms_6bins__train-image__eval-image,train,134,134,6
baseline_visualch_80_700ms_6bins__train-image__eval-image,train,135,135,6
baseline_visualch_80_700ms_6bins__train-image__eval-image,train,137,137,6
baseline_visualch_80_700ms_6bins__train-image__eval-image,train,138,138,6
baseline_visualch_80_700ms_6bins__train-image__eval-image,train,139,139,6
baseline_visualch_80_700ms_6bins__train-image__eval-image,train,141,141,5
baseline_visualch_80_700ms_6bins__train-image__eval-image,train,144,144,12
baseline_visualch_80_700ms_6bins__train-image__eval-image,train,145,145,5
baseline_visualch_80_700ms_6bins__train-image__eval-image,train,146,146,12
baseline_visualch_80_700ms_6bins__train-image__eval-image,train,147,147,6
baseline_visualch_80_700ms_6bins__train-image__eval-image,train,148,148,6
baseline_visualch_80_700ms_6bins__train-image__eval-image,train,149,149,12
baseline_visualch_80_700ms_6bins__train-image__eval-image,train,150,150,6
baseline_visualch_80_700ms_6bins__train-image__eval-image,train,152,152,6
baseline_visualch_80_700ms_6bins__train-image__eval-image,train,153,153,6
baseline_visualch_80_700ms_6bins__train-image__eval-image,train,154,154,6
baseline_visualch_80_700ms_6bins__train-image__eval-image,train,157,157,6
baseline_visualch_80_700ms_6bins__train-image__eval-image,train,158,158,11
baseline_visualch_80_700ms_6bins__train-image__eval-image,train,159,159,11
baseline_visualch_80_700ms_6bins__train-image__eval-image,val,0,0,11
baseline_visualch_80_700ms_6bins__train-image__eval-image,val,2,2,6
baseline_visualch_80_700ms_6bins__train-image__eval-image,val,11,11,12
baseline_visualch_80_700ms_6bins__train-image__eval-image,val,17,17,6
baseline_visualch_80_700ms_6bins__train-image__eval-image,val,18,18,6
baseline_visualch_80_700ms_6bins__train-image__eval-image,val,19,19,12
baseline_visualch_80_700ms_6bins__train-image__eval-image,val,30,30,6
baseline_visualch_80_700ms_6bins__train-image__eval-image,val,38,38,6
baseline_visualch_80_700ms_6bins__train-image__eval-image,val,42,42,6
baseline_visualch_80_700ms_6bins__train-image__eval-image,val,52,52,12
baseline_visualch_80_700ms_6bins__train-image__eval-image,val,61,61,12
baseline_visualch_80_700ms_6bins__train-image__eval-image,val,66,66,6
baseline_visualch_80_700ms_6bins__train-image__eval-image,val,67,67,6
baseline_visualch_80_700ms_6bins__train-image__eval-image,val,72,72,6
baseline_visualch_80_700ms_6bins__train-image__eval-image,val,76,76,6
baseline_visualch_80_700ms_6bins__train-image__eval-image,val,85,85,6
baseline_visualch_80_700ms_6bins__train-image__eval-image,val,89,89,6
baseline_visualch_80_700ms_6bins__train-image__eval-image,val,94,94,6
baseline_visualch_80_700ms_6bins__train-image__eval-image,val,96,96,5
baseline_visualch_80_700ms_6bins__train-image__eval-image,val,104,104,6
baseline_visualch_80_700ms_6bins__train-image__eval-image,val,120,120,12
baseline_visualch_80_700ms_6bins__train-image__eval-image,val,122,122,6
baseline_visualch_80_700ms_6bins__train-image__eval-image,val,123,123,12
baseline_visualch_80_700ms_6bins__train-image__eval-image,val,131,131,12
baseline_visualch_80_700ms_6bins__train-image__eval-image,val,133,133,12
baseline_visualch_80_700ms_6bins__train-image__eval-image,val,136,136,5
baseline_visualch_80_700ms_6bins__train-image__eval-image,val,140,140,6
baseline_visualch_80_700ms_6bins__train-image__eval-image,val,142,142,10
baseline_visualch_80_700ms_6bins__train-image__eval-image,val,143,143,10
baseline_visualch_80_700ms_6bins__train-image__eval-image,val,151,151,5
baseline_visualch_80_700ms_6bins__train-image__eval-image,val,155,155,6
baseline_visualch_80_700ms_6bins__train-image__eval-image,val,156,156,12
