subject_folder	mapping_participant	mapping_file	trial_index	block	trial_in_block	trigger	category	mapped_path	exact_image_path	image_found	is_repeat	expected_presentations_for_trigger	eeg_sample	eeg_time_ms	timing_source	timing_status	csv_available	csv_order_match	epoch_valid	artifact_peak_uv	artifact_status	epoch_index	target_index	split	lab_subject_id	artifact_status_npz	epoch_valid_npz	usable_for_finetune
P04	Moris	lab_data/P04/P04_EEG_recon_2026-06-03_09h59.07.369_image_mapping.json	1	1	1	1096	beaver	images_THINGS/object_images/beaver/beaver_13n.jpg	/media/psycontrol/HDD/Datasets/THINGS/images_THINGS/object_images/beaver/beaver_13n.jpg	True	False	1	473780	1780477439217.000	easy_marker_manifest_order_min_gap_5s	pass	False		True	28.764587	pass	0	95	train	1	pass	True	True
P04	Moris	lab_data/P04/P04_EEG_recon_2026-06-03_09h59.07.369_image_mapping.json	2	1	2	1124	nightshirt	images_THINGS/object_images/nightshirt/nightshirt_11s.jpg	/media/psycontrol/HDD/Datasets/THINGS/images_THINGS/object_images/nightshirt/nightshirt_11s.jpg	True	False	2	476887	1780477445431.000	easy_marker_manifest_order_min_gap_5s	pass	False		True	36.617985	pass	1	123	val	1	pass	True	True
P04	Moris	lab_data/P04/P04_EEG_recon_2026-06-03_09h59.07.369_image_mapping.json	3	1	3	1006	cardinal	images_THINGS/object_images/cardinal/cardinal_02s.jpg	/media/psycontrol/HDD/Datasets/THINGS/images_THINGS/object_images/cardinal/cardinal_02s.jpg	True	False	2	479846	1780477451349.000	easy_marker_manifest_order_min_gap_5s	pass	False		True	50.817715	pass	2	5	train	1	pass	True	True
P04	Moris	lab_data/P04/P04_EEG_recon_2026-06-03_09h59.07.369_image_mapping.json	4	1	4	1071	mongoose	images_THINGS/object_images/mongoose/mongoose_10s.jpg	/media/psycontrol/HDD/Datasets/THINGS/images_THINGS/object_images/mongoose/mongoose_10s.jpg	True	False	2	482793	1780477457244.000	easy_marker_manifest_order_min_gap_5s	pass	False		True	15.483249	pass	3	70	train	1	pass	True	True
P04	Moris	lab_data/P04/P04_EEG_recon_2026-06-03_09h59.07.369_image_mapping.json	5	1	5	1077	bison	images_THINGS/object_images/bison/bison_08s.jpg	/media/psycontrol/HDD/Datasets/THINGS/images_THINGS/object_images/bison/bison_08s.jpg	True	False	1	485797	1780477463252.000	easy_marker_manifest_order_min_gap_5s	pass	False		True	31.169241	pass	4	76	val	1	pass	True	True
P04	Moris	lab_data/P04/P04_EEG_recon_2026-06-03_09h59.07.369_image_mapping.json	6	1	6	1159	pear	images_THINGS/object_images/pear/pear_09s.jpg	/media/psycontrol/HDD/Datasets/THINGS/images_THINGS/object_images/pear/pear_09s.jpg	True	False	2	488696	1780477469050.000	easy_marker_manifest_order_min_gap_5s	pass	False		True	269.932465	review	5	158	train	1	review	True	False
P04	Moris	lab_data/P04/P04_EEG_recon_2026-06-03_09h59.07.369_image_mapping.json	7	1	7	1062	antelope	images_THINGS/object_images/antelope/antelope_12n.jpg	/media/psycontrol/HDD/Datasets/THINGS/images_THINGS/object_images/antelope/antelope_12n.jpg	True	False	2	491789	1780477475237.000	easy_marker_manifest_order_min_gap_5s	pass	False		True	39.572697	pass	6	61	val	1	pass	True	True
P04	Moris	lab_data/P04/P04_EEG_recon_2026-06-03_09h59.07.369_image_mapping.json	8	1	8	1145	rocking_chair	images_THINGS/object_images/rocking_chair/rocking_chair_07s.jpg	/media/psycontrol/HDD/Datasets/THINGS/images_THINGS/object_images/rocking_chair/rocking_chair_07s.jpg	True	False	2	494682	1780477481023.000	easy_marker_manifest_order_min_gap_5s	pass	False		True	242.678101	pass	7	144	train	1	pass	True	True
P04	Moris	lab_data/P04/P04_EEG_recon_2026-06-03_09h59.07.369_image_mapping.json	9	1	9	1015	moose	images_THINGS/object_images/moose/moose_02s.jpg	/media/psycontrol/HDD/Datasets/THINGS/images_THINGS/object_images/moose/moose_02s.jpg	True	False	2	497560	1780477486779.000	easy_marker_manifest_order_min_gap_5s	pass	False		True	38.235786	pass	8	14	train	1	pass	True	True
P04	Moris	lab_data/P04/P04_EEG_recon_2026-06-03_09h59.07.369_image_mapping.json	10	1	10	1092	bunkbed	images_THINGS/object_images/bunkbed/bunkbed_02s.jpg	/media/psycontrol/HDD/Datasets/THINGS/images_THINGS/object_images/bunkbed/bunkbed_02s.jpg	True	False	2	500504	1780477492668.000	easy_marker_manifest_order_min_gap_5s	pass	False		True	25.593081	pass	9	91	train	1	pass	True	True
P04	Moris	lab_data/P04/P04_EEG_recon_2026-06-03_09h59.07.369_image_mapping.json	11	1	11	1001	limousine	images_THINGS/object_images/limousine/limousine_03s.jpg	/media/psycontrol/HDD/Datasets/THINGS/images_THINGS/object_images/limousine/limousine_03s.jpg	True	False	2	503528	1780477498716.000	easy_marker_manifest_order_min_gap_5s	pass	False		True	46.885094	pass	10	0	val	1	pass	True	True
P04	Moris	lab_data/P04/P04_EEG_recon_2026-06-03_09h59.07.369_image_mapping.json	12	1	12	1160	clam	images_THINGS/object_images/clam/clam_06s.jpg	/media/psycontrol/HDD/Datasets/THINGS/images_THINGS/object_images/clam/clam_06s.jpg	True	False	2	506400	1780477504460.000	easy_marker_manifest_order_min_gap_5s	pass	False		True	257.353577	review	11	159	train	1	review	True	False
P04	Moris	lab_data/P04/P04_EEG_recon_2026-06-03_09h59.07.369_image_mapping.json	13	1	13	1020	television	images_THINGS/object_images/television/television_07s.jpg	/media/psycontrol/HDD/Datasets/THINGS/images_THINGS/object_images/television/television_07s.jpg	True	False	2	509372	1780477510405.000	easy_marker_manifest_order_min_gap_5s	pass	False		True	44.621235	pass	12	19	val	1	pass	True	True
P04	Moris	lab_data/P04/P04_EEG_recon_2026-06-03_09h59.07.369_image_mapping.json	14	1	14	1104	speaker	images_THINGS/object_images/speaker/speaker_19n.jpg	/media/psycontrol/HDD/Datasets/THINGS/images_THINGS/object_images/speaker/speaker_19n.jpg	True	False	2	512445	1780477516551.000	easy_marker_manifest_order_min_gap_5s	pass	False		True	25.380703	pass	13	103	train	1	pass	True	True
P04	Moris	lab_data/P04/P04_EEG_recon_2026-06-03_09h59.07.369_image_mapping.json	15	1	15	1134	sleeping_bag	images_THINGS/object_images/sleeping_bag/sleeping_bag_07s.jpg	/media/psycontrol/HDD/Datasets/THINGS/images_THINGS/object_images/sleeping_bag/sleeping_bag_07s.jpg	True	False	2	515507	1780477522675.000	easy_marker_manifest_order_min_gap_5s	pass	False		True	74.736214	pass	14	133	val	1	pass	True	True
P04	Moris	lab_data/P04/P04_EEG_recon_2026-06-03_09h59.07.369_image_mapping.json	16	1	16	1147	lemonade	images_THINGS/object_images/lemonade/lemonade_01b.jpg	/media/psycontrol/HDD/Datasets/THINGS/images_THINGS/object_images/lemonade/lemonade_01b.jpg	True	False	2	518420	1780477528501.000	easy_marker_manifest_order_min_gap_5s	pass	False		True	57.212852	pass	15	146	train	1	pass	True	True
P04	Moris	lab_data/P04/P04_EEG_recon_2026-06-03_09h59.07.369_image_mapping.json	17	1	17	1121	sunglasses	images_THINGS/object_images/sunglasses/sunglasses_06s.jpg	/media/psycontrol/HDD/Datasets/THINGS/images_THINGS/object_images/sunglasses/sunglasses_06s.jpg	True	False	2	521482	1780477534626.000	easy_marker_manifest_order_min_gap_5s	pass	False		True	241.533798	pass	16	120	val	1	pass	True	True
P04	Moris	lab_data/P04/P04_EEG_recon_2026-06-03_09h59.07.369_image_mapping.json	18	1	18	1035	lizard	images_THINGS/object_images/lizard/lizard_01b.jpg	/media/psycontrol/HDD/Datasets/THINGS/images_THINGS/object_images/lizard/lizard_01b.jpg	True	False	1	524496	1780477540654.000	easy_marker_manifest_order_min_gap_5s	pass	False		True	133.611252	pass	17	34	train	1	pass	True	True
P04	Moris	lab_data/P04/P04_EEG_recon_2026-06-03_09h59.07.369_image_mapping.json	19	1	19	1052	wallpaper	images_THINGS/object_images/wallpaper/wallpaper_01b.jpg	/media/psycontrol/HDD/Datasets/THINGS/images_THINGS/object_images/wallpaper/wallpaper_01b.jpg	True	False	2	527402	1780477546467.000	easy_marker_manifest_order_min_gap_5s	pass	False		True	36.113758	pass	18	51	train	1	pass	True	True
P04	Moris	lab_data/P04/P04_EEG_recon_2026-06-03_09h59.07.369_image_mapping.json	20	1	20	1132	polar_bear	images_THINGS/object_images/polar_bear/polar_bear_18s.jpg	/media/psycontrol/HDD/Datasets/THINGS/images_THINGS/object_images/polar_bear/polar_bear_18s.jpg	True	False	2	530385	1780477552433.000	easy_marker_manifest_order_min_gap_5s	pass	False		True	19.294693	pass	19	131	val	1	pass	True	True
P04	Moris	lab_data/P04/P04_EEG_recon_2026-06-03_09h59.07.369_image_mapping.json	21	2	1	1071	mongoose	images_THINGS/object_images/mongoose/mongoose_10s.jpg	/media/psycontrol/HDD/Datasets/THINGS/images_THINGS/object_images/mongoose/mongoose_10s.jpg	True	True	2	534402	1780477560467.000	easy_marker_manifest_order_min_gap_5s	pass	False		True	61.277447	pass	20	70	train	1	pass	True	True
P04	Moris	lab_data/P04/P04_EEG_recon_2026-06-03_09h59.07.369_image_mapping.json	22	2	2	1150	chick	images_THINGS/object_images/chick/chick_10s.jpg	/media/psycontrol/HDD/Datasets/THINGS/images_THINGS/object_images/chick/chick_10s.jpg	True	False	2	545082	1780477581828.000	easy_marker_manifest_order_min_gap_5s	pass	False		True	25.925009	pass	21	149	train	1	pass	True	True
P04	Moris	lab_data/P04/P04_EEG_recon_2026-06-03_09h59.07.369_image_mapping.json	23	2	3	1134	sleeping_bag	images_THINGS/object_images/sleeping_bag/sleeping_bag_07s.jpg	/media/psycontrol/HDD/Datasets/THINGS/images_THINGS/object_images/sleeping_bag/sleeping_bag_07s.jpg	True	True	2	547924	1780477587513.000	easy_marker_manifest_order_min_gap_5s	pass	False		True	41.059998	pass	22	133	val	1	pass	True	True
P04	Moris	lab_data/P04/P04_EEG_recon_2026-06-03_09h59.07.369_image_mapping.json	24	2	4	1053	reindeer	images_THINGS/object_images/reindeer/reindeer_14s.jpg	/media/psycontrol/HDD/Datasets/THINGS/images_THINGS/object_images/reindeer/reindeer_14s.jpg	True	False	2	551134	1780477593933.000	easy_marker_manifest_order_min_gap_5s	pass	False		True	42.931583	pass	23	52	val	1	pass	True	True
P04	Moris	lab_data/P04/P04_EEG_recon_2026-06-03_09h59.07.369_image_mapping.json	25	2	5	1060	squirrel	images_THINGS/object_images/squirrel/squirrel_12n.jpg	/media/psycontrol/HDD/Datasets/THINGS/images_THINGS/object_images/squirrel/squirrel_12n.jpg	True	False	2	554241	1780477600147.000	easy_marker_manifest_order_min_gap_5s	pass	False		True	23.044584	pass	24	59	train	1	pass	True	True
P04	Moris	lab_data/P04/P04_EEG_recon_2026-06-03_09h59.07.369_image_mapping.json	26	2	6	1001	limousine	images_THINGS/object_images/limousine/limousine_03s.jpg	/media/psycontrol/HDD/Datasets/THINGS/images_THINGS/object_images/limousine/limousine_03s.jpg	True	True	2	557166	1780477605998.000	easy_marker_manifest_order_min_gap_5s	pass	False		True	254.358582	review	25	0	val	1	review	True	False
P04	Moris	lab_data/P04/P04_EEG_recon_2026-06-03_09h59.07.369_image_mapping.json	27	2	7	1115	marshmallow	images_THINGS/object_images/marshmallow/marshmallow_09s.jpg	/media/psycontrol/HDD/Datasets/THINGS/images_THINGS/object_images/marshmallow/marshmallow_09s.jpg	True	False	1	560314	1780477612294.000	easy_marker_manifest_order_min_gap_5s	pass	False		True	28.134253	pass	26	114	train	1	pass	True	True
P04	Moris	lab_data/P04/P04_EEG_recon_2026-06-03_09h59.07.369_image_mapping.json	28	2	8	1159	pear	images_THINGS/object_images/pear/pear_09s.jpg	/media/psycontrol/HDD/Datasets/THINGS/images_THINGS/object_images/pear/pear_09s.jpg	True	True	2	563156	1780477617978.000	easy_marker_manifest_order_min_gap_5s	pass	False		True	230.483414	pass	27	158	train	1	pass	True	True
P04	Moris	lab_data/P04/P04_EEG_recon_2026-06-03_09h59.07.369_image_mapping.json	29	2	9	1012	burrito	images_THINGS/object_images/burrito/burrito_07s.jpg	/media/psycontrol/HDD/Datasets/THINGS/images_THINGS/object_images/burrito/burrito_07s.jpg	True	False	2	566390	1780477624447.000	easy_marker_manifest_order_min_gap_5s	pass	False		True	37.350552	pass	28	11	val	1	pass	True	True
P04	Moris	lab_data/P04/P04_EEG_recon_2026-06-03_09h59.07.369_image_mapping.json	30	2	10	1036	ladybug	images_THINGS/object_images/ladybug/ladybug_07s.jpg	/media/psycontrol/HDD/Datasets/THINGS/images_THINGS/object_images/ladybug/ladybug_07s.jpg	True	False	1	569438	1780477630543.000	easy_marker_manifest_order_min_gap_5s	pass	False		True	22.648626	pass	29	35	train	1	pass	True	True
P04	Moris	lab_data/P04/P04_EEG_recon_2026-06-03_09h59.07.369_image_mapping.json	31	2	11	1045	goose	images_THINGS/object_images/goose/goose_08s.jpg	/media/psycontrol/HDD/Datasets/THINGS/images_THINGS/object_images/goose/goose_08s.jpg	True	False	2	572386	1780477636439.000	easy_marker_manifest_order_min_gap_5s	pass	False		True	24.207508	pass	30	44	train	1	pass	True	True
P04	Moris	lab_data/P04/P04_EEG_recon_2026-06-03_09h59.07.369_image_mapping.json	32	2	12	1095	mouse2	images_THINGS/object_images/mouse2/mouse2_17s.jpg	/media/psycontrol/HDD/Datasets/THINGS/images_THINGS/object_images/mouse2/mouse2_17s.jpg	True	False	1	575303	1780477642274.000	easy_marker_manifest_order_min_gap_5s	pass	False		True	35.653408	pass	31	94	val	1	pass	True	True
P04	Moris	lab_data/P04/P04_EEG_recon_2026-06-03_09h59.07.369_image_mapping.json	33	2	13	1144	tarantula	images_THINGS/object_images/tarantula/tarantula_12s.jpg	/media/psycontrol/HDD/Datasets/THINGS/images_THINGS/object_images/tarantula/tarantula_12s.jpg	True	False	2	578247	1780477648162.000	easy_marker_manifest_order_min_gap_5s	pass	False		True	267.274506	review	32	143	val	1	review	True	False
P04	Moris	lab_data/P04/P04_EEG_recon_2026-06-03_09h59.07.369_image_mapping.json	34	2	14	1057	eggnog	images_THINGS/object_images/eggnog/eggnog_03s.jpg	/media/psycontrol/HDD/Datasets/THINGS/images_THINGS/object_images/eggnog/eggnog_03s.jpg	True	False	1	581118	1780477653904.000	easy_marker_manifest_order_min_gap_5s	pass	False		True	25.476442	pass	33	56	train	1	pass	True	True
P04	Moris	lab_data/P04/P04_EEG_recon_2026-06-03_09h59.07.369_image_mapping.json	35	2	15	1112	hard_disk	images_THINGS/object_images/hard_disk/hard_disk_13s.jpg	/media/psycontrol/HDD/Datasets/THINGS/images_THINGS/object_images/hard_disk/hard_disk_13s.jpg	True	False	1	584181	1780477660031.000	easy_marker_manifest_order_min_gap_5s	pass	False		True	46.331223	pass	34	111	train	1	pass	True	True
P04	Moris	lab_data/P04/P04_EEG_recon_2026-06-03_09h59.07.369_image_mapping.json	36	2	16	1108	possum	images_THINGS/object_images/possum/possum_03s.jpg	/media/psycontrol/HDD/Datasets/THINGS/images_THINGS/object_images/possum/possum_03s.jpg	True	False	1	587278	1780477666225.000	easy_marker_manifest_order_min_gap_5s	pass	False		True	38.685902	pass	35	107	train	1	pass	True	True
P04	Moris	lab_data/P04/P04_EEG_recon_2026-06-03_09h59.07.369_image_mapping.json	37	2	17	1160	clam	images_THINGS/object_images/clam/clam_06s.jpg	/media/psycontrol/HDD/Datasets/THINGS/images_THINGS/object_images/clam/clam_06s.jpg	True	True	2	590168	1780477672005.000	easy_marker_manifest_order_min_gap_5s	pass	False		True	32.372719	pass	36	159	train	1	pass	True	True
P04	Moris	lab_data/P04/P04_EEG_recon_2026-06-03_09h59.07.369_image_mapping.json	38	2	18	1031	fish	images_THINGS/object_images/fish/fish_01b.jpg	/media/psycontrol/HDD/Datasets/THINGS/images_THINGS/object_images/fish/fish_01b.jpg	True	False	1	593270	1780477678210.000	easy_marker_manifest_order_min_gap_5s	pass	False		True	38.218174	pass	37	30	val	1	pass	True	True
P04	Moris	lab_data/P04/P04_EEG_recon_2026-06-03_09h59.07.369_image_mapping.json	39	2	19	1016	ant	images_THINGS/object_images/ant/ant_08s.jpg	/media/psycontrol/HDD/Datasets/THINGS/images_THINGS/object_images/ant/ant_08s.jpg	True	False	1	596239	1780477684148.000	easy_marker_manifest_order_min_gap_5s	pass	False		True	35.720528	pass	38	15	train	1	pass	True	True
P04	Moris	lab_data/P04/P04_EEG_recon_2026-06-03_09h59.07.369_image_mapping.json	40	2	20	1118	candy_bar	images_THINGS/object_images/candy_bar/candy_bar_09s.jpg	/media/psycontrol/HDD/Datasets/THINGS/images_THINGS/object_images/candy_bar/candy_bar_09s.jpg	True	False	2	599208	1780477690086.000	easy_marker_manifest_order_min_gap_5s	pass	False		True	240.436172	pass	39	117	train	1	pass	True	True
P04	Moris	lab_data/P04/P04_EEG_recon_2026-06-03_09h59.07.369_image_mapping.json	41	3	1	1050	artichoke	images_THINGS/object_images/artichoke/artichoke_08n.jpg	/media/psycontrol/HDD/Datasets/THINGS/images_THINGS/object_images/artichoke/artichoke_08n.jpg	True	False	1	610273	1780477712218.000	easy_marker_manifest_order_min_gap_5s	pass	False		True	40.968117	pass	40	49	train	1	pass	True	True
P04	Moris	lab_data/P04/P04_EEG_recon_2026-06-03_09h59.07.369_image_mapping.json	42	3	2	1157	barnacle	images_THINGS/object_images/barnacle/barnacle_11s.jpg	/media/psycontrol/HDD/Datasets/THINGS/images_THINGS/object_images/barnacle/barnacle_11s.jpg	True	False	2	613221	1780477718114.000	easy_marker_manifest_order_min_gap_5s	pass	False		True	37.042313	pass	41	156	val	1	pass	True	True
P04	Moris	lab_data/P04/P04_EEG_recon_2026-06-03_09h59.07.369_image_mapping.json	43	3	3	1098	stool	images_THINGS/object_images/stool/stool_08s.jpg	/media/psycontrol/HDD/Datasets/THINGS/images_THINGS/object_images/stool/stool_08s.jpg	True	False	1	616238	1780477724148.000	easy_marker_manifest_order_min_gap_5s	pass	False		True	438.279327	review	42	97	train	1	review	True	False
P04	Moris	lab_data/P04/P04_EEG_recon_2026-06-03_09h59.07.369_image_mapping.json	44	3	4	1073	bull	images_THINGS/object_images/bull/bull_09s.jpg	/media/psycontrol/HDD/Datasets/THINGS/images_THINGS/object_images/bull/bull_09s.jpg	True	False	1	619221	1780477730115.000	easy_marker_manifest_order_min_gap_5s	pass	False		True	112.312614	pass	43	72	val	1	pass	True	True
P04	Moris	lab_data/P04/P04_EEG_recon_2026-06-03_09h59.07.369_image_mapping.json	45	3	5	1020	television	images_THINGS/object_images/television/television_07s.jpg	/media/psycontrol/HDD/Datasets/THINGS/images_THINGS/object_images/television/television_07s.jpg	True	True	2	621920	1780477735513.000	easy_marker_manifest_order_min_gap_5s	pass	False		True	22.088614	pass	44	19	val	1	pass	True	True
P04	Moris	lab_data/P04/P04_EEG_recon_2026-06-03_09h59.07.369_image_mapping.json	46	3	6	1151	tractor	images_THINGS/object_images/tractor/tractor_10n.jpg	/media/psycontrol/HDD/Datasets/THINGS/images_THINGS/object_images/tractor/tractor_10n.jpg	True	False	1	625217	1780477742107.000	easy_marker_manifest_order_min_gap_5s	pass	False		True	64.161621	pass	45	150	train	1	pass	True	True
P04	Moris	lab_data/P04/P04_EEG_recon_2026-06-03_09h59.07.369_image_mapping.json	47	3	7	1119	star_fruit	images_THINGS/object_images/star_fruit/star_fruit_06s.jpg	/media/psycontrol/HDD/Datasets/THINGS/images_THINGS/object_images/star_fruit/star_fruit_06s.jpg	True	False	1	628279	1780477748232.000	easy_marker_manifest_order_min_gap_5s	pass	False		True	52.400723	pass	46	118	train	1	pass	True	True
P04	Moris	lab_data/P04/P04_EEG_recon_2026-06-03_09h59.07.369_image_mapping.json	48	3	8	1011	raspberry	images_THINGS/object_images/raspberry/raspberry_11s.jpg	/media/psycontrol/HDD/Datasets/THINGS/images_THINGS/object_images/raspberry/raspberry_11s.jpg	True	False	1	631373	1780477754420.000	easy_marker_manifest_order_min_gap_5s	pass	False		True	37.151077	pass	47	10	train	1	pass	True	True
P04	Moris	lab_data/P04/P04_EEG_recon_2026-06-03_09h59.07.369_image_mapping.json	49	3	9	1137	lamb	images_THINGS/object_images/lamb/lamb_12s.jpg	/media/psycontrol/HDD/Datasets/THINGS/images_THINGS/object_images/lamb/lamb_12s.jpg	True	False	1	634456	1780477760586.000	easy_marker_manifest_order_min_gap_5s	pass	False		True	38.389168	pass	48	136	val	1	pass	True	True
P04	Moris	lab_data/P04/P04_EEG_recon_2026-06-03_09h59.07.369_image_mapping.json	50	3	10	1104	speaker	images_THINGS/object_images/speaker/speaker_19n.jpg	/media/psycontrol/HDD/Datasets/THINGS/images_THINGS/object_images/speaker/speaker_19n.jpg	True	True	2	637172	1780477766019.000	easy_marker_manifest_order_min_gap_5s	pass	False		True	286.070831	review	49	103	train	1	review	True	False
P04	Moris	lab_data/P04/P04_EEG_recon_2026-06-03_09h59.07.369_image_mapping.json	51	3	11	1110	jet	images_THINGS/object_images/jet/jet_04s.jpg	/media/psycontrol/HDD/Datasets/THINGS/images_THINGS/object_images/jet/jet_04s.jpg	True	False	2	640393	1780477772461.000	easy_marker_manifest_order_min_gap_5s	pass	False		True	19.041265	pass	50	109	train	1	pass	True	True
P04	Moris	lab_data/P04/P04_EEG_recon_2026-06-03_09h59.07.369_image_mapping.json	52	3	12	1144	tarantula	images_THINGS/object_images/tarantula/tarantula_12s.jpg	/media/psycontrol/HDD/Datasets/THINGS/images_THINGS/object_images/tarantula/tarantula_12s.jpg	True	True	2	643214	1780477778103.000	easy_marker_manifest_order_min_gap_5s	pass	False		True	32.610332	pass	51	143	val	1	pass	True	True
P04	Moris	lab_data/P04/P04_EEG_recon_2026-06-03_09h59.07.369_image_mapping.json	53	3	13	1006	cardinal	images_THINGS/object_images/cardinal/cardinal_02s.jpg	/media/psycontrol/HDD/Datasets/THINGS/images_THINGS/object_images/cardinal/cardinal_02s.jpg	True	True	2	645900	1780477783476.000	easy_marker_manifest_order_min_gap_5s	pass	False		True	28.093611	pass	52	5	train	1	pass	True	True
P04	Moris	lab_data/P04/P04_EEG_recon_2026-06-03_09h59.07.369_image_mapping.json	54	3	14	1097	sandwich	images_THINGS/object_images/sandwich/sandwich_06s.jpg	/media/psycontrol/HDD/Datasets/THINGS/images_THINGS/object_images/sandwich/sandwich_06s.jpg	True	False	1	649132	1780477789940.000	easy_marker_manifest_order_min_gap_5s	pass	False		True	10.945733	pass	53	96	val	1	pass	True	True
P04	Moris	lab_data/P04/P04_EEG_recon_2026-06-03_09h59.07.369_image_mapping.json	55	3	15	1090	garlic	images_THINGS/object_images/garlic/garlic_11s.jpg	/media/psycontrol/HDD/Datasets/THINGS/images_THINGS/object_images/garlic/garlic_11s.jpg	True	False	1	652090	1780477795857.000	easy_marker_manifest_order_min_gap_5s	pass	False		True	17.650703	pass	54	89	val	1	pass	True	True
P04	Moris	lab_data/P04/P04_EEG_recon_2026-06-03_09h59.07.369_image_mapping.json	56	3	16	1101	boat	images_THINGS/object_images/boat/boat_08s.jpg	/media/psycontrol/HDD/Datasets/THINGS/images_THINGS/object_images/boat/boat_08s.jpg	True	False	1	655163	1780477802003.000	easy_marker_manifest_order_min_gap_5s	pass	False		True	35.934822	pass	55	100	train	1	pass	True	True
P04	Moris	lab_data/P04/P04_EEG_recon_2026-06-03_09h59.07.369_image_mapping.json	57	3	17	1132	polar_bear	images_THINGS/object_images/polar_bear/polar_bear_18s.jpg	/media/psycontrol/HDD/Datasets/THINGS/images_THINGS/object_images/polar_bear/polar_bear_18s.jpg	True	True	2	657934	1780477807545.000	easy_marker_manifest_order_min_gap_5s	pass	False		True	16.311138	pass	56	131	val	1	pass	True	True
P04	Moris	lab_data/P04/P04_EEG_recon_2026-06-03_09h59.07.369_image_mapping.json	58	3	18	1047	drawer	images_THINGS/object_images/drawer/drawer_04s.jpg	/media/psycontrol/HDD/Datasets/THINGS/images_THINGS/object_images/drawer/drawer_04s.jpg	True	False	1	661108	1780477813893.000	easy_marker_manifest_order_min_gap_5s	pass	False		True	31.829285	pass	57	46	train	1	pass	True	True
P04	Moris	lab_data/P04/P04_EEG_recon_2026-06-03_09h59.07.369_image_mapping.json	59	3	19	1026	asparagus	images_THINGS/object_images/asparagus/asparagus_12s.jpg	/media/psycontrol/HDD/Datasets/THINGS/images_THINGS/object_images/asparagus/asparagus_12s.jpg	True	False	1	664000	1780477819677.000	easy_marker_manifest_order_min_gap_5s	pass	False		True	26.452091	pass	58	25	train	1	pass	True	True
P04	Moris	lab_data/P04/P04_EEG_recon_2026-06-03_09h59.07.369_image_mapping.json	60	3	20	1046	tiramisu	images_THINGS/object_images/tiramisu/tiramisu_12s.jpg	/media/psycontrol/HDD/Datasets/THINGS/images_THINGS/object_images/tiramisu/tiramisu_12s.jpg	True	False	2	667022	1780477825721.000	easy_marker_manifest_order_min_gap_5s	pass	False		True	34.736485	pass	59	45	train	1	pass	True	True
P04	Moris	lab_data/P04/P04_EEG_recon_2026-06-03_09h59.07.369_image_mapping.json	61	4	1	1110	jet	images_THINGS/object_images/jet/jet_04s.jpg	/media/psycontrol/HDD/Datasets/THINGS/images_THINGS/object_images/jet/jet_04s.jpg	True	True	2	671004	1780477833685.000	easy_marker_manifest_order_min_gap_5s	pass	False		True	38.902737	pass	60	109	train	1	pass	True	True
P04	Moris	lab_data/P04/P04_EEG_recon_2026-06-03_09h59.07.369_image_mapping.json	62	4	2	1149	mole	images_THINGS/object_images/mole/mole_09s.jpg	/media/psycontrol/HDD/Datasets/THINGS/images_THINGS/object_images/mole/mole_09s.jpg	True	False	1	680944	1780477853565.000	easy_marker_manifest_order_min_gap_5s	pass	False		True	42.775246	pass	61	148	train	1	pass	True	True
P04	Moris	lab_data/P04/P04_EEG_recon_2026-06-03_09h59.07.369_image_mapping.json	63	4	3	1023	wolf	images_THINGS/object_images/wolf/wolf_12n.jpg	/media/psycontrol/HDD/Datasets/THINGS/images_THINGS/object_images/wolf/wolf_12n.jpg	True	False	2	684049	1780477859775.000	easy_marker_manifest_order_min_gap_5s	pass	False		True	26.640083	pass	62	22	train	1	pass	True	True
P04	Moris	lab_data/P04/P04_EEG_recon_2026-06-03_09h59.07.369_image_mapping.json	64	4	4	1125	sundae	images_THINGS/object_images/sundae/sundae_09s.jpg	/media/psycontrol/HDD/Datasets/THINGS/images_THINGS/object_images/sundae/sundae_09s.jpg	True	False	2	686927	1780477865532.000	easy_marker_manifest_order_min_gap_5s	pass	False		True	71.981346	pass	63	124	train	1	pass	True	True
P04	Moris	lab_data/P04/P04_EEG_recon_2026-06-03_09h59.07.369_image_mapping.json	65	4	5	1037	steamroller	images_THINGS/object_images/steamroller/steamroller_11n.jpg	/media/psycontrol/HDD/Datasets/THINGS/images_THINGS/object_images/steamroller/steamroller_11n.jpg	True	False	1	689840	1780477871358.000	easy_marker_manifest_order_min_gap_5s	pass	False		True	30.281815	pass	64	36	train	1	pass	True	True
P04	Moris	lab_data/P04/P04_EEG_recon_2026-06-03_09h59.07.369_image_mapping.json	66	4	6	1120	owl	images_THINGS/object_images/owl/owl_19s.jpg	/media/psycontrol/HDD/Datasets/THINGS/images_THINGS/object_images/owl/owl_19s.jpg	True	False	2	692909	1780477877496.000	easy_marker_manifest_order_min_gap_5s	pass	False		True	41.996021	pass	65	119	train	1	pass	True	True
P04	Moris	lab_data/P04/P04_EEG_recon_2026-06-03_09h59.07.369_image_mapping.json	67	4	7	1015	moose	images_THINGS/object_images/moose/moose_02s.jpg	/media/psycontrol/HDD/Datasets/THINGS/images_THINGS/object_images/moose/moose_02s.jpg	True	True	2	695662	1780477883002.000	easy_marker_manifest_order_min_gap_5s	pass	False		True	37.575745	pass	66	14	train	1	pass	True	True
P04	Moris	lab_data/P04/P04_EEG_recon_2026-06-03_09h59.07.369_image_mapping.json	68	4	8	1121	sunglasses	images_THINGS/object_images/sunglasses/sunglasses_06s.jpg	/media/psycontrol/HDD/Datasets/THINGS/images_THINGS/object_images/sunglasses/sunglasses_06s.jpg	True	True	2	698928	1780477889534.000	easy_marker_manifest_order_min_gap_5s	pass	False		True	36.663700	pass	67	120	val	1	pass	True	True
P04	Moris	lab_data/P04/P04_EEG_recon_2026-06-03_09h59.07.369_image_mapping.json	69	4	9	1049	rat	images_THINGS/object_images/rat/rat_04s.jpg	/media/psycontrol/HDD/Datasets/THINGS/images_THINGS/object_images/rat/rat_04s.jpg	True	False	1	701948	1780477895574.000	easy_marker_manifest_order_min_gap_5s	pass	False		True	39.110035	pass	68	48	train	1	pass	True	True
P04	Moris	lab_data/P04/P04_EEG_recon_2026-06-03_09h59.07.369_image_mapping.json	70	4	10	1032	pants	images_THINGS/object_images/pants/pants_01b.jpg	/media/psycontrol/HDD/Datasets/THINGS/images_THINGS/object_images/pants/pants_01b.jpg	True	False	1	704840	1780477901358.000	easy_marker_manifest_order_min_gap_5s	pass	False		True	32.957848	pass	69	31	train	1	pass	True	True
P04	Moris	lab_data/P04/P04_EEG_recon_2026-06-03_09h59.07.369_image_mapping.json	71	4	11	1063	car	images_THINGS/object_images/car/car_12s.jpg	/media/psycontrol/HDD/Datasets/THINGS/images_THINGS/object_images/car/car_12s.jpg	True	False	1	707864	1780477907406.000	easy_marker_manifest_order_min_gap_5s	pass	False		True	55.851013	pass	70	62	train	1	pass	True	True
P04	Moris	lab_data/P04/P04_EEG_recon_2026-06-03_09h59.07.369_image_mapping.json	72	4	12	1118	candy_bar	images_THINGS/object_images/candy_bar/candy_bar_09s.jpg	/media/psycontrol/HDD/Datasets/THINGS/images_THINGS/object_images/candy_bar/candy_bar_09s.jpg	True	True	2	710728	1780477913134.000	easy_marker_manifest_order_min_gap_5s	pass	False		True	158.061157	pass	71	117	train	1	pass	True	True
P04	Moris	lab_data/P04/P04_EEG_recon_2026-06-03_09h59.07.369_image_mapping.json	73	4	13	1092	bunkbed	images_THINGS/object_images/bunkbed/bunkbed_02s.jpg	/media/psycontrol/HDD/Datasets/THINGS/images_THINGS/object_images/bunkbed/bunkbed_02s.jpg	True	True	2	713664	1780477919006.000	easy_marker_manifest_order_min_gap_5s	pass	False		True	35.493557	pass	72	91	train	1	pass	True	True
P04	Moris	lab_data/P04/P04_EEG_recon_2026-06-03_09h59.07.369_image_mapping.json	74	4	14	1038	cupcake	images_THINGS/object_images/cupcake/cupcake_07s.jpg	/media/psycontrol/HDD/Datasets/THINGS/images_THINGS/object_images/cupcake/cupcake_07s.jpg	True	False	1	716750	1780477925178.000	easy_marker_manifest_order_min_gap_5s	pass	False		True	32.463142	pass	73	37	train	1	pass	True	True
P04	Moris	lab_data/P04/P04_EEG_recon_2026-06-03_09h59.07.369_image_mapping.json	75	4	15	1061	taco	images_THINGS/object_images/taco/taco_06n.jpg	/media/psycontrol/HDD/Datasets/THINGS/images_THINGS/object_images/taco/taco_06n.jpg	True	False	2	719819	1780477931316.000	easy_marker_manifest_order_min_gap_5s	pass	False		True	34.845768	pass	74	60	train	1	pass	True	True
P04	Moris	lab_data/P04/P04_EEG_recon_2026-06-03_09h59.07.369_image_mapping.json	76	4	16	1130	showerhead	images_THINGS/object_images/showerhead/showerhead_05s.jpg	/media/psycontrol/HDD/Datasets/THINGS/images_THINGS/object_images/showerhead/showerhead_05s.jpg	True	False	2	722808	1780477937294.000	easy_marker_manifest_order_min_gap_5s	pass	False		True	50.095104	pass	75	129	train	1	pass	True	True
P04	Moris	lab_data/P04/P04_EEG_recon_2026-06-03_09h59.07.369_image_mapping.json	77	4	17	1143	mango	images_THINGS/object_images/mango/mango_16s.jpg	/media/psycontrol/HDD/Datasets/THINGS/images_THINGS/object_images/mango/mango_16s.jpg	True	False	2	725722	1780477943122.000	easy_marker_manifest_order_min_gap_5s	pass	False		True	328.488403	review	76	142	val	1	review	True	False
P04	Moris	lab_data/P04/P04_EEG_recon_2026-06-03_09h59.07.369_image_mapping.json	78	4	18	1123	sorbet	images_THINGS/object_images/sorbet/sorbet_05s.jpg	/media/psycontrol/HDD/Datasets/THINGS/images_THINGS/object_images/sorbet/sorbet_05s.jpg	True	False	1	728812	1780477949302.000	easy_marker_manifest_order_min_gap_5s	pass	False		True	30.793180	pass	77	122	val	1	pass	True	True
P04	Moris	lab_data/P04/P04_EEG_recon_2026-06-03_09h59.07.369_image_mapping.json	79	4	19	1013	banana	images_THINGS/object_images/banana/banana_13s.jpg	/media/psycontrol/HDD/Datasets/THINGS/images_THINGS/object_images/banana/banana_13s.jpg	True	False	1	731854	1780477955386.000	easy_marker_manifest_order_min_gap_5s	pass	False		True	85.976540	pass	78	12	train	1	pass	True	True
P04	Moris	lab_data/P04/P04_EEG_recon_2026-06-03_09h59.07.369_image_mapping.json	80	4	20	1139	earwig	images_THINGS/object_images/earwig/earwig_09s.jpg	/media/psycontrol/HDD/Datasets/THINGS/images_THINGS/object_images/earwig/earwig_09s.jpg	True	False	1	734726	1780477961130.000	easy_marker_manifest_order_min_gap_5s	pass	False		True	25.550406	pass	79	138	train	1	pass	True	True
P04	Moris	lab_data/P04/P04_EEG_recon_2026-06-03_09h59.07.369_image_mapping.json	81	5	1	1079	puppy	images_THINGS/object_images/puppy/puppy_12s.jpg	/media/psycontrol/HDD/Datasets/THINGS/images_THINGS/object_images/puppy/puppy_12s.jpg	True	False	1	745572	1780477982823.000	easy_marker_manifest_order_min_gap_5s	pass	False		True	25.429020	pass	80	78	train	1	pass	True	True
P04	Moris	lab_data/P04/P04_EEG_recon_2026-06-03_09h59.07.369_image_mapping.json	82	5	2	1082	necklace	images_THINGS/object_images/necklace/necklace_11s.jpg	/media/psycontrol/HDD/Datasets/THINGS/images_THINGS/object_images/necklace/necklace_11s.jpg	True	False	2	748574	1780477988828.000	easy_marker_manifest_order_min_gap_5s	pass	False		True	59.751717	pass	81	81	train	1	pass	True	True
P04	Moris	lab_data/P04/P04_EEG_recon_2026-06-03_09h59.07.369_image_mapping.json	83	5	3	1131	eel	images_THINGS/object_images/eel/eel_09s.jpg	/media/psycontrol/HDD/Datasets/THINGS/images_THINGS/object_images/eel/eel_09s.jpg	True	False	1	751576	1780477994832.000	easy_marker_manifest_order_min_gap_5s	pass	False		True	64.527115	pass	82	130	train	1	pass	True	True
P04	Moris	lab_data/P04/P04_EEG_recon_2026-06-03_09h59.07.369_image_mapping.json	84	5	4	1143	mango	images_THINGS/object_images/mango/mango_16s.jpg	/media/psycontrol/HDD/Datasets/THINGS/images_THINGS/object_images/mango/mango_16s.jpg	True	True	2	754560	1780478000800.000	easy_marker_manifest_order_min_gap_5s	pass	False		True	165.012939	pass	83	142	val	1	pass	True	True
P04	Moris	lab_data/P04/P04_EEG_recon_2026-06-03_09h59.07.369_image_mapping.json	85	5	5	1109	wasp	images_THINGS/object_images/wasp/wasp_09n.jpg	/media/psycontrol/HDD/Datasets/THINGS/images_THINGS/object_images/wasp/wasp_09n.jpg	True	False	1	757596	1780478006873.000	easy_marker_manifest_order_min_gap_5s	pass	False		True	47.854427	pass	84	108	train	1	pass	True	True
P04	Moris	lab_data/P04/P04_EEG_recon_2026-06-03_09h59.07.369_image_mapping.json	86	5	6	1046	tiramisu	images_THINGS/object_images/tiramisu/tiramisu_12s.jpg	/media/psycontrol/HDD/Datasets/THINGS/images_THINGS/object_images/tiramisu/tiramisu_12s.jpg	True	True	2	760272	1780478012225.000	easy_marker_manifest_order_min_gap_5s	pass	False		True	26.062958	pass	85	45	train	1	pass	True	True
P04	Moris	lab_data/P04/P04_EEG_recon_2026-06-03_09h59.07.369_image_mapping.json	87	5	7	1133	cockatoo	images_THINGS/object_images/cockatoo/cockatoo_04s.jpg	/media/psycontrol/HDD/Datasets/THINGS/images_THINGS/object_images/cockatoo/cockatoo_04s.jpg	True	False	1	763584	1780478018849.000	easy_marker_manifest_order_min_gap_5s	pass	False		True	33.370808	pass	86	132	train	1	pass	True	True
P04	Moris	lab_data/P04/P04_EEG_recon_2026-06-03_09h59.07.369_image_mapping.json	88	5	8	1002	pea	images_THINGS/object_images/pea/pea_10s.jpg	/media/psycontrol/HDD/Datasets/THINGS/images_THINGS/object_images/pea/pea_10s.jpg	True	False	1	766499	1780478024679.000	easy_marker_manifest_order_min_gap_5s	pass	False		True	61.601006	pass	87	1	train	1	pass	True	True
P04	Moris	lab_data/P04/P04_EEG_recon_2026-06-03_09h59.07.369_image_mapping.json	89	5	9	1135	pony	images_THINGS/object_images/pony/pony_01b.jpg	/media/psycontrol/HDD/Datasets/THINGS/images_THINGS/object_images/pony/pony_01b.jpg	True	False	1	769491	1780478030664.000	easy_marker_manifest_order_min_gap_5s	pass	False		True	28.845467	pass	88	134	train	1	pass	True	True
P04	Moris	lab_data/P04/P04_EEG_recon_2026-06-03_09h59.07.369_image_mapping.json	90	5	10	1125	sundae	images_THINGS/object_images/sundae/sundae_09s.jpg	/media/psycontrol/HDD/Datasets/THINGS/images_THINGS/object_images/sundae/sundae_09s.jpg	True	True	2	772534	1780478036750.000	easy_marker_manifest_order_min_gap_5s	pass	False		True	169.062317	pass	89	124	train	1	pass	True	True
P04	Moris	lab_data/P04/P04_EEG_recon_2026-06-03_09h59.07.369_image_mapping.json	91	5	11	1124	nightshirt	images_THINGS/object_images/nightshirt/nightshirt_11s.jpg	/media/psycontrol/HDD/Datasets/THINGS/images_THINGS/object_images/nightshirt/nightshirt_11s.jpg	True	True	2	775148	1780478041978.000	easy_marker_manifest_order_min_gap_5s	pass	False		True	25.640882	pass	90	123	val	1	pass	True	True
P04	Moris	lab_data/P04/P04_EEG_recon_2026-06-03_09h59.07.369_image_mapping.json	92	5	12	1140	kayak	images_THINGS/object_images/kayak/kayak_04s.jpg	/media/psycontrol/HDD/Datasets/THINGS/images_THINGS/object_images/kayak/kayak_04s.jpg	True	False	1	778344	1780478048371.000	easy_marker_manifest_order_min_gap_5s	pass	False		True	23.538130	pass	91	139	train	1	pass	True	True
P04	Moris	lab_data/P04/P04_EEG_recon_2026-06-03_09h59.07.369_image_mapping.json	93	5	13	1059	zucchini	images_THINGS/object_images/zucchini/zucchini_02s.jpg	/media/psycontrol/HDD/Datasets/THINGS/images_THINGS/object_images/zucchini/zucchini_02s.jpg	True	False	2	781237	1780478054157.000	easy_marker_manifest_order_min_gap_5s	pass	False		True	29.210278	pass	92	58	train	1	pass	True	True
P04	Moris	lab_data/P04/P04_EEG_recon_2026-06-03_09h59.07.369_image_mapping.json	94	5	14	1040	panda	images_THINGS/object_images/panda/panda_01b.jpg	/media/psycontrol/HDD/Datasets/THINGS/images_THINGS/object_images/panda/panda_01b.jpg	True	False	1	784348	1780478060379.000	easy_marker_manifest_order_min_gap_5s	pass	False		True	45.909416	pass	93	39	train	1	pass	True	True
P04	Moris	lab_data/P04/P04_EEG_recon_2026-06-03_09h59.07.369_image_mapping.json	95	5	15	1061	taco	images_THINGS/object_images/taco/taco_06n.jpg	/media/psycontrol/HDD/Datasets/THINGS/images_THINGS/object_images/taco/taco_06n.jpg	True	True	2	787306	1780478066296.000	easy_marker_manifest_order_min_gap_5s	pass	False		True	26.297358	pass	94	60	train	1	pass	True	True
P04	Moris	lab_data/P04/P04_EEG_recon_2026-06-03_09h59.07.369_image_mapping.json	96	5	16	1107	omelet	images_THINGS/object_images/omelet/omelet_06s.jpg	/media/psycontrol/HDD/Datasets/THINGS/images_THINGS/object_images/omelet/omelet_06s.jpg	True	False	1	790352	1780478072388.000	easy_marker_manifest_order_min_gap_5s	pass	False		True	27.320812	pass	95	106	train	1	pass	True	True
P04	Moris	lab_data/P04/P04_EEG_recon_2026-06-03_09h59.07.369_image_mapping.json	97	5	17	1086	pasta	images_THINGS/object_images/pasta/pasta_12s.jpg	/media/psycontrol/HDD/Datasets/THINGS/images_THINGS/object_images/pasta/pasta_12s.jpg	True	False	1	793376	1780478078436.000	easy_marker_manifest_order_min_gap_5s	pass	False		True	40.391743	pass	96	85	val	1	pass	True	True
P04	Moris	lab_data/P04/P04_EEG_recon_2026-06-03_09h59.07.369_image_mapping.json	98	5	18	1010	pineapple	images_THINGS/object_images/pineapple/pineapple_08s.jpg	/media/psycontrol/HDD/Datasets/THINGS/images_THINGS/object_images/pineapple/pineapple_08s.jpg	True	False	1	796393	1780478084471.000	easy_marker_manifest_order_min_gap_5s	pass	False		True	30.154314	pass	97	9	train	1	pass	True	True
P04	Moris	lab_data/P04/P04_EEG_recon_2026-06-03_09h59.07.369_image_mapping.json	99	5	19	1127	space_shuttle	images_THINGS/object_images/space_shuttle/space_shuttle_12s.jpg	/media/psycontrol/HDD/Datasets/THINGS/images_THINGS/object_images/space_shuttle/space_shuttle_12s.jpg	True	False	1	799358	1780478090401.000	easy_marker_manifest_order_min_gap_5s	pass	False		True	28.535231	pass	98	126	train	1	pass	True	True
P04	Moris	lab_data/P04/P04_EEG_recon_2026-06-03_09h59.07.369_image_mapping.json	100	5	20	1155	kale	images_THINGS/object_images/kale/kale_01b.jpg	/media/psycontrol/HDD/Datasets/THINGS/images_THINGS/object_images/kale/kale_01b.jpg	True	False	1	802209	1780478096103.000	easy_marker_manifest_order_min_gap_5s	pass	False		True	48.544277	pass	99	154	train	1	pass	True	True
P04	Moris	lab_data/P04/P04_EEG_recon_2026-06-03_09h59.07.369_image_mapping.json	101	6	1	1152	speedboat	images_THINGS/object_images/speedboat/speedboat_06s.jpg	/media/psycontrol/HDD/Datasets/THINGS/images_THINGS/object_images/speedboat/speedboat_06s.jpg	True	False	1	815366	1780478122419.000	easy_marker_manifest_order_min_gap_5s	pass	False		True	251.376419	review	100	151	val	1	review	True	False
P04	Moris	lab_data/P04/P04_EEG_recon_2026-06-03_09h59.07.369_image_mapping.json	102	6	2	1008	keyboard	images_THINGS/object_images/keyboard/keyboard_13s.jpg	/media/psycontrol/HDD/Datasets/THINGS/images_THINGS/object_images/keyboard/keyboard_13s.jpg	True	False	1	818385	1780478128457.000	easy_marker_manifest_order_min_gap_5s	pass	False		True	113.273735	pass	101	7	train	1	pass	True	True
P04	Moris	lab_data/P04/P04_EEG_recon_2026-06-03_09h59.07.369_image_mapping.json	103	6	3	1042	eagle	images_THINGS/object_images/eagle/eagle_08s.jpg	/media/psycontrol/HDD/Datasets/THINGS/images_THINGS/object_images/eagle/eagle_08s.jpg	True	False	1	821444	1780478134575.000	easy_marker_manifest_order_min_gap_5s	pass	False		True	22.614271	pass	102	41	train	1	pass	True	True
P04	Moris	lab_data/P04/P04_EEG_recon_2026-06-03_09h59.07.369_image_mapping.json	104	6	4	1028	meatball	images_THINGS/object_images/meatball/meatball_04s.jpg	/media/psycontrol/HDD/Datasets/THINGS/images_THINGS/object_images/meatball/meatball_04s.jpg	True	False	1	824622	1780478140931.000	easy_marker_manifest_order_min_gap_5s	pass	False		True	36.559689	pass	103	27	train	1	pass	True	True
P04	Moris	lab_data/P04/P04_EEG_recon_2026-06-03_09h59.07.369_image_mapping.json	105	6	5	1062	antelope	images_THINGS/object_images/antelope/antelope_12n.jpg	/media/psycontrol/HDD/Datasets/THINGS/images_THINGS/object_images/antelope/antelope_12n.jpg	True	True	2	827408	1780478146504.000	easy_marker_manifest_order_min_gap_5s	pass	False		True	36.108727	pass	104	61	val	1	pass	True	True
P04	Moris	lab_data/P04/P04_EEG_recon_2026-06-03_09h59.07.369_image_mapping.json	106	6	6	1085	frog	images_THINGS/object_images/frog/frog_09s.jpg	/media/psycontrol/HDD/Datasets/THINGS/images_THINGS/object_images/frog/frog_09s.jpg	True	False	1	830626	1780478152940.000	easy_marker_manifest_order_min_gap_5s	pass	False		True	27.585871	pass	105	84	train	1	pass	True	True
P04	Moris	lab_data/P04/P04_EEG_recon_2026-06-03_09h59.07.369_image_mapping.json	107	6	7	1074	cobra	images_THINGS/object_images/cobra/cobra_07s.jpg	/media/psycontrol/HDD/Datasets/THINGS/images_THINGS/object_images/cobra/cobra_07s.jpg	True	False	1	833628	1780478158944.000	easy_marker_manifest_order_min_gap_5s	pass	False		True	29.302639	pass	106	73	train	1	pass	True	True
P04	Moris	lab_data/P04/P04_EEG_recon_2026-06-03_09h59.07.369_image_mapping.json	108	6	8	1103	blazer	images_THINGS/object_images/blazer/blazer_05s.jpg	/media/psycontrol/HDD/Datasets/THINGS/images_THINGS/object_images/blazer/blazer_05s.jpg	True	False	1	836689	1780478165067.000	easy_marker_manifest_order_min_gap_5s	pass	False		True	229.641708	pass	107	102	train	1	pass	True	True
P04	Moris	lab_data/P04/P04_EEG_recon_2026-06-03_09h59.07.369_image_mapping.json	109	6	9	1017	carrot	images_THINGS/object_images/carrot/carrot_01b.jpg	/media/psycontrol/HDD/Datasets/THINGS/images_THINGS/object_images/carrot/carrot_01b.jpg	True	False	1	839882	1780478171453.000	easy_marker_manifest_order_min_gap_5s	pass	False		True	35.039566	pass	108	16	train	1	pass	True	True
P04	Moris	lab_data/P04/P04_EEG_recon_2026-06-03_09h59.07.369_image_mapping.json	110	6	10	1126	helicopter	images_THINGS/object_images/helicopter/helicopter_20s.jpg	/media/psycontrol/HDD/Datasets/THINGS/images_THINGS/object_images/helicopter/helicopter_20s.jpg	True	False	2	842721	1780478177131.000	easy_marker_manifest_order_min_gap_5s	pass	False		True	30.993574	pass	109	125	train	1	pass	True	True
P04	Moris	lab_data/P04/P04_EEG_recon_2026-06-03_09h59.07.369_image_mapping.json	111	6	11	1106	swordfish	images_THINGS/object_images/swordfish/swordfish_07s.jpg	/media/psycontrol/HDD/Datasets/THINGS/images_THINGS/object_images/swordfish/swordfish_07s.jpg	True	False	1	845661	1780478183012.000	easy_marker_manifest_order_min_gap_5s	pass	False		True	223.182648	pass	110	105	train	1	pass	True	True
P04	Moris	lab_data/P04/P04_EEG_recon_2026-06-03_09h59.07.369_image_mapping.json	112	6	12	1068	radio	images_THINGS/object_images/radio/radio_04s.jpg	/media/psycontrol/HDD/Datasets/THINGS/images_THINGS/object_images/radio/radio_04s.jpg	True	False	1	848665	1780478189020.000	easy_marker_manifest_order_min_gap_5s	pass	False		True	43.859734	pass	111	67	val	1	pass	True	True
P04	Moris	lab_data/P04/P04_EEG_recon_2026-06-03_09h59.07.369_image_mapping.json	113	6	13	1100	champagne	images_THINGS/object_images/champagne/champagne_01b.jpg	/media/psycontrol/HDD/Datasets/THINGS/images_THINGS/object_images/champagne/champagne_01b.jpg	True	False	1	851640	1780478194970.000	easy_marker_manifest_order_min_gap_5s	pass	False		True	38.912212	pass	112	99	train	1	pass	True	True
P04	Moris	lab_data/P04/P04_EEG_recon_2026-06-03_09h59.07.369_image_mapping.json	114	6	14	1084	cheetah	images_THINGS/object_images/cheetah/cheetah_06s.jpg	/media/psycontrol/HDD/Datasets/THINGS/images_THINGS/object_images/cheetah/cheetah_06s.jpg	True	False	2	854642	1780478200975.000	easy_marker_manifest_order_min_gap_5s	pass	False		True	18.148298	pass	113	83	train	1	pass	True	True
P04	Moris	lab_data/P04/P04_EEG_recon_2026-06-03_09h59.07.369_image_mapping.json	115	6	15	1120	owl	images_THINGS/object_images/owl/owl_19s.jpg	/media/psycontrol/HDD/Datasets/THINGS/images_THINGS/object_images/owl/owl_19s.jpg	True	True	2	857538	1780478206767.000	easy_marker_manifest_order_min_gap_5s	pass	False		True	45.466610	pass	114	119	train	1	pass	True	True
P04	Moris	lab_data/P04/P04_EEG_recon_2026-06-03_09h59.07.369_image_mapping.json	116	6	16	1129	workbench	images_THINGS/object_images/workbench/workbench_07s.jpg	/media/psycontrol/HDD/Datasets/THINGS/images_THINGS/object_images/workbench/workbench_07s.jpg	True	False	2	860646	1780478212983.000	easy_marker_manifest_order_min_gap_5s	pass	False		True	49.957199	pass	115	128	train	1	pass	True	True
P04	Moris	lab_data/P04/P04_EEG_recon_2026-06-03_09h59.07.369_image_mapping.json	117	6	17	1053	reindeer	images_THINGS/object_images/reindeer/reindeer_14s.jpg	/media/psycontrol/HDD/Datasets/THINGS/images_THINGS/object_images/reindeer/reindeer_14s.jpg	True	True	2	863446	1780478218583.000	easy_marker_manifest_order_min_gap_5s	pass	False		True	15.730993	pass	116	52	val	1	pass	True	True
P04	Moris	lab_data/P04/P04_EEG_recon_2026-06-03_09h59.07.369_image_mapping.json	118	6	18	1039	sailboat	images_THINGS/object_images/sailboat/sailboat_07s.jpg	/media/psycontrol/HDD/Datasets/THINGS/images_THINGS/object_images/sailboat/sailboat_07s.jpg	True	False	1	866650	1780478224992.000	easy_marker_manifest_order_min_gap_5s	pass	False		True	47.920181	pass	117	38	val	1	pass	True	True
P04	Moris	lab_data/P04/P04_EEG_recon_2026-06-03_09h59.07.369_image_mapping.json	119	6	19	1111	creme_brulee	images_THINGS/object_images/creme_brulee/creme_brulee_01b.jpg	/media/psycontrol/HDD/Datasets/THINGS/images_THINGS/object_images/creme_brulee/creme_brulee_01b.jpg	True	False	1	869652	1780478230996.000	easy_marker_manifest_order_min_gap_5s	pass	False		True	42.648449	pass	118	110	train	1	pass	True	True
P04	Moris	lab_data/P04/P04_EEG_recon_2026-06-03_09h59.07.369_image_mapping.json	120	6	20	1012	burrito	images_THINGS/object_images/burrito/burrito_07s.jpg	/media/psycontrol/HDD/Datasets/THINGS/images_THINGS/object_images/burrito/burrito_07s.jpg	True	True	2	872456	1780478236604.000	easy_marker_manifest_order_min_gap_5s	pass	False		True	54.559681	pass	119	11	val	1	pass	True	True
P04	Moris	lab_data/P04/P04_EEG_recon_2026-06-03_09h59.07.369_image_mapping.json	121	7	1	1067	taffy	images_THINGS/object_images/taffy/taffy_11s.jpg	/media/psycontrol/HDD/Datasets/THINGS/images_THINGS/object_images/taffy/taffy_11s.jpg	True	False	1	886500	1780478264694.000	easy_marker_manifest_order_min_gap_5s	pass	False		True	31.828384	pass	120	66	val	1	pass	True	True
P04	Moris	lab_data/P04/P04_EEG_recon_2026-06-03_09h59.07.369_image_mapping.json	122	7	2	1084	cheetah	images_THINGS/object_images/cheetah/cheetah_06s.jpg	/media/psycontrol/HDD/Datasets/THINGS/images_THINGS/object_images/cheetah/cheetah_06s.jpg	True	True	2	889392	1780478270478.000	easy_marker_manifest_order_min_gap_5s	pass	False		True	118.793930	pass	121	83	train	1	pass	True	True
P04	Moris	lab_data/P04/P04_EEG_recon_2026-06-03_09h59.07.369_image_mapping.json	123	7	3	1082	necklace	images_THINGS/object_images/necklace/necklace_11s.jpg	/media/psycontrol/HDD/Datasets/THINGS/images_THINGS/object_images/necklace/necklace_11s.jpg	True	True	2	892324	1780478276342.000	easy_marker_manifest_order_min_gap_5s	pass	False		True	26.653347	pass	122	81	train	1	pass	True	True
P04	Moris	lab_data/P04/P04_EEG_recon_2026-06-03_09h59.07.369_image_mapping.json	124	7	4	1051	yacht	images_THINGS/object_images/yacht/yacht_05s.jpg	/media/psycontrol/HDD/Datasets/THINGS/images_THINGS/object_images/yacht/yacht_05s.jpg	True	False	2	895447	1780478282589.000	easy_marker_manifest_order_min_gap_5s	pass	False		True	40.886837	pass	123	50	train	1	pass	True	True
P04	Moris	lab_data/P04/P04_EEG_recon_2026-06-03_09h59.07.369_image_mapping.json	125	7	5	1091	kitten	images_THINGS/object_images/kitten/kitten_09s.jpg	/media/psycontrol/HDD/Datasets/THINGS/images_THINGS/object_images/kitten/kitten_09s.jpg	True	False	1	898418	1780478288531.000	easy_marker_manifest_order_min_gap_5s	pass	False		True	36.868855	pass	124	90	train	1	pass	True	True
P04	Moris	lab_data/P04/P04_EEG_recon_2026-06-03_09h59.07.369_image_mapping.json	126	7	6	1081	police_car	images_THINGS/object_images/police_car/police_car_14s.jpg	/media/psycontrol/HDD/Datasets/THINGS/images_THINGS/object_images/police_car/police_car_14s.jpg	True	False	1	901420	1780478294535.000	easy_marker_manifest_order_min_gap_5s	pass	False		True	44.872169	pass	125	80	train	1	pass	True	True
P04	Moris	lab_data/P04/P04_EEG_recon_2026-06-03_09h59.07.369_image_mapping.json	127	7	7	1154	chandelier	images_THINGS/object_images/chandelier/chandelier_10s.jpg	/media/psycontrol/HDD/Datasets/THINGS/images_THINGS/object_images/chandelier/chandelier_10s.jpg	True	False	1	904422	1780478300540.000	easy_marker_manifest_order_min_gap_5s	pass	False		True	38.322853	pass	126	153	train	1	pass	True	True
P04	Moris	lab_data/P04/P04_EEG_recon_2026-06-03_09h59.07.369_image_mapping.json	128	7	8	1087	bathrobe	images_THINGS/object_images/bathrobe/bathrobe_12s.jpg	/media/psycontrol/HDD/Datasets/THINGS/images_THINGS/object_images/bathrobe/bathrobe_12s.jpg	True	False	1	907674	1780478307044.000	easy_marker_manifest_order_min_gap_5s	pass	False		True	30.928423	pass	127	86	train	1	pass	True	True
P04	Moris	lab_data/P04/P04_EEG_recon_2026-06-03_09h59.07.369_image_mapping.json	129	7	9	1065	cabinet	images_THINGS/object_images/cabinet/cabinet_07s.jpg	/media/psycontrol/HDD/Datasets/THINGS/images_THINGS/object_images/cabinet/cabinet_07s.jpg	True	False	1	910676	1780478313048.000	easy_marker_manifest_order_min_gap_5s	pass	False		True	25.439438	pass	128	64	train	1	pass	True	True
P04	Moris	lab_data/P04/P04_EEG_recon_2026-06-03_09h59.07.369_image_mapping.json	130	7	10	1114	spinach	images_THINGS/object_images/spinach/spinach_09s.jpg	/media/psycontrol/HDD/Datasets/THINGS/images_THINGS/object_images/spinach/spinach_09s.jpg	True	False	1	913678	1780478319053.000	easy_marker_manifest_order_min_gap_5s	pass	False		True	16.974977	pass	129	113	train	1	pass	True	True
P04	Moris	lab_data/P04/P04_EEG_recon_2026-06-03_09h59.07.369_image_mapping.json	131	7	11	1138	ping-pong_table	images_THINGS/object_images/ping-pong_table/ping-pong_table_10s.jpg	/media/psycontrol/HDD/Datasets/THINGS/images_THINGS/object_images/ping-pong_table/ping-pong_table_10s.jpg	True	False	1	916533	1780478324763.000	easy_marker_manifest_order_min_gap_5s	pass	False		True	29.157463	pass	130	137	train	1	pass	True	True
P04	Moris	lab_data/P04/P04_EEG_recon_2026-06-03_09h59.07.369_image_mapping.json	132	7	12	1113	firetruck	images_THINGS/object_images/firetruck/firetruck_04s.jpg	/media/psycontrol/HDD/Datasets/THINGS/images_THINGS/object_images/firetruck/firetruck_04s.jpg	True	False	1	919544	1780478330785.000	easy_marker_manifest_order_min_gap_5s	pass	False		True	226.410706	pass	131	112	train	1	pass	True	True
P04	Moris	lab_data/P04/P04_EEG_recon_2026-06-03_09h59.07.369_image_mapping.json	133	7	13	1021	tea	images_THINGS/object_images/tea/tea_10s.jpg	/media/psycontrol/HDD/Datasets/THINGS/images_THINGS/object_images/tea/tea_10s.jpg	True	False	1	922684	1780478337066.000	easy_marker_manifest_order_min_gap_5s	pass	False		True	33.794197	pass	132	20	train	1	pass	True	True
P04	Moris	lab_data/P04/P04_EEG_recon_2026-06-03_09h59.07.369_image_mapping.json	134	7	14	1023	wolf	images_THINGS/object_images/wolf/wolf_12n.jpg	/media/psycontrol/HDD/Datasets/THINGS/images_THINGS/object_images/wolf/wolf_12n.jpg	True	True	2	925282	1780478342262.000	easy_marker_manifest_order_min_gap_5s	pass	False		True	200.042816	pass	133	22	train	1	pass	True	True
P04	Moris	lab_data/P04/P04_EEG_recon_2026-06-03_09h59.07.369_image_mapping.json	135	7	15	1093	duckling	images_THINGS/object_images/duckling/duckling_25s.jpg	/media/psycontrol/HDD/Datasets/THINGS/images_THINGS/object_images/duckling/duckling_25s.jpg	True	False	1	928688	1780478349074.000	easy_marker_manifest_order_min_gap_5s	pass	False		True	25.918236	pass	134	92	train	1	pass	True	True
P04	Moris	lab_data/P04/P04_EEG_recon_2026-06-03_09h59.07.369_image_mapping.json	136	7	16	1146	cheesecake	images_THINGS/object_images/cheesecake/cheesecake_06s.jpg	/media/psycontrol/HDD/Datasets/THINGS/images_THINGS/object_images/cheesecake/cheesecake_06s.jpg	True	False	1	931690	1780478355079.000	easy_marker_manifest_order_min_gap_5s	pass	False		True	25.488340	pass	135	145	train	1	pass	True	True
P04	Moris	lab_data/P04/P04_EEG_recon_2026-06-03_09h59.07.369_image_mapping.json	137	7	17	1045	goose	images_THINGS/object_images/goose/goose_08s.jpg	/media/psycontrol/HDD/Datasets/THINGS/images_THINGS/object_images/goose/goose_08s.jpg	True	True	2	934460	1780478360619.000	easy_marker_manifest_order_min_gap_5s	pass	False		True	27.743618	pass	136	44	train	1	pass	True	True
P04	Moris	lab_data/P04/P04_EEG_recon_2026-06-03_09h59.07.369_image_mapping.json	138	7	18	1156	coconut	images_THINGS/object_images/coconut/coconut_08s.jpg	/media/psycontrol/HDD/Datasets/THINGS/images_THINGS/object_images/coconut/coconut_08s.jpg	True	False	1	937444	1780478366587.000	easy_marker_manifest_order_min_gap_5s	pass	False		True	26.832516	pass	137	155	val	1	pass	True	True
P04	Moris	lab_data/P04/P04_EEG_recon_2026-06-03_09h59.07.369_image_mapping.json	139	7	19	1058	loveseat	images_THINGS/object_images/loveseat/loveseat_10s.jpg	/media/psycontrol/HDD/Datasets/THINGS/images_THINGS/object_images/loveseat/loveseat_10s.jpg	True	False	1	940446	1780478372591.000	easy_marker_manifest_order_min_gap_5s	pass	False		True	21.247900	pass	138	57	train	1	pass	True	True
P04	Moris	lab_data/P04/P04_EEG_recon_2026-06-03_09h59.07.369_image_mapping.json	140	7	20	1055	seagull	images_THINGS/object_images/seagull/seagull_11s.jpg	/media/psycontrol/HDD/Datasets/THINGS/images_THINGS/object_images/seagull/seagull_11s.jpg	True	False	1	943303	1780478378306.000	easy_marker_manifest_order_min_gap_5s	pass	False		True	20.165581	pass	139	54	train	1	pass	True	True
P04	Moris	lab_data/P04/P04_EEG_recon_2026-06-03_09h59.07.369_image_mapping.json	141	8	1	1056	leggings	images_THINGS/object_images/leggings/leggings_02s.jpg	/media/psycontrol/HDD/Datasets/THINGS/images_THINGS/object_images/leggings/leggings_02s.jpg	True	False	1	954954	1780478401609.000	easy_marker_manifest_order_min_gap_5s	pass	False		True	46.244022	pass	140	55	train	1	pass	True	True
P04	Moris	lab_data/P04/P04_EEG_recon_2026-06-03_09h59.07.369_image_mapping.json	142	8	2	1054	bathtub	images_THINGS/object_images/bathtub/bathtub_18s.jpg	/media/psycontrol/HDD/Datasets/THINGS/images_THINGS/object_images/bathtub/bathtub_18s.jpg	True	False	1	957733	1780478407167.000	easy_marker_manifest_order_min_gap_5s	pass	False		True	53.486019	pass	141	53	train	1	pass	True	True
P04	Moris	lab_data/P04/P04_EEG_recon_2026-06-03_09h59.07.369_image_mapping.json	143	8	3	1034	bracelet1	images_THINGS/object_images/bracelet1/bracelet1_18s.jpg	/media/psycontrol/HDD/Datasets/THINGS/images_THINGS/object_images/bracelet1/bracelet1_18s.jpg	True	False	1	960958	1780478413618.000	easy_marker_manifest_order_min_gap_5s	pass	False		True	31.634087	pass	142	33	train	1	pass	True	True
P04	Moris	lab_data/P04/P04_EEG_recon_2026-06-03_09h59.07.369_image_mapping.json	144	8	4	1003	shorts	images_THINGS/object_images/shorts/shorts_14s.jpg	/media/psycontrol/HDD/Datasets/THINGS/images_THINGS/object_images/shorts/shorts_14s.jpg	True	False	1	963960	1780478419622.000	easy_marker_manifest_order_min_gap_5s	pass	False		True	34.366901	pass	143	2	val	1	pass	True	True
P04	Moris	lab_data/P04/P04_EEG_recon_2026-06-03_09h59.07.369_image_mapping.json	145	8	5	1078	sea_urchin	images_THINGS/object_images/sea_urchin/sea_urchin_08s.jpg	/media/psycontrol/HDD/Datasets/THINGS/images_THINGS/object_images/sea_urchin/sea_urchin_08s.jpg	True	False	1	967212	1780478426126.000	easy_marker_manifest_order_min_gap_5s	pass	False		True	42.761135	pass	144	77	train	1	pass	True	True
P04	Moris	lab_data/P04/P04_EEG_recon_2026-06-03_09h59.07.369_image_mapping.json	146	8	6	1105	gorilla	images_THINGS/object_images/gorilla/gorilla_19s.jpg	/media/psycontrol/HDD/Datasets/THINGS/images_THINGS/object_images/gorilla/gorilla_19s.jpg	True	False	1	970214	1780478432130.000	easy_marker_manifest_order_min_gap_5s	pass	False		True	20.957705	pass	145	104	val	1	pass	True	True
P04	Moris	lab_data/P04/P04_EEG_recon_2026-06-03_09h59.07.369_image_mapping.json	147	8	7	1129	workbench	images_THINGS/object_images/workbench/workbench_07s.jpg	/media/psycontrol/HDD/Datasets/THINGS/images_THINGS/object_images/workbench/workbench_07s.jpg	True	True	2	972896	1780478437495.000	easy_marker_manifest_order_min_gap_5s	pass	False		True	200.223312	pass	146	128	train	1	pass	True	True
P04	Moris	lab_data/P04/P04_EEG_recon_2026-06-03_09h59.07.369_image_mapping.json	148	8	8	1088	slipper	images_THINGS/object_images/slipper/slipper_02s.jpg	/media/psycontrol/HDD/Datasets/THINGS/images_THINGS/object_images/slipper/slipper_02s.jpg	True	False	1	975968	1780478443639.000	easy_marker_manifest_order_min_gap_5s	pass	False		True	51.892933	pass	147	87	train	1	pass	True	True
P04	Moris	lab_data/P04/P04_EEG_recon_2026-06-03_09h59.07.369_image_mapping.json	149	8	9	1102	crab	images_THINGS/object_images/crab/crab_02s.jpg	/media/psycontrol/HDD/Datasets/THINGS/images_THINGS/object_images/crab/crab_02s.jpg	True	False	1	978970	1780478449643.000	easy_marker_manifest_order_min_gap_5s	pass	False		True	32.098263	pass	148	101	train	1	pass	True	True
P04	Moris	lab_data/P04/P04_EEG_recon_2026-06-03_09h59.07.369_image_mapping.json	150	8	10	1033	helmet	images_THINGS/object_images/helmet/helmet_11s.jpg	/media/psycontrol/HDD/Datasets/THINGS/images_THINGS/object_images/helmet/helmet_11s.jpg	True	False	1	982222	1780478456148.000	easy_marker_manifest_order_min_gap_5s	pass	False		True	32.283455	pass	149	32	train	1	pass	True	True
P04	Moris	lab_data/P04/P04_EEG_recon_2026-06-03_09h59.07.369_image_mapping.json	151	8	11	1141	peach	images_THINGS/object_images/peach/peach_09n.jpg	/media/psycontrol/HDD/Datasets/THINGS/images_THINGS/object_images/peach/peach_09n.jpg	True	False	1	985224	1780478462152.000	easy_marker_manifest_order_min_gap_5s	pass	False		True	30.859203	pass	150	140	val	1	pass	True	True
P04	Moris	lab_data/P04/P04_EEG_recon_2026-06-03_09h59.07.369_image_mapping.json	152	8	12	1130	showerhead	images_THINGS/object_images/showerhead/showerhead_05s.jpg	/media/psycontrol/HDD/Datasets/THINGS/images_THINGS/object_images/showerhead/showerhead_05s.jpg	True	True	2	988058	1780478467820.000	easy_marker_manifest_order_min_gap_5s	pass	False		True	38.794369	pass	151	129	train	1	pass	True	True
P04	Moris	lab_data/P04/P04_EEG_recon_2026-06-03_09h59.07.369_image_mapping.json	153	8	13	1150	chick	images_THINGS/object_images/chick/chick_10s.jpg	/media/psycontrol/HDD/Datasets/THINGS/images_THINGS/object_images/chick/chick_10s.jpg	True	True	2	990942	1780478473589.000	easy_marker_manifest_order_min_gap_5s	pass	False		True	249.176392	pass	152	149	train	1	pass	True	True
P04	Moris	lab_data/P04/P04_EEG_recon_2026-06-03_09h59.07.369_image_mapping.json	154	8	14	1145	rocking_chair	images_THINGS/object_images/rocking_chair/rocking_chair_07s.jpg	/media/psycontrol/HDD/Datasets/THINGS/images_THINGS/object_images/rocking_chair/rocking_chair_07s.jpg	True	True	2	993910	1780478479525.000	easy_marker_manifest_order_min_gap_5s	pass	False		True	118.274834	pass	153	144	train	1	pass	True	True
P04	Moris	lab_data/P04/P04_EEG_recon_2026-06-03_09h59.07.369_image_mapping.json	155	8	15	1094	onion	images_THINGS/object_images/onion/onion_03n.jpg	/media/psycontrol/HDD/Datasets/THINGS/images_THINGS/object_images/onion/onion_03n.jpg	True	False	1	997232	1780478486169.000	easy_marker_manifest_order_min_gap_5s	pass	False		True	32.724545	pass	154	93	train	1	pass	True	True
P04	Moris	lab_data/P04/P04_EEG_recon_2026-06-03_09h59.07.369_image_mapping.json	156	8	16	1153	donut	images_THINGS/object_images/donut/donut_15s.jpg	/media/psycontrol/HDD/Datasets/THINGS/images_THINGS/object_images/donut/donut_15s.jpg	True	False	1	1000484	1780478492674.000	easy_marker_manifest_order_min_gap_5s	pass	False		True	26.567856	pass	155	152	train	1	pass	True	True
P04	Moris	lab_data/P04/P04_EEG_recon_2026-06-03_09h59.07.369_image_mapping.json	157	8	17	1027	memory_stick	images_THINGS/object_images/memory_stick/memory_stick_08s.jpg	/media/psycontrol/HDD/Datasets/THINGS/images_THINGS/object_images/memory_stick/memory_stick_08s.jpg	True	False	2	1003236	1780478498178.000	easy_marker_manifest_order_min_gap_5s	pass	False		True	44.102562	pass	156	26	train	1	pass	True	True
P04	Moris	lab_data/P04/P04_EEG_recon_2026-06-03_09h59.07.369_image_mapping.json	158	8	18	1014	shark	images_THINGS/object_images/shark/shark_07s.jpg	/media/psycontrol/HDD/Datasets/THINGS/images_THINGS/object_images/shark/shark_07s.jpg	True	False	1	1006488	1780478504682.000	easy_marker_manifest_order_min_gap_5s	pass	False		True	25.549530	pass	157	13	train	1	pass	True	True
P04	Moris	lab_data/P04/P04_EEG_recon_2026-06-03_09h59.07.369_image_mapping.json	159	8	19	1025	llama	images_THINGS/object_images/llama/llama_05s.jpg	/media/psycontrol/HDD/Datasets/THINGS/images_THINGS/object_images/llama/llama_05s.jpg	True	False	1	1009490	1780478510687.000	easy_marker_manifest_order_min_gap_5s	pass	False		True	28.423843	pass	158	24	train	1	pass	True	True
P04	Moris	lab_data/P04/P04_EEG_recon_2026-06-03_09h59.07.369_image_mapping.json	160	8	20	1148	broccoli	images_THINGS/object_images/broccoli/broccoli_09s.jpg	/media/psycontrol/HDD/Datasets/THINGS/images_THINGS/object_images/broccoli/broccoli_09s.jpg	True	False	1	1012492	1780478516691.000	easy_marker_manifest_order_min_gap_5s	pass	False		True	40.028831	pass	159	147	train	1	pass	True	True
P04	Moris	lab_data/P04/P04_EEG_recon_2026-06-03_09h59.07.369_image_mapping.json	161	9	1	1147	lemonade	images_THINGS/object_images/lemonade/lemonade_01b.jpg	/media/psycontrol/HDD/Datasets/THINGS/images_THINGS/object_images/lemonade/lemonade_01b.jpg	True	True	2	1016176	1780478524059.000	easy_marker_manifest_order_min_gap_5s	pass	False		True	29.564030	pass	160	146	train	1	pass	True	True
P04	Moris	lab_data/P04/P04_EEG_recon_2026-06-03_09h59.07.369_image_mapping.json	162	9	2	1083	shirt	images_THINGS/object_images/shirt/shirt_03s.jpg	/media/psycontrol/HDD/Datasets/THINGS/images_THINGS/object_images/shirt/shirt_03s.jpg	True	False	1	1026750	1780478545208.000	easy_marker_manifest_order_min_gap_5s	pass	False		True	31.854969	pass	161	82	train	1	pass	True	True
P04	Moris	lab_data/P04/P04_EEG_recon_2026-06-03_09h59.07.369_image_mapping.json	163	9	3	1041	octopus	images_THINGS/object_images/octopus/octopus_09s.jpg	/media/psycontrol/HDD/Datasets/THINGS/images_THINGS/object_images/octopus/octopus_09s.jpg	True	False	1	1029752	1780478551213.000	easy_marker_manifest_order_min_gap_5s	pass	False		True	51.211102	pass	162	40	train	1	pass	True	True
P04	Moris	lab_data/P04/P04_EEG_recon_2026-06-03_09h59.07.369_image_mapping.json	164	9	4	1018	coffee	images_THINGS/object_images/coffee/coffee_15s.jpg	/media/psycontrol/HDD/Datasets/THINGS/images_THINGS/object_images/coffee/coffee_15s.jpg	True	False	1	1032754	1780478557217.000	easy_marker_manifest_order_min_gap_5s	pass	False		True	45.538109	pass	163	17	val	1	pass	True	True
P04	Moris	lab_data/P04/P04_EEG_recon_2026-06-03_09h59.07.369_image_mapping.json	165	9	5	1136	snake	images_THINGS/object_images/snake/snake_16n.jpg	/media/psycontrol/HDD/Datasets/THINGS/images_THINGS/object_images/snake/snake_16n.jpg	True	False	1	1035756	1780478563221.000	easy_marker_manifest_order_min_gap_5s	pass	False		True	27.568134	pass	164	135	train	1	pass	True	True
P04	Moris	lab_data/P04/P04_EEG_recon_2026-06-03_09h59.07.369_image_mapping.json	166	9	6	1044	raccoon	images_THINGS/object_images/raccoon/raccoon_08n.jpg	/media/psycontrol/HDD/Datasets/THINGS/images_THINGS/object_images/raccoon/raccoon_08n.jpg	True	False	1	1038508	1780478568726.000	easy_marker_manifest_order_min_gap_5s	pass	False		True	240.512238	pass	165	43	train	1	pass	True	True
P04	Moris	lab_data/P04/P04_EEG_recon_2026-06-03_09h59.07.369_image_mapping.json	167	9	7	1027	memory_stick	images_THINGS/object_images/memory_stick/memory_stick_08s.jpg	/media/psycontrol/HDD/Datasets/THINGS/images_THINGS/object_images/memory_stick/memory_stick_08s.jpg	True	True	2	1041486	1780478574682.000	easy_marker_manifest_order_min_gap_5s	pass	False		True	17.598896	pass	166	26	train	1	pass	True	True
P04	Moris	lab_data/P04/P04_EEG_recon_2026-06-03_09h59.07.369_image_mapping.json	168	9	8	1128	toad	images_THINGS/object_images/toad/toad_01b.jpg	/media/psycontrol/HDD/Datasets/THINGS/images_THINGS/object_images/toad/toad_01b.jpg	True	False	1	1044512	1780478580734.000	easy_marker_manifest_order_min_gap_5s	pass	False		True	19.238070	pass	167	127	train	1	pass	True	True
P04	Moris	lab_data/P04/P04_EEG_recon_2026-06-03_09h59.07.369_image_mapping.json	169	9	9	1043	ostrich	images_THINGS/object_images/ostrich/ostrich_15s.jpg	/media/psycontrol/HDD/Datasets/THINGS/images_THINGS/object_images/ostrich/ostrich_15s.jpg	True	False	1	1047514	1780478586738.000	easy_marker_manifest_order_min_gap_5s	pass	False		True	31.863388	pass	168	42	val	1	pass	True	True
P04	Moris	lab_data/P04/P04_EEG_recon_2026-06-03_09h59.07.369_image_mapping.json	170	9	10	1099	tricycle	images_THINGS/object_images/tricycle/tricycle_12s.jpg	/media/psycontrol/HDD/Datasets/THINGS/images_THINGS/object_images/tricycle/tricycle_12s.jpg	True	False	1	1050516	1780478592743.000	easy_marker_manifest_order_min_gap_5s	pass	False		True	194.638672	pass	169	98	train	1	pass	True	True
P04	Moris	lab_data/P04/P04_EEG_recon_2026-06-03_09h59.07.369_image_mapping.json	171	9	11	1117	hamster	images_THINGS/object_images/hamster/hamster_07s.jpg	/media/psycontrol/HDD/Datasets/THINGS/images_THINGS/object_images/hamster/hamster_07s.jpg	True	False	1	1053518	1780478598747.000	easy_marker_manifest_order_min_gap_5s	pass	False		True	32.440498	pass	170	116	train	1	pass	True	True
P04	Moris	lab_data/P04/P04_EEG_recon_2026-06-03_09h59.07.369_image_mapping.json	172	9	12	1030	puffin	images_THINGS/object_images/puffin/puffin_02s.jpg	/media/psycontrol/HDD/Datasets/THINGS/images_THINGS/object_images/puffin/puffin_02s.jpg	True	False	1	1056270	1780478604251.000	easy_marker_manifest_order_min_gap_5s	pass	False		True	31.520342	pass	171	29	train	1	pass	True	True
P04	Moris	lab_data/P04/P04_EEG_recon_2026-06-03_09h59.07.369_image_mapping.json	173	9	13	1080	camcorder	images_THINGS/object_images/camcorder/camcorder_07s.jpg	/media/psycontrol/HDD/Datasets/THINGS/images_THINGS/object_images/camcorder/camcorder_07s.jpg	True	False	1	1059272	1780478610256.000	easy_marker_manifest_order_min_gap_5s	pass	False		True	28.578228	pass	172	79	train	1	pass	True	True
P04	Moris	lab_data/P04/P04_EEG_recon_2026-06-03_09h59.07.369_image_mapping.json	174	9	14	1070	dragonfly	images_THINGS/object_images/dragonfly/dragonfly_10s.jpg	/media/psycontrol/HDD/Datasets/THINGS/images_THINGS/object_images/dragonfly/dragonfly_10s.jpg	True	False	1	1062274	1780478616260.000	easy_marker_manifest_order_min_gap_5s	pass	False		True	179.052383	pass	173	69	train	1	pass	True	True
P04	Moris	lab_data/P04/P04_EEG_recon_2026-06-03_09h59.07.369_image_mapping.json	175	9	15	1007	mirror	images_THINGS/object_images/mirror/mirror_08s.jpg	/media/psycontrol/HDD/Datasets/THINGS/images_THINGS/object_images/mirror/mirror_08s.jpg	True	False	1	1065276	1780478622264.000	easy_marker_manifest_order_min_gap_5s	pass	False		True	21.371511	pass	174	6	train	1	pass	True	True
P04	Moris	lab_data/P04/P04_EEG_recon_2026-06-03_09h59.07.369_image_mapping.json	176	9	16	1059	zucchini	images_THINGS/object_images/zucchini/zucchini_02s.jpg	/media/psycontrol/HDD/Datasets/THINGS/images_THINGS/object_images/zucchini/zucchini_02s.jpg	True	True	2	1068096	1780478627905.000	easy_marker_manifest_order_min_gap_5s	pass	False		True	25.087185	pass	175	58	train	1	pass	True	True
P04	Moris	lab_data/P04/P04_EEG_recon_2026-06-03_09h59.07.369_image_mapping.json	177	9	17	1158	bulldozer	images_THINGS/object_images/bulldozer/bulldozer_06s.jpg	/media/psycontrol/HDD/Datasets/THINGS/images_THINGS/object_images/bulldozer/bulldozer_06s.jpg	True	False	1	1071280	1780478634273.000	easy_marker_manifest_order_min_gap_5s	pass	False		True	31.123215	pass	176	157	train	1	pass	True	True
P04	Moris	lab_data/P04/P04_EEG_recon_2026-06-03_09h59.07.369_image_mapping.json	178	9	18	1051	yacht	images_THINGS/object_images/yacht/yacht_05s.jpg	/media/psycontrol/HDD/Datasets/THINGS/images_THINGS/object_images/yacht/yacht_05s.jpg	True	True	2	1074166	1780478640045.000	easy_marker_manifest_order_min_gap_5s	pass	False		True	235.070938	pass	177	50	train	1	pass	True	True
P04	Moris	lab_data/P04/P04_EEG_recon_2026-06-03_09h59.07.369_image_mapping.json	179	9	19	1076	groundhog	images_THINGS/object_images/groundhog/groundhog_01b.jpg	/media/psycontrol/HDD/Datasets/THINGS/images_THINGS/object_images/groundhog/groundhog_01b.jpg	True	False	1	1077284	1780478646282.000	easy_marker_manifest_order_min_gap_5s	pass	False		True	39.354584	pass	178	75	train	1	pass	True	True
P04	Moris	lab_data/P04/P04_EEG_recon_2026-06-03_09h59.07.369_image_mapping.json	180	9	20	1122	webcam	images_THINGS/object_images/webcam/webcam_08s.jpg	/media/psycontrol/HDD/Datasets/THINGS/images_THINGS/object_images/webcam/webcam_08s.jpg	True	False	1	1080536	1780478652786.000	easy_marker_manifest_order_min_gap_5s	pass	False		True	286.344757	review	179	121	train	1	review	True	False
P04	Moris	lab_data/P04/P04_EEG_recon_2026-06-03_09h59.07.369_image_mapping.json	181	10	1	1052	wallpaper	images_THINGS/object_images/wallpaper/wallpaper_01b.jpg	/media/psycontrol/HDD/Datasets/THINGS/images_THINGS/object_images/wallpaper/wallpaper_01b.jpg	True	True	2	1085682	1780478663078.000	easy_marker_manifest_order_min_gap_5s	pass	False		True	124.942131	pass	180	51	train	1	pass	True	True
P04	Moris	lab_data/P04/P04_EEG_recon_2026-06-03_09h59.07.369_image_mapping.json	182	10	2	1142	piglet	images_THINGS/object_images/piglet/piglet_07s.jpg	/media/psycontrol/HDD/Datasets/THINGS/images_THINGS/object_images/piglet/piglet_07s.jpg	True	False	1	1096294	1780478684303.000	easy_marker_manifest_order_min_gap_5s	pass	False		True	29.414700	pass	181	141	train	1	pass	True	True
P04	Moris	lab_data/P04/P04_EEG_recon_2026-06-03_09h59.07.369_image_mapping.json	183	10	3	1064	fly	images_THINGS/object_images/fly/fly_17s.jpg	/media/psycontrol/HDD/Datasets/THINGS/images_THINGS/object_images/fly/fly_17s.jpg	True	False	1	1099191	1780478690098.000	easy_marker_manifest_order_min_gap_5s	pass	False		True	25.739803	pass	182	63	train	1	pass	True	True
P04	Moris	lab_data/P04/P04_EEG_recon_2026-06-03_09h59.07.369_image_mapping.json	184	10	4	1060	squirrel	images_THINGS/object_images/squirrel/squirrel_12n.jpg	/media/psycontrol/HDD/Datasets/THINGS/images_THINGS/object_images/squirrel/squirrel_12n.jpg	True	True	2	1101948	1780478695612.000	easy_marker_manifest_order_min_gap_5s	pass	False		True	227.381119	pass	183	59	train	1	pass	True	True
P04	Moris	lab_data/P04/P04_EEG_recon_2026-06-03_09h59.07.369_image_mapping.json	185	10	5	1048	sombrero	images_THINGS/object_images/sombrero/sombrero_11s.jpg	/media/psycontrol/HDD/Datasets/THINGS/images_THINGS/object_images/sombrero/sombrero_11s.jpg	True	False	1	1105300	1780478702316.000	easy_marker_manifest_order_min_gap_5s	pass	False		True	42.561588	pass	184	47	train	1	pass	True	True
P04	Moris	lab_data/P04/P04_EEG_recon_2026-06-03_09h59.07.369_image_mapping.json	186	10	6	1009	papaya	images_THINGS/object_images/papaya/papaya_08s.jpg	/media/psycontrol/HDD/Datasets/THINGS/images_THINGS/object_images/papaya/papaya_08s.jpg	True	False	1	1108302	1780478708321.000	easy_marker_manifest_order_min_gap_5s	pass	False		True	32.931198	pass	185	8	train	1	pass	True	True
P04	Moris	lab_data/P04/P04_EEG_recon_2026-06-03_09h59.07.369_image_mapping.json	187	10	7	1072	blackberry	images_THINGS/object_images/blackberry/blackberry_08s.jpg	/media/psycontrol/HDD/Datasets/THINGS/images_THINGS/object_images/blackberry/blackberry_08s.jpg	True	False	1	1111554	1780478714825.000	easy_marker_manifest_order_min_gap_5s	pass	False		True	41.354191	pass	186	71	train	1	pass	True	True
P04	Moris	lab_data/P04/P04_EEG_recon_2026-06-03_09h59.07.369_image_mapping.json	188	10	8	1089	unicycle	images_THINGS/object_images/unicycle/unicycle_08s.jpg	/media/psycontrol/HDD/Datasets/THINGS/images_THINGS/object_images/unicycle/unicycle_08s.jpg	True	False	1	1114556	1780478720829.000	easy_marker_manifest_order_min_gap_5s	pass	False		True	21.322802	pass	187	88	train	1	pass	True	True
P04	Moris	lab_data/P04/P04_EEG_recon_2026-06-03_09h59.07.369_image_mapping.json	189	10	9	1075	filing_cabinet	images_THINGS/object_images/filing_cabinet/filing_cabinet_10s.jpg	/media/psycontrol/HDD/Datasets/THINGS/images_THINGS/object_images/filing_cabinet/filing_cabinet_10s.jpg	True	False	1	1117308	1780478726334.000	easy_marker_manifest_order_min_gap_5s	pass	False		True	31.858707	pass	188	74	train	1	pass	True	True
P04	Moris	lab_data/P04/P04_EEG_recon_2026-06-03_09h59.07.369_image_mapping.json	190	10	10	1029	sheep	images_THINGS/object_images/sheep/sheep_06s.jpg	/media/psycontrol/HDD/Datasets/THINGS/images_THINGS/object_images/sheep/sheep_06s.jpg	True	False	1	1120310	1780478732338.000	easy_marker_manifest_order_min_gap_5s	pass	False		True	43.083363	pass	189	28	train	1	pass	True	True
P04	Moris	lab_data/P04/P04_EEG_recon_2026-06-03_09h59.07.369_image_mapping.json	191	10	11	1069	rollerblade	images_THINGS/object_images/rollerblade/rollerblade_05s.jpg	/media/psycontrol/HDD/Datasets/THINGS/images_THINGS/object_images/rollerblade/rollerblade_05s.jpg	True	False	1	1123312	1780478738342.000	easy_marker_manifest_order_min_gap_5s	pass	False		True	38.821838	pass	190	68	train	1	pass	True	True
P04	Moris	lab_data/P04/P04_EEG_recon_2026-06-03_09h59.07.369_image_mapping.json	192	10	12	1126	helicopter	images_THINGS/object_images/helicopter/helicopter_20s.jpg	/media/psycontrol/HDD/Datasets/THINGS/images_THINGS/object_images/helicopter/helicopter_20s.jpg	True	True	2	1126134	1780478743987.000	easy_marker_manifest_order_min_gap_5s	pass	False		True	25.572626	pass	191	125	train	1	pass	True	True
P04	Moris	lab_data/P04/P04_EEG_recon_2026-06-03_09h59.07.369_image_mapping.json	193	10	13	1019	videocassette	images_THINGS/object_images/videocassette/videocassette_07n.jpg	/media/psycontrol/HDD/Datasets/THINGS/images_THINGS/object_images/videocassette/videocassette_07n.jpg	True	False	1	1129066	1780478749851.000	easy_marker_manifest_order_min_gap_5s	pass	False		True	229.283112	pass	192	18	val	1	pass	True	True
P04	Moris	lab_data/P04/P04_EEG_recon_2026-06-03_09h59.07.369_image_mapping.json	194	10	14	1005	ottoman	images_THINGS/object_images/ottoman/ottoman_05s.jpg	/media/psycontrol/HDD/Datasets/THINGS/images_THINGS/object_images/ottoman/ottoman_05s.jpg	True	False	1	1132318	1780478756355.000	easy_marker_manifest_order_min_gap_5s	pass	False		True	40.465523	pass	193	4	train	1	pass	True	True
P04	Moris	lab_data/P04/P04_EEG_recon_2026-06-03_09h59.07.369_image_mapping.json	195	10	15	1116	praying_mantis	images_THINGS/object_images/praying_mantis/praying_mantis_08s.jpg	/media/psycontrol/HDD/Datasets/THINGS/images_THINGS/object_images/praying_mantis/praying_mantis_08s.jpg	True	False	1	1135320	1780478762360.000	easy_marker_manifest_order_min_gap_5s	pass	False		True	45.106174	pass	194	115	train	1	pass	True	True
P04	Moris	lab_data/P04/P04_EEG_recon_2026-06-03_09h59.07.369_image_mapping.json	196	10	16	1022	shoe	images_THINGS/object_images/shoe/shoe_01s.jpg	/media/psycontrol/HDD/Datasets/THINGS/images_THINGS/object_images/shoe/shoe_01s.jpg	True	False	1	1138322	1780478768364.000	easy_marker_manifest_order_min_gap_5s	pass	False		True	88.993851	pass	195	21	train	1	pass	True	True
P04	Moris	lab_data/P04/P04_EEG_recon_2026-06-03_09h59.07.369_image_mapping.json	197	10	17	1066	giraffe	images_THINGS/object_images/giraffe/giraffe_17s.jpg	/media/psycontrol/HDD/Datasets/THINGS/images_THINGS/object_images/giraffe/giraffe_17s.jpg	True	False	1	1141574	1780478774868.000	easy_marker_manifest_order_min_gap_5s	pass	False		True	21.371056	pass	196	65	train	1	pass	True	True
P04	Moris	lab_data/P04/P04_EEG_recon_2026-06-03_09h59.07.369_image_mapping.json	198	10	18	1004	dalmatian	images_THINGS/object_images/dalmatian/dalmatian_02s.jpg	/media/psycontrol/HDD/Datasets/THINGS/images_THINGS/object_images/dalmatian/dalmatian_02s.jpg	True	False	1	1144576	1780478780872.000	easy_marker_manifest_order_min_gap_5s	pass	False		True	26.607225	pass	197	3	train	1	pass	True	True
P04	Moris	lab_data/P04/P04_EEG_recon_2026-06-03_09h59.07.369_image_mapping.json	199	10	19	1157	barnacle	images_THINGS/object_images/barnacle/barnacle_11s.jpg	/media/psycontrol/HDD/Datasets/THINGS/images_THINGS/object_images/barnacle/barnacle_11s.jpg	True	True	2	1147236	1780478786193.000	easy_marker_manifest_order_min_gap_5s	pass	False		True	44.746010	pass	198	156	val	1	pass	True	True
P04	Moris	lab_data/P04/P04_EEG_recon_2026-06-03_09h59.07.369_image_mapping.json	200	10	20	1024	lab_coat	images_THINGS/object_images/lab_coat/lab_coat_08s.jpg	/media/psycontrol/HDD/Datasets/THINGS/images_THINGS/object_images/lab_coat/lab_coat_08s.jpg	True	False	1	1150580	1780478792881.000	easy_marker_manifest_order_min_gap_5s	pass	False		True	63.243999	pass	199	23	train	1	pass	True	True
P05	Alper_03062026	lab_data/P05/Alper_03062026_EEG_recon_2026-06-03_13h00.00.076_image_mapping.json	1	1	1	1096	beaver	images_THINGS/object_images/beaver/beaver_13n.jpg	/media/psycontrol/HDD/Datasets/THINGS/images_THINGS/object_images/beaver/beaver_13n.jpg	True	False	1	344118	1780486818127.000	easy_marker_manifest_order_min_gap_5s	pass	False		True	14.548035	pass	200	95	train	2	pass	True	True
P05	Alper_03062026	lab_data/P05/Alper_03062026_EEG_recon_2026-06-03_13h00.00.076_image_mapping.json	2	1	2	1124	nightshirt	images_THINGS/object_images/nightshirt/nightshirt_11s.jpg	/media/psycontrol/HDD/Datasets/THINGS/images_THINGS/object_images/nightshirt/nightshirt_11s.jpg	True	False	2	347226	1780486824343.000	easy_marker_manifest_order_min_gap_5s	pass	False		True	77.726715	pass	201	123	val	2	pass	True	True
P05	Alper_03062026	lab_data/P05/Alper_03062026_EEG_recon_2026-06-03_13h00.00.076_image_mapping.json	3	1	3	1006	cardinal	images_THINGS/object_images/cardinal/cardinal_02s.jpg	/media/psycontrol/HDD/Datasets/THINGS/images_THINGS/object_images/cardinal/cardinal_02s.jpg	True	False	2	350184	1780486830259.000	easy_marker_manifest_order_min_gap_5s	pass	False		True	17.014433	pass	202	5	train	2	pass	True	True
P05	Alper_03062026	lab_data/P05/Alper_03062026_EEG_recon_2026-06-03_13h00.00.076_image_mapping.json	4	1	4	1071	mongoose	images_THINGS/object_images/mongoose/mongoose_10s.jpg	/media/psycontrol/HDD/Datasets/THINGS/images_THINGS/object_images/mongoose/mongoose_10s.jpg	True	False	2	353128	1780486836147.000	easy_marker_manifest_order_min_gap_5s	pass	False		True	21.322001	pass	203	70	train	2	pass	True	True
P05	Alper_03062026	lab_data/P05/Alper_03062026_EEG_recon_2026-06-03_13h00.00.076_image_mapping.json	5	1	5	1077	bison	images_THINGS/object_images/bison/bison_08s.jpg	/media/psycontrol/HDD/Datasets/THINGS/images_THINGS/object_images/bison/bison_08s.jpg	True	False	1	356128	1780486842148.000	easy_marker_manifest_order_min_gap_5s	pass	False		True	29.931770	pass	204	76	val	2	pass	True	True
P05	Alper_03062026	lab_data/P05/Alper_03062026_EEG_recon_2026-06-03_13h00.00.076_image_mapping.json	6	1	6	1159	pear	images_THINGS/object_images/pear/pear_09s.jpg	/media/psycontrol/HDD/Datasets/THINGS/images_THINGS/object_images/pear/pear_09s.jpg	True	False	2	359028	1780486847948.000	easy_marker_manifest_order_min_gap_5s	pass	False		True	24.057884	pass	205	158	train	2	pass	True	True
P05	Alper_03062026	lab_data/P05/Alper_03062026_EEG_recon_2026-06-03_13h00.00.076_image_mapping.json	7	1	7	1062	antelope	images_THINGS/object_images/antelope/antelope_12n.jpg	/media/psycontrol/HDD/Datasets/THINGS/images_THINGS/object_images/antelope/antelope_12n.jpg	True	False	2	362121	1780486854134.000	easy_marker_manifest_order_min_gap_5s	pass	False		True	78.895889	pass	206	61	val	2	pass	True	True
P05	Alper_03062026	lab_data/P05/Alper_03062026_EEG_recon_2026-06-03_13h00.00.076_image_mapping.json	8	1	8	1145	rocking_chair	images_THINGS/object_images/rocking_chair/rocking_chair_07s.jpg	/media/psycontrol/HDD/Datasets/THINGS/images_THINGS/object_images/rocking_chair/rocking_chair_07s.jpg	True	False	2	365010	1780486859912.000	easy_marker_manifest_order_min_gap_5s	pass	False		True	71.439468	pass	207	144	train	2	pass	True	True
P05	Alper_03062026	lab_data/P05/Alper_03062026_EEG_recon_2026-06-03_13h00.00.076_image_mapping.json	9	1	9	1015	moose	images_THINGS/object_images/moose/moose_02s.jpg	/media/psycontrol/HDD/Datasets/THINGS/images_THINGS/object_images/moose/moose_02s.jpg	True	False	2	367885	1780486865662.000	easy_marker_manifest_order_min_gap_5s	pass	False		True	18.593229	pass	208	14	train	2	pass	True	True
P05	Alper_03062026	lab_data/P05/Alper_03062026_EEG_recon_2026-06-03_13h00.00.076_image_mapping.json	10	1	10	1092	bunkbed	images_THINGS/object_images/bunkbed/bunkbed_02s.jpg	/media/psycontrol/HDD/Datasets/THINGS/images_THINGS/object_images/bunkbed/bunkbed_02s.jpg	True	False	2	370829	1780486871551.000	easy_marker_manifest_order_min_gap_5s	pass	False		True	27.712505	pass	209	91	train	2	pass	True	True
P05	Alper_03062026	lab_data/P05/Alper_03062026_EEG_recon_2026-06-03_13h00.00.076_image_mapping.json	11	1	11	1001	limousine	images_THINGS/object_images/limousine/limousine_03s.jpg	/media/psycontrol/HDD/Datasets/THINGS/images_THINGS/object_images/limousine/limousine_03s.jpg	True	False	2	373853	1780486877599.000	easy_marker_manifest_order_min_gap_5s	pass	False		True	61.673851	pass	210	0	val	2	pass	True	True
P05	Alper_03062026	lab_data/P05/Alper_03062026_EEG_recon_2026-06-03_13h00.00.076_image_mapping.json	12	1	12	1160	clam	images_THINGS/object_images/clam/clam_06s.jpg	/media/psycontrol/HDD/Datasets/THINGS/images_THINGS/object_images/clam/clam_06s.jpg	True	False	2	376725	1780486883343.000	easy_marker_manifest_order_min_gap_5s	pass	False		True	78.385078	pass	211	159	train	2	pass	True	True
P05	Alper_03062026	lab_data/P05/Alper_03062026_EEG_recon_2026-06-03_13h00.00.076_image_mapping.json	13	1	13	1020	television	images_THINGS/object_images/television/television_07s.jpg	/media/psycontrol/HDD/Datasets/THINGS/images_THINGS/object_images/television/television_07s.jpg	True	False	2	379694	1780486889281.000	easy_marker_manifest_order_min_gap_5s	pass	False		True	77.500343	pass	212	19	val	2	pass	True	True
P05	Alper_03062026	lab_data/P05/Alper_03062026_EEG_recon_2026-06-03_13h00.00.076_image_mapping.json	14	1	14	1104	speaker	images_THINGS/object_images/speaker/speaker_19n.jpg	/media/psycontrol/HDD/Datasets/THINGS/images_THINGS/object_images/speaker/speaker_19n.jpg	True	False	2	382766	1780486895426.000	easy_marker_manifest_order_min_gap_5s	pass	False		True	29.090292	pass	213	103	train	2	pass	True	True
P05	Alper_03062026	lab_data/P05/Alper_03062026_EEG_recon_2026-06-03_13h00.00.076_image_mapping.json	15	1	15	1134	sleeping_bag	images_THINGS/object_images/sleeping_bag/sleeping_bag_07s.jpg	/media/psycontrol/HDD/Datasets/THINGS/images_THINGS/object_images/sleeping_bag/sleeping_bag_07s.jpg	True	False	2	385825	1780486901544.000	easy_marker_manifest_order_min_gap_5s	pass	False		True	82.478523	pass	214	133	val	2	pass	True	True
P05	Alper_03062026	lab_data/P05/Alper_03062026_EEG_recon_2026-06-03_13h00.00.076_image_mapping.json	16	1	16	1147	lemonade	images_THINGS/object_images/lemonade/lemonade_01b.jpg	/media/psycontrol/HDD/Datasets/THINGS/images_THINGS/object_images/lemonade/lemonade_01b.jpg	True	False	2	388739	1780486907372.000	easy_marker_manifest_order_min_gap_5s	pass	False		True	72.442223	pass	215	146	train	2	pass	True	True
P05	Alper_03062026	lab_data/P05/Alper_03062026_EEG_recon_2026-06-03_13h00.00.076_image_mapping.json	17	1	17	1121	sunglasses	images_THINGS/object_images/sunglasses/sunglasses_06s.jpg	/media/psycontrol/HDD/Datasets/THINGS/images_THINGS/object_images/sunglasses/sunglasses_06s.jpg	True	False	2	391801	1780486913496.000	easy_marker_manifest_order_min_gap_5s	pass	False		True	62.038738	pass	216	120	val	2	pass	True	True
P05	Alper_03062026	lab_data/P05/Alper_03062026_EEG_recon_2026-06-03_13h00.00.076_image_mapping.json	18	1	18	1035	lizard	images_THINGS/object_images/lizard/lizard_01b.jpg	/media/psycontrol/HDD/Datasets/THINGS/images_THINGS/object_images/lizard/lizard_01b.jpg	True	False	1	394815	1780486919524.000	easy_marker_manifest_order_min_gap_5s	pass	False		True	76.310036	pass	217	34	train	2	pass	True	True
P05	Alper_03062026	lab_data/P05/Alper_03062026_EEG_recon_2026-06-03_13h00.00.076_image_mapping.json	19	1	19	1052	wallpaper	images_THINGS/object_images/wallpaper/wallpaper_01b.jpg	/media/psycontrol/HDD/Datasets/THINGS/images_THINGS/object_images/wallpaper/wallpaper_01b.jpg	True	False	2	397721	1780486925337.000	easy_marker_manifest_order_min_gap_5s	pass	False		True	67.807007	pass	218	51	train	2	pass	True	True
P05	Alper_03062026	lab_data/P05/Alper_03062026_EEG_recon_2026-06-03_13h00.00.076_image_mapping.json	20	1	20	1132	polar_bear	images_THINGS/object_images/polar_bear/polar_bear_18s.jpg	/media/psycontrol/HDD/Datasets/THINGS/images_THINGS/object_images/polar_bear/polar_bear_18s.jpg	True	False	2	400703	1780486931301.000	easy_marker_manifest_order_min_gap_5s	pass	False		True	18.607552	pass	219	131	val	2	pass	True	True
P05	Alper_03062026	lab_data/P05/Alper_03062026_EEG_recon_2026-06-03_13h00.00.076_image_mapping.json	21	2	1	1071	mongoose	images_THINGS/object_images/mongoose/mongoose_10s.jpg	/media/psycontrol/HDD/Datasets/THINGS/images_THINGS/object_images/mongoose/mongoose_10s.jpg	True	True	2	414432	1780486958760.000	easy_marker_manifest_order_min_gap_5s	pass	False		True	80.704010	pass	220	70	train	2	pass	True	True
P05	Alper_03062026	lab_data/P05/Alper_03062026_EEG_recon_2026-06-03_13h00.00.076_image_mapping.json	22	2	2	1150	chick	images_THINGS/object_images/chick/chick_10s.jpg	/media/psycontrol/HDD/Datasets/THINGS/images_THINGS/object_images/chick/chick_10s.jpg	True	False	2	417338	1780486964572.000	easy_marker_manifest_order_min_gap_5s	pass	False		True	33.551033	pass	221	149	train	2	pass	True	True
P05	Alper_03062026	lab_data/P05/Alper_03062026_EEG_recon_2026-06-03_13h00.00.076_image_mapping.json	23	2	3	1134	sleeping_bag	images_THINGS/object_images/sleeping_bag/sleeping_bag_07s.jpg	/media/psycontrol/HDD/Datasets/THINGS/images_THINGS/object_images/sleeping_bag/sleeping_bag_07s.jpg	True	True	2	420415	1780486970726.000	easy_marker_manifest_order_min_gap_5s	pass	False		True	81.222992	pass	222	133	val	2	pass	True	True
P05	Alper_03062026	lab_data/P05/Alper_03062026_EEG_recon_2026-06-03_13h00.00.076_image_mapping.json	24	2	4	1053	reindeer	images_THINGS/object_images/reindeer/reindeer_14s.jpg	/media/psycontrol/HDD/Datasets/THINGS/images_THINGS/object_images/reindeer/reindeer_14s.jpg	True	False	2	423394	1780486976684.000	easy_marker_manifest_order_min_gap_5s	pass	False		True	78.061928	pass	223	52	val	2	pass	True	True
P05	Alper_03062026	lab_data/P05/Alper_03062026_EEG_recon_2026-06-03_13h00.00.076_image_mapping.json	25	2	5	1060	squirrel	images_THINGS/object_images/squirrel/squirrel_12n.jpg	/media/psycontrol/HDD/Datasets/THINGS/images_THINGS/object_images/squirrel/squirrel_12n.jpg	True	False	2	426501	1780486982899.000	easy_marker_manifest_order_min_gap_5s	pass	False		True	36.732307	pass	224	59	train	2	pass	True	True
P05	Alper_03062026	lab_data/P05/Alper_03062026_EEG_recon_2026-06-03_13h00.00.076_image_mapping.json	26	2	6	1001	limousine	images_THINGS/object_images/limousine/limousine_03s.jpg	/media/psycontrol/HDD/Datasets/THINGS/images_THINGS/object_images/limousine/limousine_03s.jpg	True	True	2	429567	1780486989031.000	easy_marker_manifest_order_min_gap_5s	pass	False		True	68.122536	pass	225	0	val	2	pass	True	True
P05	Alper_03062026	lab_data/P05/Alper_03062026_EEG_recon_2026-06-03_13h00.00.076_image_mapping.json	27	2	7	1115	marshmallow	images_THINGS/object_images/marshmallow/marshmallow_09s.jpg	/media/psycontrol/HDD/Datasets/THINGS/images_THINGS/object_images/marshmallow/marshmallow_09s.jpg	True	False	1	432567	1780486995031.000	easy_marker_manifest_order_min_gap_5s	pass	False		True	128.973175	pass	226	114	train	2	pass	True	True
P05	Alper_03062026	lab_data/P05/Alper_03062026_EEG_recon_2026-06-03_13h00.00.076_image_mapping.json	28	2	8	1159	pear	images_THINGS/object_images/pear/pear_09s.jpg	/media/psycontrol/HDD/Datasets/THINGS/images_THINGS/object_images/pear/pear_09s.jpg	True	True	2	435640	1780487001177.000	easy_marker_manifest_order_min_gap_5s	pass	False		True	42.814201	pass	227	158	train	2	pass	True	True
P05	Alper_03062026	lab_data/P05/Alper_03062026_EEG_recon_2026-06-03_13h00.00.076_image_mapping.json	29	2	9	1012	burrito	images_THINGS/object_images/burrito/burrito_07s.jpg	/media/psycontrol/HDD/Datasets/THINGS/images_THINGS/object_images/burrito/burrito_07s.jpg	True	False	2	438647	1780487007192.000	easy_marker_manifest_order_min_gap_5s	pass	False		True	54.875362	pass	228	11	val	2	pass	True	True
P05	Alper_03062026	lab_data/P05/Alper_03062026_EEG_recon_2026-06-03_13h00.00.076_image_mapping.json	30	2	10	1036	ladybug	images_THINGS/object_images/ladybug/ladybug_07s.jpg	/media/psycontrol/HDD/Datasets/THINGS/images_THINGS/object_images/ladybug/ladybug_07s.jpg	True	False	1	441695	1780487013288.000	easy_marker_manifest_order_min_gap_5s	pass	False		True	73.638847	pass	229	35	train	2	pass	True	True
P05	Alper_03062026	lab_data/P05/Alper_03062026_EEG_recon_2026-06-03_13h00.00.076_image_mapping.json	31	2	11	1045	goose	images_THINGS/object_images/goose/goose_08s.jpg	/media/psycontrol/HDD/Datasets/THINGS/images_THINGS/object_images/goose/goose_08s.jpg	True	False	2	444643	1780487019184.000	easy_marker_manifest_order_min_gap_5s	pass	False		True	28.385876	pass	230	44	train	2	pass	True	True
P05	Alper_03062026	lab_data/P05/Alper_03062026_EEG_recon_2026-06-03_13h00.00.076_image_mapping.json	32	2	12	1095	mouse2	images_THINGS/object_images/mouse2/mouse2_17s.jpg	/media/psycontrol/HDD/Datasets/THINGS/images_THINGS/object_images/mouse2/mouse2_17s.jpg	True	False	1	447557	1780487025012.000	easy_marker_manifest_order_min_gap_5s	pass	False		True	36.825954	pass	231	94	val	2	pass	True	True
P05	Alper_03062026	lab_data/P05/Alper_03062026_EEG_recon_2026-06-03_13h00.00.076_image_mapping.json	33	2	13	1144	tarantula	images_THINGS/object_images/tarantula/tarantula_12s.jpg	/media/psycontrol/HDD/Datasets/THINGS/images_THINGS/object_images/tarantula/tarantula_12s.jpg	True	False	2	450501	1780487030900.000	easy_marker_manifest_order_min_gap_5s	pass	False		True	28.771177	pass	232	143	val	2	pass	True	True
P05	Alper_03062026	lab_data/P05/Alper_03062026_EEG_recon_2026-06-03_13h00.00.076_image_mapping.json	34	2	14	1057	eggnog	images_THINGS/object_images/eggnog/eggnog_03s.jpg	/media/psycontrol/HDD/Datasets/THINGS/images_THINGS/object_images/eggnog/eggnog_03s.jpg	True	False	1	453368	1780487036635.000	easy_marker_manifest_order_min_gap_5s	pass	False		True	46.329361	pass	233	56	train	2	pass	True	True
P05	Alper_03062026	lab_data/P05/Alper_03062026_EEG_recon_2026-06-03_13h00.00.076_image_mapping.json	35	2	15	1112	hard_disk	images_THINGS/object_images/hard_disk/hard_disk_13s.jpg	/media/psycontrol/HDD/Datasets/THINGS/images_THINGS/object_images/hard_disk/hard_disk_13s.jpg	True	False	1	456427	1780487042753.000	easy_marker_manifest_order_min_gap_5s	pass	False		True	78.312248	pass	234	111	train	2	pass	True	True
P05	Alper_03062026	lab_data/P05/Alper_03062026_EEG_recon_2026-06-03_13h00.00.076_image_mapping.json	36	2	16	1108	possum	images_THINGS/object_images/possum/possum_03s.jpg	/media/psycontrol/HDD/Datasets/THINGS/images_THINGS/object_images/possum/possum_03s.jpg	True	False	1	459521	1780487048941.000	easy_marker_manifest_order_min_gap_5s	pass	False		True	76.604866	pass	235	107	train	2	pass	True	True
P05	Alper_03062026	lab_data/P05/Alper_03062026_EEG_recon_2026-06-03_13h00.00.076_image_mapping.json	37	2	17	1160	clam	images_THINGS/object_images/clam/clam_06s.jpg	/media/psycontrol/HDD/Datasets/THINGS/images_THINGS/object_images/clam/clam_06s.jpg	True	True	2	462566	1780487055031.000	easy_marker_manifest_order_min_gap_5s	pass	False		True	82.200363	pass	236	159	train	2	pass	True	True
P05	Alper_03062026	lab_data/P05/Alper_03062026_EEG_recon_2026-06-03_13h00.00.076_image_mapping.json	38	2	18	1031	fish	images_THINGS/object_images/fish/fish_01b.jpg	/media/psycontrol/HDD/Datasets/THINGS/images_THINGS/object_images/fish/fish_01b.jpg	True	False	1	465511	1780487060921.000	easy_marker_manifest_order_min_gap_5s	pass	False		True	74.958145	pass	237	30	val	2	pass	True	True
P05	Alper_03062026	lab_data/P05/Alper_03062026_EEG_recon_2026-06-03_13h00.00.076_image_mapping.json	39	2	19	1016	ant	images_THINGS/object_images/ant/ant_08s.jpg	/media/psycontrol/HDD/Datasets/THINGS/images_THINGS/object_images/ant/ant_08s.jpg	True	False	1	468475	1780487066850.000	easy_marker_manifest_order_min_gap_5s	pass	False		True	26.252991	pass	238	15	train	2	pass	True	True
P05	Alper_03062026	lab_data/P05/Alper_03062026_EEG_recon_2026-06-03_13h00.00.076_image_mapping.json	40	2	20	1118	candy_bar	images_THINGS/object_images/candy_bar/candy_bar_09s.jpg	/media/psycontrol/HDD/Datasets/THINGS/images_THINGS/object_images/candy_bar/candy_bar_09s.jpg	True	False	2	471441	1780487072782.000	easy_marker_manifest_order_min_gap_5s	pass	False		True	64.993393	pass	239	117	train	2	pass	True	True
P05	Alper_03062026	lab_data/P05/Alper_03062026_EEG_recon_2026-06-03_13h00.00.076_image_mapping.json	41	3	1	1050	artichoke	images_THINGS/object_images/artichoke/artichoke_08n.jpg	/media/psycontrol/HDD/Datasets/THINGS/images_THINGS/object_images/artichoke/artichoke_08n.jpg	True	False	1	482708	1780487095317.000	easy_marker_manifest_order_min_gap_5s	pass	False		True	34.897289	pass	240	49	train	2	pass	True	True
P05	Alper_03062026	lab_data/P05/Alper_03062026_EEG_recon_2026-06-03_13h00.00.076_image_mapping.json	42	3	2	1157	barnacle	images_THINGS/object_images/barnacle/barnacle_11s.jpg	/media/psycontrol/HDD/Datasets/THINGS/images_THINGS/object_images/barnacle/barnacle_11s.jpg	True	False	2	485652	1780487101205.000	easy_marker_manifest_order_min_gap_5s	pass	False		True	86.734795	pass	241	156	val	2	pass	True	True
P05	Alper_03062026	lab_data/P05/Alper_03062026_EEG_recon_2026-06-03_13h00.00.076_image_mapping.json	43	3	3	1098	stool	images_THINGS/object_images/stool/stool_08s.jpg	/media/psycontrol/HDD/Datasets/THINGS/images_THINGS/object_images/stool/stool_08s.jpg	True	False	1	488670	1780487107241.000	easy_marker_manifest_order_min_gap_5s	pass	False		True	19.084833	pass	242	97	train	2	pass	True	True
P05	Alper_03062026	lab_data/P05/Alper_03062026_EEG_recon_2026-06-03_13h00.00.076_image_mapping.json	44	3	4	1073	bull	images_THINGS/object_images/bull/bull_09s.jpg	/media/psycontrol/HDD/Datasets/THINGS/images_THINGS/object_images/bull/bull_09s.jpg	True	False	1	491652	1780487113205.000	easy_marker_manifest_order_min_gap_5s	pass	False		True	86.816322	pass	243	72	val	2	pass	True	True
P05	Alper_03062026	lab_data/P05/Alper_03062026_EEG_recon_2026-06-03_13h00.00.076_image_mapping.json	45	3	5	1020	television	images_THINGS/object_images/television/television_07s.jpg	/media/psycontrol/HDD/Datasets/THINGS/images_THINGS/object_images/television/television_07s.jpg	True	True	2	494582	1780487119066.000	easy_marker_manifest_order_min_gap_5s	pass	False		True	19.293188	pass	244	19	val	2	pass	True	True
P05	Alper_03062026	lab_data/P05/Alper_03062026_EEG_recon_2026-06-03_13h00.00.076_image_mapping.json	46	3	6	1151	tractor	images_THINGS/object_images/tractor/tractor_10n.jpg	/media/psycontrol/HDD/Datasets/THINGS/images_THINGS/object_images/tractor/tractor_10n.jpg	True	False	1	497645	1780487125192.000	easy_marker_manifest_order_min_gap_5s	pass	False		True	23.868755	pass	245	150	train	2	pass	True	True
P05	Alper_03062026	lab_data/P05/Alper_03062026_EEG_recon_2026-06-03_13h00.00.076_image_mapping.json	47	3	7	1119	star_fruit	images_THINGS/object_images/star_fruit/star_fruit_06s.jpg	/media/psycontrol/HDD/Datasets/THINGS/images_THINGS/object_images/star_fruit/star_fruit_06s.jpg	True	False	1	500704	1780487131310.000	easy_marker_manifest_order_min_gap_5s	pass	False		True	24.056889	pass	246	118	train	2	pass	True	True
P05	Alper_03062026	lab_data/P05/Alper_03062026_EEG_recon_2026-06-03_13h00.00.076_image_mapping.json	48	3	8	1011	raspberry	images_THINGS/object_images/raspberry/raspberry_11s.jpg	/media/psycontrol/HDD/Datasets/THINGS/images_THINGS/object_images/raspberry/raspberry_11s.jpg	True	False	1	503794	1780487137490.000	easy_marker_manifest_order_min_gap_5s	pass	False		True	86.331322	pass	247	10	train	2	pass	True	True
P05	Alper_03062026	lab_data/P05/Alper_03062026_EEG_recon_2026-06-03_13h00.00.076_image_mapping.json	49	3	9	1137	lamb	images_THINGS/object_images/lamb/lamb_12s.jpg	/media/psycontrol/HDD/Datasets/THINGS/images_THINGS/object_images/lamb/lamb_12s.jpg	True	False	1	506874	1780487143650.000	easy_marker_manifest_order_min_gap_5s	pass	False		True	37.356987	pass	248	136	val	2	pass	True	True
P05	Alper_03062026	lab_data/P05/Alper_03062026_EEG_recon_2026-06-03_13h00.00.076_image_mapping.json	50	3	10	1104	speaker	images_THINGS/object_images/speaker/speaker_19n.jpg	/media/psycontrol/HDD/Datasets/THINGS/images_THINGS/object_images/speaker/speaker_19n.jpg	True	True	2	509853	1780487149609.000	easy_marker_manifest_order_min_gap_5s	pass	False		True	88.304726	pass	249	103	train	2	pass	True	True
P05	Alper_03062026	lab_data/P05/Alper_03062026_EEG_recon_2026-06-03_13h00.00.076_image_mapping.json	51	3	11	1110	jet	images_THINGS/object_images/jet/jet_04s.jpg	/media/psycontrol/HDD/Datasets/THINGS/images_THINGS/object_images/jet/jet_04s.jpg	True	False	2	512807	1780487155517.000	easy_marker_manifest_order_min_gap_5s	pass	False		True	85.309036	pass	250	109	train	2	pass	True	True
P05	Alper_03062026	lab_data/P05/Alper_03062026_EEG_recon_2026-06-03_13h00.00.076_image_mapping.json	52	3	12	1144	tarantula	images_THINGS/object_images/tarantula/tarantula_12s.jpg	/media/psycontrol/HDD/Datasets/THINGS/images_THINGS/object_images/tarantula/tarantula_12s.jpg	True	True	2	515717	1780487161337.000	easy_marker_manifest_order_min_gap_5s	pass	False		True	22.941271	pass	251	143	val	2	pass	True	True
P05	Alper_03062026	lab_data/P05/Alper_03062026_EEG_recon_2026-06-03_13h00.00.076_image_mapping.json	53	3	13	1006	cardinal	images_THINGS/object_images/cardinal/cardinal_02s.jpg	/media/psycontrol/HDD/Datasets/THINGS/images_THINGS/object_images/cardinal/cardinal_02s.jpg	True	True	2	518631	1780487167165.000	easy_marker_manifest_order_min_gap_5s	pass	False		True	17.325293	pass	252	5	train	2	pass	True	True
P05	Alper_03062026	lab_data/P05/Alper_03062026_EEG_recon_2026-06-03_13h00.00.076_image_mapping.json	54	3	14	1097	sandwich	images_THINGS/object_images/sandwich/sandwich_06s.jpg	/media/psycontrol/HDD/Datasets/THINGS/images_THINGS/object_images/sandwich/sandwich_06s.jpg	True	False	1	521543	1780487172990.000	easy_marker_manifest_order_min_gap_5s	pass	False		True	53.240784	pass	253	96	val	2	pass	True	True
P05	Alper_03062026	lab_data/P05/Alper_03062026_EEG_recon_2026-06-03_13h00.00.076_image_mapping.json	55	3	15	1090	garlic	images_THINGS/object_images/garlic/garlic_11s.jpg	/media/psycontrol/HDD/Datasets/THINGS/images_THINGS/object_images/garlic/garlic_11s.jpg	True	False	1	524498	1780487178900.000	easy_marker_manifest_order_min_gap_5s	pass	False		True	27.071024	pass	254	89	val	2	pass	True	True
P05	Alper_03062026	lab_data/P05/Alper_03062026_EEG_recon_2026-06-03_13h00.00.076_image_mapping.json	56	3	16	1101	boat	images_THINGS/object_images/boat/boat_08s.jpg	/media/psycontrol/HDD/Datasets/THINGS/images_THINGS/object_images/boat/boat_08s.jpg	True	False	1	527568	1780487185040.000	easy_marker_manifest_order_min_gap_5s	pass	False		True	21.433071	pass	255	100	train	2	pass	True	True
P05	Alper_03062026	lab_data/P05/Alper_03062026_EEG_recon_2026-06-03_13h00.00.076_image_mapping.json	57	3	17	1132	polar_bear	images_THINGS/object_images/polar_bear/polar_bear_18s.jpg	/media/psycontrol/HDD/Datasets/THINGS/images_THINGS/object_images/polar_bear/polar_bear_18s.jpg	True	True	2	530460	1780487190824.000	easy_marker_manifest_order_min_gap_5s	pass	False		True	140.523911	pass	256	131	val	2	pass	True	True
P05	Alper_03062026	lab_data/P05/Alper_03062026_EEG_recon_2026-06-03_13h00.00.076_image_mapping.json	58	3	18	1047	drawer	images_THINGS/object_images/drawer/drawer_04s.jpg	/media/psycontrol/HDD/Datasets/THINGS/images_THINGS/object_images/drawer/drawer_04s.jpg	True	False	1	533516	1780487196936.000	easy_marker_manifest_order_min_gap_5s	pass	False		True	74.009476	pass	257	46	train	2	pass	True	True
P05	Alper_03062026	lab_data/P05/Alper_03062026_EEG_recon_2026-06-03_13h00.00.076_image_mapping.json	59	3	19	1026	asparagus	images_THINGS/object_images/asparagus/asparagus_12s.jpg	/media/psycontrol/HDD/Datasets/THINGS/images_THINGS/object_images/asparagus/asparagus_12s.jpg	True	False	1	536407	1780487202719.000	easy_marker_manifest_order_min_gap_5s	pass	False		True	24.841204	pass	258	25	train	2	pass	True	True
P05	Alper_03062026	lab_data/P05/Alper_03062026_EEG_recon_2026-06-03_13h00.00.076_image_mapping.json	60	3	20	1046	tiramisu	images_THINGS/object_images/tiramisu/tiramisu_12s.jpg	/media/psycontrol/HDD/Datasets/THINGS/images_THINGS/object_images/tiramisu/tiramisu_12s.jpg	True	False	2	539421	1780487208747.000	easy_marker_manifest_order_min_gap_5s	pass	False		True	24.294605	pass	259	45	train	2	pass	True	True
P05	Alper_03062026	lab_data/P05/Alper_03062026_EEG_recon_2026-06-03_13h00.00.076_image_mapping.json	61	4	1	1110	jet	images_THINGS/object_images/jet/jet_04s.jpg	/media/psycontrol/HDD/Datasets/THINGS/images_THINGS/object_images/jet/jet_04s.jpg	True	True	2	591652	1780487313213.000	easy_marker_manifest_order_min_gap_5s	pass	False		True	20.182068	pass	260	109	train	2	pass	True	True
P05	Alper_03062026	lab_data/P05/Alper_03062026_EEG_recon_2026-06-03_13h00.00.076_image_mapping.json	62	4	2	1149	mole	images_THINGS/object_images/mole/mole_09s.jpg	/media/psycontrol/HDD/Datasets/THINGS/images_THINGS/object_images/mole/mole_09s.jpg	True	False	1	594572	1780487319053.000	easy_marker_manifest_order_min_gap_5s	pass	False		True	88.035751	pass	261	148	train	2	pass	True	True
P05	Alper_03062026	lab_data/P05/Alper_03062026_EEG_recon_2026-06-03_13h00.00.076_image_mapping.json	63	4	3	1023	wolf	images_THINGS/object_images/wolf/wolf_12n.jpg	/media/psycontrol/HDD/Datasets/THINGS/images_THINGS/object_images/wolf/wolf_12n.jpg	True	False	2	597677	1780487325263.000	easy_marker_manifest_order_min_gap_5s	pass	False		True	14.678472	pass	262	22	train	2	pass	True	True
P05	Alper_03062026	lab_data/P05/Alper_03062026_EEG_recon_2026-06-03_13h00.00.076_image_mapping.json	64	4	4	1125	sundae	images_THINGS/object_images/sundae/sundae_09s.jpg	/media/psycontrol/HDD/Datasets/THINGS/images_THINGS/object_images/sundae/sundae_09s.jpg	True	False	2	600552	1780487331013.000	easy_marker_manifest_order_min_gap_5s	pass	False		True	71.824928	pass	263	124	train	2	pass	True	True
P05	Alper_03062026	lab_data/P05/Alper_03062026_EEG_recon_2026-06-03_13h00.00.076_image_mapping.json	65	4	5	1037	steamroller	images_THINGS/object_images/steamroller/steamroller_11n.jpg	/media/psycontrol/HDD/Datasets/THINGS/images_THINGS/object_images/steamroller/steamroller_11n.jpg	True	False	1	603461	1780487336831.000	easy_marker_manifest_order_min_gap_5s	pass	False		True	84.481056	pass	264	36	train	2	pass	True	True
P05	Alper_03062026	lab_data/P05/Alper_03062026_EEG_recon_2026-06-03_13h00.00.076_image_mapping.json	66	4	6	1120	owl	images_THINGS/object_images/owl/owl_19s.jpg	/media/psycontrol/HDD/Datasets/THINGS/images_THINGS/object_images/owl/owl_19s.jpg	True	False	2	606527	1780487342964.000	easy_marker_manifest_order_min_gap_5s	pass	False		True	19.330055	pass	265	119	train	2	pass	True	True
P05	Alper_03062026	lab_data/P05/Alper_03062026_EEG_recon_2026-06-03_13h00.00.076_image_mapping.json	67	4	7	1015	moose	images_THINGS/object_images/moose/moose_02s.jpg	/media/psycontrol/HDD/Datasets/THINGS/images_THINGS/object_images/moose/moose_02s.jpg	True	True	2	609537	1780487348984.000	easy_marker_manifest_order_min_gap_5s	pass	False		True	61.658104	pass	266	14	train	2	pass	True	True
P05	Alper_03062026	lab_data/P05/Alper_03062026_EEG_recon_2026-06-03_13h00.00.076_image_mapping.json	68	4	8	1121	sunglasses	images_THINGS/object_images/sunglasses/sunglasses_06s.jpg	/media/psycontrol/HDD/Datasets/THINGS/images_THINGS/object_images/sunglasses/sunglasses_06s.jpg	True	True	2	612634	1780487355178.000	easy_marker_manifest_order_min_gap_5s	pass	False		True	19.252169	pass	267	120	val	2	pass	True	True
P05	Alper_03062026	lab_data/P05/Alper_03062026_EEG_recon_2026-06-03_13h00.00.076_image_mapping.json	69	4	9	1049	rat	images_THINGS/object_images/rat/rat_04s.jpg	/media/psycontrol/HDD/Datasets/THINGS/images_THINGS/object_images/rat/rat_04s.jpg	True	False	1	615562	1780487361034.000	easy_marker_manifest_order_min_gap_5s	pass	False		True	21.779741	pass	268	48	train	2	pass	True	True
P05	Alper_03062026	lab_data/P05/Alper_03062026_EEG_recon_2026-06-03_13h00.00.076_image_mapping.json	70	4	10	1032	pants	images_THINGS/object_images/pants/pants_01b.jpg	/media/psycontrol/HDD/Datasets/THINGS/images_THINGS/object_images/pants/pants_01b.jpg	True	False	1	618457	1780487366824.000	easy_marker_manifest_order_min_gap_5s	pass	False		True	83.329048	pass	269	31	train	2	pass	True	True
P05	Alper_03062026	lab_data/P05/Alper_03062026_EEG_recon_2026-06-03_13h00.00.076_image_mapping.json	71	4	11	1063	car	images_THINGS/object_images/car/car_12s.jpg	/media/psycontrol/HDD/Datasets/THINGS/images_THINGS/object_images/car/car_12s.jpg	True	False	1	621481	1780487372873.000	easy_marker_manifest_order_min_gap_5s	pass	False		True	85.347786	pass	270	62	train	2	pass	True	True
P05	Alper_03062026	lab_data/P05/Alper_03062026_EEG_recon_2026-06-03_13h00.00.076_image_mapping.json	72	4	12	1118	candy_bar	images_THINGS/object_images/candy_bar/candy_bar_09s.jpg	/media/psycontrol/HDD/Datasets/THINGS/images_THINGS/object_images/candy_bar/candy_bar_09s.jpg	True	True	2	624547	1780487379005.000	easy_marker_manifest_order_min_gap_5s	pass	False		True	77.148262	pass	271	117	train	2	pass	True	True
P05	Alper_03062026	lab_data/P05/Alper_03062026_EEG_recon_2026-06-03_13h00.00.076_image_mapping.json	73	4	13	1092	bunkbed	images_THINGS/object_images/bunkbed/bunkbed_02s.jpg	/media/psycontrol/HDD/Datasets/THINGS/images_THINGS/object_images/bunkbed/bunkbed_02s.jpg	True	True	2	627439	1780487384789.000	easy_marker_manifest_order_min_gap_5s	pass	False		True	15.920862	pass	272	91	train	2	pass	True	True
P05	Alper_03062026	lab_data/P05/Alper_03062026_EEG_recon_2026-06-03_13h00.00.076_image_mapping.json	74	4	14	1038	cupcake	images_THINGS/object_images/cupcake/cupcake_07s.jpg	/media/psycontrol/HDD/Datasets/THINGS/images_THINGS/object_images/cupcake/cupcake_07s.jpg	True	False	1	630363	1780487390637.000	easy_marker_manifest_order_min_gap_5s	pass	False		True	22.496546	pass	273	37	train	2	pass	True	True
P05	Alper_03062026	lab_data/P05/Alper_03062026_EEG_recon_2026-06-03_13h00.00.076_image_mapping.json	75	4	15	1061	taco	images_THINGS/object_images/taco/taco_06n.jpg	/media/psycontrol/HDD/Datasets/THINGS/images_THINGS/object_images/taco/taco_06n.jpg	True	False	2	633432	1780487396776.000	easy_marker_manifest_order_min_gap_5s	pass	False		True	61.833416	pass	274	60	train	2	pass	True	True
P05	Alper_03062026	lab_data/P05/Alper_03062026_EEG_recon_2026-06-03_13h00.00.076_image_mapping.json	76	4	16	1130	showerhead	images_THINGS/object_images/showerhead/showerhead_05s.jpg	/media/psycontrol/HDD/Datasets/THINGS/images_THINGS/object_images/showerhead/showerhead_05s.jpg	True	False	2	636401	1780487402714.000	easy_marker_manifest_order_min_gap_5s	pass	False		True	21.206802	pass	275	129	train	2	pass	True	True
P05	Alper_03062026	lab_data/P05/Alper_03062026_EEG_recon_2026-06-03_13h00.00.076_image_mapping.json	77	4	17	1143	mango	images_THINGS/object_images/mango/mango_16s.jpg	/media/psycontrol/HDD/Datasets/THINGS/images_THINGS/object_images/mango/mango_16s.jpg	True	False	2	639331	1780487408574.000	easy_marker_manifest_order_min_gap_5s	pass	False		True	61.851395	pass	276	142	val	2	pass	True	True
P05	Alper_03062026	lab_data/P05/Alper_03062026_EEG_recon_2026-06-03_13h00.00.076_image_mapping.json	78	4	18	1123	sorbet	images_THINGS/object_images/sorbet/sorbet_05s.jpg	/media/psycontrol/HDD/Datasets/THINGS/images_THINGS/object_images/sorbet/sorbet_05s.jpg	True	False	1	642415	1780487414742.000	easy_marker_manifest_order_min_gap_5s	pass	False		True	77.292336	pass	277	122	val	2	pass	True	True
P05	Alper_03062026	lab_data/P05/Alper_03062026_EEG_recon_2026-06-03_13h00.00.076_image_mapping.json	79	4	19	1013	banana	images_THINGS/object_images/banana/banana_13s.jpg	/media/psycontrol/HDD/Datasets/THINGS/images_THINGS/object_images/banana/banana_13s.jpg	True	False	1	645463	1780487420838.000	easy_marker_manifest_order_min_gap_5s	pass	False		True	27.554258	pass	278	12	train	2	pass	True	True
P05	Alper_03062026	lab_data/P05/Alper_03062026_EEG_recon_2026-06-03_13h00.00.076_image_mapping.json	80	4	20	1139	earwig	images_THINGS/object_images/earwig/earwig_09s.jpg	/media/psycontrol/HDD/Datasets/THINGS/images_THINGS/object_images/earwig/earwig_09s.jpg	True	False	1	648331	1780487426575.000	easy_marker_manifest_order_min_gap_5s	pass	False		True	16.649393	pass	279	138	train	2	pass	True	True
P05	Alper_03062026	lab_data/P05/Alper_03062026_EEG_recon_2026-06-03_13h00.00.076_image_mapping.json	81	5	1	1079	puppy	images_THINGS/object_images/puppy/puppy_12s.jpg	/media/psycontrol/HDD/Datasets/THINGS/images_THINGS/object_images/puppy/puppy_12s.jpg	True	False	1	658845	1780487447603.000	easy_marker_manifest_order_min_gap_5s	pass	False		True	90.860207	pass	280	78	train	2	pass	True	True
P05	Alper_03062026	lab_data/P05/Alper_03062026_EEG_recon_2026-06-03_13h00.00.076_image_mapping.json	82	5	2	1082	necklace	images_THINGS/object_images/necklace/necklace_11s.jpg	/media/psycontrol/HDD/Datasets/THINGS/images_THINGS/object_images/necklace/necklace_11s.jpg	True	False	2	661900	1780487453714.000	easy_marker_manifest_order_min_gap_5s	pass	False		True	89.146454	pass	281	81	train	2	pass	True	True
P05	Alper_03062026	lab_data/P05/Alper_03062026_EEG_recon_2026-06-03_13h00.00.076_image_mapping.json	83	5	3	1131	eel	images_THINGS/object_images/eel/eel_09s.jpg	/media/psycontrol/HDD/Datasets/THINGS/images_THINGS/object_images/eel/eel_09s.jpg	True	False	1	664855	1780487459624.000	easy_marker_manifest_order_min_gap_5s	pass	False		True	20.760487	pass	282	130	train	2	pass	True	True
P05	Alper_03062026	lab_data/P05/Alper_03062026_EEG_recon_2026-06-03_13h00.00.076_image_mapping.json	84	5	4	1143	mango	images_THINGS/object_images/mango/mango_16s.jpg	/media/psycontrol/HDD/Datasets/THINGS/images_THINGS/object_images/mango/mango_16s.jpg	True	True	2	667834	1780487465582.000	easy_marker_manifest_order_min_gap_5s	pass	False		True	76.774162	pass	283	142	val	2	pass	True	True
P05	Alper_03062026	lab_data/P05/Alper_03062026_EEG_recon_2026-06-03_13h00.00.076_image_mapping.json	85	5	5	1109	wasp	images_THINGS/object_images/wasp/wasp_09n.jpg	/media/psycontrol/HDD/Datasets/THINGS/images_THINGS/object_images/wasp/wasp_09n.jpg	True	False	1	670921	1780487471756.000	easy_marker_manifest_order_min_gap_5s	pass	False		True	22.776049	pass	284	108	train	2	pass	True	True
P05	Alper_03062026	lab_data/P05/Alper_03062026_EEG_recon_2026-06-03_13h00.00.076_image_mapping.json	86	5	6	1046	tiramisu	images_THINGS/object_images/tiramisu/tiramisu_12s.jpg	/media/psycontrol/HDD/Datasets/THINGS/images_THINGS/object_images/tiramisu/tiramisu_12s.jpg	True	True	2	673813	1780487477540.000	easy_marker_manifest_order_min_gap_5s	pass	False		True	28.948254	pass	285	45	train	2	pass	True	True
P05	Alper_03062026	lab_data/P05/Alper_03062026_EEG_recon_2026-06-03_13h00.00.076_image_mapping.json	87	5	7	1133	cockatoo	images_THINGS/object_images/cockatoo/cockatoo_04s.jpg	/media/psycontrol/HDD/Datasets/THINGS/images_THINGS/object_images/cockatoo/cockatoo_04s.jpg	True	False	1	676875	1780487483665.000	easy_marker_manifest_order_min_gap_5s	pass	False		True	17.792055	pass	286	132	train	2	pass	True	True
P05	Alper_03062026	lab_data/P05/Alper_03062026_EEG_recon_2026-06-03_13h00.00.076_image_mapping.json	88	5	8	1002	pea	images_THINGS/object_images/pea/pea_10s.jpg	/media/psycontrol/HDD/Datasets/THINGS/images_THINGS/object_images/pea/pea_10s.jpg	True	False	1	679820	1780487489555.000	easy_marker_manifest_order_min_gap_5s	pass	False		True	18.484575	pass	287	1	train	2	pass	True	True
P05	Alper_03062026	lab_data/P05/Alper_03062026_EEG_recon_2026-06-03_13h00.00.076_image_mapping.json	89	5	9	1135	pony	images_THINGS/object_images/pony/pony_01b.jpg	/media/psycontrol/HDD/Datasets/THINGS/images_THINGS/object_images/pony/pony_01b.jpg	True	False	1	682809	1780487495533.000	easy_marker_manifest_order_min_gap_5s	pass	False		True	25.500189	pass	288	134	train	2	pass	True	True
P05	Alper_03062026	lab_data/P05/Alper_03062026_EEG_recon_2026-06-03_13h00.00.076_image_mapping.json	90	5	10	1125	sundae	images_THINGS/object_images/sundae/sundae_09s.jpg	/media/psycontrol/HDD/Datasets/THINGS/images_THINGS/object_images/sundae/sundae_09s.jpg	True	True	2	685841	1780487501597.000	easy_marker_manifest_order_min_gap_5s	pass	False		True	69.713844	pass	289	124	train	2	pass	True	True
P05	Alper_03062026	lab_data/P05/Alper_03062026_EEG_recon_2026-06-03_13h00.00.076_image_mapping.json	91	5	11	1124	nightshirt	images_THINGS/object_images/nightshirt/nightshirt_11s.jpg	/media/psycontrol/HDD/Datasets/THINGS/images_THINGS/object_images/nightshirt/nightshirt_11s.jpg	True	True	2	688750	1780487507416.000	easy_marker_manifest_order_min_gap_5s	pass	False		True	28.018972	pass	290	123	val	2	pass	True	True
P05	Alper_03062026	lab_data/P05/Alper_03062026_EEG_recon_2026-06-03_13h00.00.076_image_mapping.json	92	5	12	1140	kayak	images_THINGS/object_images/kayak/kayak_04s.jpg	/media/psycontrol/HDD/Datasets/THINGS/images_THINGS/object_images/kayak/kayak_04s.jpg	True	False	1	691653	1780487513222.000	easy_marker_manifest_order_min_gap_5s	pass	False		True	50.963314	pass	291	139	train	2	pass	True	True
P05	Alper_03062026	lab_data/P05/Alper_03062026_EEG_recon_2026-06-03_13h00.00.076_image_mapping.json	93	5	13	1059	zucchini	images_THINGS/object_images/zucchini/zucchini_02s.jpg	/media/psycontrol/HDD/Datasets/THINGS/images_THINGS/object_images/zucchini/zucchini_02s.jpg	True	False	2	694556	1780487519028.000	easy_marker_manifest_order_min_gap_5s	pass	False		True	55.504402	pass	292	58	train	2	pass	True	True
P05	Alper_03062026	lab_data/P05/Alper_03062026_EEG_recon_2026-06-03_13h00.00.076_image_mapping.json	94	5	14	1040	panda	images_THINGS/object_images/panda/panda_01b.jpg	/media/psycontrol/HDD/Datasets/THINGS/images_THINGS/object_images/panda/panda_01b.jpg	True	False	1	697639	1780487525194.000	easy_marker_manifest_order_min_gap_5s	pass	False		True	82.140335	pass	293	39	train	2	pass	True	True
P05	Alper_03062026	lab_data/P05/Alper_03062026_EEG_recon_2026-06-03_13h00.00.076_image_mapping.json	95	5	15	1061	taco	images_THINGS/object_images/taco/taco_06n.jpg	/media/psycontrol/HDD/Datasets/THINGS/images_THINGS/object_images/taco/taco_06n.jpg	True	True	2	700584	1780487531084.000	easy_marker_manifest_order_min_gap_5s	pass	False		True	73.726173	pass	294	60	train	2	pass	True	True
P05	Alper_03062026	lab_data/P05/Alper_03062026_EEG_recon_2026-06-03_13h00.00.076_image_mapping.json	96	5	16	1107	omelet	images_THINGS/object_images/omelet/omelet_06s.jpg	/media/psycontrol/HDD/Datasets/THINGS/images_THINGS/object_images/omelet/omelet_06s.jpg	True	False	1	703621	1780487537159.000	easy_marker_manifest_order_min_gap_5s	pass	False		True	73.999878	pass	295	106	train	2	pass	True	True
P05	Alper_03062026	lab_data/P05/Alper_03062026_EEG_recon_2026-06-03_13h00.00.076_image_mapping.json	97	5	17	1086	pasta	images_THINGS/object_images/pasta/pasta_12s.jpg	/media/psycontrol/HDD/Datasets/THINGS/images_THINGS/object_images/pasta/pasta_12s.jpg	True	False	1	706701	1780487543319.000	easy_marker_manifest_order_min_gap_5s	pass	False		True	105.710335	pass	296	85	val	2	pass	True	True
P05	Alper_03062026	lab_data/P05/Alper_03062026_EEG_recon_2026-06-03_13h00.00.076_image_mapping.json	98	5	18	1010	pineapple	images_THINGS/object_images/pineapple/pineapple_08s.jpg	/media/psycontrol/HDD/Datasets/THINGS/images_THINGS/object_images/pineapple/pineapple_08s.jpg	True	False	1	709718	1780487549353.000	easy_marker_manifest_order_min_gap_5s	pass	False		True	24.228146	pass	297	9	train	2	pass	True	True
P05	Alper_03062026	lab_data/P05/Alper_03062026_EEG_recon_2026-06-03_13h00.00.076_image_mapping.json	99	5	19	1127	space_shuttle	images_THINGS/object_images/space_shuttle/space_shuttle_12s.jpg	/media/psycontrol/HDD/Datasets/THINGS/images_THINGS/object_images/space_shuttle/space_shuttle_12s.jpg	True	False	1	712618	1780487555153.000	easy_marker_manifest_order_min_gap_5s	pass	False		True	29.468740	pass	298	126	train	2	pass	True	True
P05	Alper_03062026	lab_data/P05/Alper_03062026_EEG_recon_2026-06-03_13h00.00.076_image_mapping.json	100	5	20	1155	kale	images_THINGS/object_images/kale/kale_01b.jpg	/media/psycontrol/HDD/Datasets/THINGS/images_THINGS/object_images/kale/kale_01b.jpg	True	False	1	715534	1780487560985.000	easy_marker_manifest_order_min_gap_5s	pass	False		True	132.793823	pass	299	154	train	2	pass	True	True
P05	Alper_03062026	lab_data/P05/Alper_03062026_EEG_recon_2026-06-03_13h00.00.076_image_mapping.json	101	6	1	1152	speedboat	images_THINGS/object_images/speedboat/speedboat_06s.jpg	/media/psycontrol/HDD/Datasets/THINGS/images_THINGS/object_images/speedboat/speedboat_06s.jpg	True	False	1	726433	1780487582784.000	easy_marker_manifest_order_min_gap_5s	pass	False		True	65.724327	pass	300	151	val	2	pass	True	True
P05	Alper_03062026	lab_data/P05/Alper_03062026_EEG_recon_2026-06-03_13h00.00.076_image_mapping.json	102	6	2	1008	keyboard	images_THINGS/object_images/keyboard/keyboard_13s.jpg	/media/psycontrol/HDD/Datasets/THINGS/images_THINGS/object_images/keyboard/keyboard_13s.jpg	True	False	1	729482	1780487588882.000	easy_marker_manifest_order_min_gap_5s	pass	False		True	22.156801	pass	301	7	train	2	pass	True	True
P05	Alper_03062026	lab_data/P05/Alper_03062026_EEG_recon_2026-06-03_13h00.00.076_image_mapping.json	103	6	3	1042	eagle	images_THINGS/object_images/eagle/eagle_08s.jpg	/media/psycontrol/HDD/Datasets/THINGS/images_THINGS/object_images/eagle/eagle_08s.jpg	True	False	1	732540	1780487594999.000	easy_marker_manifest_order_min_gap_5s	pass	False		True	74.987747	pass	302	41	train	2	pass	True	True
P05	Alper_03062026	lab_data/P05/Alper_03062026_EEG_recon_2026-06-03_13h00.00.076_image_mapping.json	104	6	4	1028	meatball	images_THINGS/object_images/meatball/meatball_04s.jpg	/media/psycontrol/HDD/Datasets/THINGS/images_THINGS/object_images/meatball/meatball_04s.jpg	True	False	1	735610	1780487601139.000	easy_marker_manifest_order_min_gap_5s	pass	False		True	98.975609	pass	303	27	train	2	pass	True	True
P05	Alper_03062026	lab_data/P05/Alper_03062026_EEG_recon_2026-06-03_13h00.00.076_image_mapping.json	105	6	5	1062	antelope	images_THINGS/object_images/antelope/antelope_12n.jpg	/media/psycontrol/HDD/Datasets/THINGS/images_THINGS/object_images/antelope/antelope_12n.jpg	True	True	2	738634	1780487607187.000	easy_marker_manifest_order_min_gap_5s	pass	False		True	78.403046	pass	304	61	val	2	pass	True	True
P05	Alper_03062026	lab_data/P05/Alper_03062026_EEG_recon_2026-06-03_13h00.00.076_image_mapping.json	106	6	6	1085	frog	images_THINGS/object_images/frog/frog_09s.jpg	/media/psycontrol/HDD/Datasets/THINGS/images_THINGS/object_images/frog/frog_09s.jpg	True	False	1	741672	1780487613263.000	easy_marker_manifest_order_min_gap_5s	pass	False		True	28.091043	pass	305	84	train	2	pass	True	True
P05	Alper_03062026	lab_data/P05/Alper_03062026_EEG_recon_2026-06-03_13h00.00.076_image_mapping.json	107	6	7	1074	cobra	images_THINGS/object_images/cobra/cobra_07s.jpg	/media/psycontrol/HDD/Datasets/THINGS/images_THINGS/object_images/cobra/cobra_07s.jpg	True	False	1	744675	1780487619270.000	easy_marker_manifest_order_min_gap_5s	pass	False		True	20.474020	pass	306	73	train	2	pass	True	True
P05	Alper_03062026	lab_data/P05/Alper_03062026_EEG_recon_2026-06-03_13h00.00.076_image_mapping.json	108	6	8	1103	blazer	images_THINGS/object_images/blazer/blazer_05s.jpg	/media/psycontrol/HDD/Datasets/THINGS/images_THINGS/object_images/blazer/blazer_05s.jpg	True	False	1	747780	1780487625480.000	easy_marker_manifest_order_min_gap_5s	pass	False		True	20.515535	pass	307	102	train	2	pass	True	True
P05	Alper_03062026	lab_data/P05/Alper_03062026_EEG_recon_2026-06-03_13h00.00.076_image_mapping.json	109	6	9	1017	carrot	images_THINGS/object_images/carrot/carrot_01b.jpg	/media/psycontrol/HDD/Datasets/THINGS/images_THINGS/object_images/carrot/carrot_01b.jpg	True	False	1	750894	1780487631708.000	easy_marker_manifest_order_min_gap_5s	pass	False		True	21.695864	pass	308	16	train	2	pass	True	True
P05	Alper_03062026	lab_data/P05/Alper_03062026_EEG_recon_2026-06-03_13h00.00.076_image_mapping.json	110	6	10	1126	helicopter	images_THINGS/object_images/helicopter/helicopter_20s.jpg	/media/psycontrol/HDD/Datasets/THINGS/images_THINGS/object_images/helicopter/helicopter_20s.jpg	True	False	2	753811	1780487637542.000	easy_marker_manifest_order_min_gap_5s	pass	False		True	31.667229	pass	309	125	train	2	pass	True	True
P05	Alper_03062026	lab_data/P05/Alper_03062026_EEG_recon_2026-06-03_13h00.00.076_image_mapping.json	111	6	11	1106	swordfish	images_THINGS/object_images/swordfish/swordfish_07s.jpg	/media/psycontrol/HDD/Datasets/THINGS/images_THINGS/object_images/swordfish/swordfish_07s.jpg	True	False	1	756755	1780487643430.000	easy_marker_manifest_order_min_gap_5s	pass	False		True	94.971130	pass	310	105	train	2	pass	True	True
P05	Alper_03062026	lab_data/P05/Alper_03062026_EEG_recon_2026-06-03_13h00.00.076_image_mapping.json	112	6	12	1068	radio	images_THINGS/object_images/radio/radio_04s.jpg	/media/psycontrol/HDD/Datasets/THINGS/images_THINGS/object_images/radio/radio_04s.jpg	True	False	1	759755	1780487649431.000	easy_marker_manifest_order_min_gap_5s	pass	False		True	75.591232	pass	311	67	val	2	pass	True	True
P05	Alper_03062026	lab_data/P05/Alper_03062026_EEG_recon_2026-06-03_13h00.00.076_image_mapping.json	113	6	13	1100	champagne	images_THINGS/object_images/champagne/champagne_01b.jpg	/media/psycontrol/HDD/Datasets/THINGS/images_THINGS/object_images/champagne/champagne_01b.jpg	True	False	1	762633	1780487655187.000	easy_marker_manifest_order_min_gap_5s	pass	False		True	81.377037	pass	312	99	train	2	pass	True	True
P05	Alper_03062026	lab_data/P05/Alper_03062026_EEG_recon_2026-06-03_13h00.00.076_image_mapping.json	114	6	14	1084	cheetah	images_THINGS/object_images/cheetah/cheetah_06s.jpg	/media/psycontrol/HDD/Datasets/THINGS/images_THINGS/object_images/cheetah/cheetah_06s.jpg	True	False	2	765717	1780487661355.000	easy_marker_manifest_order_min_gap_5s	pass	False		True	37.207584	pass	313	83	train	2	pass	True	True
P05	Alper_03062026	lab_data/P05/Alper_03062026_EEG_recon_2026-06-03_13h00.00.076_image_mapping.json	115	6	15	1120	owl	images_THINGS/object_images/owl/owl_19s.jpg	/media/psycontrol/HDD/Datasets/THINGS/images_THINGS/object_images/owl/owl_19s.jpg	True	True	2	768640	1780487667201.000	easy_marker_manifest_order_min_gap_5s	pass	False		True	82.553719	pass	314	119	train	2	pass	True	True
P05	Alper_03062026	lab_data/P05/Alper_03062026_EEG_recon_2026-06-03_13h00.00.076_image_mapping.json	116	6	16	1129	workbench	images_THINGS/object_images/workbench/workbench_07s.jpg	/media/psycontrol/HDD/Datasets/THINGS/images_THINGS/object_images/workbench/workbench_07s.jpg	True	False	2	771699	1780487673319.000	easy_marker_manifest_order_min_gap_5s	pass	False		True	28.464506	pass	315	128	train	2	pass	True	True
P05	Alper_03062026	lab_data/P05/Alper_03062026_EEG_recon_2026-06-03_13h00.00.076_image_mapping.json	117	6	17	1053	reindeer	images_THINGS/object_images/reindeer/reindeer_14s.jpg	/media/psycontrol/HDD/Datasets/THINGS/images_THINGS/object_images/reindeer/reindeer_14s.jpg	True	True	2	774734	1780487679390.000	easy_marker_manifest_order_min_gap_5s	pass	False		True	36.946293	pass	316	52	val	2	pass	True	True
P05	Alper_03062026	lab_data/P05/Alper_03062026_EEG_recon_2026-06-03_13h00.00.076_image_mapping.json	118	6	18	1039	sailboat	images_THINGS/object_images/sailboat/sailboat_07s.jpg	/media/psycontrol/HDD/Datasets/THINGS/images_THINGS/object_images/sailboat/sailboat_07s.jpg	True	False	1	777709	1780487685340.000	easy_marker_manifest_order_min_gap_5s	pass	False		True	80.881454	pass	317	38	val	2	pass	True	True
P05	Alper_03062026	lab_data/P05/Alper_03062026_EEG_recon_2026-06-03_13h00.00.076_image_mapping.json	119	6	19	1111	creme_brulee	images_THINGS/object_images/creme_brulee/creme_brulee_01b.jpg	/media/psycontrol/HDD/Datasets/THINGS/images_THINGS/object_images/creme_brulee/creme_brulee_01b.jpg	True	False	1	780685	1780487691292.000	easy_marker_manifest_order_min_gap_5s	pass	False		True	71.348854	pass	318	110	train	2	pass	True	True
P05	Alper_03062026	lab_data/P05/Alper_03062026_EEG_recon_2026-06-03_13h00.00.076_image_mapping.json	120	6	20	1012	burrito	images_THINGS/object_images/burrito/burrito_07s.jpg	/media/psycontrol/HDD/Datasets/THINGS/images_THINGS/object_images/burrito/burrito_07s.jpg	True	True	2	783619	1780487697160.000	easy_marker_manifest_order_min_gap_5s	pass	False		True	85.976456	pass	319	11	val	2	pass	True	True
P05	Alper_03062026	lab_data/P05/Alper_03062026_EEG_recon_2026-06-03_13h00.00.076_image_mapping.json	121	7	1	1067	taffy	images_THINGS/object_images/taffy/taffy_11s.jpg	/media/psycontrol/HDD/Datasets/THINGS/images_THINGS/object_images/taffy/taffy_11s.jpg	True	False	1	793934	1780487717791.000	easy_marker_manifest_order_min_gap_5s	pass	False		True	29.582954	pass	320	66	val	2	pass	True	True
P05	Alper_03062026	lab_data/P05/Alper_03062026_EEG_recon_2026-06-03_13h00.00.076_image_mapping.json	122	7	2	1084	cheetah	images_THINGS/object_images/cheetah/cheetah_06s.jpg	/media/psycontrol/HDD/Datasets/THINGS/images_THINGS/object_images/cheetah/cheetah_06s.jpg	True	True	2	796938	1780487723799.000	easy_marker_manifest_order_min_gap_5s	pass	False		True	88.639206	pass	321	83	train	2	pass	True	True
P05	Alper_03062026	lab_data/P05/Alper_03062026_EEG_recon_2026-06-03_13h00.00.076_image_mapping.json	123	7	3	1082	necklace	images_THINGS/object_images/necklace/necklace_11s.jpg	/media/psycontrol/HDD/Datasets/THINGS/images_THINGS/object_images/necklace/necklace_11s.jpg	True	True	2	799806	1780487729535.000	easy_marker_manifest_order_min_gap_5s	pass	False		True	87.175819	pass	322	81	train	2	pass	True	True
P05	Alper_03062026	lab_data/P05/Alper_03062026_EEG_recon_2026-06-03_13h00.00.076_image_mapping.json	124	7	4	1051	yacht	images_THINGS/object_images/yacht/yacht_05s.jpg	/media/psycontrol/HDD/Datasets/THINGS/images_THINGS/object_images/yacht/yacht_05s.jpg	True	False	2	802878	1780487735680.000	easy_marker_manifest_order_min_gap_5s	pass	False		True	24.383636	pass	323	50	train	2	pass	True	True
P05	Alper_03062026	lab_data/P05/Alper_03062026_EEG_recon_2026-06-03_13h00.00.076_image_mapping.json	125	7	5	1091	kitten	images_THINGS/object_images/kitten/kitten_09s.jpg	/media/psycontrol/HDD/Datasets/THINGS/images_THINGS/object_images/kitten/kitten_09s.jpg	True	False	1	805788	1780487741500.000	easy_marker_manifest_order_min_gap_5s	pass	False		True	78.599648	pass	324	90	train	2	pass	True	True
P05	Alper_03062026	lab_data/P05/Alper_03062026_EEG_recon_2026-06-03_13h00.00.076_image_mapping.json	126	7	6	1081	police_car	images_THINGS/object_images/police_car/police_car_14s.jpg	/media/psycontrol/HDD/Datasets/THINGS/images_THINGS/object_images/police_car/police_car_14s.jpg	True	False	1	808771	1780487747466.000	easy_marker_manifest_order_min_gap_5s	pass	False		True	14.873052	pass	325	80	train	2	pass	True	True
P05	Alper_03062026	lab_data/P05/Alper_03062026_EEG_recon_2026-06-03_13h00.00.076_image_mapping.json	127	7	7	1154	chandelier	images_THINGS/object_images/chandelier/chandelier_10s.jpg	/media/psycontrol/HDD/Datasets/THINGS/images_THINGS/object_images/chandelier/chandelier_10s.jpg	True	False	1	811837	1780487753598.000	easy_marker_manifest_order_min_gap_5s	pass	False		True	93.162918	pass	326	153	train	2	pass	True	True
P05	Alper_03062026	lab_data/P05/Alper_03062026_EEG_recon_2026-06-03_13h00.00.076_image_mapping.json	128	7	8	1087	bathrobe	images_THINGS/object_images/bathrobe/bathrobe_12s.jpg	/media/psycontrol/HDD/Datasets/THINGS/images_THINGS/object_images/bathrobe/bathrobe_12s.jpg	True	False	1	814941	1780487759807.000	easy_marker_manifest_order_min_gap_5s	pass	False		True	91.551064	pass	327	86	train	2	pass	True	True
P05	Alper_03062026	lab_data/P05/Alper_03062026_EEG_recon_2026-06-03_13h00.00.076_image_mapping.json	129	7	9	1065	cabinet	images_THINGS/object_images/cabinet/cabinet_07s.jpg	/media/psycontrol/HDD/Datasets/THINGS/images_THINGS/object_images/cabinet/cabinet_07s.jpg	True	False	1	818052	1780487766029.000	easy_marker_manifest_order_min_gap_5s	pass	False		True	41.862228	pass	328	64	train	2	pass	True	True
P05	Alper_03062026	lab_data/P05/Alper_03062026_EEG_recon_2026-06-03_13h00.00.076_image_mapping.json	130	7	10	1114	spinach	images_THINGS/object_images/spinach/spinach_09s.jpg	/media/psycontrol/HDD/Datasets/THINGS/images_THINGS/object_images/spinach/spinach_09s.jpg	True	False	1	820920	1780487771765.000	easy_marker_manifest_order_min_gap_5s	pass	False		True	53.104332	pass	329	113	train	2	pass	True	True
P05	Alper_03062026	lab_data/P05/Alper_03062026_EEG_recon_2026-06-03_13h00.00.076_image_mapping.json	131	7	11	1138	ping-pong_table	images_THINGS/object_images/ping-pong_table/ping-pong_table_10s.jpg	/media/psycontrol/HDD/Datasets/THINGS/images_THINGS/object_images/ping-pong_table/ping-pong_table_10s.jpg	True	False	1	823958	1780487777841.000	easy_marker_manifest_order_min_gap_5s	pass	False		True	19.513107	pass	330	137	train	2	pass	True	True
P05	Alper_03062026	lab_data/P05/Alper_03062026_EEG_recon_2026-06-03_13h00.00.076_image_mapping.json	132	7	12	1113	firetruck	images_THINGS/object_images/firetruck/firetruck_04s.jpg	/media/psycontrol/HDD/Datasets/THINGS/images_THINGS/object_images/firetruck/firetruck_04s.jpg	True	False	1	826968	1780487783861.000	easy_marker_manifest_order_min_gap_5s	pass	False		True	82.815392	pass	331	112	train	2	pass	True	True
P05	Alper_03062026	lab_data/P05/Alper_03062026_EEG_recon_2026-06-03_13h00.00.076_image_mapping.json	133	7	13	1021	tea	images_THINGS/object_images/tea/tea_10s.jpg	/media/psycontrol/HDD/Datasets/THINGS/images_THINGS/object_images/tea/tea_10s.jpg	True	False	1	829985	1780487789896.000	easy_marker_manifest_order_min_gap_5s	pass	False		True	32.128586	pass	332	20	train	2	pass	True	True
P05	Alper_03062026	lab_data/P05/Alper_03062026_EEG_recon_2026-06-03_13h00.00.076_image_mapping.json	134	7	14	1023	wolf	images_THINGS/object_images/wolf/wolf_12n.jpg	/media/psycontrol/HDD/Datasets/THINGS/images_THINGS/object_images/wolf/wolf_12n.jpg	True	True	2	832888	1780487795702.000	easy_marker_manifest_order_min_gap_5s	pass	False		True	83.032097	pass	333	22	train	2	pass	True	True
P05	Alper_03062026	lab_data/P05/Alper_03062026_EEG_recon_2026-06-03_13h00.00.076_image_mapping.json	135	7	15	1093	duckling	images_THINGS/object_images/duckling/duckling_25s.jpg	/media/psycontrol/HDD/Datasets/THINGS/images_THINGS/object_images/duckling/duckling_25s.jpg	True	False	1	835996	1780487801918.000	easy_marker_manifest_order_min_gap_5s	pass	False		True	20.241915	pass	334	92	train	2	pass	True	True
P05	Alper_03062026	lab_data/P05/Alper_03062026_EEG_recon_2026-06-03_13h00.00.076_image_mapping.json	136	7	16	1146	cheesecake	images_THINGS/object_images/cheesecake/cheesecake_06s.jpg	/media/psycontrol/HDD/Datasets/THINGS/images_THINGS/object_images/cheesecake/cheesecake_06s.jpg	True	False	1	838930	1780487807786.000	easy_marker_manifest_order_min_gap_5s	pass	False		True	26.659723	pass	335	145	train	2	pass	True	True
P05	Alper_03062026	lab_data/P05/Alper_03062026_EEG_recon_2026-06-03_13h00.00.076_image_mapping.json	137	7	17	1045	goose	images_THINGS/object_images/goose/goose_08s.jpg	/media/psycontrol/HDD/Datasets/THINGS/images_THINGS/object_images/goose/goose_08s.jpg	True	True	2	841933	1780487813793.000	easy_marker_manifest_order_min_gap_5s	pass	False		True	82.063957	pass	336	44	train	2	pass	True	True
P05	Alper_03062026	lab_data/P05/Alper_03062026_EEG_recon_2026-06-03_13h00.00.076_image_mapping.json	138	7	18	1156	coconut	images_THINGS/object_images/coconut/coconut_08s.jpg	/media/psycontrol/HDD/Datasets/THINGS/images_THINGS/object_images/coconut/coconut_08s.jpg	True	False	1	844843	1780487819613.000	easy_marker_manifest_order_min_gap_5s	pass	False		True	74.029190	pass	337	155	val	2	pass	True	True
P05	Alper_03062026	lab_data/P05/Alper_03062026_EEG_recon_2026-06-03_13h00.00.076_image_mapping.json	139	7	19	1058	loveseat	images_THINGS/object_images/loveseat/loveseat_10s.jpg	/media/psycontrol/HDD/Datasets/THINGS/images_THINGS/object_images/loveseat/loveseat_10s.jpg	True	False	1	847731	1780487825389.000	easy_marker_manifest_order_min_gap_5s	pass	False		True	103.083893	pass	338	57	train	2	pass	True	True
P05	Alper_03062026	lab_data/P05/Alper_03062026_EEG_recon_2026-06-03_13h00.00.076_image_mapping.json	140	7	20	1055	seagull	images_THINGS/object_images/seagull/seagull_11s.jpg	/media/psycontrol/HDD/Datasets/THINGS/images_THINGS/object_images/seagull/seagull_11s.jpg	True	False	1	850721	1780487831369.000	easy_marker_manifest_order_min_gap_5s	pass	False		True	142.057968	pass	339	54	train	2	pass	True	True
P05	Alper_03062026	lab_data/P05/Alper_03062026_EEG_recon_2026-06-03_13h00.00.076_image_mapping.json	141	8	1	1056	leggings	images_THINGS/object_images/leggings/leggings_02s.jpg	/media/psycontrol/HDD/Datasets/THINGS/images_THINGS/object_images/leggings/leggings_02s.jpg	True	False	1	861134	1780487852196.000	easy_marker_manifest_order_min_gap_5s	pass	False		True	70.725876	pass	340	55	train	2	pass	True	True
P05	Alper_03062026	lab_data/P05/Alper_03062026_EEG_recon_2026-06-03_13h00.00.076_image_mapping.json	142	8	2	1054	bathtub	images_THINGS/object_images/bathtub/bathtub_18s.jpg	/media/psycontrol/HDD/Datasets/THINGS/images_THINGS/object_images/bathtub/bathtub_18s.jpg	True	False	1	864082	1780487858092.000	easy_marker_manifest_order_min_gap_5s	pass	False		True	39.956829	pass	341	53	train	2	pass	True	True
P05	Alper_03062026	lab_data/P05/Alper_03062026_EEG_recon_2026-06-03_13h00.00.076_image_mapping.json	143	8	3	1034	bracelet1	images_THINGS/object_images/bracelet1/bracelet1_18s.jpg	/media/psycontrol/HDD/Datasets/THINGS/images_THINGS/object_images/bracelet1/bracelet1_18s.jpg	True	False	1	867172	1780487864272.000	easy_marker_manifest_order_min_gap_5s	pass	False		True	75.766098	pass	342	33	train	2	pass	True	True
P05	Alper_03062026	lab_data/P05/Alper_03062026_EEG_recon_2026-06-03_13h00.00.076_image_mapping.json	144	8	4	1003	shorts	images_THINGS/object_images/shorts/shorts_14s.jpg	/media/psycontrol/HDD/Datasets/THINGS/images_THINGS/object_images/shorts/shorts_14s.jpg	True	False	1	870265	1780487870459.000	easy_marker_manifest_order_min_gap_5s	pass	False		True	84.480507	pass	343	2	val	2	pass	True	True
P05	Alper_03062026	lab_data/P05/Alper_03062026_EEG_recon_2026-06-03_13h00.00.076_image_mapping.json	145	8	5	1078	sea_urchin	images_THINGS/object_images/sea_urchin/sea_urchin_08s.jpg	/media/psycontrol/HDD/Datasets/THINGS/images_THINGS/object_images/sea_urchin/sea_urchin_08s.jpg	True	False	1	873366	1780487876661.000	easy_marker_manifest_order_min_gap_5s	pass	False		True	74.002129	pass	344	77	train	2	pass	True	True
P05	Alper_03062026	lab_data/P05/Alper_03062026_EEG_recon_2026-06-03_13h00.00.076_image_mapping.json	146	8	6	1105	gorilla	images_THINGS/object_images/gorilla/gorilla_19s.jpg	/media/psycontrol/HDD/Datasets/THINGS/images_THINGS/object_images/gorilla/gorilla_19s.jpg	True	False	1	876390	1780487882709.000	easy_marker_manifest_order_min_gap_5s	pass	False		True	76.331230	pass	345	104	val	2	pass	True	True
P05	Alper_03062026	lab_data/P05/Alper_03062026_EEG_recon_2026-06-03_13h00.00.076_image_mapping.json	147	8	7	1129	workbench	images_THINGS/object_images/workbench/workbench_07s.jpg	/media/psycontrol/HDD/Datasets/THINGS/images_THINGS/object_images/workbench/workbench_07s.jpg	True	True	2	879310	1780487888549.000	easy_marker_manifest_order_min_gap_5s	pass	False		True	81.904991	pass	346	128	train	2	pass	True	True
P05	Alper_03062026	lab_data/P05/Alper_03062026_EEG_recon_2026-06-03_13h00.00.076_image_mapping.json	148	8	8	1088	slipper	images_THINGS/object_images/slipper/slipper_02s.jpg	/media/psycontrol/HDD/Datasets/THINGS/images_THINGS/object_images/slipper/slipper_02s.jpg	True	False	1	882255	1780487894439.000	easy_marker_manifest_order_min_gap_5s	pass	False		True	72.146156	pass	347	87	train	2	pass	True	True
P05	Alper_03062026	lab_data/P05/Alper_03062026_EEG_recon_2026-06-03_13h00.00.076_image_mapping.json	149	8	9	1102	crab	images_THINGS/object_images/crab/crab_02s.jpg	/media/psycontrol/HDD/Datasets/THINGS/images_THINGS/object_images/crab/crab_02s.jpg	True	False	1	885293	1780487900516.000	easy_marker_manifest_order_min_gap_5s	pass	False		True	82.731018	pass	348	101	train	2	pass	True	True
P05	Alper_03062026	lab_data/P05/Alper_03062026_EEG_recon_2026-06-03_13h00.00.076_image_mapping.json	150	8	10	1033	helmet	images_THINGS/object_images/helmet/helmet_11s.jpg	/media/psycontrol/HDD/Datasets/THINGS/images_THINGS/object_images/helmet/helmet_11s.jpg	True	False	1	888400	1780487906730.000	easy_marker_manifest_order_min_gap_5s	pass	False		True	77.574326	pass	349	32	train	2	pass	True	True
P05	Alper_03062026	lab_data/P05/Alper_03062026_EEG_recon_2026-06-03_13h00.00.076_image_mapping.json	151	8	11	1141	peach	images_THINGS/object_images/peach/peach_09n.jpg	/media/psycontrol/HDD/Datasets/THINGS/images_THINGS/object_images/peach/peach_09n.jpg	True	False	1	891446	1780487912822.000	easy_marker_manifest_order_min_gap_5s	pass	False		True	13.278662	pass	350	140	val	2	pass	True	True
P05	Alper_03062026	lab_data/P05/Alper_03062026_EEG_recon_2026-06-03_13h00.00.076_image_mapping.json	152	8	12	1130	showerhead	images_THINGS/object_images/showerhead/showerhead_05s.jpg	/media/psycontrol/HDD/Datasets/THINGS/images_THINGS/object_images/showerhead/showerhead_05s.jpg	True	True	2	894397	1780487918724.000	easy_marker_manifest_order_min_gap_5s	pass	False		True	67.976845	pass	351	129	train	2	pass	True	True
P05	Alper_03062026	lab_data/P05/Alper_03062026_EEG_recon_2026-06-03_13h00.00.076_image_mapping.json	153	8	13	1150	chick	images_THINGS/object_images/chick/chick_10s.jpg	/media/psycontrol/HDD/Datasets/THINGS/images_THINGS/object_images/chick/chick_10s.jpg	True	True	2	897421	1780487924773.000	easy_marker_manifest_order_min_gap_5s	pass	False		True	28.929510	pass	352	149	train	2	pass	True	True
P05	Alper_03062026	lab_data/P05/Alper_03062026_EEG_recon_2026-06-03_13h00.00.076_image_mapping.json	154	8	14	1145	rocking_chair	images_THINGS/object_images/rocking_chair/rocking_chair_07s.jpg	/media/psycontrol/HDD/Datasets/THINGS/images_THINGS/object_images/rocking_chair/rocking_chair_07s.jpg	True	True	2	900466	1780487930863.000	easy_marker_manifest_order_min_gap_5s	pass	False		True	79.618752	pass	353	144	train	2	pass	True	True
P05	Alper_03062026	lab_data/P05/Alper_03062026_EEG_recon_2026-06-03_13h00.00.076_image_mapping.json	155	8	15	1094	onion	images_THINGS/object_images/onion/onion_03n.jpg	/media/psycontrol/HDD/Datasets/THINGS/images_THINGS/object_images/onion/onion_03n.jpg	True	False	1	903497	1780487936925.000	easy_marker_manifest_order_min_gap_5s	pass	False		True	73.988472	pass	354	93	train	2	pass	True	True
P05	Alper_03062026	lab_data/P05/Alper_03062026_EEG_recon_2026-06-03_13h00.00.076_image_mapping.json	156	8	16	1153	donut	images_THINGS/object_images/donut/donut_15s.jpg	/media/psycontrol/HDD/Datasets/THINGS/images_THINGS/object_images/donut/donut_15s.jpg	True	False	1	906608	1780487943147.000	easy_marker_manifest_order_min_gap_5s	pass	False		True	155.353943	pass	355	152	train	2	pass	True	True
P05	Alper_03062026	lab_data/P05/Alper_03062026_EEG_recon_2026-06-03_13h00.00.076_image_mapping.json	157	8	17	1027	memory_stick	images_THINGS/object_images/memory_stick/memory_stick_08s.jpg	/media/psycontrol/HDD/Datasets/THINGS/images_THINGS/object_images/memory_stick/memory_stick_08s.jpg	True	False	2	909528	1780487948987.000	easy_marker_manifest_order_min_gap_5s	pass	False		True	82.204819	pass	356	26	train	2	pass	True	True
P05	Alper_03062026	lab_data/P05/Alper_03062026_EEG_recon_2026-06-03_13h00.00.076_image_mapping.json	158	8	18	1014	shark	images_THINGS/object_images/shark/shark_07s.jpg	/media/psycontrol/HDD/Datasets/THINGS/images_THINGS/object_images/shark/shark_07s.jpg	True	False	1	912625	1780487955182.000	easy_marker_manifest_order_min_gap_5s	pass	False		True	85.053093	pass	357	13	train	2	pass	True	True
P05	Alper_03062026	lab_data/P05/Alper_03062026_EEG_recon_2026-06-03_13h00.00.076_image_mapping.json	159	8	19	1025	llama	images_THINGS/object_images/llama/llama_05s.jpg	/media/psycontrol/HDD/Datasets/THINGS/images_THINGS/object_images/llama/llama_05s.jpg	True	False	1	915681	1780487961294.000	easy_marker_manifest_order_min_gap_5s	pass	False		True	25.721212	pass	358	24	train	2	pass	True	True
P05	Alper_03062026	lab_data/P05/Alper_03062026_EEG_recon_2026-06-03_13h00.00.076_image_mapping.json	160	8	20	1148	broccoli	images_THINGS/object_images/broccoli/broccoli_09s.jpg	/media/psycontrol/HDD/Datasets/THINGS/images_THINGS/object_images/broccoli/broccoli_09s.jpg	True	False	1	918708	1780487967348.000	easy_marker_manifest_order_min_gap_5s	pass	False		True	18.646154	pass	359	147	train	2	pass	True	True
P05	Alper_03062026	lab_data/P05/Alper_03062026_EEG_recon_2026-06-03_13h00.00.076_image_mapping.json	161	9	1	1147	lemonade	images_THINGS/object_images/lemonade/lemonade_01b.jpg	/media/psycontrol/HDD/Datasets/THINGS/images_THINGS/object_images/lemonade/lemonade_01b.jpg	True	True	2	931969	1780487993871.000	easy_marker_manifest_order_min_gap_5s	pass	False		True	37.408268	pass	360	146	train	2	pass	True	True
P05	Alper_03062026	lab_data/P05/Alper_03062026_EEG_recon_2026-06-03_13h00.00.076_image_mapping.json	162	9	2	1083	shirt	images_THINGS/object_images/shirt/shirt_03s.jpg	/media/psycontrol/HDD/Datasets/THINGS/images_THINGS/object_images/shirt/shirt_03s.jpg	True	False	1	934962	1780487999857.000	easy_marker_manifest_order_min_gap_5s	pass	False		True	31.228853	pass	361	82	train	2	pass	True	True
P05	Alper_03062026	lab_data/P05/Alper_03062026_EEG_recon_2026-06-03_13h00.00.076_image_mapping.json	163	9	3	1041	octopus	images_THINGS/object_images/octopus/octopus_09s.jpg	/media/psycontrol/HDD/Datasets/THINGS/images_THINGS/object_images/octopus/octopus_09s.jpg	True	False	1	938031	1780488005995.000	easy_marker_manifest_order_min_gap_5s	pass	False		True	18.167545	pass	362	40	train	2	pass	True	True
P05	Alper_03062026	lab_data/P05/Alper_03062026_EEG_recon_2026-06-03_13h00.00.076_image_mapping.json	164	9	4	1018	coffee	images_THINGS/object_images/coffee/coffee_15s.jpg	/media/psycontrol/HDD/Datasets/THINGS/images_THINGS/object_images/coffee/coffee_15s.jpg	True	False	1	940947	1780488011828.000	easy_marker_manifest_order_min_gap_5s	pass	False		True	29.664965	pass	363	17	val	2	pass	True	True
P05	Alper_03062026	lab_data/P05/Alper_03062026_EEG_recon_2026-06-03_13h00.00.076_image_mapping.json	165	9	5	1136	snake	images_THINGS/object_images/snake/snake_16n.jpg	/media/psycontrol/HDD/Datasets/THINGS/images_THINGS/object_images/snake/snake_16n.jpg	True	False	1	943892	1780488017718.000	easy_marker_manifest_order_min_gap_5s	pass	False		True	87.625084	pass	364	135	train	2	pass	True	True
P05	Alper_03062026	lab_data/P05/Alper_03062026_EEG_recon_2026-06-03_13h00.00.076_image_mapping.json	166	9	6	1044	raccoon	images_THINGS/object_images/raccoon/raccoon_08n.jpg	/media/psycontrol/HDD/Datasets/THINGS/images_THINGS/object_images/raccoon/raccoon_08n.jpg	True	False	1	946833	1780488023600.000	easy_marker_manifest_order_min_gap_5s	pass	False		True	85.008255	pass	365	43	train	2	pass	True	True
P05	Alper_03062026	lab_data/P05/Alper_03062026_EEG_recon_2026-06-03_13h00.00.076_image_mapping.json	167	9	7	1027	memory_stick	images_THINGS/object_images/memory_stick/memory_stick_08s.jpg	/media/psycontrol/HDD/Datasets/THINGS/images_THINGS/object_images/memory_stick/memory_stick_08s.jpg	True	True	2	949836	1780488029606.000	easy_marker_manifest_order_min_gap_5s	pass	False		True	97.907272	pass	366	26	train	2	pass	True	True
P05	Alper_03062026	lab_data/P05/Alper_03062026_EEG_recon_2026-06-03_13h00.00.076_image_mapping.json	168	9	8	1128	toad	images_THINGS/object_images/toad/toad_01b.jpg	/media/psycontrol/HDD/Datasets/THINGS/images_THINGS/object_images/toad/toad_01b.jpg	True	False	1	952746	1780488035426.000	easy_marker_manifest_order_min_gap_5s	pass	False		True	21.561495	pass	367	127	train	2	pass	True	True
P05	Alper_03062026	lab_data/P05/Alper_03062026_EEG_recon_2026-06-03_13h00.00.076_image_mapping.json	169	9	9	1043	ostrich	images_THINGS/object_images/ostrich/ostrich_15s.jpg	/media/psycontrol/HDD/Datasets/THINGS/images_THINGS/object_images/ostrich/ostrich_15s.jpg	True	False	1	955787	1780488041509.000	easy_marker_manifest_order_min_gap_5s	pass	False		True	74.244614	pass	368	42	val	2	pass	True	True
P05	Alper_03062026	lab_data/P05/Alper_03062026_EEG_recon_2026-06-03_13h00.00.076_image_mapping.json	170	9	10	1099	tricycle	images_THINGS/object_images/tricycle/tricycle_12s.jpg	/media/psycontrol/HDD/Datasets/THINGS/images_THINGS/object_images/tricycle/tricycle_12s.jpg	True	False	1	958766	1780488047467.000	easy_marker_manifest_order_min_gap_5s	pass	False		True	18.122412	pass	369	98	train	2	pass	True	True
P05	Alper_03062026	lab_data/P05/Alper_03062026_EEG_recon_2026-06-03_13h00.00.076_image_mapping.json	171	9	11	1117	hamster	images_THINGS/object_images/hamster/hamster_07s.jpg	/media/psycontrol/HDD/Datasets/THINGS/images_THINGS/object_images/hamster/hamster_07s.jpg	True	False	1	961655	1780488053245.000	easy_marker_manifest_order_min_gap_5s	pass	False		True	80.016663	pass	370	116	train	2	pass	True	True
P05	Alper_03062026	lab_data/P05/Alper_03062026_EEG_recon_2026-06-03_13h00.00.076_image_mapping.json	172	9	12	1030	puffin	images_THINGS/object_images/puffin/puffin_02s.jpg	/media/psycontrol/HDD/Datasets/THINGS/images_THINGS/object_images/puffin/puffin_02s.jpg	True	False	1	964554	1780488059043.000	easy_marker_manifest_order_min_gap_5s	pass	False		True	22.452435	pass	371	29	train	2	pass	True	True
P05	Alper_03062026	lab_data/P05/Alper_03062026_EEG_recon_2026-06-03_13h00.00.076_image_mapping.json	173	9	13	1080	camcorder	images_THINGS/object_images/camcorder/camcorder_07s.jpg	/media/psycontrol/HDD/Datasets/THINGS/images_THINGS/object_images/camcorder/camcorder_07s.jpg	True	False	1	967568	1780488065072.000	easy_marker_manifest_order_min_gap_5s	pass	False		True	25.907566	pass	372	79	train	2	pass	True	True
P05	Alper_03062026	lab_data/P05/Alper_03062026_EEG_recon_2026-06-03_13h00.00.076_image_mapping.json	174	9	14	1070	dragonfly	images_THINGS/object_images/dragonfly/dragonfly_10s.jpg	/media/psycontrol/HDD/Datasets/THINGS/images_THINGS/object_images/dragonfly/dragonfly_10s.jpg	True	False	1	970561	1780488071058.000	easy_marker_manifest_order_min_gap_5s	pass	False		True	75.653564	pass	373	69	train	2	pass	True	True
P05	Alper_03062026	lab_data/P05/Alper_03062026_EEG_recon_2026-06-03_13h00.00.076_image_mapping.json	175	9	15	1007	mirror	images_THINGS/object_images/mirror/mirror_08s.jpg	/media/psycontrol/HDD/Datasets/THINGS/images_THINGS/object_images/mirror/mirror_08s.jpg	True	False	1	973523	1780488076982.000	easy_marker_manifest_order_min_gap_5s	pass	False		True	86.250244	pass	374	6	train	2	pass	True	True
P05	Alper_03062026	lab_data/P05/Alper_03062026_EEG_recon_2026-06-03_13h00.00.076_image_mapping.json	176	9	16	1059	zucchini	images_THINGS/object_images/zucchini/zucchini_02s.jpg	/media/psycontrol/HDD/Datasets/THINGS/images_THINGS/object_images/zucchini/zucchini_02s.jpg	True	True	2	976429	1780488082794.000	easy_marker_manifest_order_min_gap_5s	pass	False		True	73.082207	pass	375	58	train	2	pass	True	True
P05	Alper_03062026	lab_data/P05/Alper_03062026_EEG_recon_2026-06-03_13h00.00.076_image_mapping.json	177	9	17	1158	bulldozer	images_THINGS/object_images/bulldozer/bulldozer_06s.jpg	/media/psycontrol/HDD/Datasets/THINGS/images_THINGS/object_images/bulldozer/bulldozer_06s.jpg	True	False	1	979405	1780488088746.000	easy_marker_manifest_order_min_gap_5s	pass	False		True	94.841591	pass	376	157	train	2	pass	True	True
P05	Alper_03062026	lab_data/P05/Alper_03062026_EEG_recon_2026-06-03_13h00.00.076_image_mapping.json	178	9	18	1051	yacht	images_THINGS/object_images/yacht/yacht_05s.jpg	/media/psycontrol/HDD/Datasets/THINGS/images_THINGS/object_images/yacht/yacht_05s.jpg	True	True	2	982509	1780488094955.000	easy_marker_manifest_order_min_gap_5s	pass	False		True	81.004776	pass	377	50	train	2	pass	True	True
P05	Alper_03062026	lab_data/P05/Alper_03062026_EEG_recon_2026-06-03_13h00.00.076_image_mapping.json	179	9	19	1076	groundhog	images_THINGS/object_images/groundhog/groundhog_01b.jpg	/media/psycontrol/HDD/Datasets/THINGS/images_THINGS/object_images/groundhog/groundhog_01b.jpg	True	False	1	985554	1780488101045.000	easy_marker_manifest_order_min_gap_5s	pass	False		True	92.593697	pass	378	75	train	2	pass	True	True
P05	Alper_03062026	lab_data/P05/Alper_03062026_EEG_recon_2026-06-03_13h00.00.076_image_mapping.json	180	9	20	1122	webcam	images_THINGS/object_images/webcam/webcam_08s.jpg	/media/psycontrol/HDD/Datasets/THINGS/images_THINGS/object_images/webcam/webcam_08s.jpg	True	False	1	988616	1780488107169.000	easy_marker_manifest_order_min_gap_5s	pass	False		True	84.535164	pass	379	121	train	2	pass	True	True
P05	Alper_03062026	lab_data/P05/Alper_03062026_EEG_recon_2026-06-03_13h00.00.076_image_mapping.json	181	10	1	1052	wallpaper	images_THINGS/object_images/wallpaper/wallpaper_01b.jpg	/media/psycontrol/HDD/Datasets/THINGS/images_THINGS/object_images/wallpaper/wallpaper_01b.jpg	True	True	2	999578	1780488129094.000	easy_marker_manifest_order_min_gap_5s	pass	False		True	21.595156	pass	380	51	train	2	pass	True	True
P05	Alper_03062026	lab_data/P05/Alper_03062026_EEG_recon_2026-06-03_13h00.00.076_image_mapping.json	182	10	2	1142	piglet	images_THINGS/object_images/piglet/piglet_07s.jpg	/media/psycontrol/HDD/Datasets/THINGS/images_THINGS/object_images/piglet/piglet_07s.jpg	True	False	1	1002546	1780488135030.000	easy_marker_manifest_order_min_gap_5s	pass	False		True	22.475210	pass	381	141	train	2	pass	True	True
P05	Alper_03062026	lab_data/P05/Alper_03062026_EEG_recon_2026-06-03_13h00.00.076_image_mapping.json	183	10	3	1064	fly	images_THINGS/object_images/fly/fly_17s.jpg	/media/psycontrol/HDD/Datasets/THINGS/images_THINGS/object_images/fly/fly_17s.jpg	True	False	1	1005571	1780488141080.000	easy_marker_manifest_order_min_gap_5s	pass	False		True	68.691925	pass	382	63	train	2	pass	True	True
P05	Alper_03062026	lab_data/P05/Alper_03062026_EEG_recon_2026-06-03_13h00.00.076_image_mapping.json	184	10	4	1060	squirrel	images_THINGS/object_images/squirrel/squirrel_12n.jpg	/media/psycontrol/HDD/Datasets/THINGS/images_THINGS/object_images/squirrel/squirrel_12n.jpg	True	True	2	1008530	1780488146998.000	easy_marker_manifest_order_min_gap_5s	pass	False		True	71.672119	pass	383	59	train	2	pass	True	True
P05	Alper_03062026	lab_data/P05/Alper_03062026_EEG_recon_2026-06-03_13h00.00.076_image_mapping.json	185	10	5	1048	sombrero	images_THINGS/object_images/sombrero/sombrero_11s.jpg	/media/psycontrol/HDD/Datasets/THINGS/images_THINGS/object_images/sombrero/sombrero_11s.jpg	True	False	1	1011602	1780488153143.000	easy_marker_manifest_order_min_gap_5s	pass	False		True	82.433533	pass	384	47	train	2	pass	True	True
P05	Alper_03062026	lab_data/P05/Alper_03062026_EEG_recon_2026-06-03_13h00.00.076_image_mapping.json	186	10	6	1009	papaya	images_THINGS/object_images/papaya/papaya_08s.jpg	/media/psycontrol/HDD/Datasets/THINGS/images_THINGS/object_images/papaya/papaya_08s.jpg	True	False	1	1014601	1780488159141.000	easy_marker_manifest_order_min_gap_5s	pass	False		True	78.716736	pass	385	8	train	2	pass	True	True
P05	Alper_03062026	lab_data/P05/Alper_03062026_EEG_recon_2026-06-03_13h00.00.076_image_mapping.json	187	10	7	1072	blackberry	images_THINGS/object_images/blackberry/blackberry_08s.jpg	/media/psycontrol/HDD/Datasets/THINGS/images_THINGS/object_images/blackberry/blackberry_08s.jpg	True	False	1	1017720	1780488165379.000	easy_marker_manifest_order_min_gap_5s	pass	False		True	22.983412	pass	386	71	train	2	pass	True	True
P05	Alper_03062026	lab_data/P05/Alper_03062026_EEG_recon_2026-06-03_13h00.00.076_image_mapping.json	188	10	8	1089	unicycle	images_THINGS/object_images/unicycle/unicycle_08s.jpg	/media/psycontrol/HDD/Datasets/THINGS/images_THINGS/object_images/unicycle/unicycle_08s.jpg	True	False	1	1020716	1780488171371.000	easy_marker_manifest_order_min_gap_5s	pass	False		True	17.732462	pass	387	88	train	2	pass	True	True
P05	Alper_03062026	lab_data/P05/Alper_03062026_EEG_recon_2026-06-03_13h00.00.076_image_mapping.json	189	10	9	1075	filing_cabinet	images_THINGS/object_images/filing_cabinet/filing_cabinet_10s.jpg	/media/psycontrol/HDD/Datasets/THINGS/images_THINGS/object_images/filing_cabinet/filing_cabinet_10s.jpg	True	False	1	1023608	1780488177156.000	easy_marker_manifest_order_min_gap_5s	pass	False		True	79.588982	pass	388	74	train	2	pass	True	True
P05	Alper_03062026	lab_data/P05/Alper_03062026_EEG_recon_2026-06-03_13h00.00.076_image_mapping.json	190	10	10	1029	sheep	images_THINGS/object_images/sheep/sheep_06s.jpg	/media/psycontrol/HDD/Datasets/THINGS/images_THINGS/object_images/sheep/sheep_06s.jpg	True	False	1	1026539	1780488183018.000	easy_marker_manifest_order_min_gap_5s	pass	False		True	162.787842	pass	389	28	train	2	pass	True	True
P05	Alper_03062026	lab_data/P05/Alper_03062026_EEG_recon_2026-06-03_13h00.00.076_image_mapping.json	191	10	11	1069	rollerblade	images_THINGS/object_images/rollerblade/rollerblade_05s.jpg	/media/psycontrol/HDD/Datasets/THINGS/images_THINGS/object_images/rollerblade/rollerblade_05s.jpg	True	False	1	1029431	1780488188802.000	easy_marker_manifest_order_min_gap_5s	pass	False		True	73.883774	pass	390	68	train	2	pass	True	True
P05	Alper_03062026	lab_data/P05/Alper_03062026_EEG_recon_2026-06-03_13h00.00.076_image_mapping.json	192	10	12	1126	helicopter	images_THINGS/object_images/helicopter/helicopter_20s.jpg	/media/psycontrol/HDD/Datasets/THINGS/images_THINGS/object_images/helicopter/helicopter_20s.jpg	True	True	2	1032483	1780488194906.000	easy_marker_manifest_order_min_gap_5s	pass	False		True	18.216547	pass	391	125	train	2	pass	True	True
P05	Alper_03062026	lab_data/P05/Alper_03062026_EEG_recon_2026-06-03_13h00.00.076_image_mapping.json	193	10	13	1019	videocassette	images_THINGS/object_images/videocassette/videocassette_07n.jpg	/media/psycontrol/HDD/Datasets/THINGS/images_THINGS/object_images/videocassette/videocassette_07n.jpg	True	False	1	1035372	1780488200684.000	easy_marker_manifest_order_min_gap_5s	pass	False		True	79.248940	pass	392	18	val	2	pass	True	True
P05	Alper_03062026	lab_data/P05/Alper_03062026_EEG_recon_2026-06-03_13h00.00.076_image_mapping.json	194	10	14	1005	ottoman	images_THINGS/object_images/ottoman/ottoman_05s.jpg	/media/psycontrol/HDD/Datasets/THINGS/images_THINGS/object_images/ottoman/ottoman_05s.jpg	True	False	1	1038486	1780488206913.000	easy_marker_manifest_order_min_gap_5s	pass	False		True	26.733923	pass	393	4	train	2	pass	True	True
P05	Alper_03062026	lab_data/P05/Alper_03062026_EEG_recon_2026-06-03_13h00.00.076_image_mapping.json	195	10	15	1116	praying_mantis	images_THINGS/object_images/praying_mantis/praying_mantis_08s.jpg	/media/psycontrol/HDD/Datasets/THINGS/images_THINGS/object_images/praying_mantis/praying_mantis_08s.jpg	True	False	1	1041594	1780488213129.000	easy_marker_manifest_order_min_gap_5s	pass	False		True	50.343422	pass	394	115	train	2	pass	True	True
P05	Alper_03062026	lab_data/P05/Alper_03062026_EEG_recon_2026-06-03_13h00.00.076_image_mapping.json	196	10	16	1022	shoe	images_THINGS/object_images/shoe/shoe_01s.jpg	/media/psycontrol/HDD/Datasets/THINGS/images_THINGS/object_images/shoe/shoe_01s.jpg	True	False	1	1044618	1780488219177.000	easy_marker_manifest_order_min_gap_5s	pass	False		True	76.351738	pass	395	21	train	2	pass	True	True
P05	Alper_03062026	lab_data/P05/Alper_03062026_EEG_recon_2026-06-03_13h00.00.076_image_mapping.json	197	10	17	1066	giraffe	images_THINGS/object_images/giraffe/giraffe_17s.jpg	/media/psycontrol/HDD/Datasets/THINGS/images_THINGS/object_images/giraffe/giraffe_17s.jpg	True	False	1	1047726	1780488225393.000	easy_marker_manifest_order_min_gap_5s	pass	False		True	80.351532	pass	396	65	train	2	pass	True	True
P05	Alper_03062026	lab_data/P05/Alper_03062026_EEG_recon_2026-06-03_13h00.00.076_image_mapping.json	198	10	18	1004	dalmatian	images_THINGS/object_images/dalmatian/dalmatian_02s.jpg	/media/psycontrol/HDD/Datasets/THINGS/images_THINGS/object_images/dalmatian/dalmatian_02s.jpg	True	False	1	1050763	1780488231468.000	easy_marker_manifest_order_min_gap_5s	pass	False		True	82.155876	pass	397	3	train	2	pass	True	True
P05	Alper_03062026	lab_data/P05/Alper_03062026_EEG_recon_2026-06-03_13h00.00.076_image_mapping.json	199	10	19	1157	barnacle	images_THINGS/object_images/barnacle/barnacle_11s.jpg	/media/psycontrol/HDD/Datasets/THINGS/images_THINGS/object_images/barnacle/barnacle_11s.jpg	True	True	2	1053649	1780488237240.000	easy_marker_manifest_order_min_gap_5s	pass	False		True	74.497658	pass	398	156	val	2	pass	True	True
P05	Alper_03062026	lab_data/P05/Alper_03062026_EEG_recon_2026-06-03_13h00.00.076_image_mapping.json	200	10	20	1024	lab_coat	images_THINGS/object_images/lab_coat/lab_coat_08s.jpg	/media/psycontrol/HDD/Datasets/THINGS/images_THINGS/object_images/lab_coat/lab_coat_08s.jpg	True	False	1	1056732	1780488243406.000	easy_marker_manifest_order_min_gap_5s	pass	False		True	27.506086	pass	399	23	train	2	pass	True	True
P06	P06	lab_data/P06/P06_EEG_recon_2026-06-08_09h56.01.608_image_mapping.json	1	1	1	1096	beaver	images_THINGS/object_images/beaver/beaver_13n.jpg	/media/psycontrol/HDD/Datasets/THINGS/images_THINGS/object_images/beaver/beaver_13n.jpg	True	False	1	561667	1780908912459.000	easy_marker_manifest_order_min_gap_5s	pass	True	True	True	118.760681	pass	400	95	train	3	pass	True	True
P06	P06	lab_data/P06/P06_EEG_recon_2026-06-08_09h56.01.608_image_mapping.json	2	1	2	1124	nightshirt	images_THINGS/object_images/nightshirt/nightshirt_11s.jpg	/media/psycontrol/HDD/Datasets/THINGS/images_THINGS/object_images/nightshirt/nightshirt_11s.jpg	True	False	2	564775	1780908918675.000	easy_marker_manifest_order_min_gap_5s	pass	True	True	True	126.311195	pass	401	123	val	3	pass	True	True
P06	P06	lab_data/P06/P06_EEG_recon_2026-06-08_09h56.01.608_image_mapping.json	3	1	3	1006	cardinal	images_THINGS/object_images/cardinal/cardinal_02s.jpg	/media/psycontrol/HDD/Datasets/THINGS/images_THINGS/object_images/cardinal/cardinal_02s.jpg	True	False	2	567737	1780908924600.000	easy_marker_manifest_order_min_gap_5s	pass	True	True	True	76.843346	pass	402	5	train	3	pass	True	True
P06	P06	lab_data/P06/P06_EEG_recon_2026-06-08_09h56.01.608_image_mapping.json	4	1	4	1071	mongoose	images_THINGS/object_images/mongoose/mongoose_10s.jpg	/media/psycontrol/HDD/Datasets/THINGS/images_THINGS/object_images/mongoose/mongoose_10s.jpg	True	False	2	570681	1780908930488.000	easy_marker_manifest_order_min_gap_5s	pass	True	True	True	136.884354	pass	403	70	train	3	pass	True	True
P06	P06	lab_data/P06/P06_EEG_recon_2026-06-08_09h56.01.608_image_mapping.json	5	1	5	1077	bison	images_THINGS/object_images/bison/bison_08s.jpg	/media/psycontrol/HDD/Datasets/THINGS/images_THINGS/object_images/bison/bison_08s.jpg	True	False	1	573684	1780908936494.000	easy_marker_manifest_order_min_gap_5s	pass	True	True	True	55.167675	pass	404	76	val	3	pass	True	True
P06	P06	lab_data/P06/P06_EEG_recon_2026-06-08_09h56.01.608_image_mapping.json	6	1	6	1159	pear	images_THINGS/object_images/pear/pear_09s.jpg	/media/psycontrol/HDD/Datasets/THINGS/images_THINGS/object_images/pear/pear_09s.jpg	True	False	2	576584	1780908942294.000	easy_marker_manifest_order_min_gap_5s	pass	True	True	True	157.760193	pass	405	158	train	3	pass	True	True
P06	P06	lab_data/P06/P06_EEG_recon_2026-06-08_09h56.01.608_image_mapping.json	7	1	7	1062	antelope	images_THINGS/object_images/antelope/antelope_12n.jpg	/media/psycontrol/HDD/Datasets/THINGS/images_THINGS/object_images/antelope/antelope_12n.jpg	True	False	2	579677	1780908948481.000	easy_marker_manifest_order_min_gap_5s	pass	True	True	True	135.231308	pass	406	61	val	3	pass	True	True
P06	P06	lab_data/P06/P06_EEG_recon_2026-06-08_09h56.01.608_image_mapping.json	8	1	8	1145	rocking_chair	images_THINGS/object_images/rocking_chair/rocking_chair_07s.jpg	/media/psycontrol/HDD/Datasets/THINGS/images_THINGS/object_images/rocking_chair/rocking_chair_07s.jpg	True	False	2	582569	1780908954265.000	easy_marker_manifest_order_min_gap_5s	pass	True	True	True	54.248222	pass	407	144	train	3	pass	True	True
P06	P06	lab_data/P06/P06_EEG_recon_2026-06-08_09h56.01.608_image_mapping.json	9	1	9	1015	moose	images_THINGS/object_images/moose/moose_02s.jpg	/media/psycontrol/HDD/Datasets/THINGS/images_THINGS/object_images/moose/moose_02s.jpg	True	False	2	585447	1780908960022.000	easy_marker_manifest_order_min_gap_5s	pass	True	True	True	44.218025	pass	408	14	train	3	pass	True	True
P06	P06	lab_data/P06/P06_EEG_recon_2026-06-08_09h56.01.608_image_mapping.json	10	1	10	1092	bunkbed	images_THINGS/object_images/bunkbed/bunkbed_02s.jpg	/media/psycontrol/HDD/Datasets/THINGS/images_THINGS/object_images/bunkbed/bunkbed_02s.jpg	True	False	2	588392	1780908965912.000	easy_marker_manifest_order_min_gap_5s	pass	True	True	True	52.578808	pass	409	91	train	3	pass	True	True
P06	P06	lab_data/P06/P06_EEG_recon_2026-06-08_09h56.01.608_image_mapping.json	11	1	11	1001	limousine	images_THINGS/object_images/limousine/limousine_03s.jpg	/media/psycontrol/HDD/Datasets/THINGS/images_THINGS/object_images/limousine/limousine_03s.jpg	True	False	2	591420	1780908971968.000	easy_marker_manifest_order_min_gap_5s	pass	True	True	True	32.283009	pass	410	0	val	3	pass	True	True
P06	P06	lab_data/P06/P06_EEG_recon_2026-06-08_09h56.01.608_image_mapping.json	12	1	12	1160	clam	images_THINGS/object_images/clam/clam_06s.jpg	/media/psycontrol/HDD/Datasets/THINGS/images_THINGS/object_images/clam/clam_06s.jpg	True	False	2	594290	1780908977709.000	easy_marker_manifest_order_min_gap_5s	pass	True	True	True	69.302422	pass	411	159	train	3	pass	True	True
P06	P06	lab_data/P06/P06_EEG_recon_2026-06-08_09h56.01.608_image_mapping.json	13	1	13	1020	television	images_THINGS/object_images/television/television_07s.jpg	/media/psycontrol/HDD/Datasets/THINGS/images_THINGS/object_images/television/television_07s.jpg	True	False	2	597263	1780908983655.000	easy_marker_manifest_order_min_gap_5s	pass	True	True	True	42.043633	pass	412	19	val	3	pass	True	True
P06	P06	lab_data/P06/P06_EEG_recon_2026-06-08_09h56.01.608_image_mapping.json	14	1	14	1104	speaker	images_THINGS/object_images/speaker/speaker_19n.jpg	/media/psycontrol/HDD/Datasets/THINGS/images_THINGS/object_images/speaker/speaker_19n.jpg	True	False	2	600336	1780908989801.000	easy_marker_manifest_order_min_gap_5s	pass	True	True	True	31.456427	pass	413	103	train	3	pass	True	True
P06	P06	lab_data/P06/P06_EEG_recon_2026-06-08_09h56.01.608_image_mapping.json	15	1	15	1134	sleeping_bag	images_THINGS/object_images/sleeping_bag/sleeping_bag_07s.jpg	/media/psycontrol/HDD/Datasets/THINGS/images_THINGS/object_images/sleeping_bag/sleeping_bag_07s.jpg	True	False	2	603398	1780908995926.000	easy_marker_manifest_order_min_gap_5s	pass	True	True	True	131.837189	pass	414	133	val	3	pass	True	True
P06	P06	lab_data/P06/P06_EEG_recon_2026-06-08_09h56.01.608_image_mapping.json	16	1	16	1147	lemonade	images_THINGS/object_images/lemonade/lemonade_01b.jpg	/media/psycontrol/HDD/Datasets/THINGS/images_THINGS/object_images/lemonade/lemonade_01b.jpg	True	False	2	606311	1780909001752.000	easy_marker_manifest_order_min_gap_5s	pass	True	True	True	123.941429	pass	415	146	train	3	pass	True	True
P06	P06	lab_data/P06/P06_EEG_recon_2026-06-08_09h56.01.608_image_mapping.json	17	1	17	1121	sunglasses	images_THINGS/object_images/sunglasses/sunglasses_06s.jpg	/media/psycontrol/HDD/Datasets/THINGS/images_THINGS/object_images/sunglasses/sunglasses_06s.jpg	True	False	2	609373	1780909007877.000	easy_marker_manifest_order_min_gap_5s	pass	True	True	True	34.367268	pass	416	120	val	3	pass	True	True
P06	P06	lab_data/P06/P06_EEG_recon_2026-06-08_09h56.01.608_image_mapping.json	18	1	18	1035	lizard	images_THINGS/object_images/lizard/lizard_01b.jpg	/media/psycontrol/HDD/Datasets/THINGS/images_THINGS/object_images/lizard/lizard_01b.jpg	True	False	1	612388	1780909013906.000	easy_marker_manifest_order_min_gap_5s	pass	True	True	True	33.779118	pass	417	34	train	3	pass	True	True
P06	P06	lab_data/P06/P06_EEG_recon_2026-06-08_09h56.01.608_image_mapping.json	19	1	19	1052	wallpaper	images_THINGS/object_images/wallpaper/wallpaper_01b.jpg	/media/psycontrol/HDD/Datasets/THINGS/images_THINGS/object_images/wallpaper/wallpaper_01b.jpg	True	False	2	615297	1780909019724.000	easy_marker_manifest_order_min_gap_5s	pass	True	True	True	43.002747	pass	418	51	train	3	pass	True	True
P06	P06	lab_data/P06/P06_EEG_recon_2026-06-08_09h56.01.608_image_mapping.json	20	1	20	1132	polar_bear	images_THINGS/object_images/polar_bear/polar_bear_18s.jpg	/media/psycontrol/HDD/Datasets/THINGS/images_THINGS/object_images/polar_bear/polar_bear_18s.jpg	True	False	2	618280	1780909025690.000	easy_marker_manifest_order_min_gap_5s	pass	True	True	True	34.255211	pass	419	131	val	3	pass	True	True
P06	P06	lab_data/P06/P06_EEG_recon_2026-06-08_09h56.01.608_image_mapping.json	21	2	1	1071	mongoose	images_THINGS/object_images/mongoose/mongoose_10s.jpg	/media/psycontrol/HDD/Datasets/THINGS/images_THINGS/object_images/mongoose/mongoose_10s.jpg	True	True	2	645848	1780909080829.000	easy_marker_manifest_order_min_gap_5s	pass	True	True	True	93.211395	pass	420	70	train	3	pass	True	True
P06	P06	lab_data/P06/P06_EEG_recon_2026-06-08_09h56.01.608_image_mapping.json	22	2	2	1150	chick	images_THINGS/object_images/chick/chick_10s.jpg	/media/psycontrol/HDD/Datasets/THINGS/images_THINGS/object_images/chick/chick_10s.jpg	True	False	2	648754	1780909086642.000	easy_marker_manifest_order_min_gap_5s	pass	True	True	True	38.762547	pass	421	149	train	3	pass	True	True
P06	P06	lab_data/P06/P06_EEG_recon_2026-06-08_09h56.01.608_image_mapping.json	23	2	3	1134	sleeping_bag	images_THINGS/object_images/sleeping_bag/sleeping_bag_07s.jpg	/media/psycontrol/HDD/Datasets/THINGS/images_THINGS/object_images/sleeping_bag/sleeping_bag_07s.jpg	True	True	2	651830	1780909092794.000	easy_marker_manifest_order_min_gap_5s	pass	True	True	True	27.748236	pass	422	133	val	3	pass	True	True
P06	P06	lab_data/P06/P06_EEG_recon_2026-06-08_09h56.01.608_image_mapping.json	24	2	4	1053	reindeer	images_THINGS/object_images/reindeer/reindeer_14s.jpg	/media/psycontrol/HDD/Datasets/THINGS/images_THINGS/object_images/reindeer/reindeer_14s.jpg	True	False	2	654809	1780909098753.000	easy_marker_manifest_order_min_gap_5s	pass	True	True	True	28.613911	pass	423	52	val	3	pass	True	True
P06	P06	lab_data/P06/P06_EEG_recon_2026-06-08_09h56.01.608_image_mapping.json	25	2	5	1060	squirrel	images_THINGS/object_images/squirrel/squirrel_12n.jpg	/media/psycontrol/HDD/Datasets/THINGS/images_THINGS/object_images/squirrel/squirrel_12n.jpg	True	False	2	657916	1780909104967.000	easy_marker_manifest_order_min_gap_5s	pass	True	True	True	29.930878	pass	424	59	train	3	pass	True	True
P06	P06	lab_data/P06/P06_EEG_recon_2026-06-08_09h56.01.608_image_mapping.json	26	2	6	1001	limousine	images_THINGS/object_images/limousine/limousine_03s.jpg	/media/psycontrol/HDD/Datasets/THINGS/images_THINGS/object_images/limousine/limousine_03s.jpg	True	True	2	660983	1780909111101.000	easy_marker_manifest_order_min_gap_5s	pass	True	True	True	20.780626	pass	425	0	val	3	pass	True	True
P06	P06	lab_data/P06/P06_EEG_recon_2026-06-08_09h56.01.608_image_mapping.json	27	2	7	1115	marshmallow	images_THINGS/object_images/marshmallow/marshmallow_09s.jpg	/media/psycontrol/HDD/Datasets/THINGS/images_THINGS/object_images/marshmallow/marshmallow_09s.jpg	True	False	1	663982	1780909117100.000	easy_marker_manifest_order_min_gap_5s	pass	True	True	True	90.785172	pass	426	114	train	3	pass	True	True
P06	P06	lab_data/P06/P06_EEG_recon_2026-06-08_09h56.01.608_image_mapping.json	28	2	8	1159	pear	images_THINGS/object_images/pear/pear_09s.jpg	/media/psycontrol/HDD/Datasets/THINGS/images_THINGS/object_images/pear/pear_09s.jpg	True	True	2	667055	1780909123246.000	easy_marker_manifest_order_min_gap_5s	pass	True	True	True	23.344376	pass	427	158	train	3	pass	True	True
P06	P06	lab_data/P06/P06_EEG_recon_2026-06-08_09h56.01.608_image_mapping.json	29	2	9	1012	burrito	images_THINGS/object_images/burrito/burrito_07s.jpg	/media/psycontrol/HDD/Datasets/THINGS/images_THINGS/object_images/burrito/burrito_07s.jpg	True	False	2	670058	1780909129253.000	easy_marker_manifest_order_min_gap_5s	pass	True	True	True	33.418484	pass	428	11	val	3	pass	True	True
P06	P06	lab_data/P06/P06_EEG_recon_2026-06-08_09h56.01.608_image_mapping.json	30	2	10	1036	ladybug	images_THINGS/object_images/ladybug/ladybug_07s.jpg	/media/psycontrol/HDD/Datasets/THINGS/images_THINGS/object_images/ladybug/ladybug_07s.jpg	True	False	1	673107	1780909135351.000	easy_marker_manifest_order_min_gap_5s	pass	True	True	True	64.615181	pass	429	35	train	3	pass	True	True
P06	P06	lab_data/P06/P06_EEG_recon_2026-06-08_09h56.01.608_image_mapping.json	31	2	11	1045	goose	images_THINGS/object_images/goose/goose_08s.jpg	/media/psycontrol/HDD/Datasets/THINGS/images_THINGS/object_images/goose/goose_08s.jpg	True	False	2	676058	1780909141253.000	easy_marker_manifest_order_min_gap_5s	pass	True	True	True	43.500820	pass	430	44	train	3	pass	True	True
P06	P06	lab_data/P06/P06_EEG_recon_2026-06-08_09h56.01.608_image_mapping.json	32	2	12	1095	mouse2	images_THINGS/object_images/mouse2/mouse2_17s.jpg	/media/psycontrol/HDD/Datasets/THINGS/images_THINGS/object_images/mouse2/mouse2_17s.jpg	True	False	1	678974	1780909147085.000	easy_marker_manifest_order_min_gap_5s	pass	True	True	True	25.477955	pass	431	94	val	3	pass	True	True
P06	P06	lab_data/P06/P06_EEG_recon_2026-06-08_09h56.01.608_image_mapping.json	33	2	13	1144	tarantula	images_THINGS/object_images/tarantula/tarantula_12s.jpg	/media/psycontrol/HDD/Datasets/THINGS/images_THINGS/object_images/tarantula/tarantula_12s.jpg	True	False	2	681922	1780909152982.000	easy_marker_manifest_order_min_gap_5s	pass	True	True	True	29.482727	pass	432	143	val	3	pass	True	True
P06	P06	lab_data/P06/P06_EEG_recon_2026-06-08_09h56.01.608_image_mapping.json	34	2	14	1057	eggnog	images_THINGS/object_images/eggnog/eggnog_03s.jpg	/media/psycontrol/HDD/Datasets/THINGS/images_THINGS/object_images/eggnog/eggnog_03s.jpg	True	False	1	684793	1780909158724.000	easy_marker_manifest_order_min_gap_5s	pass	True	True	True	20.588598	pass	433	56	train	3	pass	True	True
P06	P06	lab_data/P06/P06_EEG_recon_2026-06-08_09h56.01.608_image_mapping.json	35	2	15	1112	hard_disk	images_THINGS/object_images/hard_disk/hard_disk_13s.jpg	/media/psycontrol/HDD/Datasets/THINGS/images_THINGS/object_images/hard_disk/hard_disk_13s.jpg	True	False	1	687856	1780909164850.000	easy_marker_manifest_order_min_gap_5s	pass	True	True	True	27.036695	pass	434	111	train	3	pass	True	True
P06	P06	lab_data/P06/P06_EEG_recon_2026-06-08_09h56.01.608_image_mapping.json	36	2	16	1108	possum	images_THINGS/object_images/possum/possum_03s.jpg	/media/psycontrol/HDD/Datasets/THINGS/images_THINGS/object_images/possum/possum_03s.jpg	True	False	1	690949	1780909171037.000	easy_marker_manifest_order_min_gap_5s	pass	True	True	True	33.737221	pass	435	107	train	3	pass	True	True
P06	P06	lab_data/P06/P06_EEG_recon_2026-06-08_09h56.01.608_image_mapping.json	37	2	17	1160	clam	images_THINGS/object_images/clam/clam_06s.jpg	/media/psycontrol/HDD/Datasets/THINGS/images_THINGS/object_images/clam/clam_06s.jpg	True	True	2	693995	1780909177129.000	easy_marker_manifest_order_min_gap_5s	pass	True	True	True	101.790871	pass	436	159	train	3	pass	True	True
P06	P06	lab_data/P06/P06_EEG_recon_2026-06-08_09h56.01.608_image_mapping.json	38	2	18	1031	fish	images_THINGS/object_images/fish/fish_01b.jpg	/media/psycontrol/HDD/Datasets/THINGS/images_THINGS/object_images/fish/fish_01b.jpg	True	False	1	696938	1780909183016.000	easy_marker_manifest_order_min_gap_5s	pass	True	True	True	22.707724	pass	437	30	val	3	pass	True	True
P06	P06	lab_data/P06/P06_EEG_recon_2026-06-08_09h56.01.608_image_mapping.json	39	2	19	1016	ant	images_THINGS/object_images/ant/ant_08s.jpg	/media/psycontrol/HDD/Datasets/THINGS/images_THINGS/object_images/ant/ant_08s.jpg	True	False	1	699907	1780909188954.000	easy_marker_manifest_order_min_gap_5s	pass	True	True	True	34.397511	pass	438	15	train	3	pass	True	True
P06	P06	lab_data/P06/P06_EEG_recon_2026-06-08_09h56.01.608_image_mapping.json	40	2	20	1118	candy_bar	images_THINGS/object_images/candy_bar/candy_bar_09s.jpg	/media/psycontrol/HDD/Datasets/THINGS/images_THINGS/object_images/candy_bar/candy_bar_09s.jpg	True	False	2	702876	1780909194892.000	easy_marker_manifest_order_min_gap_5s	pass	True	True	True	23.897501	pass	439	117	train	3	pass	True	True
P06	P06	lab_data/P06/P06_EEG_recon_2026-06-08_09h56.01.608_image_mapping.json	41	3	1	1050	artichoke	images_THINGS/object_images/artichoke/artichoke_08n.jpg	/media/psycontrol/HDD/Datasets/THINGS/images_THINGS/object_images/artichoke/artichoke_08n.jpg	True	False	1	717757	1780909224656.000	easy_marker_manifest_order_min_gap_5s	pass	True	True	True	85.268013	pass	440	49	train	3	pass	True	True
P06	P06	lab_data/P06/P06_EEG_recon_2026-06-08_09h56.01.608_image_mapping.json	42	3	2	1157	barnacle	images_THINGS/object_images/barnacle/barnacle_11s.jpg	/media/psycontrol/HDD/Datasets/THINGS/images_THINGS/object_images/barnacle/barnacle_11s.jpg	True	False	2	720701	1780909230545.000	easy_marker_manifest_order_min_gap_5s	pass	True	True	True	24.332087	pass	441	156	val	3	pass	True	True
P06	P06	lab_data/P06/P06_EEG_recon_2026-06-08_09h56.01.608_image_mapping.json	43	3	3	1098	stool	images_THINGS/object_images/stool/stool_08s.jpg	/media/psycontrol/HDD/Datasets/THINGS/images_THINGS/object_images/stool/stool_08s.jpg	True	False	1	723718	1780909236579.000	easy_marker_manifest_order_min_gap_5s	pass	True	True	True	79.348656	pass	442	97	train	3	pass	True	True
P06	P06	lab_data/P06/P06_EEG_recon_2026-06-08_09h56.01.608_image_mapping.json	44	3	4	1073	bull	images_THINGS/object_images/bull/bull_09s.jpg	/media/psycontrol/HDD/Datasets/THINGS/images_THINGS/object_images/bull/bull_09s.jpg	True	False	1	726704	1780909242551.000	easy_marker_manifest_order_min_gap_5s	pass	True	True	True	53.106533	pass	443	72	val	3	pass	True	True
P06	P06	lab_data/P06/P06_EEG_recon_2026-06-08_09h56.01.608_image_mapping.json	45	3	5	1020	television	images_THINGS/object_images/television/television_07s.jpg	/media/psycontrol/HDD/Datasets/THINGS/images_THINGS/object_images/television/television_07s.jpg	True	True	2	729635	1780909248413.000	easy_marker_manifest_order_min_gap_5s	pass	True	True	True	45.305916	pass	444	19	val	3	pass	True	True
P06	P06	lab_data/P06/P06_EEG_recon_2026-06-08_09h56.01.608_image_mapping.json	46	3	6	1151	tractor	images_THINGS/object_images/tractor/tractor_10n.jpg	/media/psycontrol/HDD/Datasets/THINGS/images_THINGS/object_images/tractor/tractor_10n.jpg	True	False	1	732697	1780909254538.000	easy_marker_manifest_order_min_gap_5s	pass	True	True	True	38.726830	pass	445	150	train	3	pass	True	True
P06	P06	lab_data/P06/P06_EEG_recon_2026-06-08_09h56.01.608_image_mapping.json	47	3	7	1119	star_fruit	images_THINGS/object_images/star_fruit/star_fruit_06s.jpg	/media/psycontrol/HDD/Datasets/THINGS/images_THINGS/object_images/star_fruit/star_fruit_06s.jpg	True	False	1	735760	1780909260664.000	easy_marker_manifest_order_min_gap_5s	pass	True	True	True	22.640535	pass	446	118	train	3	pass	True	True
P06	P06	lab_data/P06/P06_EEG_recon_2026-06-08_09h56.01.608_image_mapping.json	48	3	8	1011	raspberry	images_THINGS/object_images/raspberry/raspberry_11s.jpg	/media/psycontrol/HDD/Datasets/THINGS/images_THINGS/object_images/raspberry/raspberry_11s.jpg	True	False	1	738849	1780909266843.000	easy_marker_manifest_order_min_gap_5s	pass	True	True	True	77.721893	pass	447	10	train	3	pass	True	True
P06	P06	lab_data/P06/P06_EEG_recon_2026-06-08_09h56.01.608_image_mapping.json	49	3	9	1137	lamb	images_THINGS/object_images/lamb/lamb_12s.jpg	/media/psycontrol/HDD/Datasets/THINGS/images_THINGS/object_images/lamb/lamb_12s.jpg	True	False	1	741933	1780909273011.000	easy_marker_manifest_order_min_gap_5s	pass	True	True	True	123.098251	pass	448	136	val	3	pass	True	True
P06	P06	lab_data/P06/P06_EEG_recon_2026-06-08_09h56.01.608_image_mapping.json	50	3	10	1104	speaker	images_THINGS/object_images/speaker/speaker_19n.jpg	/media/psycontrol/HDD/Datasets/THINGS/images_THINGS/object_images/speaker/speaker_19n.jpg	True	True	2	744915	1780909278975.000	easy_marker_manifest_order_min_gap_5s	pass	True	True	True	91.670486	pass	449	103	train	3	pass	True	True
P06	P06	lab_data/P06/P06_EEG_recon_2026-06-08_09h56.01.608_image_mapping.json	51	3	11	1110	jet	images_THINGS/object_images/jet/jet_04s.jpg	/media/psycontrol/HDD/Datasets/THINGS/images_THINGS/object_images/jet/jet_04s.jpg	True	False	2	747870	1780909284886.000	easy_marker_manifest_order_min_gap_5s	pass	True	True	True	151.801987	pass	450	109	train	3	pass	True	True
P06	P06	lab_data/P06/P06_EEG_recon_2026-06-08_09h56.01.608_image_mapping.json	52	3	12	1144	tarantula	images_THINGS/object_images/tarantula/tarantula_12s.jpg	/media/psycontrol/HDD/Datasets/THINGS/images_THINGS/object_images/tarantula/tarantula_12s.jpg	True	True	2	750783	1780909290712.000	easy_marker_manifest_order_min_gap_5s	pass	True	True	True	43.259666	pass	451	143	val	3	pass	True	True
P06	P06	lab_data/P06/P06_EEG_recon_2026-06-08_09h56.01.608_image_mapping.json	53	3	13	1006	cardinal	images_THINGS/object_images/cardinal/cardinal_02s.jpg	/media/psycontrol/HDD/Datasets/THINGS/images_THINGS/object_images/cardinal/cardinal_02s.jpg	True	True	2	753696	1780909296539.000	easy_marker_manifest_order_min_gap_5s	pass	True	True	True	24.443102	pass	452	5	train	3	pass	True	True
P06	P06	lab_data/P06/P06_EEG_recon_2026-06-08_09h56.01.608_image_mapping.json	54	3	14	1097	sandwich	images_THINGS/object_images/sandwich/sandwich_06s.jpg	/media/psycontrol/HDD/Datasets/THINGS/images_THINGS/object_images/sandwich/sandwich_06s.jpg	True	False	1	756609	1780909302365.000	easy_marker_manifest_order_min_gap_5s	pass	True	True	True	22.190493	pass	453	96	val	3	pass	True	True
P06	P06	lab_data/P06/P06_EEG_recon_2026-06-08_09h56.01.608_image_mapping.json	55	3	15	1090	garlic	images_THINGS/object_images/garlic/garlic_11s.jpg	/media/psycontrol/HDD/Datasets/THINGS/images_THINGS/object_images/garlic/garlic_11s.jpg	True	False	1	759564	1780909308275.000	easy_marker_manifest_order_min_gap_5s	pass	True	True	True	25.194368	pass	454	89	val	3	pass	True	True
P06	P06	lab_data/P06/P06_EEG_recon_2026-06-08_09h56.01.608_image_mapping.json	56	3	16	1101	boat	images_THINGS/object_images/boat/boat_08s.jpg	/media/psycontrol/HDD/Datasets/THINGS/images_THINGS/object_images/boat/boat_08s.jpg	True	False	1	762637	1780909314421.000	easy_marker_manifest_order_min_gap_5s	pass	True	True	True	29.941267	pass	455	100	train	3	pass	True	True
P06	P06	lab_data/P06/P06_EEG_recon_2026-06-08_09h56.01.608_image_mapping.json	57	3	17	1132	polar_bear	images_THINGS/object_images/polar_bear/polar_bear_18s.jpg	/media/psycontrol/HDD/Datasets/THINGS/images_THINGS/object_images/polar_bear/polar_bear_18s.jpg	True	True	2	765529	1780909320206.000	easy_marker_manifest_order_min_gap_5s	pass	True	True	True	96.016052	pass	456	131	val	3	pass	True	True
P06	P06	lab_data/P06/P06_EEG_recon_2026-06-08_09h56.01.608_image_mapping.json	58	3	18	1047	drawer	images_THINGS/object_images/drawer/drawer_04s.jpg	/media/psycontrol/HDD/Datasets/THINGS/images_THINGS/object_images/drawer/drawer_04s.jpg	True	False	1	768584	1780909326316.000	easy_marker_manifest_order_min_gap_5s	pass	True	True	True	66.717621	pass	457	46	train	3	pass	True	True
P06	P06	lab_data/P06/P06_EEG_recon_2026-06-08_09h56.01.608_image_mapping.json	59	3	19	1026	asparagus	images_THINGS/object_images/asparagus/asparagus_12s.jpg	/media/psycontrol/HDD/Datasets/THINGS/images_THINGS/object_images/asparagus/asparagus_12s.jpg	True	False	1	771477	1780909332102.000	easy_marker_manifest_order_min_gap_5s	pass	True	True	True	34.088448	pass	458	25	train	3	pass	True	True
P06	P06	lab_data/P06/P06_EEG_recon_2026-06-08_09h56.01.608_image_mapping.json	60	3	20	1046	tiramisu	images_THINGS/object_images/tiramisu/tiramisu_12s.jpg	/media/psycontrol/HDD/Datasets/THINGS/images_THINGS/object_images/tiramisu/tiramisu_12s.jpg	True	False	2	774490	1780909338128.000	easy_marker_manifest_order_min_gap_5s	pass	True	True	True	22.501385	pass	459	45	train	3	pass	True	True
P06	P06	lab_data/P06/P06_EEG_recon_2026-06-08_09h56.01.608_image_mapping.json	61	4	1	1110	jet	images_THINGS/object_images/jet/jet_04s.jpg	/media/psycontrol/HDD/Datasets/THINGS/images_THINGS/object_images/jet/jet_04s.jpg	True	True	2	787076	1780909363302.000	easy_marker_manifest_order_min_gap_5s	pass	True	True	True	116.683037	pass	460	109	train	3	pass	True	True
P06	P06	lab_data/P06/P06_EEG_recon_2026-06-08_09h56.01.608_image_mapping.json	62	4	2	1149	mole	images_THINGS/object_images/mole/mole_09s.jpg	/media/psycontrol/HDD/Datasets/THINGS/images_THINGS/object_images/mole/mole_09s.jpg	True	False	1	789997	1780909369144.000	easy_marker_manifest_order_min_gap_5s	pass	True	True	True	86.205681	pass	461	148	train	3	pass	True	True
P06	P06	lab_data/P06/P06_EEG_recon_2026-06-08_09h56.01.608_image_mapping.json	63	4	3	1023	wolf	images_THINGS/object_images/wolf/wolf_12n.jpg	/media/psycontrol/HDD/Datasets/THINGS/images_THINGS/object_images/wolf/wolf_12n.jpg	True	False	2	793104	1780909375358.000	easy_marker_manifest_order_min_gap_5s	pass	True	True	True	52.193668	pass	462	22	train	3	pass	True	True
P06	P06	lab_data/P06/P06_EEG_recon_2026-06-08_09h56.01.608_image_mapping.json	64	4	4	1125	sundae	images_THINGS/object_images/sundae/sundae_09s.jpg	/media/psycontrol/HDD/Datasets/THINGS/images_THINGS/object_images/sundae/sundae_09s.jpg	True	False	2	795982	1780909381115.000	easy_marker_manifest_order_min_gap_5s	pass	True	True	True	123.764748	pass	463	124	train	3	pass	True	True
P06	P06	lab_data/P06/P06_EEG_recon_2026-06-08_09h56.01.608_image_mapping.json	65	4	5	1037	steamroller	images_THINGS/object_images/steamroller/steamroller_11n.jpg	/media/psycontrol/HDD/Datasets/THINGS/images_THINGS/object_images/steamroller/steamroller_11n.jpg	True	False	1	798895	1780909386941.000	easy_marker_manifest_order_min_gap_5s	pass	True	True	True	34.343220	pass	464	36	train	3	pass	True	True
P06	P06	lab_data/P06/P06_EEG_recon_2026-06-08_09h56.01.608_image_mapping.json	66	4	6	1120	owl	images_THINGS/object_images/owl/owl_19s.jpg	/media/psycontrol/HDD/Datasets/THINGS/images_THINGS/object_images/owl/owl_19s.jpg	True	False	2	801965	1780909393081.000	easy_marker_manifest_order_min_gap_5s	pass	True	True	True	22.373642	pass	465	119	train	3	pass	True	True
P06	P06	lab_data/P06/P06_EEG_recon_2026-06-08_09h56.01.608_image_mapping.json	67	4	7	1015	moose	images_THINGS/object_images/moose/moose_02s.jpg	/media/psycontrol/HDD/Datasets/THINGS/images_THINGS/object_images/moose/moose_02s.jpg	True	True	2	804975	1780909399101.000	easy_marker_manifest_order_min_gap_5s	pass	True	True	True	31.921858	pass	466	14	train	3	pass	True	True
P06	P06	lab_data/P06/P06_EEG_recon_2026-06-08_09h56.01.608_image_mapping.json	68	4	8	1121	sunglasses	images_THINGS/object_images/sunglasses/sunglasses_06s.jpg	/media/psycontrol/HDD/Datasets/THINGS/images_THINGS/object_images/sunglasses/sunglasses_06s.jpg	True	True	2	808072	1780909405296.000	easy_marker_manifest_order_min_gap_5s	pass	True	True	True	27.292057	pass	467	120	val	3	pass	True	True
P06	P06	lab_data/P06/P06_EEG_recon_2026-06-08_09h56.01.608_image_mapping.json	69	4	9	1049	rat	images_THINGS/object_images/rat/rat_04s.jpg	/media/psycontrol/HDD/Datasets/THINGS/images_THINGS/object_images/rat/rat_04s.jpg	True	False	1	810999	1780909411150.000	easy_marker_manifest_order_min_gap_5s	pass	True	True	True	25.008938	pass	468	48	train	3	pass	True	True
P06	P06	lab_data/P06/P06_EEG_recon_2026-06-08_09h56.01.608_image_mapping.json	70	4	10	1032	pants	images_THINGS/object_images/pants/pants_01b.jpg	/media/psycontrol/HDD/Datasets/THINGS/images_THINGS/object_images/pants/pants_01b.jpg	True	False	1	813891	1780909416934.000	easy_marker_manifest_order_min_gap_5s	pass	True	True	True	73.064232	pass	469	31	train	3	pass	True	True
P06	P06	lab_data/P06/P06_EEG_recon_2026-06-08_09h56.01.608_image_mapping.json	71	4	11	1063	car	images_THINGS/object_images/car/car_12s.jpg	/media/psycontrol/HDD/Datasets/THINGS/images_THINGS/object_images/car/car_12s.jpg	True	False	1	816915	1780909422983.000	easy_marker_manifest_order_min_gap_5s	pass	True	True	True	26.392458	pass	470	62	train	3	pass	True	True
P06	P06	lab_data/P06/P06_EEG_recon_2026-06-08_09h56.01.608_image_mapping.json	72	4	12	1118	candy_bar	images_THINGS/object_images/candy_bar/candy_bar_09s.jpg	/media/psycontrol/HDD/Datasets/THINGS/images_THINGS/object_images/candy_bar/candy_bar_09s.jpg	True	True	2	819985	1780909429123.000	easy_marker_manifest_order_min_gap_5s	pass	True	True	True	29.550467	pass	471	117	train	3	pass	True	True
P06	P06	lab_data/P06/P06_EEG_recon_2026-06-08_09h56.01.608_image_mapping.json	73	4	13	1092	bunkbed	images_THINGS/object_images/bunkbed/bunkbed_02s.jpg	/media/psycontrol/HDD/Datasets/THINGS/images_THINGS/object_images/bunkbed/bunkbed_02s.jpg	True	True	2	822877	1780909434907.000	easy_marker_manifest_order_min_gap_5s	pass	True	True	True	24.684830	pass	472	91	train	3	pass	True	True
P06	P06	lab_data/P06/P06_EEG_recon_2026-06-08_09h56.01.608_image_mapping.json	74	4	14	1038	cupcake	images_THINGS/object_images/cupcake/cupcake_07s.jpg	/media/psycontrol/HDD/Datasets/THINGS/images_THINGS/object_images/cupcake/cupcake_07s.jpg	True	False	1	825800	1780909440754.000	easy_marker_manifest_order_min_gap_5s	pass	True	True	True	32.776901	pass	473	37	train	3	pass	True	True
P06	P06	lab_data/P06/P06_EEG_recon_2026-06-08_09h56.01.608_image_mapping.json	75	4	15	1061	taco	images_THINGS/object_images/taco/taco_06n.jpg	/media/psycontrol/HDD/Datasets/THINGS/images_THINGS/object_images/taco/taco_06n.jpg	True	False	2	828870	1780909446894.000	easy_marker_manifest_order_min_gap_5s	pass	True	True	True	70.052818	pass	474	60	train	3	pass	True	True
P06	P06	lab_data/P06/P06_EEG_recon_2026-06-08_09h56.01.608_image_mapping.json	76	4	16	1130	showerhead	images_THINGS/object_images/showerhead/showerhead_05s.jpg	/media/psycontrol/HDD/Datasets/THINGS/images_THINGS/object_images/showerhead/showerhead_05s.jpg	True	False	2	831838	1780909452830.000	easy_marker_manifest_order_min_gap_5s	pass	True	True	True	28.548922	pass	475	129	train	3	pass	True	True
P06	P06	lab_data/P06/P06_EEG_recon_2026-06-08_09h56.01.608_image_mapping.json	77	4	17	1143	mango	images_THINGS/object_images/mango/mango_16s.jpg	/media/psycontrol/HDD/Datasets/THINGS/images_THINGS/object_images/mango/mango_16s.jpg	True	False	2	834773	1780909458700.000	easy_marker_manifest_order_min_gap_5s	pass	True	True	True	99.333961	pass	476	142	val	3	pass	True	True
P06	P06	lab_data/P06/P06_EEG_recon_2026-06-08_09h56.01.608_image_mapping.json	78	4	18	1123	sorbet	images_THINGS/object_images/sorbet/sorbet_05s.jpg	/media/psycontrol/HDD/Datasets/THINGS/images_THINGS/object_images/sorbet/sorbet_05s.jpg	True	False	1	837859	1780909464872.000	easy_marker_manifest_order_min_gap_5s	pass	True	True	True	23.014469	pass	477	122	val	3	pass	True	True
P06	P06	lab_data/P06/P06_EEG_recon_2026-06-08_09h56.01.608_image_mapping.json	79	4	19	1013	banana	images_THINGS/object_images/banana/banana_13s.jpg	/media/psycontrol/HDD/Datasets/THINGS/images_THINGS/object_images/banana/banana_13s.jpg	True	False	1	840907	1780909470969.000	easy_marker_manifest_order_min_gap_5s	pass	True	True	True	149.898285	pass	478	12	train	3	pass	True	True
P06	P06	lab_data/P06/P06_EEG_recon_2026-06-08_09h56.01.608_image_mapping.json	80	4	20	1139	earwig	images_THINGS/object_images/earwig/earwig_09s.jpg	/media/psycontrol/HDD/Datasets/THINGS/images_THINGS/object_images/earwig/earwig_09s.jpg	True	False	1	843779	1780909476713.000	easy_marker_manifest_order_min_gap_5s	pass	True	True	True	75.538017	pass	479	138	train	3	pass	True	True
P06	P06	lab_data/P06/P06_EEG_recon_2026-06-08_09h56.01.608_image_mapping.json	81	5	1	1079	puppy	images_THINGS/object_images/puppy/puppy_12s.jpg	/media/psycontrol/HDD/Datasets/THINGS/images_THINGS/object_images/puppy/puppy_12s.jpg	True	False	1	854522	1780909498200.000	easy_marker_manifest_order_min_gap_5s	pass	True	True	True	146.947449	pass	480	78	train	3	pass	True	True
P06	P06	lab_data/P06/P06_EEG_recon_2026-06-08_09h56.01.608_image_mapping.json	82	5	2	1082	necklace	images_THINGS/object_images/necklace/necklace_11s.jpg	/media/psycontrol/HDD/Datasets/THINGS/images_THINGS/object_images/necklace/necklace_11s.jpg	True	False	2	857580	1780909504317.000	easy_marker_manifest_order_min_gap_5s	pass	True	True	True	44.758270	pass	481	81	train	3	pass	True	True
P06	P06	lab_data/P06/P06_EEG_recon_2026-06-08_09h56.01.608_image_mapping.json	83	5	3	1131	eel	images_THINGS/object_images/eel/eel_09s.jpg	/media/psycontrol/HDD/Datasets/THINGS/images_THINGS/object_images/eel/eel_09s.jpg	True	False	1	860538	1780909510233.000	easy_marker_manifest_order_min_gap_5s	pass	True	True	True	37.418983	pass	482	130	train	3	pass	True	True
P06	P06	lab_data/P06/P06_EEG_recon_2026-06-08_09h56.01.608_image_mapping.json	84	5	4	1143	mango	images_THINGS/object_images/mango/mango_16s.jpg	/media/psycontrol/HDD/Datasets/THINGS/images_THINGS/object_images/mango/mango_16s.jpg	True	True	2	863521	1780909516200.000	easy_marker_manifest_order_min_gap_5s	pass	True	True	True	84.563705	pass	483	142	val	3	pass	True	True
P06	P06	lab_data/P06/P06_EEG_recon_2026-06-08_09h56.01.608_image_mapping.json	85	5	5	1109	wasp	images_THINGS/object_images/wasp/wasp_09n.jpg	/media/psycontrol/HDD/Datasets/THINGS/images_THINGS/object_images/wasp/wasp_09n.jpg	True	False	1	866604	1780909522366.000	easy_marker_manifest_order_min_gap_5s	pass	True	True	True	80.175880	pass	484	108	train	3	pass	True	True
P06	P06	lab_data/P06/P06_EEG_recon_2026-06-08_09h56.01.608_image_mapping.json	86	5	6	1046	tiramisu	images_THINGS/object_images/tiramisu/tiramisu_12s.jpg	/media/psycontrol/HDD/Datasets/THINGS/images_THINGS/object_images/tiramisu/tiramisu_12s.jpg	True	True	2	869497	1780909528151.000	easy_marker_manifest_order_min_gap_5s	pass	True	True	True	26.099958	pass	485	45	train	3	pass	True	True
P06	P06	lab_data/P06/P06_EEG_recon_2026-06-08_09h56.01.608_image_mapping.json	87	5	7	1133	cockatoo	images_THINGS/object_images/cockatoo/cockatoo_04s.jpg	/media/psycontrol/HDD/Datasets/THINGS/images_THINGS/object_images/cockatoo/cockatoo_04s.jpg	True	False	1	872559	1780909534276.000	easy_marker_manifest_order_min_gap_5s	pass	True	True	True	30.885792	pass	486	132	train	3	pass	True	True
P06	P06	lab_data/P06/P06_EEG_recon_2026-06-08_09h56.01.608_image_mapping.json	88	5	8	1002	pea	images_THINGS/object_images/pea/pea_10s.jpg	/media/psycontrol/HDD/Datasets/THINGS/images_THINGS/object_images/pea/pea_10s.jpg	True	False	1	875506	1780909540171.000	easy_marker_manifest_order_min_gap_5s	pass	True	True	True	33.607834	pass	487	1	train	3	pass	True	True
P06	P06	lab_data/P06/P06_EEG_recon_2026-06-08_09h56.01.608_image_mapping.json	89	5	9	1135	pony	images_THINGS/object_images/pony/pony_01b.jpg	/media/psycontrol/HDD/Datasets/THINGS/images_THINGS/object_images/pony/pony_01b.jpg	True	False	1	878499	1780909546157.000	easy_marker_manifest_order_min_gap_5s	pass	True	True	True	44.245251	pass	488	134	train	3	pass	True	True
P06	P06	lab_data/P06/P06_EEG_recon_2026-06-08_09h56.01.608_image_mapping.json	90	5	10	1125	sundae	images_THINGS/object_images/sundae/sundae_09s.jpg	/media/psycontrol/HDD/Datasets/THINGS/images_THINGS/object_images/sundae/sundae_09s.jpg	True	True	2	881534	1780909552228.000	easy_marker_manifest_order_min_gap_5s	pass	True	True	True	90.257805	pass	489	124	train	3	pass	True	True
P06	P06	lab_data/P06/P06_EEG_recon_2026-06-08_09h56.01.608_image_mapping.json	91	5	11	1124	nightshirt	images_THINGS/object_images/nightshirt/nightshirt_11s.jpg	/media/psycontrol/HDD/Datasets/THINGS/images_THINGS/object_images/nightshirt/nightshirt_11s.jpg	True	True	2	884443	1780909558046.000	easy_marker_manifest_order_min_gap_5s	pass	True	True	True	28.936060	pass	490	123	val	3	pass	True	True
P06	P06	lab_data/P06/P06_EEG_recon_2026-06-08_09h56.01.608_image_mapping.json	92	5	12	1140	kayak	images_THINGS/object_images/kayak/kayak_04s.jpg	/media/psycontrol/HDD/Datasets/THINGS/images_THINGS/object_images/kayak/kayak_04s.jpg	True	False	1	887346	1780909563852.000	easy_marker_manifest_order_min_gap_5s	pass	True	True	True	128.985840	pass	491	139	train	3	pass	True	True
P06	P06	lab_data/P06/P06_EEG_recon_2026-06-08_09h56.01.608_image_mapping.json	93	5	13	1059	zucchini	images_THINGS/object_images/zucchini/zucchini_02s.jpg	/media/psycontrol/HDD/Datasets/THINGS/images_THINGS/object_images/zucchini/zucchini_02s.jpg	True	False	2	890249	1780909569658.000	easy_marker_manifest_order_min_gap_5s	pass	True	True	True	55.775204	pass	492	58	train	3	pass	True	True
P06	P06	lab_data/P06/P06_EEG_recon_2026-06-08_09h56.01.608_image_mapping.json	94	5	14	1040	panda	images_THINGS/object_images/panda/panda_01b.jpg	/media/psycontrol/HDD/Datasets/THINGS/images_THINGS/object_images/panda/panda_01b.jpg	True	False	1	893332	1780909575825.000	easy_marker_manifest_order_min_gap_5s	pass	True	True	True	38.246525	pass	493	39	train	3	pass	True	True
P06	P06	lab_data/P06/P06_EEG_recon_2026-06-08_09h56.01.608_image_mapping.json	95	5	15	1061	taco	images_THINGS/object_images/taco/taco_06n.jpg	/media/psycontrol/HDD/Datasets/THINGS/images_THINGS/object_images/taco/taco_06n.jpg	True	True	2	896277	1780909581715.000	easy_marker_manifest_order_min_gap_5s	pass	True	True	True	140.060822	pass	494	60	train	3	pass	True	True
P06	P06	lab_data/P06/P06_EEG_recon_2026-06-08_09h56.01.608_image_mapping.json	96	5	16	1107	omelet	images_THINGS/object_images/omelet/omelet_06s.jpg	/media/psycontrol/HDD/Datasets/THINGS/images_THINGS/object_images/omelet/omelet_06s.jpg	True	False	1	899317	1780909587796.000	easy_marker_manifest_order_min_gap_5s	pass	True	True	True	75.503098	pass	495	106	train	3	pass	True	True
P06	P06	lab_data/P06/P06_EEG_recon_2026-06-08_09h56.01.608_image_mapping.json	97	5	17	1086	pasta	images_THINGS/object_images/pasta/pasta_12s.jpg	/media/psycontrol/HDD/Datasets/THINGS/images_THINGS/object_images/pasta/pasta_12s.jpg	True	False	1	902394	1780909593950.000	easy_marker_manifest_order_min_gap_5s	pass	True	True	True	30.431398	pass	496	85	val	3	pass	True	True
P06	P06	lab_data/P06/P06_EEG_recon_2026-06-08_09h56.01.608_image_mapping.json	98	5	18	1010	pineapple	images_THINGS/object_images/pineapple/pineapple_08s.jpg	/media/psycontrol/HDD/Datasets/THINGS/images_THINGS/object_images/pineapple/pineapple_08s.jpg	True	False	1	905411	1780909599984.000	easy_marker_manifest_order_min_gap_5s	pass	True	True	True	60.553192	pass	497	9	train	3	pass	True	True
P06	P06	lab_data/P06/P06_EEG_recon_2026-06-08_09h56.01.608_image_mapping.json	99	5	19	1127	space_shuttle	images_THINGS/object_images/space_shuttle/space_shuttle_12s.jpg	/media/psycontrol/HDD/Datasets/THINGS/images_THINGS/object_images/space_shuttle/space_shuttle_12s.jpg	True	False	1	908310	1780909605783.000	easy_marker_manifest_order_min_gap_5s	pass	True	True	True	35.372543	pass	498	126	train	3	pass	True	True
P06	P06	lab_data/P06/P06_EEG_recon_2026-06-08_09h56.01.608_image_mapping.json	100	5	20	1155	kale	images_THINGS/object_images/kale/kale_01b.jpg	/media/psycontrol/HDD/Datasets/THINGS/images_THINGS/object_images/kale/kale_01b.jpg	True	False	1	911227	1780909611617.000	easy_marker_manifest_order_min_gap_5s	pass	True	True	True	102.466370	pass	499	154	train	3	pass	True	True
P06	P06	lab_data/P06/P06_EEG_recon_2026-06-08_09h56.01.608_image_mapping.json	101	6	1	1152	speedboat	images_THINGS/object_images/speedboat/speedboat_06s.jpg	/media/psycontrol/HDD/Datasets/THINGS/images_THINGS/object_images/speedboat/speedboat_06s.jpg	True	False	1	924563	1780909638290.000	easy_marker_manifest_order_min_gap_5s	pass	True	True	True	48.190163	pass	500	151	val	3	pass	True	True
P06	P06	lab_data/P06/P06_EEG_recon_2026-06-08_09h56.01.608_image_mapping.json	102	6	2	1008	keyboard	images_THINGS/object_images/keyboard/keyboard_13s.jpg	/media/psycontrol/HDD/Datasets/THINGS/images_THINGS/object_images/keyboard/keyboard_13s.jpg	True	False	1	927611	1780909644387.000	easy_marker_manifest_order_min_gap_5s	pass	True	True	True	41.684219	pass	501	7	train	3	pass	True	True
P06	P06	lab_data/P06/P06_EEG_recon_2026-06-08_09h56.01.608_image_mapping.json	103	6	3	1042	eagle	images_THINGS/object_images/eagle/eagle_08s.jpg	/media/psycontrol/HDD/Datasets/THINGS/images_THINGS/object_images/eagle/eagle_08s.jpg	True	False	1	930670	1780909650505.000	easy_marker_manifest_order_min_gap_5s	pass	True	True	True	46.935120	pass	502	41	train	3	pass	True	True
P06	P06	lab_data/P06/P06_EEG_recon_2026-06-08_09h56.01.608_image_mapping.json	104	6	4	1028	meatball	images_THINGS/object_images/meatball/meatball_04s.jpg	/media/psycontrol/HDD/Datasets/THINGS/images_THINGS/object_images/meatball/meatball_04s.jpg	True	False	1	933740	1780909656645.000	easy_marker_manifest_order_min_gap_5s	pass	True	True	True	27.296331	pass	503	27	train	3	pass	True	True
P06	P06	lab_data/P06/P06_EEG_recon_2026-06-08_09h56.01.608_image_mapping.json	105	6	5	1062	antelope	images_THINGS/object_images/antelope/antelope_12n.jpg	/media/psycontrol/HDD/Datasets/THINGS/images_THINGS/object_images/antelope/antelope_12n.jpg	True	True	2	936764	1780909662694.000	easy_marker_manifest_order_min_gap_5s	pass	True	True	True	37.085617	pass	504	61	val	3	pass	True	True
P06	P06	lab_data/P06/P06_EEG_recon_2026-06-08_09h56.01.608_image_mapping.json	106	6	6	1085	frog	images_THINGS/object_images/frog/frog_09s.jpg	/media/psycontrol/HDD/Datasets/THINGS/images_THINGS/object_images/frog/frog_09s.jpg	True	False	1	939802	1780909668770.000	easy_marker_manifest_order_min_gap_5s	pass	True	True	True	60.749599	pass	505	84	train	3	pass	True	True
P06	P06	lab_data/P06/P06_EEG_recon_2026-06-08_09h56.01.608_image_mapping.json	107	6	7	1074	cobra	images_THINGS/object_images/cobra/cobra_07s.jpg	/media/psycontrol/HDD/Datasets/THINGS/images_THINGS/object_images/cobra/cobra_07s.jpg	True	False	1	942808	1780909674783.000	easy_marker_manifest_order_min_gap_5s	pass	True	True	True	37.266323	pass	506	73	train	3	pass	True	True
P06	P06	lab_data/P06/P06_EEG_recon_2026-06-08_09h56.01.608_image_mapping.json	108	6	8	1103	blazer	images_THINGS/object_images/blazer/blazer_05s.jpg	/media/psycontrol/HDD/Datasets/THINGS/images_THINGS/object_images/blazer/blazer_05s.jpg	True	False	1	945912	1780909680991.000	easy_marker_manifest_order_min_gap_5s	pass	True	True	True	23.706505	pass	507	102	train	3	pass	True	True
P06	P06	lab_data/P06/P06_EEG_recon_2026-06-08_09h56.01.608_image_mapping.json	109	6	9	1017	carrot	images_THINGS/object_images/carrot/carrot_01b.jpg	/media/psycontrol/HDD/Datasets/THINGS/images_THINGS/object_images/carrot/carrot_01b.jpg	True	False	1	949024	1780909687215.000	easy_marker_manifest_order_min_gap_5s	pass	True	True	True	72.288506	pass	508	16	train	3	pass	True	True
P06	P06	lab_data/P06/P06_EEG_recon_2026-06-08_09h56.01.608_image_mapping.json	110	6	10	1126	helicopter	images_THINGS/object_images/helicopter/helicopter_20s.jpg	/media/psycontrol/HDD/Datasets/THINGS/images_THINGS/object_images/helicopter/helicopter_20s.jpg	True	False	2	951940	1780909693047.000	easy_marker_manifest_order_min_gap_5s	pass	True	True	True	37.083485	pass	509	125	train	3	pass	True	True
P06	P06	lab_data/P06/P06_EEG_recon_2026-06-08_09h56.01.608_image_mapping.json	111	6	11	1106	swordfish	images_THINGS/object_images/swordfish/swordfish_07s.jpg	/media/psycontrol/HDD/Datasets/THINGS/images_THINGS/object_images/swordfish/swordfish_07s.jpg	True	False	1	954884	1780909698936.000	easy_marker_manifest_order_min_gap_5s	pass	True	True	True	146.260513	pass	510	105	train	3	pass	True	True
P06	P06	lab_data/P06/P06_EEG_recon_2026-06-08_09h56.01.608_image_mapping.json	112	6	12	1068	radio	images_THINGS/object_images/radio/radio_04s.jpg	/media/psycontrol/HDD/Datasets/THINGS/images_THINGS/object_images/radio/radio_04s.jpg	True	False	1	957888	1780909704944.000	easy_marker_manifest_order_min_gap_5s	pass	True	True	True	26.026146	pass	511	67	val	3	pass	True	True
P06	P06	lab_data/P06/P06_EEG_recon_2026-06-08_09h56.01.608_image_mapping.json	113	6	13	1100	champagne	images_THINGS/object_images/champagne/champagne_01b.jpg	/media/psycontrol/HDD/Datasets/THINGS/images_THINGS/object_images/champagne/champagne_01b.jpg	True	False	1	960766	1780909710700.000	easy_marker_manifest_order_min_gap_5s	pass	True	True	True	77.882614	pass	512	99	train	3	pass	True	True
P06	P06	lab_data/P06/P06_EEG_recon_2026-06-08_09h56.01.608_image_mapping.json	114	6	14	1084	cheetah	images_THINGS/object_images/cheetah/cheetah_06s.jpg	/media/psycontrol/HDD/Datasets/THINGS/images_THINGS/object_images/cheetah/cheetah_06s.jpg	True	False	2	963849	1780909716867.000	easy_marker_manifest_order_min_gap_5s	pass	True	True	True	48.140385	pass	513	83	train	3	pass	True	True
P06	P06	lab_data/P06/P06_EEG_recon_2026-06-08_09h56.01.608_image_mapping.json	115	6	15	1120	owl	images_THINGS/object_images/owl/owl_19s.jpg	/media/psycontrol/HDD/Datasets/THINGS/images_THINGS/object_images/owl/owl_19s.jpg	True	True	2	966776	1780909722722.000	easy_marker_manifest_order_min_gap_5s	pass	True	True	True	48.342487	pass	514	119	train	3	pass	True	True
P06	P06	lab_data/P06/P06_EEG_recon_2026-06-08_09h56.01.608_image_mapping.json	116	6	16	1129	workbench	images_THINGS/object_images/workbench/workbench_07s.jpg	/media/psycontrol/HDD/Datasets/THINGS/images_THINGS/object_images/workbench/workbench_07s.jpg	True	False	2	969835	1780909728840.000	easy_marker_manifest_order_min_gap_5s	pass	True	True	True	38.045719	pass	515	128	train	3	pass	True	True
P06	P06	lab_data/P06/P06_EEG_recon_2026-06-08_09h56.01.608_image_mapping.json	117	6	17	1053	reindeer	images_THINGS/object_images/reindeer/reindeer_14s.jpg	/media/psycontrol/HDD/Datasets/THINGS/images_THINGS/object_images/reindeer/reindeer_14s.jpg	True	True	2	972873	1780909734916.000	easy_marker_manifest_order_min_gap_5s	pass	True	True	True	30.267115	pass	516	52	val	3	pass	True	True
P06	P06	lab_data/P06/P06_EEG_recon_2026-06-08_09h56.01.608_image_mapping.json	118	6	18	1039	sailboat	images_THINGS/object_images/sailboat/sailboat_07s.jpg	/media/psycontrol/HDD/Datasets/THINGS/images_THINGS/object_images/sailboat/sailboat_07s.jpg	True	False	1	975848	1780909740867.000	easy_marker_manifest_order_min_gap_5s	pass	True	True	True	103.209679	pass	517	38	val	3	pass	True	True
P06	P06	lab_data/P06/P06_EEG_recon_2026-06-08_09h56.01.608_image_mapping.json	119	6	19	1111	creme_brulee	images_THINGS/object_images/creme_brulee/creme_brulee_01b.jpg	/media/psycontrol/HDD/Datasets/THINGS/images_THINGS/object_images/creme_brulee/creme_brulee_01b.jpg	True	False	1	978824	1780909746819.000	easy_marker_manifest_order_min_gap_5s	pass	True	True	True	42.462532	pass	518	110	train	3	pass	True	True
P06	P06	lab_data/P06/P06_EEG_recon_2026-06-08_09h56.01.608_image_mapping.json	120	6	20	1012	burrito	images_THINGS/object_images/burrito/burrito_07s.jpg	/media/psycontrol/HDD/Datasets/THINGS/images_THINGS/object_images/burrito/burrito_07s.jpg	True	True	2	981758	1780909752687.000	easy_marker_manifest_order_min_gap_5s	pass	True	True	True	21.966583	pass	519	11	val	3	pass	True	True
P06	P06	lab_data/P06/P06_EEG_recon_2026-06-08_09h56.01.608_image_mapping.json	121	7	1	1067	taffy	images_THINGS/object_images/taffy/taffy_11s.jpg	/media/psycontrol/HDD/Datasets/THINGS/images_THINGS/object_images/taffy/taffy_11s.jpg	True	False	1	992775	1780909774722.000	easy_marker_manifest_order_min_gap_5s	pass	True	True	True	63.078388	pass	520	66	val	3	pass	True	True
P06	P06	lab_data/P06/P06_EEG_recon_2026-06-08_09h56.01.608_image_mapping.json	122	7	2	1084	cheetah	images_THINGS/object_images/cheetah/cheetah_06s.jpg	/media/psycontrol/HDD/Datasets/THINGS/images_THINGS/object_images/cheetah/cheetah_06s.jpg	True	True	2	995778	1780909780729.000	easy_marker_manifest_order_min_gap_5s	pass	True	True	True	64.607872	pass	521	83	train	3	pass	True	True
P06	P06	lab_data/P06/P06_EEG_recon_2026-06-08_09h56.01.608_image_mapping.json	123	7	3	1082	necklace	images_THINGS/object_images/necklace/necklace_11s.jpg	/media/psycontrol/HDD/Datasets/THINGS/images_THINGS/object_images/necklace/necklace_11s.jpg	True	True	2	998646	1780909786465.000	easy_marker_manifest_order_min_gap_5s	pass	True	True	True	102.386673	pass	522	81	train	3	pass	True	True
P06	P06	lab_data/P06/P06_EEG_recon_2026-06-08_09h56.01.608_image_mapping.json	124	7	4	1051	yacht	images_THINGS/object_images/yacht/yacht_05s.jpg	/media/psycontrol/HDD/Datasets/THINGS/images_THINGS/object_images/yacht/yacht_05s.jpg	True	False	2	1001719	1780909792611.000	easy_marker_manifest_order_min_gap_5s	pass	True	True	True	24.755877	pass	523	50	train	3	pass	True	True
P06	P06	lab_data/P06/P06_EEG_recon_2026-06-08_09h56.01.608_image_mapping.json	125	7	5	1091	kitten	images_THINGS/object_images/kitten/kitten_09s.jpg	/media/psycontrol/HDD/Datasets/THINGS/images_THINGS/object_images/kitten/kitten_09s.jpg	True	False	1	1004631	1780909798436.000	easy_marker_manifest_order_min_gap_5s	pass	True	True	True	19.372728	pass	524	90	train	3	pass	True	True
P06	P06	lab_data/P06/P06_EEG_recon_2026-06-08_09h56.01.608_image_mapping.json	126	7	6	1081	police_car	images_THINGS/object_images/police_car/police_car_14s.jpg	/media/psycontrol/HDD/Datasets/THINGS/images_THINGS/object_images/police_car/police_car_14s.jpg	True	False	1	1007614	1780909804402.000	easy_marker_manifest_order_min_gap_5s	pass	True	True	True	85.272926	pass	525	80	train	3	pass	True	True
P06	P06	lab_data/P06/P06_EEG_recon_2026-06-08_09h56.01.608_image_mapping.json	127	7	7	1154	chandelier	images_THINGS/object_images/chandelier/chandelier_10s.jpg	/media/psycontrol/HDD/Datasets/THINGS/images_THINGS/object_images/chandelier/chandelier_10s.jpg	True	False	1	1010679	1780909810533.000	easy_marker_manifest_order_min_gap_5s	pass	True	True	True	29.044886	pass	526	153	train	3	pass	True	True
P06	P06	lab_data/P06/P06_EEG_recon_2026-06-08_09h56.01.608_image_mapping.json	128	7	8	1087	bathrobe	images_THINGS/object_images/bathrobe/bathrobe_12s.jpg	/media/psycontrol/HDD/Datasets/THINGS/images_THINGS/object_images/bathrobe/bathrobe_12s.jpg	True	False	1	1013784	1780909816743.000	easy_marker_manifest_order_min_gap_5s	pass	True	True	True	32.807564	pass	527	86	train	3	pass	True	True
P06	P06	lab_data/P06/P06_EEG_recon_2026-06-08_09h56.01.608_image_mapping.json	129	7	9	1065	cabinet	images_THINGS/object_images/cabinet/cabinet_07s.jpg	/media/psycontrol/HDD/Datasets/THINGS/images_THINGS/object_images/cabinet/cabinet_07s.jpg	True	False	1	1016899	1780909822973.000	easy_marker_manifest_order_min_gap_5s	pass	True	True	True	24.861532	pass	528	64	train	3	pass	True	True
P06	P06	lab_data/P06/P06_EEG_recon_2026-06-08_09h56.01.608_image_mapping.json	130	7	10	1114	spinach	images_THINGS/object_images/spinach/spinach_09s.jpg	/media/psycontrol/HDD/Datasets/THINGS/images_THINGS/object_images/spinach/spinach_09s.jpg	True	False	1	1019770	1780909828715.000	easy_marker_manifest_order_min_gap_5s	pass	True	True	True	28.439545	pass	529	113	train	3	pass	True	True
P06	P06	lab_data/P06/P06_EEG_recon_2026-06-08_09h56.01.608_image_mapping.json	131	7	11	1138	ping-pong_table	images_THINGS/object_images/ping-pong_table/ping-pong_table_10s.jpg	/media/psycontrol/HDD/Datasets/THINGS/images_THINGS/object_images/ping-pong_table/ping-pong_table_10s.jpg	True	False	1	1022811	1780909834798.000	easy_marker_manifest_order_min_gap_5s	pass	True	True	True	38.245239	pass	530	137	train	3	pass	True	True
P06	P06	lab_data/P06/P06_EEG_recon_2026-06-08_09h56.01.608_image_mapping.json	132	7	12	1113	firetruck	images_THINGS/object_images/firetruck/firetruck_04s.jpg	/media/psycontrol/HDD/Datasets/THINGS/images_THINGS/object_images/firetruck/firetruck_04s.jpg	True	False	1	1025824	1780909840825.000	easy_marker_manifest_order_min_gap_5s	pass	True	True	True	38.962753	pass	531	112	train	3	pass	True	True
P06	P06	lab_data/P06/P06_EEG_recon_2026-06-08_09h56.01.608_image_mapping.json	133	7	13	1021	tea	images_THINGS/object_images/tea/tea_10s.jpg	/media/psycontrol/HDD/Datasets/THINGS/images_THINGS/object_images/tea/tea_10s.jpg	True	False	1	1028842	1780909846861.000	easy_marker_manifest_order_min_gap_5s	pass	True	True	True	66.911682	pass	532	20	train	3	pass	True	True
P06	P06	lab_data/P06/P06_EEG_recon_2026-06-08_09h56.01.608_image_mapping.json	134	7	14	1023	wolf	images_THINGS/object_images/wolf/wolf_12n.jpg	/media/psycontrol/HDD/Datasets/THINGS/images_THINGS/object_images/wolf/wolf_12n.jpg	True	True	2	1031745	1780909852667.000	easy_marker_manifest_order_min_gap_5s	pass	True	True	True	39.040096	pass	533	22	train	3	pass	True	True
P06	P06	lab_data/P06/P06_EEG_recon_2026-06-08_09h56.01.608_image_mapping.json	135	7	15	1093	duckling	images_THINGS/object_images/duckling/duckling_25s.jpg	/media/psycontrol/HDD/Datasets/THINGS/images_THINGS/object_images/duckling/duckling_25s.jpg	True	False	1	1034856	1780909858889.000	easy_marker_manifest_order_min_gap_5s	pass	True	True	True	108.763420	pass	534	92	train	3	pass	True	True
P06	P06	lab_data/P06/P06_EEG_recon_2026-06-08_09h56.01.608_image_mapping.json	136	7	16	1146	cheesecake	images_THINGS/object_images/cheesecake/cheesecake_06s.jpg	/media/psycontrol/HDD/Datasets/THINGS/images_THINGS/object_images/cheesecake/cheesecake_06s.jpg	True	False	1	1037793	1780909864764.000	easy_marker_manifest_order_min_gap_5s	pass	True	True	True	58.660480	pass	535	145	train	3	pass	True	True
P06	P06	lab_data/P06/P06_EEG_recon_2026-06-08_09h56.01.608_image_mapping.json	137	7	17	1045	goose	images_THINGS/object_images/goose/goose_08s.jpg	/media/psycontrol/HDD/Datasets/THINGS/images_THINGS/object_images/goose/goose_08s.jpg	True	True	2	1040801	1780909870780.000	easy_marker_manifest_order_min_gap_5s	pass	True	True	True	32.214691	pass	536	44	train	3	pass	True	True
P06	P06	lab_data/P06/P06_EEG_recon_2026-06-08_09h56.01.608_image_mapping.json	138	7	18	1156	coconut	images_THINGS/object_images/coconut/coconut_08s.jpg	/media/psycontrol/HDD/Datasets/THINGS/images_THINGS/object_images/coconut/coconut_08s.jpg	True	False	1	1043713	1780909876604.000	easy_marker_manifest_order_min_gap_5s	pass	True	True	True	118.393616	pass	537	155	val	3	pass	True	True
P06	P06	lab_data/P06/P06_EEG_recon_2026-06-08_09h56.01.608_image_mapping.json	139	7	19	1058	loveseat	images_THINGS/object_images/loveseat/loveseat_10s.jpg	/media/psycontrol/HDD/Datasets/THINGS/images_THINGS/object_images/loveseat/loveseat_10s.jpg	True	False	1	1046601	1780909882381.000	easy_marker_manifest_order_min_gap_5s	pass	True	True	True	61.579735	pass	538	57	train	3	pass	True	True
P06	P06	lab_data/P06/P06_EEG_recon_2026-06-08_09h56.01.608_image_mapping.json	140	7	20	1055	seagull	images_THINGS/object_images/seagull/seagull_11s.jpg	/media/psycontrol/HDD/Datasets/THINGS/images_THINGS/object_images/seagull/seagull_11s.jpg	True	False	1	1049591	1780909888361.000	easy_marker_manifest_order_min_gap_5s	pass	True	True	True	54.138130	pass	539	54	train	3	pass	True	True
P06	P06	lab_data/P06/P06_EEG_recon_2026-06-08_09h56.01.608_image_mapping.json	141	8	1	1056	leggings	images_THINGS/object_images/leggings/leggings_02s.jpg	/media/psycontrol/HDD/Datasets/THINGS/images_THINGS/object_images/leggings/leggings_02s.jpg	True	False	1	1062098	1780909913375.000	easy_marker_manifest_order_min_gap_5s	pass	True	True	True	54.614811	pass	540	55	train	3	pass	True	True
P06	P06	lab_data/P06/P06_EEG_recon_2026-06-08_09h56.01.608_image_mapping.json	142	8	2	1054	bathtub	images_THINGS/object_images/bathtub/bathtub_18s.jpg	/media/psycontrol/HDD/Datasets/THINGS/images_THINGS/object_images/bathtub/bathtub_18s.jpg	True	False	1	1065046	1780909919271.000	easy_marker_manifest_order_min_gap_5s	pass	True	True	True	29.870697	pass	541	53	train	3	pass	True	True
P06	P06	lab_data/P06/P06_EEG_recon_2026-06-08_09h56.01.608_image_mapping.json	143	8	3	1034	bracelet1	images_THINGS/object_images/bracelet1/bracelet1_18s.jpg	/media/psycontrol/HDD/Datasets/THINGS/images_THINGS/object_images/bracelet1/bracelet1_18s.jpg	True	False	1	1068139	1780909925458.000	easy_marker_manifest_order_min_gap_5s	pass	True	True	True	87.569160	pass	542	33	train	3	pass	True	True
P06	P06	lab_data/P06/P06_EEG_recon_2026-06-08_09h56.01.608_image_mapping.json	144	8	4	1003	shorts	images_THINGS/object_images/shorts/shorts_14s.jpg	/media/psycontrol/HDD/Datasets/THINGS/images_THINGS/object_images/shorts/shorts_14s.jpg	True	False	1	1071233	1780909931646.000	easy_marker_manifest_order_min_gap_5s	pass	True	True	True	54.967930	pass	543	2	val	3	pass	True	True
P06	P06	lab_data/P06/P06_EEG_recon_2026-06-08_09h56.01.608_image_mapping.json	145	8	5	1078	sea_urchin	images_THINGS/object_images/sea_urchin/sea_urchin_08s.jpg	/media/psycontrol/HDD/Datasets/THINGS/images_THINGS/object_images/sea_urchin/sea_urchin_08s.jpg	True	False	1	1074337	1780909937854.000	easy_marker_manifest_order_min_gap_5s	pass	True	True	True	37.117901	pass	544	77	train	3	pass	True	True
P06	P06	lab_data/P06/P06_EEG_recon_2026-06-08_09h56.01.608_image_mapping.json	146	8	6	1105	gorilla	images_THINGS/object_images/gorilla/gorilla_19s.jpg	/media/psycontrol/HDD/Datasets/THINGS/images_THINGS/object_images/gorilla/gorilla_19s.jpg	True	False	1	1077364	1780909943909.000	easy_marker_manifest_order_min_gap_5s	pass	True	True	True	100.092552	pass	545	104	val	3	pass	True	True
P06	P06	lab_data/P06/P06_EEG_recon_2026-06-08_09h56.01.608_image_mapping.json	147	8	7	1129	workbench	images_THINGS/object_images/workbench/workbench_07s.jpg	/media/psycontrol/HDD/Datasets/THINGS/images_THINGS/object_images/workbench/workbench_07s.jpg	True	True	2	1080288	1780909949757.000	easy_marker_manifest_order_min_gap_5s	pass	True	True	True	22.148563	pass	546	128	train	3	pass	True	True
P06	P06	lab_data/P06/P06_EEG_recon_2026-06-08_09h56.01.608_image_mapping.json	148	8	8	1088	slipper	images_THINGS/object_images/slipper/slipper_02s.jpg	/media/psycontrol/HDD/Datasets/THINGS/images_THINGS/object_images/slipper/slipper_02s.jpg	True	False	1	1083233	1780909955647.000	easy_marker_manifest_order_min_gap_5s	pass	True	True	True	26.328827	pass	547	87	train	3	pass	True	True
P06	P06	lab_data/P06/P06_EEG_recon_2026-06-08_09h56.01.608_image_mapping.json	149	8	9	1102	crab	images_THINGS/object_images/crab/crab_02s.jpg	/media/psycontrol/HDD/Datasets/THINGS/images_THINGS/object_images/crab/crab_02s.jpg	True	False	1	1086274	1780909961730.000	easy_marker_manifest_order_min_gap_5s	pass	True	True	True	32.574703	pass	548	101	train	3	pass	True	True
P06	P06	lab_data/P06/P06_EEG_recon_2026-06-08_09h56.01.608_image_mapping.json	150	8	10	1033	helmet	images_THINGS/object_images/helmet/helmet_11s.jpg	/media/psycontrol/HDD/Datasets/THINGS/images_THINGS/object_images/helmet/helmet_11s.jpg	True	False	1	1089381	1780909967944.000	easy_marker_manifest_order_min_gap_5s	pass	True	True	True	57.384842	pass	549	32	train	3	pass	True	True
P06	P06	lab_data/P06/P06_EEG_recon_2026-06-08_09h56.01.608_image_mapping.json	151	8	11	1141	peach	images_THINGS/object_images/peach/peach_09n.jpg	/media/psycontrol/HDD/Datasets/THINGS/images_THINGS/object_images/peach/peach_09n.jpg	True	False	1	1092430	1780909974042.000	easy_marker_manifest_order_min_gap_5s	pass	True	True	True	39.130070	pass	550	140	val	3	pass	True	True
P06	P06	lab_data/P06/P06_EEG_recon_2026-06-08_09h56.01.608_image_mapping.json	152	8	12	1130	showerhead	images_THINGS/object_images/showerhead/showerhead_05s.jpg	/media/psycontrol/HDD/Datasets/THINGS/images_THINGS/object_images/showerhead/showerhead_05s.jpg	True	True	2	1095381	1780909979945.000	easy_marker_manifest_order_min_gap_5s	pass	True	True	True	98.010986	pass	551	129	train	3	pass	True	True
P06	P06	lab_data/P06/P06_EEG_recon_2026-06-08_09h56.01.608_image_mapping.json	153	8	13	1150	chick	images_THINGS/object_images/chick/chick_10s.jpg	/media/psycontrol/HDD/Datasets/THINGS/images_THINGS/object_images/chick/chick_10s.jpg	True	True	2	1098405	1780909985993.000	easy_marker_manifest_order_min_gap_5s	pass	True	True	True	29.909153	pass	552	149	train	3	pass	True	True
P06	P06	lab_data/P06/P06_EEG_recon_2026-06-08_09h56.01.608_image_mapping.json	154	8	14	1145	rocking_chair	images_THINGS/object_images/rocking_chair/rocking_chair_07s.jpg	/media/psycontrol/HDD/Datasets/THINGS/images_THINGS/object_images/rocking_chair/rocking_chair_07s.jpg	True	True	2	1101450	1780909992084.000	easy_marker_manifest_order_min_gap_5s	pass	True	True	True	26.112545	pass	553	144	train	3	pass	True	True
P06	P06	lab_data/P06/P06_EEG_recon_2026-06-08_09h56.01.608_image_mapping.json	155	8	15	1094	onion	images_THINGS/object_images/onion/onion_03n.jpg	/media/psycontrol/HDD/Datasets/THINGS/images_THINGS/object_images/onion/onion_03n.jpg	True	False	1	1104482	1780909998147.000	easy_marker_manifest_order_min_gap_5s	pass	True	True	True	45.286419	pass	554	93	train	3	pass	True	True
P06	P06	lab_data/P06/P06_EEG_recon_2026-06-08_09h56.01.608_image_mapping.json	156	8	16	1153	donut	images_THINGS/object_images/donut/donut_15s.jpg	/media/psycontrol/HDD/Datasets/THINGS/images_THINGS/object_images/donut/donut_15s.jpg	True	False	1	1107596	1780910004376.000	easy_marker_manifest_order_min_gap_5s	pass	True	True	True	27.509924	pass	555	152	train	3	pass	True	True
P06	P06	lab_data/P06/P06_EEG_recon_2026-06-08_09h56.01.608_image_mapping.json	157	8	17	1027	memory_stick	images_THINGS/object_images/memory_stick/memory_stick_08s.jpg	/media/psycontrol/HDD/Datasets/THINGS/images_THINGS/object_images/memory_stick/memory_stick_08s.jpg	True	False	2	1110517	1780910010217.000	easy_marker_manifest_order_min_gap_5s	pass	True	True	True	55.880970	pass	556	26	train	3	pass	True	True
P06	P06	lab_data/P06/P06_EEG_recon_2026-06-08_09h56.01.608_image_mapping.json	158	8	18	1014	shark	images_THINGS/object_images/shark/shark_07s.jpg	/media/psycontrol/HDD/Datasets/THINGS/images_THINGS/object_images/shark/shark_07s.jpg	True	False	1	1113614	1780910016411.000	easy_marker_manifest_order_min_gap_5s	pass	True	True	True	33.890610	pass	557	13	train	3	pass	True	True
P06	P06	lab_data/P06/P06_EEG_recon_2026-06-08_09h56.01.608_image_mapping.json	159	8	19	1025	llama	images_THINGS/object_images/llama/llama_05s.jpg	/media/psycontrol/HDD/Datasets/THINGS/images_THINGS/object_images/llama/llama_05s.jpg	True	False	1	1116672	1780910022528.000	easy_marker_manifest_order_min_gap_5s	pass	True	True	True	91.279793	pass	558	24	train	3	pass	True	True
P06	P06	lab_data/P06/P06_EEG_recon_2026-06-08_09h56.01.608_image_mapping.json	160	8	20	1148	broccoli	images_THINGS/object_images/broccoli/broccoli_09s.jpg	/media/psycontrol/HDD/Datasets/THINGS/images_THINGS/object_images/broccoli/broccoli_09s.jpg	True	False	1	1119700	1780910028584.000	easy_marker_manifest_order_min_gap_5s	pass	True	True	True	38.133671	pass	559	147	train	3	pass	True	True
P06	P06	lab_data/P06/P06_EEG_recon_2026-06-08_09h56.01.608_image_mapping.json	161	9	1	1147	lemonade	images_THINGS/object_images/lemonade/lemonade_01b.jpg	/media/psycontrol/HDD/Datasets/THINGS/images_THINGS/object_images/lemonade/lemonade_01b.jpg	True	True	2	1132241	1780910053668.000	easy_marker_manifest_order_min_gap_5s	pass	True	True	True	38.947166	pass	560	146	train	3	pass	True	True
P06	P06	lab_data/P06/P06_EEG_recon_2026-06-08_09h56.01.608_image_mapping.json	162	9	2	1083	shirt	images_THINGS/object_images/shirt/shirt_03s.jpg	/media/psycontrol/HDD/Datasets/THINGS/images_THINGS/object_images/shirt/shirt_03s.jpg	True	False	1	1135233	1780910059653.000	easy_marker_manifest_order_min_gap_5s	pass	True	True	True	41.366318	pass	561	82	train	3	pass	True	True
P06	P06	lab_data/P06/P06_EEG_recon_2026-06-08_09h56.01.608_image_mapping.json	163	9	3	1041	octopus	images_THINGS/object_images/octopus/octopus_09s.jpg	/media/psycontrol/HDD/Datasets/THINGS/images_THINGS/object_images/octopus/octopus_09s.jpg	True	False	1	1138303	1780910065793.000	easy_marker_manifest_order_min_gap_5s	pass	True	True	True	55.698494	pass	562	40	train	3	pass	True	True
P06	P06	lab_data/P06/P06_EEG_recon_2026-06-08_09h56.01.608_image_mapping.json	164	9	4	1018	coffee	images_THINGS/object_images/coffee/coffee_15s.jpg	/media/psycontrol/HDD/Datasets/THINGS/images_THINGS/object_images/coffee/coffee_15s.jpg	True	False	1	1141220	1780910071627.000	easy_marker_manifest_order_min_gap_5s	pass	True	True	True	37.636734	pass	563	17	val	3	pass	True	True
P06	P06	lab_data/P06/P06_EEG_recon_2026-06-08_09h56.01.608_image_mapping.json	165	9	5	1136	snake	images_THINGS/object_images/snake/snake_16n.jpg	/media/psycontrol/HDD/Datasets/THINGS/images_THINGS/object_images/snake/snake_16n.jpg	True	False	1	1144167	1780910077522.000	easy_marker_manifest_order_min_gap_5s	pass	True	True	True	61.869629	pass	564	135	train	3	pass	True	True
P06	P06	lab_data/P06/P06_EEG_recon_2026-06-08_09h56.01.608_image_mapping.json	166	9	6	1044	raccoon	images_THINGS/object_images/raccoon/raccoon_08n.jpg	/media/psycontrol/HDD/Datasets/THINGS/images_THINGS/object_images/raccoon/raccoon_08n.jpg	True	False	1	1147111	1780910083410.000	easy_marker_manifest_order_min_gap_5s	pass	True	True	True	41.755341	pass	565	43	train	3	pass	True	True
P06	P06	lab_data/P06/P06_EEG_recon_2026-06-08_09h56.01.608_image_mapping.json	167	9	7	1027	memory_stick	images_THINGS/object_images/memory_stick/memory_stick_08s.jpg	/media/psycontrol/HDD/Datasets/THINGS/images_THINGS/object_images/memory_stick/memory_stick_08s.jpg	True	True	2	1150115	1780910089418.000	easy_marker_manifest_order_min_gap_5s	pass	True	True	True	31.450188	pass	566	26	train	3	pass	True	True
P06	P06	lab_data/P06/P06_EEG_recon_2026-06-08_09h56.01.608_image_mapping.json	168	9	8	1128	toad	images_THINGS/object_images/toad/toad_01b.jpg	/media/psycontrol/HDD/Datasets/THINGS/images_THINGS/object_images/toad/toad_01b.jpg	True	False	1	1153024	1780910095237.000	easy_marker_manifest_order_min_gap_5s	pass	True	True	True	33.084362	pass	567	127	train	3	pass	True	True
P06	P06	lab_data/P06/P06_EEG_recon_2026-06-08_09h56.01.608_image_mapping.json	169	9	9	1043	ostrich	images_THINGS/object_images/ostrich/ostrich_15s.jpg	/media/psycontrol/HDD/Datasets/THINGS/images_THINGS/object_images/ostrich/ostrich_15s.jpg	True	False	1	1156066	1780910101321.000	easy_marker_manifest_order_min_gap_5s	pass	True	True	True	30.220020	pass	568	42	val	3	pass	True	True
P06	P06	lab_data/P06/P06_EEG_recon_2026-06-08_09h56.01.608_image_mapping.json	170	9	10	1099	tricycle	images_THINGS/object_images/tricycle/tricycle_12s.jpg	/media/psycontrol/HDD/Datasets/THINGS/images_THINGS/object_images/tricycle/tricycle_12s.jpg	True	False	1	1159048	1780910107286.000	easy_marker_manifest_order_min_gap_5s	pass	True	True	True	42.417519	pass	569	98	train	3	pass	True	True
P06	P06	lab_data/P06/P06_EEG_recon_2026-06-08_09h56.01.608_image_mapping.json	171	9	11	1117	hamster	images_THINGS/object_images/hamster/hamster_07s.jpg	/media/psycontrol/HDD/Datasets/THINGS/images_THINGS/object_images/hamster/hamster_07s.jpg	True	False	1	1161936	1780910113063.000	easy_marker_manifest_order_min_gap_5s	pass	True	True	True	23.439024	pass	570	116	train	3	pass	True	True
P06	P06	lab_data/P06/P06_EEG_recon_2026-06-08_09h56.01.608_image_mapping.json	172	9	12	1030	puffin	images_THINGS/object_images/puffin/puffin_02s.jpg	/media/psycontrol/HDD/Datasets/THINGS/images_THINGS/object_images/puffin/puffin_02s.jpg	True	False	1	1164836	1780910118863.000	easy_marker_manifest_order_min_gap_5s	pass	True	True	True	31.248571	pass	571	29	train	3	pass	True	True
P06	P06	lab_data/P06/P06_EEG_recon_2026-06-08_09h56.01.608_image_mapping.json	173	9	13	1080	camcorder	images_THINGS/object_images/camcorder/camcorder_07s.jpg	/media/psycontrol/HDD/Datasets/THINGS/images_THINGS/object_images/camcorder/camcorder_07s.jpg	True	False	1	1167850	1780910124891.000	easy_marker_manifest_order_min_gap_5s	pass	True	True	True	26.039860	pass	572	79	train	3	pass	True	True
P06	P06	lab_data/P06/P06_EEG_recon_2026-06-08_09h56.01.608_image_mapping.json	174	9	14	1070	dragonfly	images_THINGS/object_images/dragonfly/dragonfly_10s.jpg	/media/psycontrol/HDD/Datasets/THINGS/images_THINGS/object_images/dragonfly/dragonfly_10s.jpg	True	False	1	1170846	1780910130884.000	easy_marker_manifest_order_min_gap_5s	pass	True	True	True	51.573990	pass	573	69	train	3	pass	True	True
P06	P06	lab_data/P06/P06_EEG_recon_2026-06-08_09h56.01.608_image_mapping.json	175	9	15	1007	mirror	images_THINGS/object_images/mirror/mirror_08s.jpg	/media/psycontrol/HDD/Datasets/THINGS/images_THINGS/object_images/mirror/mirror_08s.jpg	True	False	1	1173807	1780910136807.000	easy_marker_manifest_order_min_gap_5s	pass	True	True	True	21.439825	pass	574	6	train	3	pass	True	True
P06	P06	lab_data/P06/P06_EEG_recon_2026-06-08_09h56.01.608_image_mapping.json	176	9	16	1059	zucchini	images_THINGS/object_images/zucchini/zucchini_02s.jpg	/media/psycontrol/HDD/Datasets/THINGS/images_THINGS/object_images/zucchini/zucchini_02s.jpg	True	True	2	1176713	1780910142619.000	easy_marker_manifest_order_min_gap_5s	pass	True	True	True	22.015181	pass	575	58	train	3	pass	True	True
P06	P06	lab_data/P06/P06_EEG_recon_2026-06-08_09h56.01.608_image_mapping.json	177	9	17	1158	bulldozer	images_THINGS/object_images/bulldozer/bulldozer_06s.jpg	/media/psycontrol/HDD/Datasets/THINGS/images_THINGS/object_images/bulldozer/bulldozer_06s.jpg	True	False	1	1179685	1780910148563.000	easy_marker_manifest_order_min_gap_5s	pass	True	True	True	25.162333	pass	576	157	train	3	pass	True	True
P06	P06	lab_data/P06/P06_EEG_recon_2026-06-08_09h56.01.608_image_mapping.json	178	9	18	1051	yacht	images_THINGS/object_images/yacht/yacht_05s.jpg	/media/psycontrol/HDD/Datasets/THINGS/images_THINGS/object_images/yacht/yacht_05s.jpg	True	True	2	1182789	1780910154772.000	easy_marker_manifest_order_min_gap_5s	pass	True	True	True	26.032982	pass	577	50	train	3	pass	True	True
P06	P06	lab_data/P06/P06_EEG_recon_2026-06-08_09h56.01.608_image_mapping.json	179	9	19	1076	groundhog	images_THINGS/object_images/groundhog/groundhog_01b.jpg	/media/psycontrol/HDD/Datasets/THINGS/images_THINGS/object_images/groundhog/groundhog_01b.jpg	True	False	1	1185834	1780910160863.000	easy_marker_manifest_order_min_gap_5s	pass	True	True	True	51.703415	pass	578	75	train	3	pass	True	True
P06	P06	lab_data/P06/P06_EEG_recon_2026-06-08_09h56.01.608_image_mapping.json	180	9	20	1122	webcam	images_THINGS/object_images/webcam/webcam_08s.jpg	/media/psycontrol/HDD/Datasets/THINGS/images_THINGS/object_images/webcam/webcam_08s.jpg	True	False	1	1188896	1780910166987.000	easy_marker_manifest_order_min_gap_5s	pass	True	True	True	23.892994	pass	579	121	train	3	pass	True	True
P06	P06	lab_data/P06/P06_EEG_recon_2026-06-08_09h56.01.608_image_mapping.json	181	10	1	1052	wallpaper	images_THINGS/object_images/wallpaper/wallpaper_01b.jpg	/media/psycontrol/HDD/Datasets/THINGS/images_THINGS/object_images/wallpaper/wallpaper_01b.jpg	True	True	2	1202004	1780910193204.000	easy_marker_manifest_order_min_gap_5s	pass	True	True	True	43.770378	pass	580	51	train	3	pass	True	True
P06	P06	lab_data/P06/P06_EEG_recon_2026-06-08_09h56.01.608_image_mapping.json	182	10	2	1142	piglet	images_THINGS/object_images/piglet/piglet_07s.jpg	/media/psycontrol/HDD/Datasets/THINGS/images_THINGS/object_images/piglet/piglet_07s.jpg	True	False	1	1204972	1780910199140.000	easy_marker_manifest_order_min_gap_5s	pass	True	True	True	26.444284	pass	581	141	train	3	pass	True	True
P06	P06	lab_data/P06/P06_EEG_recon_2026-06-08_09h56.01.608_image_mapping.json	183	10	3	1064	fly	images_THINGS/object_images/fly/fly_17s.jpg	/media/psycontrol/HDD/Datasets/THINGS/images_THINGS/object_images/fly/fly_17s.jpg	True	False	1	1208000	1780910205197.000	easy_marker_manifest_order_min_gap_5s	pass	True	True	True	47.132706	pass	582	63	train	3	pass	True	True
P06	P06	lab_data/P06/P06_EEG_recon_2026-06-08_09h56.01.608_image_mapping.json	184	10	4	1060	squirrel	images_THINGS/object_images/squirrel/squirrel_12n.jpg	/media/psycontrol/HDD/Datasets/THINGS/images_THINGS/object_images/squirrel/squirrel_12n.jpg	True	True	2	1210960	1780910211119.000	easy_marker_manifest_order_min_gap_5s	pass	True	True	True	39.669369	pass	583	59	train	3	pass	True	True
P06	P06	lab_data/P06/P06_EEG_recon_2026-06-08_09h56.01.608_image_mapping.json	185	10	5	1048	sombrero	images_THINGS/object_images/sombrero/sombrero_11s.jpg	/media/psycontrol/HDD/Datasets/THINGS/images_THINGS/object_images/sombrero/sombrero_11s.jpg	True	False	1	1214034	1780910217266.000	easy_marker_manifest_order_min_gap_5s	pass	True	True	True	29.168156	pass	584	47	train	3	pass	True	True
P06	P06	lab_data/P06/P06_EEG_recon_2026-06-08_09h56.01.608_image_mapping.json	186	10	6	1009	papaya	images_THINGS/object_images/papaya/papaya_08s.jpg	/media/psycontrol/HDD/Datasets/THINGS/images_THINGS/object_images/papaya/papaya_08s.jpg	True	False	1	1217037	1780910223273.000	easy_marker_manifest_order_min_gap_5s	pass	True	True	True	22.271065	pass	585	8	train	3	pass	True	True
P06	P06	lab_data/P06/P06_EEG_recon_2026-06-08_09h56.01.608_image_mapping.json	187	10	7	1072	blackberry	images_THINGS/object_images/blackberry/blackberry_08s.jpg	/media/psycontrol/HDD/Datasets/THINGS/images_THINGS/object_images/blackberry/blackberry_08s.jpg	True	False	1	1220155	1780910229509.000	easy_marker_manifest_order_min_gap_5s	pass	True	True	True	20.335405	pass	586	71	train	3	pass	True	True
P06	P06	lab_data/P06/P06_EEG_recon_2026-06-08_09h56.01.608_image_mapping.json	188	10	8	1089	unicycle	images_THINGS/object_images/unicycle/unicycle_08s.jpg	/media/psycontrol/HDD/Datasets/THINGS/images_THINGS/object_images/unicycle/unicycle_08s.jpg	True	False	1	1223155	1780910235510.000	easy_marker_manifest_order_min_gap_5s	pass	True	True	True	23.058065	pass	587	88	train	3	pass	True	True
P06	P06	lab_data/P06/P06_EEG_recon_2026-06-08_09h56.01.608_image_mapping.json	189	10	9	1075	filing_cabinet	images_THINGS/object_images/filing_cabinet/filing_cabinet_10s.jpg	/media/psycontrol/HDD/Datasets/THINGS/images_THINGS/object_images/filing_cabinet/filing_cabinet_10s.jpg	True	False	1	1226047	1780910241294.000	easy_marker_manifest_order_min_gap_5s	pass	True	True	True	22.654736	pass	588	74	train	3	pass	True	True
P06	P06	lab_data/P06/P06_EEG_recon_2026-06-08_09h56.01.608_image_mapping.json	190	10	10	1029	sheep	images_THINGS/object_images/sheep/sheep_06s.jpg	/media/psycontrol/HDD/Datasets/THINGS/images_THINGS/object_images/sheep/sheep_06s.jpg	True	False	1	1228981	1780910247162.000	easy_marker_manifest_order_min_gap_5s	pass	True	True	True	52.435478	pass	589	28	train	3	pass	True	True
P06	P06	lab_data/P06/P06_EEG_recon_2026-06-08_09h56.01.608_image_mapping.json	191	10	11	1069	rollerblade	images_THINGS/object_images/rollerblade/rollerblade_05s.jpg	/media/psycontrol/HDD/Datasets/THINGS/images_THINGS/object_images/rollerblade/rollerblade_05s.jpg	True	False	1	1231873	1780910252947.000	easy_marker_manifest_order_min_gap_5s	pass	True	True	True	43.414806	pass	590	68	train	3	pass	True	True
P06	P06	lab_data/P06/P06_EEG_recon_2026-06-08_09h56.01.608_image_mapping.json	192	10	12	1126	helicopter	images_THINGS/object_images/helicopter/helicopter_20s.jpg	/media/psycontrol/HDD/Datasets/THINGS/images_THINGS/object_images/helicopter/helicopter_20s.jpg	True	True	2	1234925	1780910259051.000	easy_marker_manifest_order_min_gap_5s	pass	True	True	True	70.030006	pass	591	125	train	3	pass	True	True
P06	P06	lab_data/P06/P06_EEG_recon_2026-06-08_09h56.01.608_image_mapping.json	193	10	13	1019	videocassette	images_THINGS/object_images/videocassette/videocassette_07n.jpg	/media/psycontrol/HDD/Datasets/THINGS/images_THINGS/object_images/videocassette/videocassette_07n.jpg	True	False	1	1237813	1780910264828.000	easy_marker_manifest_order_min_gap_5s	pass	True	True	True	99.178581	pass	592	18	val	3	pass	True	True
P06	P06	lab_data/P06/P06_EEG_recon_2026-06-08_09h56.01.608_image_mapping.json	194	10	14	1005	ottoman	images_THINGS/object_images/ottoman/ottoman_05s.jpg	/media/psycontrol/HDD/Datasets/THINGS/images_THINGS/object_images/ottoman/ottoman_05s.jpg	True	False	1	1240928	1780910271057.000	easy_marker_manifest_order_min_gap_5s	pass	True	True	True	31.343212	pass	593	4	train	3	pass	True	True
P06	P06	lab_data/P06/P06_EEG_recon_2026-06-08_09h56.01.608_image_mapping.json	195	10	15	1116	praying_mantis	images_THINGS/object_images/praying_mantis/praying_mantis_08s.jpg	/media/psycontrol/HDD/Datasets/THINGS/images_THINGS/object_images/praying_mantis/praying_mantis_08s.jpg	True	False	1	1244036	1780910277274.000	easy_marker_manifest_order_min_gap_5s	pass	True	True	True	33.621128	pass	594	115	train	3	pass	True	True
P06	P06	lab_data/P06/P06_EEG_recon_2026-06-08_09h56.01.608_image_mapping.json	196	10	16	1022	shoe	images_THINGS/object_images/shoe/shoe_01s.jpg	/media/psycontrol/HDD/Datasets/THINGS/images_THINGS/object_images/shoe/shoe_01s.jpg	True	False	1	1247060	1780910283322.000	easy_marker_manifest_order_min_gap_5s	pass	True	True	True	29.874788	pass	595	21	train	3	pass	True	True
P06	P06	lab_data/P06/P06_EEG_recon_2026-06-08_09h56.01.608_image_mapping.json	197	10	17	1066	giraffe	images_THINGS/object_images/giraffe/giraffe_17s.jpg	/media/psycontrol/HDD/Datasets/THINGS/images_THINGS/object_images/giraffe/giraffe_17s.jpg	True	False	1	1250167	1780910289537.000	easy_marker_manifest_order_min_gap_5s	pass	True	True	True	82.595802	pass	596	65	train	3	pass	True	True
P06	P06	lab_data/P06/P06_EEG_recon_2026-06-08_09h56.01.608_image_mapping.json	198	10	18	1004	dalmatian	images_THINGS/object_images/dalmatian/dalmatian_02s.jpg	/media/psycontrol/HDD/Datasets/THINGS/images_THINGS/object_images/dalmatian/dalmatian_02s.jpg	True	False	1	1253205	1780910295613.000	easy_marker_manifest_order_min_gap_5s	pass	True	True	True	28.641256	pass	597	3	train	3	pass	True	True
P06	P06	lab_data/P06/P06_EEG_recon_2026-06-08_09h56.01.608_image_mapping.json	199	10	19	1157	barnacle	images_THINGS/object_images/barnacle/barnacle_11s.jpg	/media/psycontrol/HDD/Datasets/THINGS/images_THINGS/object_images/barnacle/barnacle_11s.jpg	True	True	2	1256091	1780910301385.000	easy_marker_manifest_order_min_gap_5s	pass	True	True	True	21.480923	pass	598	156	val	3	pass	True	True
P06	P06	lab_data/P06/P06_EEG_recon_2026-06-08_09h56.01.608_image_mapping.json	200	10	20	1024	lab_coat	images_THINGS/object_images/lab_coat/lab_coat_08s.jpg	/media/psycontrol/HDD/Datasets/THINGS/images_THINGS/object_images/lab_coat/lab_coat_08s.jpg	True	False	1	1259173	1780910307550.000	easy_marker_manifest_order_min_gap_5s	pass	True	True	True	22.650009	pass	599	23	train	3	pass	True	True
P07	P07	lab_data/P07/P07_EEG_recon_2026-06-08_13h33.36.114_image_mapping.json	1	1	1	1096	beaver	images_THINGS/object_images/beaver/beaver_13n.jpg	/media/psycontrol/HDD/Datasets/THINGS/images_THINGS/object_images/beaver/beaver_13n.jpg	True	False	1	548721	1780920996119.000	easy_marker_manifest_order_min_gap_5s	pass	True	True	True	20.912357	pass	600	95	train	4	pass	True	True
P07	P07	lab_data/P07/P07_EEG_recon_2026-06-08_13h33.36.114_image_mapping.json	2	1	2	1124	nightshirt	images_THINGS/object_images/nightshirt/nightshirt_11s.jpg	/media/psycontrol/HDD/Datasets/THINGS/images_THINGS/object_images/nightshirt/nightshirt_11s.jpg	True	False	2	551829	1780921002336.000	easy_marker_manifest_order_min_gap_5s	pass	True	True	True	27.075251	pass	601	123	val	4	pass	True	True
P07	P07	lab_data/P07/P07_EEG_recon_2026-06-08_13h33.36.114_image_mapping.json	3	1	3	1006	cardinal	images_THINGS/object_images/cardinal/cardinal_02s.jpg	/media/psycontrol/HDD/Datasets/THINGS/images_THINGS/object_images/cardinal/cardinal_02s.jpg	True	False	2	554787	1780921008252.000	easy_marker_manifest_order_min_gap_5s	pass	True	True	True	23.450724	pass	602	5	train	4	pass	True	True
P07	P07	lab_data/P07/P07_EEG_recon_2026-06-08_13h33.36.114_image_mapping.json	4	1	4	1071	mongoose	images_THINGS/object_images/mongoose/mongoose_10s.jpg	/media/psycontrol/HDD/Datasets/THINGS/images_THINGS/object_images/mongoose/mongoose_10s.jpg	True	False	2	557735	1780921014148.000	easy_marker_manifest_order_min_gap_5s	pass	True	True	True	21.946732	pass	603	70	train	4	pass	True	True
P07	P07	lab_data/P07/P07_EEG_recon_2026-06-08_13h33.36.114_image_mapping.json	5	1	5	1077	bison	images_THINGS/object_images/bison/bison_08s.jpg	/media/psycontrol/HDD/Datasets/THINGS/images_THINGS/object_images/bison/bison_08s.jpg	True	False	1	560735	1780921020148.000	easy_marker_manifest_order_min_gap_5s	pass	True	True	True	21.138657	pass	604	76	val	4	pass	True	True
P07	P07	lab_data/P07/P07_EEG_recon_2026-06-08_13h33.36.114_image_mapping.json	6	1	6	1159	pear	images_THINGS/object_images/pear/pear_09s.jpg	/media/psycontrol/HDD/Datasets/THINGS/images_THINGS/object_images/pear/pear_09s.jpg	True	False	2	563634	1780921025946.000	easy_marker_manifest_order_min_gap_5s	pass	True	True	True	27.519663	pass	605	158	train	4	pass	True	True
P07	P07	lab_data/P07/P07_EEG_recon_2026-06-08_13h33.36.114_image_mapping.json	7	1	7	1062	antelope	images_THINGS/object_images/antelope/antelope_12n.jpg	/media/psycontrol/HDD/Datasets/THINGS/images_THINGS/object_images/antelope/antelope_12n.jpg	True	False	2	566728	1780921032135.000	easy_marker_manifest_order_min_gap_5s	pass	True	True	True	22.154327	pass	606	61	val	4	pass	True	True
P07	P07	lab_data/P07/P07_EEG_recon_2026-06-08_13h33.36.114_image_mapping.json	8	1	8	1145	rocking_chair	images_THINGS/object_images/rocking_chair/rocking_chair_07s.jpg	/media/psycontrol/HDD/Datasets/THINGS/images_THINGS/object_images/rocking_chair/rocking_chair_07s.jpg	True	False	2	569616	1780921037911.000	easy_marker_manifest_order_min_gap_5s	pass	True	True	True	85.646927	pass	607	144	train	4	pass	True	True
P07	P07	lab_data/P07/P07_EEG_recon_2026-06-08_13h33.36.114_image_mapping.json	9	1	9	1015	moose	images_THINGS/object_images/moose/moose_02s.jpg	/media/psycontrol/HDD/Datasets/THINGS/images_THINGS/object_images/moose/moose_02s.jpg	True	False	2	572491	1780921043661.000	easy_marker_manifest_order_min_gap_5s	pass	True	True	True	23.239676	pass	608	14	train	4	pass	True	True
P07	P07	lab_data/P07/P07_EEG_recon_2026-06-08_13h33.36.114_image_mapping.json	10	1	10	1092	bunkbed	images_THINGS/object_images/bunkbed/bunkbed_02s.jpg	/media/psycontrol/HDD/Datasets/THINGS/images_THINGS/object_images/bunkbed/bunkbed_02s.jpg	True	False	2	575436	1780921049551.000	easy_marker_manifest_order_min_gap_5s	pass	True	True	True	15.388623	pass	609	91	train	4	pass	True	True
P07	P07	lab_data/P07/P07_EEG_recon_2026-06-08_13h33.36.114_image_mapping.json	11	1	11	1001	limousine	images_THINGS/object_images/limousine/limousine_03s.jpg	/media/psycontrol/HDD/Datasets/THINGS/images_THINGS/object_images/limousine/limousine_03s.jpg	True	False	2	578460	1780921055600.000	easy_marker_manifest_order_min_gap_5s	pass	True	True	True	23.960403	pass	610	0	val	4	pass	True	True
P07	P07	lab_data/P07/P07_EEG_recon_2026-06-08_13h33.36.114_image_mapping.json	12	1	12	1160	clam	images_THINGS/object_images/clam/clam_06s.jpg	/media/psycontrol/HDD/Datasets/THINGS/images_THINGS/object_images/clam/clam_06s.jpg	True	False	2	581331	1780921061342.000	easy_marker_manifest_order_min_gap_5s	pass	True	True	True	34.114185	pass	611	159	train	4	pass	True	True
P07	P07	lab_data/P07/P07_EEG_recon_2026-06-08_13h33.36.114_image_mapping.json	13	1	13	1020	television	images_THINGS/object_images/television/television_07s.jpg	/media/psycontrol/HDD/Datasets/THINGS/images_THINGS/object_images/television/television_07s.jpg	True	False	2	584300	1780921067280.000	easy_marker_manifest_order_min_gap_5s	pass	True	True	True	24.363380	pass	612	19	val	4	pass	True	True
P07	P07	lab_data/P07/P07_EEG_recon_2026-06-08_13h33.36.114_image_mapping.json	14	1	14	1104	speaker	images_THINGS/object_images/speaker/speaker_19n.jpg	/media/psycontrol/HDD/Datasets/THINGS/images_THINGS/object_images/speaker/speaker_19n.jpg	True	False	2	587373	1780921073427.000	easy_marker_manifest_order_min_gap_5s	pass	True	True	True	19.735659	pass	613	103	train	4	pass	True	True
P07	P07	lab_data/P07/P07_EEG_recon_2026-06-08_13h33.36.114_image_mapping.json	15	1	15	1134	sleeping_bag	images_THINGS/object_images/sleeping_bag/sleeping_bag_07s.jpg	/media/psycontrol/HDD/Datasets/THINGS/images_THINGS/object_images/sleeping_bag/sleeping_bag_07s.jpg	True	False	2	590432	1780921079545.000	easy_marker_manifest_order_min_gap_5s	pass	True	True	True	62.447010	pass	614	133	val	4	pass	True	True
P07	P07	lab_data/P07/P07_EEG_recon_2026-06-08_13h33.36.114_image_mapping.json	16	1	16	1147	lemonade	images_THINGS/object_images/lemonade/lemonade_01b.jpg	/media/psycontrol/HDD/Datasets/THINGS/images_THINGS/object_images/lemonade/lemonade_01b.jpg	True	False	2	593345	1780921085371.000	easy_marker_manifest_order_min_gap_5s	pass	True	True	True	20.670597	pass	615	146	train	4	pass	True	True
P07	P07	lab_data/P07/P07_EEG_recon_2026-06-08_13h33.36.114_image_mapping.json	17	1	17	1121	sunglasses	images_THINGS/object_images/sunglasses/sunglasses_06s.jpg	/media/psycontrol/HDD/Datasets/THINGS/images_THINGS/object_images/sunglasses/sunglasses_06s.jpg	True	False	2	596410	1780921091502.000	easy_marker_manifest_order_min_gap_5s	pass	True	True	True	24.555914	pass	616	120	val	4	pass	True	True
P07	P07	lab_data/P07/P07_EEG_recon_2026-06-08_13h33.36.114_image_mapping.json	18	1	18	1035	lizard	images_THINGS/object_images/lizard/lizard_01b.jpg	/media/psycontrol/HDD/Datasets/THINGS/images_THINGS/object_images/lizard/lizard_01b.jpg	True	False	1	599424	1780921097530.000	easy_marker_manifest_order_min_gap_5s	pass	True	True	True	19.149815	pass	617	34	train	4	pass	True	True
P07	P07	lab_data/P07/P07_EEG_recon_2026-06-08_13h33.36.114_image_mapping.json	19	1	19	1052	wallpaper	images_THINGS/object_images/wallpaper/wallpaper_01b.jpg	/media/psycontrol/HDD/Datasets/THINGS/images_THINGS/object_images/wallpaper/wallpaper_01b.jpg	True	False	2	602334	1780921103350.000	easy_marker_manifest_order_min_gap_5s	pass	True	True	True	17.867933	pass	618	51	train	4	pass	True	True
P07	P07	lab_data/P07/P07_EEG_recon_2026-06-08_13h33.36.114_image_mapping.json	20	1	20	1132	polar_bear	images_THINGS/object_images/polar_bear/polar_bear_18s.jpg	/media/psycontrol/HDD/Datasets/THINGS/images_THINGS/object_images/polar_bear/polar_bear_18s.jpg	True	False	2	605316	1780921109315.000	easy_marker_manifest_order_min_gap_5s	pass	True	True	True	30.768560	pass	619	131	val	4	pass	True	True
P07	P07	lab_data/P07/P07_EEG_recon_2026-06-08_13h33.36.114_image_mapping.json	21	2	1	1071	mongoose	images_THINGS/object_images/mongoose/mongoose_10s.jpg	/media/psycontrol/HDD/Datasets/THINGS/images_THINGS/object_images/mongoose/mongoose_10s.jpg	True	True	2	612620	1780921123923.000	easy_marker_manifest_order_min_gap_5s	pass	True	True	True	20.958096	pass	620	70	train	4	pass	True	True
P07	P07	lab_data/P07/P07_EEG_recon_2026-06-08_13h33.36.114_image_mapping.json	22	2	2	1150	chick	images_THINGS/object_images/chick/chick_10s.jpg	/media/psycontrol/HDD/Datasets/THINGS/images_THINGS/object_images/chick/chick_10s.jpg	True	False	2	624603	1780921147891.000	easy_marker_manifest_order_min_gap_5s	pass	True	True	True	20.324123	pass	621	149	train	4	pass	True	True
P07	P07	lab_data/P07/P07_EEG_recon_2026-06-08_13h33.36.114_image_mapping.json	23	2	3	1134	sleeping_bag	images_THINGS/object_images/sleeping_bag/sleeping_bag_07s.jpg	/media/psycontrol/HDD/Datasets/THINGS/images_THINGS/object_images/sleeping_bag/sleeping_bag_07s.jpg	True	True	2	627392	1780921153469.000	easy_marker_manifest_order_min_gap_5s	pass	True	True	True	17.142626	pass	622	133	val	4	pass	True	True
P07	P07	lab_data/P07/P07_EEG_recon_2026-06-08_13h33.36.114_image_mapping.json	24	2	4	1053	reindeer	images_THINGS/object_images/reindeer/reindeer_14s.jpg	/media/psycontrol/HDD/Datasets/THINGS/images_THINGS/object_images/reindeer/reindeer_14s.jpg	True	False	2	630656	1780921159997.000	easy_marker_manifest_order_min_gap_5s	pass	True	True	True	26.060520	pass	623	52	val	4	pass	True	True
P07	P07	lab_data/P07/P07_EEG_recon_2026-06-08_13h33.36.114_image_mapping.json	25	2	5	1060	squirrel	images_THINGS/object_images/squirrel/squirrel_12n.jpg	/media/psycontrol/HDD/Datasets/THINGS/images_THINGS/object_images/squirrel/squirrel_12n.jpg	True	False	2	633763	1780921166212.000	easy_marker_manifest_order_min_gap_5s	pass	True	True	True	16.334949	pass	624	59	train	4	pass	True	True
P07	P07	lab_data/P07/P07_EEG_recon_2026-06-08_13h33.36.114_image_mapping.json	26	2	6	1001	limousine	images_THINGS/object_images/limousine/limousine_03s.jpg	/media/psycontrol/HDD/Datasets/THINGS/images_THINGS/object_images/limousine/limousine_03s.jpg	True	True	2	636634	1780921171954.000	easy_marker_manifest_order_min_gap_5s	pass	True	True	True	21.287136	pass	625	0	val	4	pass	True	True
P07	P07	lab_data/P07/P07_EEG_recon_2026-06-08_13h33.36.114_image_mapping.json	27	2	7	1115	marshmallow	images_THINGS/object_images/marshmallow/marshmallow_09s.jpg	/media/psycontrol/HDD/Datasets/THINGS/images_THINGS/object_images/marshmallow/marshmallow_09s.jpg	True	False	1	639825	1780921178336.000	easy_marker_manifest_order_min_gap_5s	pass	True	True	True	23.868595	pass	626	114	train	4	pass	True	True
P07	P07	lab_data/P07/P07_EEG_recon_2026-06-08_13h33.36.114_image_mapping.json	28	2	8	1159	pear	images_THINGS/object_images/pear/pear_09s.jpg	/media/psycontrol/HDD/Datasets/THINGS/images_THINGS/object_images/pear/pear_09s.jpg	True	True	2	642624	1780921183935.000	easy_marker_manifest_order_min_gap_5s	pass	True	True	True	20.034510	pass	627	158	train	4	pass	True	True
P07	P07	lab_data/P07/P07_EEG_recon_2026-06-08_13h33.36.114_image_mapping.json	29	2	9	1012	burrito	images_THINGS/object_images/burrito/burrito_07s.jpg	/media/psycontrol/HDD/Datasets/THINGS/images_THINGS/object_images/burrito/burrito_07s.jpg	True	False	2	645901	1780921190489.000	easy_marker_manifest_order_min_gap_5s	pass	True	True	True	17.210583	pass	628	11	val	4	pass	True	True
P07	P07	lab_data/P07/P07_EEG_recon_2026-06-08_13h33.36.114_image_mapping.json	30	2	10	1036	ladybug	images_THINGS/object_images/ladybug/ladybug_07s.jpg	/media/psycontrol/HDD/Datasets/THINGS/images_THINGS/object_images/ladybug/ladybug_07s.jpg	True	False	1	648950	1780921196587.000	easy_marker_manifest_order_min_gap_5s	pass	True	True	True	25.115107	pass	629	35	train	4	pass	True	True
P07	P07	lab_data/P07/P07_EEG_recon_2026-06-08_13h33.36.114_image_mapping.json	31	2	11	1045	goose	images_THINGS/object_images/goose/goose_08s.jpg	/media/psycontrol/HDD/Datasets/THINGS/images_THINGS/object_images/goose/goose_08s.jpg	True	False	2	651897	1780921202482.000	easy_marker_manifest_order_min_gap_5s	pass	True	True	True	19.996134	pass	630	44	train	4	pass	True	True
P07	P07	lab_data/P07/P07_EEG_recon_2026-06-08_13h33.36.114_image_mapping.json	32	2	12	1095	mouse2	images_THINGS/object_images/mouse2/mouse2_17s.jpg	/media/psycontrol/HDD/Datasets/THINGS/images_THINGS/object_images/mouse2/mouse2_17s.jpg	True	False	1	654810	1780921208308.000	easy_marker_manifest_order_min_gap_5s	pass	True	True	True	23.260588	pass	631	94	val	4	pass	True	True
P07	P07	lab_data/P07/P07_EEG_recon_2026-06-08_13h33.36.114_image_mapping.json	33	2	13	1144	tarantula	images_THINGS/object_images/tarantula/tarantula_12s.jpg	/media/psycontrol/HDD/Datasets/THINGS/images_THINGS/object_images/tarantula/tarantula_12s.jpg	True	False	2	657755	1780921214198.000	easy_marker_manifest_order_min_gap_5s	pass	True	True	True	24.981220	pass	632	143	val	4	pass	True	True
P07	P07	lab_data/P07/P07_EEG_recon_2026-06-08_13h33.36.114_image_mapping.json	34	2	14	1057	eggnog	images_THINGS/object_images/eggnog/eggnog_03s.jpg	/media/psycontrol/HDD/Datasets/THINGS/images_THINGS/object_images/eggnog/eggnog_03s.jpg	True	False	1	660623	1780921219934.000	easy_marker_manifest_order_min_gap_5s	pass	True	True	True	20.606091	pass	633	56	train	4	pass	True	True
P07	P07	lab_data/P07/P07_EEG_recon_2026-06-08_13h33.36.114_image_mapping.json	35	2	15	1112	hard_disk	images_THINGS/object_images/hard_disk/hard_disk_13s.jpg	/media/psycontrol/HDD/Datasets/THINGS/images_THINGS/object_images/hard_disk/hard_disk_13s.jpg	True	False	1	663681	1780921226051.000	easy_marker_manifest_order_min_gap_5s	pass	True	True	True	17.945768	pass	634	111	train	4	pass	True	True
P07	P07	lab_data/P07/P07_EEG_recon_2026-06-08_13h33.36.114_image_mapping.json	36	2	16	1108	possum	images_THINGS/object_images/possum/possum_03s.jpg	/media/psycontrol/HDD/Datasets/THINGS/images_THINGS/object_images/possum/possum_03s.jpg	True	False	1	666775	1780921232239.000	easy_marker_manifest_order_min_gap_5s	pass	True	True	True	40.949734	pass	635	107	train	4	pass	True	True
P07	P07	lab_data/P07/P07_EEG_recon_2026-06-08_13h33.36.114_image_mapping.json	37	2	17	1160	clam	images_THINGS/object_images/clam/clam_06s.jpg	/media/psycontrol/HDD/Datasets/THINGS/images_THINGS/object_images/clam/clam_06s.jpg	True	True	2	669636	1780921237961.000	easy_marker_manifest_order_min_gap_5s	pass	True	True	True	21.569941	pass	636	159	train	4	pass	True	True
P07	P07	lab_data/P07/P07_EEG_recon_2026-06-08_13h33.36.114_image_mapping.json	38	2	18	1031	fish	images_THINGS/object_images/fish/fish_01b.jpg	/media/psycontrol/HDD/Datasets/THINGS/images_THINGS/object_images/fish/fish_01b.jpg	True	False	1	672764	1780921244218.000	easy_marker_manifest_order_min_gap_5s	pass	True	True	True	25.135529	pass	637	30	val	4	pass	True	True
P07	P07	lab_data/P07/P07_EEG_recon_2026-06-08_13h33.36.114_image_mapping.json	39	2	19	1016	ant	images_THINGS/object_images/ant/ant_08s.jpg	/media/psycontrol/HDD/Datasets/THINGS/images_THINGS/object_images/ant/ant_08s.jpg	True	False	1	675733	1780921250156.000	easy_marker_manifest_order_min_gap_5s	pass	True	True	True	42.897224	pass	638	15	train	4	pass	True	True
P07	P07	lab_data/P07/P07_EEG_recon_2026-06-08_13h33.36.114_image_mapping.json	40	2	20	1118	candy_bar	images_THINGS/object_images/candy_bar/candy_bar_09s.jpg	/media/psycontrol/HDD/Datasets/THINGS/images_THINGS/object_images/candy_bar/candy_bar_09s.jpg	True	False	2	678698	1780921256086.000	easy_marker_manifest_order_min_gap_5s	pass	True	True	True	17.514481	pass	639	117	train	4	pass	True	True
P07	P07	lab_data/P07/P07_EEG_recon_2026-06-08_13h33.36.114_image_mapping.json	41	3	1	1050	artichoke	images_THINGS/object_images/artichoke/artichoke_08n.jpg	/media/psycontrol/HDD/Datasets/THINGS/images_THINGS/object_images/artichoke/artichoke_08n.jpg	True	False	1	691590	1780921281872.000	easy_marker_manifest_order_min_gap_5s	pass	True	True	True	29.366858	pass	640	49	train	4	pass	True	True
P07	P07	lab_data/P07/P07_EEG_recon_2026-06-08_13h33.36.114_image_mapping.json	42	3	2	1157	barnacle	images_THINGS/object_images/barnacle/barnacle_11s.jpg	/media/psycontrol/HDD/Datasets/THINGS/images_THINGS/object_images/barnacle/barnacle_11s.jpg	True	False	2	694534	1780921287760.000	easy_marker_manifest_order_min_gap_5s	pass	True	True	True	19.968910	pass	641	156	val	4	pass	True	True
P07	P07	lab_data/P07/P07_EEG_recon_2026-06-08_13h33.36.114_image_mapping.json	43	3	3	1098	stool	images_THINGS/object_images/stool/stool_08s.jpg	/media/psycontrol/HDD/Datasets/THINGS/images_THINGS/object_images/stool/stool_08s.jpg	True	False	1	697552	1780921293796.000	easy_marker_manifest_order_min_gap_5s	pass	True	True	True	17.048254	pass	642	97	train	4	pass	True	True
P07	P07	lab_data/P07/P07_EEG_recon_2026-06-08_13h33.36.114_image_mapping.json	44	3	4	1073	bull	images_THINGS/object_images/bull/bull_09s.jpg	/media/psycontrol/HDD/Datasets/THINGS/images_THINGS/object_images/bull/bull_09s.jpg	True	False	1	700534	1780921299761.000	easy_marker_manifest_order_min_gap_5s	pass	True	True	True	19.915396	pass	643	72	val	4	pass	True	True
P07	P07	lab_data/P07/P07_EEG_recon_2026-06-08_13h33.36.114_image_mapping.json	45	3	5	1020	television	images_THINGS/object_images/television/television_07s.jpg	/media/psycontrol/HDD/Datasets/THINGS/images_THINGS/object_images/television/television_07s.jpg	True	True	2	703138	1780921304969.000	easy_marker_manifest_order_min_gap_5s	pass	True	True	True	20.248653	pass	644	19	val	4	pass	True	True
P07	P07	lab_data/P07/P07_EEG_recon_2026-06-08_13h33.36.114_image_mapping.json	46	3	6	1151	tractor	images_THINGS/object_images/tractor/tractor_10n.jpg	/media/psycontrol/HDD/Datasets/THINGS/images_THINGS/object_images/tractor/tractor_10n.jpg	True	False	1	706527	1780921311747.000	easy_marker_manifest_order_min_gap_5s	pass	True	True	True	28.140642	pass	645	150	train	4	pass	True	True
P07	P07	lab_data/P07/P07_EEG_recon_2026-06-08_13h33.36.114_image_mapping.json	47	3	7	1119	star_fruit	images_THINGS/object_images/star_fruit/star_fruit_06s.jpg	/media/psycontrol/HDD/Datasets/THINGS/images_THINGS/object_images/star_fruit/star_fruit_06s.jpg	True	False	1	709589	1780921317872.000	easy_marker_manifest_order_min_gap_5s	pass	True	True	True	23.982492	pass	646	118	train	4	pass	True	True
P07	P07	lab_data/P07/P07_EEG_recon_2026-06-08_13h33.36.114_image_mapping.json	48	3	8	1011	raspberry	images_THINGS/object_images/raspberry/raspberry_11s.jpg	/media/psycontrol/HDD/Datasets/THINGS/images_THINGS/object_images/raspberry/raspberry_11s.jpg	True	False	1	712679	1780921324052.000	easy_marker_manifest_order_min_gap_5s	pass	True	True	True	29.578228	pass	647	10	train	4	pass	True	True
P07	P07	lab_data/P07/P07_EEG_recon_2026-06-08_13h33.36.114_image_mapping.json	49	3	9	1137	lamb	images_THINGS/object_images/lamb/lamb_12s.jpg	/media/psycontrol/HDD/Datasets/THINGS/images_THINGS/object_images/lamb/lamb_12s.jpg	True	False	1	715759	1780921330212.000	easy_marker_manifest_order_min_gap_5s	pass	True	True	True	18.287603	pass	648	136	val	4	pass	True	True
P07	P07	lab_data/P07/P07_EEG_recon_2026-06-08_13h33.36.114_image_mapping.json	50	3	10	1104	speaker	images_THINGS/object_images/speaker/speaker_19n.jpg	/media/psycontrol/HDD/Datasets/THINGS/images_THINGS/object_images/speaker/speaker_19n.jpg	True	True	2	718390	1780921335475.000	easy_marker_manifest_order_min_gap_5s	pass	True	True	True	21.586269	pass	649	103	train	4	pass	True	True
P07	P07	lab_data/P07/P07_EEG_recon_2026-06-08_13h33.36.114_image_mapping.json	51	3	11	1110	jet	images_THINGS/object_images/jet/jet_04s.jpg	/media/psycontrol/HDD/Datasets/THINGS/images_THINGS/object_images/jet/jet_04s.jpg	True	False	2	721693	1780921342081.000	easy_marker_manifest_order_min_gap_5s	pass	True	True	True	24.585835	pass	650	109	train	4	pass	True	True
P07	P07	lab_data/P07/P07_EEG_recon_2026-06-08_13h33.36.114_image_mapping.json	52	3	12	1144	tarantula	images_THINGS/object_images/tarantula/tarantula_12s.jpg	/media/psycontrol/HDD/Datasets/THINGS/images_THINGS/object_images/tarantula/tarantula_12s.jpg	True	True	2	724432	1780921347559.000	easy_marker_manifest_order_min_gap_5s	pass	True	True	True	27.813517	pass	651	143	val	4	pass	True	True
P07	P07	lab_data/P07/P07_EEG_recon_2026-06-08_13h33.36.114_image_mapping.json	53	3	13	1006	cardinal	images_THINGS/object_images/cardinal/cardinal_02s.jpg	/media/psycontrol/HDD/Datasets/THINGS/images_THINGS/object_images/cardinal/cardinal_02s.jpg	True	True	2	727368	1780921353432.000	easy_marker_manifest_order_min_gap_5s	pass	True	True	True	26.617298	pass	652	5	train	4	pass	True	True
P07	P07	lab_data/P07/P07_EEG_recon_2026-06-08_13h33.36.114_image_mapping.json	54	3	14	1097	sandwich	images_THINGS/object_images/sandwich/sandwich_06s.jpg	/media/psycontrol/HDD/Datasets/THINGS/images_THINGS/object_images/sandwich/sandwich_06s.jpg	True	False	1	730428	1780921359552.000	easy_marker_manifest_order_min_gap_5s	pass	True	True	True	22.150326	pass	653	96	val	4	pass	True	True
P07	P07	lab_data/P07/P07_EEG_recon_2026-06-08_13h33.36.114_image_mapping.json	55	3	15	1090	garlic	images_THINGS/object_images/garlic/garlic_11s.jpg	/media/psycontrol/HDD/Datasets/THINGS/images_THINGS/object_images/garlic/garlic_11s.jpg	True	False	1	733383	1780921365462.000	easy_marker_manifest_order_min_gap_5s	pass	True	True	True	21.755196	pass	654	89	val	4	pass	True	True
P07	P07	lab_data/P07/P07_EEG_recon_2026-06-08_13h33.36.114_image_mapping.json	56	3	16	1101	boat	images_THINGS/object_images/boat/boat_08s.jpg	/media/psycontrol/HDD/Datasets/THINGS/images_THINGS/object_images/boat/boat_08s.jpg	True	False	1	736452	1780921371601.000	easy_marker_manifest_order_min_gap_5s	pass	True	True	True	16.459517	pass	655	100	train	4	pass	True	True
P07	P07	lab_data/P07/P07_EEG_recon_2026-06-08_13h33.36.114_image_mapping.json	57	3	17	1132	polar_bear	images_THINGS/object_images/polar_bear/polar_bear_18s.jpg	/media/psycontrol/HDD/Datasets/THINGS/images_THINGS/object_images/polar_bear/polar_bear_18s.jpg	True	True	2	739152	1780921377001.000	easy_marker_manifest_order_min_gap_5s	pass	True	True	True	16.939001	pass	656	131	val	4	pass	True	True
P07	P07	lab_data/P07/P07_EEG_recon_2026-06-08_13h33.36.114_image_mapping.json	58	3	18	1047	drawer	images_THINGS/object_images/drawer/drawer_04s.jpg	/media/psycontrol/HDD/Datasets/THINGS/images_THINGS/object_images/drawer/drawer_04s.jpg	True	False	1	742397	1780921383491.000	easy_marker_manifest_order_min_gap_5s	pass	True	True	True	22.711971	pass	657	46	train	4	pass	True	True
P07	P07	lab_data/P07/P07_EEG_recon_2026-06-08_13h33.36.114_image_mapping.json	59	3	19	1026	asparagus	images_THINGS/object_images/asparagus/asparagus_12s.jpg	/media/psycontrol/HDD/Datasets/THINGS/images_THINGS/object_images/asparagus/asparagus_12s.jpg	True	False	1	745288	1780921389274.000	easy_marker_manifest_order_min_gap_5s	pass	True	True	True	23.268484	pass	658	25	train	4	pass	True	True
P07	P07	lab_data/P07/P07_EEG_recon_2026-06-08_13h33.36.114_image_mapping.json	60	3	20	1046	tiramisu	images_THINGS/object_images/tiramisu/tiramisu_12s.jpg	/media/psycontrol/HDD/Datasets/THINGS/images_THINGS/object_images/tiramisu/tiramisu_12s.jpg	True	False	2	748302	1780921395302.000	easy_marker_manifest_order_min_gap_5s	pass	True	True	True	16.280745	pass	659	45	train	4	pass	True	True
P07	P07	lab_data/P07/P07_EEG_recon_2026-06-08_13h33.36.114_image_mapping.json	61	4	1	1110	jet	images_THINGS/object_images/jet/jet_04s.jpg	/media/psycontrol/HDD/Datasets/THINGS/images_THINGS/object_images/jet/jet_04s.jpg	True	True	2	756972	1780921412643.000	easy_marker_manifest_order_min_gap_5s	pass	True	True	True	45.844017	pass	660	109	train	4	pass	True	True
P07	P07	lab_data/P07/P07_EEG_recon_2026-06-08_13h33.36.114_image_mapping.json	62	4	2	1149	mole	images_THINGS/object_images/mole/mole_09s.jpg	/media/psycontrol/HDD/Datasets/THINGS/images_THINGS/object_images/mole/mole_09s.jpg	True	False	1	767593	1780921433886.000	easy_marker_manifest_order_min_gap_5s	pass	True	True	True	22.827419	pass	661	148	train	4	pass	True	True
P07	P07	lab_data/P07/P07_EEG_recon_2026-06-08_13h33.36.114_image_mapping.json	63	4	3	1023	wolf	images_THINGS/object_images/wolf/wolf_12n.jpg	/media/psycontrol/HDD/Datasets/THINGS/images_THINGS/object_images/wolf/wolf_12n.jpg	True	False	2	770697	1780921440094.000	easy_marker_manifest_order_min_gap_5s	pass	True	True	True	14.002428	pass	662	22	train	4	pass	True	True
P07	P07	lab_data/P07/P07_EEG_recon_2026-06-08_13h33.36.114_image_mapping.json	64	4	4	1125	sundae	images_THINGS/object_images/sundae/sundae_09s.jpg	/media/psycontrol/HDD/Datasets/THINGS/images_THINGS/object_images/sundae/sundae_09s.jpg	True	False	2	773572	1780921445845.000	easy_marker_manifest_order_min_gap_5s	pass	True	True	True	16.801600	pass	663	124	train	4	pass	True	True
P07	P07	lab_data/P07/P07_EEG_recon_2026-06-08_13h33.36.114_image_mapping.json	65	4	5	1037	steamroller	images_THINGS/object_images/steamroller/steamroller_11n.jpg	/media/psycontrol/HDD/Datasets/THINGS/images_THINGS/object_images/steamroller/steamroller_11n.jpg	True	False	1	776482	1780921451665.000	easy_marker_manifest_order_min_gap_5s	pass	True	True	True	22.246439	pass	664	36	train	4	pass	True	True
P07	P07	lab_data/P07/P07_EEG_recon_2026-06-08_13h33.36.114_image_mapping.json	66	4	6	1120	owl	images_THINGS/object_images/owl/owl_19s.jpg	/media/psycontrol/HDD/Datasets/THINGS/images_THINGS/object_images/owl/owl_19s.jpg	True	False	2	779548	1780921457797.000	easy_marker_manifest_order_min_gap_5s	pass	True	True	True	28.935747	pass	665	119	train	4	pass	True	True
P07	P07	lab_data/P07/P07_EEG_recon_2026-06-08_13h33.36.114_image_mapping.json	67	4	7	1015	moose	images_THINGS/object_images/moose/moose_02s.jpg	/media/psycontrol/HDD/Datasets/THINGS/images_THINGS/object_images/moose/moose_02s.jpg	True	True	2	782380	1780921463462.000	easy_marker_manifest_order_min_gap_5s	pass	True	True	True	26.373377	pass	666	14	train	4	pass	True	True
P07	P07	lab_data/P07/P07_EEG_recon_2026-06-08_13h33.36.114_image_mapping.json	68	4	8	1121	sunglasses	images_THINGS/object_images/sunglasses/sunglasses_06s.jpg	/media/psycontrol/HDD/Datasets/THINGS/images_THINGS/object_images/sunglasses/sunglasses_06s.jpg	True	True	2	785396	1780921469494.000	easy_marker_manifest_order_min_gap_5s	pass	True	True	True	18.731024	pass	667	120	val	4	pass	True	True
P07	P07	lab_data/P07/P07_EEG_recon_2026-06-08_13h33.36.114_image_mapping.json	69	4	9	1049	rat	images_THINGS/object_images/rat/rat_04s.jpg	/media/psycontrol/HDD/Datasets/THINGS/images_THINGS/object_images/rat/rat_04s.jpg	True	False	1	788582	1780921475866.000	easy_marker_manifest_order_min_gap_5s	pass	True	True	True	23.362473	pass	668	48	train	4	pass	True	True
P07	P07	lab_data/P07/P07_EEG_recon_2026-06-08_13h33.36.114_image_mapping.json	70	4	10	1032	pants	images_THINGS/object_images/pants/pants_01b.jpg	/media/psycontrol/HDD/Datasets/THINGS/images_THINGS/object_images/pants/pants_01b.jpg	True	False	1	791474	1780921481651.000	easy_marker_manifest_order_min_gap_5s	pass	True	True	True	81.239563	pass	669	31	train	4	pass	True	True
P07	P07	lab_data/P07/P07_EEG_recon_2026-06-08_13h33.36.114_image_mapping.json	71	4	11	1063	car	images_THINGS/object_images/car/car_12s.jpg	/media/psycontrol/HDD/Datasets/THINGS/images_THINGS/object_images/car/car_12s.jpg	True	False	1	794498	1780921487699.000	easy_marker_manifest_order_min_gap_5s	pass	True	True	True	22.353500	pass	670	62	train	4	pass	True	True
P07	P07	lab_data/P07/P07_EEG_recon_2026-06-08_13h33.36.114_image_mapping.json	72	4	12	1118	candy_bar	images_THINGS/object_images/candy_bar/candy_bar_09s.jpg	/media/psycontrol/HDD/Datasets/THINGS/images_THINGS/object_images/candy_bar/candy_bar_09s.jpg	True	True	2	797446	1780921493595.000	easy_marker_manifest_order_min_gap_5s	pass	True	True	True	25.551920	pass	671	117	train	4	pass	True	True
P07	P07	lab_data/P07/P07_EEG_recon_2026-06-08_13h33.36.114_image_mapping.json	73	4	13	1092	bunkbed	images_THINGS/object_images/bunkbed/bunkbed_02s.jpg	/media/psycontrol/HDD/Datasets/THINGS/images_THINGS/object_images/bunkbed/bunkbed_02s.jpg	True	True	2	800132	1780921498968.000	easy_marker_manifest_order_min_gap_5s	pass	True	True	True	17.060949	pass	672	91	train	4	pass	True	True
P07	P07	lab_data/P07/P07_EEG_recon_2026-06-08_13h33.36.114_image_mapping.json	74	4	14	1038	cupcake	images_THINGS/object_images/cupcake/cupcake_07s.jpg	/media/psycontrol/HDD/Datasets/THINGS/images_THINGS/object_images/cupcake/cupcake_07s.jpg	True	False	1	803380	1780921505464.000	easy_marker_manifest_order_min_gap_5s	pass	True	True	True	24.821430	pass	673	37	train	4	pass	True	True
P07	P07	lab_data/P07/P07_EEG_recon_2026-06-08_13h33.36.114_image_mapping.json	75	4	15	1061	taco	images_THINGS/object_images/taco/taco_06n.jpg	/media/psycontrol/HDD/Datasets/THINGS/images_THINGS/object_images/taco/taco_06n.jpg	True	False	2	806449	1780921511602.000	easy_marker_manifest_order_min_gap_5s	pass	True	True	True	18.830853	pass	674	60	train	4	pass	True	True
P07	P07	lab_data/P07/P07_EEG_recon_2026-06-08_13h33.36.114_image_mapping.json	76	4	16	1130	showerhead	images_THINGS/object_images/showerhead/showerhead_05s.jpg	/media/psycontrol/HDD/Datasets/THINGS/images_THINGS/object_images/showerhead/showerhead_05s.jpg	True	False	2	809417	1780921517539.000	easy_marker_manifest_order_min_gap_5s	pass	True	True	True	21.192949	pass	675	129	train	4	pass	True	True
P07	P07	lab_data/P07/P07_EEG_recon_2026-06-08_13h33.36.114_image_mapping.json	77	4	17	1143	mango	images_THINGS/object_images/mango/mango_16s.jpg	/media/psycontrol/HDD/Datasets/THINGS/images_THINGS/object_images/mango/mango_16s.jpg	True	False	2	812348	1780921523401.000	easy_marker_manifest_order_min_gap_5s	pass	True	True	True	20.216600	pass	676	142	val	4	pass	True	True
P07	P07	lab_data/P07/P07_EEG_recon_2026-06-08_13h33.36.114_image_mapping.json	78	4	18	1123	sorbet	images_THINGS/object_images/sorbet/sorbet_05s.jpg	/media/psycontrol/HDD/Datasets/THINGS/images_THINGS/object_images/sorbet/sorbet_05s.jpg	True	False	1	815431	1780921529567.000	easy_marker_manifest_order_min_gap_5s	pass	True	True	True	15.213483	pass	677	122	val	4	pass	True	True
P07	P07	lab_data/P07/P07_EEG_recon_2026-06-08_13h33.36.114_image_mapping.json	79	4	19	1013	banana	images_THINGS/object_images/banana/banana_13s.jpg	/media/psycontrol/HDD/Datasets/THINGS/images_THINGS/object_images/banana/banana_13s.jpg	True	False	1	818479	1780921535664.000	easy_marker_manifest_order_min_gap_5s	pass	True	True	True	25.901827	pass	678	12	train	4	pass	True	True
P07	P07	lab_data/P07/P07_EEG_recon_2026-06-08_13h33.36.114_image_mapping.json	80	4	20	1139	earwig	images_THINGS/object_images/earwig/earwig_09s.jpg	/media/psycontrol/HDD/Datasets/THINGS/images_THINGS/object_images/earwig/earwig_09s.jpg	True	False	1	821347	1780921541400.000	easy_marker_manifest_order_min_gap_5s	pass	True	True	True	20.590343	pass	679	138	train	4	pass	True	True
P07	P07	lab_data/P07/P07_EEG_recon_2026-06-08_13h33.36.114_image_mapping.json	81	5	1	1079	puppy	images_THINGS/object_images/puppy/puppy_12s.jpg	/media/psycontrol/HDD/Datasets/THINGS/images_THINGS/object_images/puppy/puppy_12s.jpg	True	False	1	836080	1780921570867.000	easy_marker_manifest_order_min_gap_5s	pass	True	True	True	27.005636	pass	680	78	train	4	pass	True	True
P07	P07	lab_data/P07/P07_EEG_recon_2026-06-08_13h33.36.114_image_mapping.json	82	5	2	1082	necklace	images_THINGS/object_images/necklace/necklace_11s.jpg	/media/psycontrol/HDD/Datasets/THINGS/images_THINGS/object_images/necklace/necklace_11s.jpg	True	False	2	839135	1780921576978.000	easy_marker_manifest_order_min_gap_5s	pass	True	True	True	17.715425	pass	681	81	train	4	pass	True	True
P07	P07	lab_data/P07/P07_EEG_recon_2026-06-08_13h33.36.114_image_mapping.json	83	5	3	1131	eel	images_THINGS/object_images/eel/eel_09s.jpg	/media/psycontrol/HDD/Datasets/THINGS/images_THINGS/object_images/eel/eel_09s.jpg	True	False	1	842090	1780921582888.000	easy_marker_manifest_order_min_gap_5s	pass	True	True	True	23.819040	pass	682	130	train	4	pass	True	True
P07	P07	lab_data/P07/P07_EEG_recon_2026-06-08_13h33.36.114_image_mapping.json	84	5	4	1143	mango	images_THINGS/object_images/mango/mango_16s.jpg	/media/psycontrol/HDD/Datasets/THINGS/images_THINGS/object_images/mango/mango_16s.jpg	True	True	2	845028	1780921588764.000	easy_marker_manifest_order_min_gap_5s	pass	True	True	True	15.563918	pass	683	142	val	4	pass	True	True
P07	P07	lab_data/P07/P07_EEG_recon_2026-06-08_13h33.36.114_image_mapping.json	85	5	5	1109	wasp	images_THINGS/object_images/wasp/wasp_09n.jpg	/media/psycontrol/HDD/Datasets/THINGS/images_THINGS/object_images/wasp/wasp_09n.jpg	True	False	1	848152	1780921595013.000	easy_marker_manifest_order_min_gap_5s	pass	True	True	True	21.218596	pass	684	108	train	4	pass	True	True
P07	P07	lab_data/P07/P07_EEG_recon_2026-06-08_13h33.36.114_image_mapping.json	86	5	6	1046	tiramisu	images_THINGS/object_images/tiramisu/tiramisu_12s.jpg	/media/psycontrol/HDD/Datasets/THINGS/images_THINGS/object_images/tiramisu/tiramisu_12s.jpg	True	True	2	850990	1780921600689.000	easy_marker_manifest_order_min_gap_5s	pass	True	True	True	26.379433	pass	685	45	train	4	pass	True	True
P07	P07	lab_data/P07/P07_EEG_recon_2026-06-08_13h33.36.114_image_mapping.json	87	5	7	1133	cockatoo	images_THINGS/object_images/cockatoo/cockatoo_04s.jpg	/media/psycontrol/HDD/Datasets/THINGS/images_THINGS/object_images/cockatoo/cockatoo_04s.jpg	True	False	1	854107	1780921606923.000	easy_marker_manifest_order_min_gap_5s	pass	True	True	True	22.335587	pass	686	132	train	4	pass	True	True
P07	P07	lab_data/P07/P07_EEG_recon_2026-06-08_13h33.36.114_image_mapping.json	88	5	8	1002	pea	images_THINGS/object_images/pea/pea_10s.jpg	/media/psycontrol/HDD/Datasets/THINGS/images_THINGS/object_images/pea/pea_10s.jpg	True	False	1	857054	1780921612818.000	easy_marker_manifest_order_min_gap_5s	pass	True	True	True	17.493389	pass	687	1	train	4	pass	True	True
P07	P07	lab_data/P07/P07_EEG_recon_2026-06-08_13h33.36.114_image_mapping.json	89	5	9	1135	pony	images_THINGS/object_images/pony/pony_01b.jpg	/media/psycontrol/HDD/Datasets/THINGS/images_THINGS/object_images/pony/pony_01b.jpg	True	False	1	860056	1780921618822.000	easy_marker_manifest_order_min_gap_5s	pass	True	True	True	24.333427	pass	688	134	train	4	pass	True	True
P07	P07	lab_data/P07/P07_EEG_recon_2026-06-08_13h33.36.114_image_mapping.json	90	5	10	1125	sundae	images_THINGS/object_images/sundae/sundae_09s.jpg	/media/psycontrol/HDD/Datasets/THINGS/images_THINGS/object_images/sundae/sundae_09s.jpg	True	True	2	863002	1780921624714.000	easy_marker_manifest_order_min_gap_5s	pass	True	True	True	34.558010	pass	689	124	train	4	pass	True	True
P07	P07	lab_data/P07/P07_EEG_recon_2026-06-08_13h33.36.114_image_mapping.json	91	5	11	1124	nightshirt	images_THINGS/object_images/nightshirt/nightshirt_11s.jpg	/media/psycontrol/HDD/Datasets/THINGS/images_THINGS/object_images/nightshirt/nightshirt_11s.jpg	True	True	2	865616	1780921629943.000	easy_marker_manifest_order_min_gap_5s	pass	True	True	True	18.310040	pass	690	123	val	4	pass	True	True
P07	P07	lab_data/P07/P07_EEG_recon_2026-06-08_13h33.36.114_image_mapping.json	92	5	12	1140	kayak	images_THINGS/object_images/kayak/kayak_04s.jpg	/media/psycontrol/HDD/Datasets/THINGS/images_THINGS/object_images/kayak/kayak_04s.jpg	True	False	1	868884	1780921636479.000	easy_marker_manifest_order_min_gap_5s	pass	True	True	True	61.607533	pass	691	139	train	4	pass	True	True
P07	P07	lab_data/P07/P07_EEG_recon_2026-06-08_13h33.36.114_image_mapping.json	93	5	13	1059	zucchini	images_THINGS/object_images/zucchini/zucchini_02s.jpg	/media/psycontrol/HDD/Datasets/THINGS/images_THINGS/object_images/zucchini/zucchini_02s.jpg	True	False	2	871814	1780921642339.000	easy_marker_manifest_order_min_gap_5s	pass	True	True	True	30.062841	pass	692	58	train	4	pass	True	True
P07	P07	lab_data/P07/P07_EEG_recon_2026-06-08_13h33.36.114_image_mapping.json	94	5	14	1040	panda	images_THINGS/object_images/panda/panda_01b.jpg	/media/psycontrol/HDD/Datasets/THINGS/images_THINGS/object_images/panda/panda_01b.jpg	True	False	1	874869	1780921648450.000	easy_marker_manifest_order_min_gap_5s	pass	True	True	True	37.713173	pass	693	39	train	4	pass	True	True
P07	P07	lab_data/P07/P07_EEG_recon_2026-06-08_13h33.36.114_image_mapping.json	95	5	15	1061	taco	images_THINGS/object_images/taco/taco_06n.jpg	/media/psycontrol/HDD/Datasets/THINGS/images_THINGS/object_images/taco/taco_06n.jpg	True	True	2	877774	1780921654260.000	easy_marker_manifest_order_min_gap_5s	pass	True	True	True	22.735786	pass	694	60	train	4	pass	True	True
P07	P07	lab_data/P07/P07_EEG_recon_2026-06-08_13h33.36.114_image_mapping.json	96	5	16	1107	omelet	images_THINGS/object_images/omelet/omelet_06s.jpg	/media/psycontrol/HDD/Datasets/THINGS/images_THINGS/object_images/omelet/omelet_06s.jpg	True	False	1	880852	1780921660416.000	easy_marker_manifest_order_min_gap_5s	pass	True	True	True	19.819113	pass	695	106	train	4	pass	True	True
P07	P07	lab_data/P07/P07_EEG_recon_2026-06-08_13h33.36.114_image_mapping.json	97	5	17	1086	pasta	images_THINGS/object_images/pasta/pasta_12s.jpg	/media/psycontrol/HDD/Datasets/THINGS/images_THINGS/object_images/pasta/pasta_12s.jpg	True	False	1	883928	1780921666569.000	easy_marker_manifest_order_min_gap_5s	pass	True	True	True	41.487309	pass	696	85	val	4	pass	True	True
P07	P07	lab_data/P07/P07_EEG_recon_2026-06-08_13h33.36.114_image_mapping.json	98	5	18	1010	pineapple	images_THINGS/object_images/pineapple/pineapple_08s.jpg	/media/psycontrol/HDD/Datasets/THINGS/images_THINGS/object_images/pineapple/pineapple_08s.jpg	True	False	1	886945	1780921672603.000	easy_marker_manifest_order_min_gap_5s	pass	True	True	True	22.677788	pass	697	9	train	4	pass	True	True
P07	P07	lab_data/P07/P07_EEG_recon_2026-06-08_13h33.36.114_image_mapping.json	99	5	19	1127	space_shuttle	images_THINGS/object_images/space_shuttle/space_shuttle_12s.jpg	/media/psycontrol/HDD/Datasets/THINGS/images_THINGS/object_images/space_shuttle/space_shuttle_12s.jpg	True	False	1	889844	1780921678401.000	easy_marker_manifest_order_min_gap_5s	pass	True	True	True	21.525665	pass	698	126	train	4	pass	True	True
P07	P07	lab_data/P07/P07_EEG_recon_2026-06-08_13h33.36.114_image_mapping.json	100	5	20	1155	kale	images_THINGS/object_images/kale/kale_01b.jpg	/media/psycontrol/HDD/Datasets/THINGS/images_THINGS/object_images/kale/kale_01b.jpg	True	False	1	892828	1780921684370.000	easy_marker_manifest_order_min_gap_5s	pass	True	True	True	18.470839	pass	699	154	train	4	pass	True	True
P07	P07	lab_data/P07/P07_EEG_recon_2026-06-08_13h33.36.114_image_mapping.json	101	6	1	1152	speedboat	images_THINGS/object_images/speedboat/speedboat_06s.jpg	/media/psycontrol/HDD/Datasets/THINGS/images_THINGS/object_images/speedboat/speedboat_06s.jpg	True	False	1	904708	1780921708131.000	easy_marker_manifest_order_min_gap_5s	pass	True	True	True	18.619505	pass	700	151	val	4	pass	True	True
P07	P07	lab_data/P07/P07_EEG_recon_2026-06-08_13h33.36.114_image_mapping.json	102	6	2	1008	keyboard	images_THINGS/object_images/keyboard/keyboard_13s.jpg	/media/psycontrol/HDD/Datasets/THINGS/images_THINGS/object_images/keyboard/keyboard_13s.jpg	True	False	1	907756	1780921714227.000	easy_marker_manifest_order_min_gap_5s	pass	True	True	True	24.139935	pass	701	7	train	4	pass	True	True
P07	P07	lab_data/P07/P07_EEG_recon_2026-06-08_13h33.36.114_image_mapping.json	103	6	3	1042	eagle	images_THINGS/object_images/eagle/eagle_08s.jpg	/media/psycontrol/HDD/Datasets/THINGS/images_THINGS/object_images/eagle/eagle_08s.jpg	True	False	1	910838	1780921720392.000	easy_marker_manifest_order_min_gap_5s	pass	True	True	True	16.109686	pass	702	41	train	4	pass	True	True
P07	P07	lab_data/P07/P07_EEG_recon_2026-06-08_13h33.36.114_image_mapping.json	104	6	4	1028	meatball	images_THINGS/object_images/meatball/meatball_04s.jpg	/media/psycontrol/HDD/Datasets/THINGS/images_THINGS/object_images/meatball/meatball_04s.jpg	True	False	1	913885	1780921726486.000	easy_marker_manifest_order_min_gap_5s	pass	True	True	True	28.566690	pass	703	27	train	4	pass	True	True
P07	P07	lab_data/P07/P07_EEG_recon_2026-06-08_13h33.36.114_image_mapping.json	105	6	5	1062	antelope	images_THINGS/object_images/antelope/antelope_12n.jpg	/media/psycontrol/HDD/Datasets/THINGS/images_THINGS/object_images/antelope/antelope_12n.jpg	True	True	2	916626	1780921731968.000	easy_marker_manifest_order_min_gap_5s	pass	True	True	True	17.738636	pass	704	61	val	4	pass	True	True
P07	P07	lab_data/P07/P07_EEG_recon_2026-06-08_13h33.36.114_image_mapping.json	106	6	6	1085	frog	images_THINGS/object_images/frog/frog_09s.jpg	/media/psycontrol/HDD/Datasets/THINGS/images_THINGS/object_images/frog/frog_09s.jpg	True	False	1	919950	1780921738617.000	easy_marker_manifest_order_min_gap_5s	pass	True	True	True	19.503113	pass	705	84	train	4	pass	True	True
P07	P07	lab_data/P07/P07_EEG_recon_2026-06-08_13h33.36.114_image_mapping.json	107	6	7	1074	cobra	images_THINGS/object_images/cobra/cobra_07s.jpg	/media/psycontrol/HDD/Datasets/THINGS/images_THINGS/object_images/cobra/cobra_07s.jpg	True	False	1	922954	1780921744625.000	easy_marker_manifest_order_min_gap_5s	pass	True	True	True	24.081842	pass	706	73	train	4	pass	True	True
P07	P07	lab_data/P07/P07_EEG_recon_2026-06-08_13h33.36.114_image_mapping.json	108	6	8	1103	blazer	images_THINGS/object_images/blazer/blazer_05s.jpg	/media/psycontrol/HDD/Datasets/THINGS/images_THINGS/object_images/blazer/blazer_05s.jpg	True	False	1	926098	1780921750913.000	easy_marker_manifest_order_min_gap_5s	pass	True	True	True	56.660519	pass	707	102	train	4	pass	True	True
P07	P07	lab_data/P07/P07_EEG_recon_2026-06-08_13h33.36.114_image_mapping.json	109	6	9	1017	carrot	images_THINGS/object_images/carrot/carrot_01b.jpg	/media/psycontrol/HDD/Datasets/THINGS/images_THINGS/object_images/carrot/carrot_01b.jpg	True	False	1	929172	1780921757062.000	easy_marker_manifest_order_min_gap_5s	pass	True	True	True	27.245790	pass	708	16	train	4	pass	True	True
P07	P07	lab_data/P07/P07_EEG_recon_2026-06-08_13h33.36.114_image_mapping.json	110	6	10	1126	helicopter	images_THINGS/object_images/helicopter/helicopter_20s.jpg	/media/psycontrol/HDD/Datasets/THINGS/images_THINGS/object_images/helicopter/helicopter_20s.jpg	True	False	2	932102	1780921762922.000	easy_marker_manifest_order_min_gap_5s	pass	True	True	True	79.334251	pass	709	125	train	4	pass	True	True
P07	P07	lab_data/P07/P07_EEG_recon_2026-06-08_13h33.36.114_image_mapping.json	111	6	11	1106	swordfish	images_THINGS/object_images/swordfish/swordfish_07s.jpg	/media/psycontrol/HDD/Datasets/THINGS/images_THINGS/object_images/swordfish/swordfish_07s.jpg	True	False	1	935104	1780921768926.000	easy_marker_manifest_order_min_gap_5s	pass	True	True	True	17.407509	pass	710	105	train	4	pass	True	True
P07	P07	lab_data/P07/P07_EEG_recon_2026-06-08_13h33.36.114_image_mapping.json	112	6	12	1068	radio	images_THINGS/object_images/radio/radio_04s.jpg	/media/psycontrol/HDD/Datasets/THINGS/images_THINGS/object_images/radio/radio_04s.jpg	True	False	1	938106	1780921774930.000	easy_marker_manifest_order_min_gap_5s	pass	True	True	True	16.841085	pass	711	67	val	4	pass	True	True
P07	P07	lab_data/P07/P07_EEG_recon_2026-06-08_13h33.36.114_image_mapping.json	113	6	13	1100	champagne	images_THINGS/object_images/champagne/champagne_01b.jpg	/media/psycontrol/HDD/Datasets/THINGS/images_THINGS/object_images/champagne/champagne_01b.jpg	True	False	1	940911	1780921780541.000	easy_marker_manifest_order_min_gap_5s	pass	True	True	True	19.030254	pass	712	99	train	4	pass	True	True
P07	P07	lab_data/P07/P07_EEG_recon_2026-06-08_13h33.36.114_image_mapping.json	114	6	14	1084	cheetah	images_THINGS/object_images/cheetah/cheetah_06s.jpg	/media/psycontrol/HDD/Datasets/THINGS/images_THINGS/object_images/cheetah/cheetah_06s.jpg	True	False	2	943995	1780921786709.000	easy_marker_manifest_order_min_gap_5s	pass	True	True	True	22.194220	pass	713	83	train	4	pass	True	True
P07	P07	lab_data/P07/P07_EEG_recon_2026-06-08_13h33.36.114_image_mapping.json	115	6	15	1120	owl	images_THINGS/object_images/owl/owl_19s.jpg	/media/psycontrol/HDD/Datasets/THINGS/images_THINGS/object_images/owl/owl_19s.jpg	True	True	2	946756	1780921792231.000	easy_marker_manifest_order_min_gap_5s	pass	True	True	True	20.199722	pass	714	119	train	4	pass	True	True
P07	P07	lab_data/P07/P07_EEG_recon_2026-06-08_13h33.36.114_image_mapping.json	116	6	16	1129	workbench	images_THINGS/object_images/workbench/workbench_07s.jpg	/media/psycontrol/HDD/Datasets/THINGS/images_THINGS/object_images/workbench/workbench_07s.jpg	True	False	2	949977	1780921798674.000	easy_marker_manifest_order_min_gap_5s	pass	True	True	True	27.400587	pass	715	128	train	4	pass	True	True
P07	P07	lab_data/P07/P07_EEG_recon_2026-06-08_13h33.36.114_image_mapping.json	117	6	17	1053	reindeer	images_THINGS/object_images/reindeer/reindeer_14s.jpg	/media/psycontrol/HDD/Datasets/THINGS/images_THINGS/object_images/reindeer/reindeer_14s.jpg	True	True	2	952914	1780921804548.000	easy_marker_manifest_order_min_gap_5s	pass	True	True	True	24.396685	pass	716	52	val	4	pass	True	True
P07	P07	lab_data/P07/P07_EEG_recon_2026-06-08_13h33.36.114_image_mapping.json	118	6	18	1039	sailboat	images_THINGS/object_images/sailboat/sailboat_07s.jpg	/media/psycontrol/HDD/Datasets/THINGS/images_THINGS/object_images/sailboat/sailboat_07s.jpg	True	False	1	955991	1780921810702.000	easy_marker_manifest_order_min_gap_5s	pass	True	True	True	44.153183	pass	717	38	val	4	pass	True	True
P07	P07	lab_data/P07/P07_EEG_recon_2026-06-08_13h33.36.114_image_mapping.json	119	6	19	1111	creme_brulee	images_THINGS/object_images/creme_brulee/creme_brulee_01b.jpg	/media/psycontrol/HDD/Datasets/THINGS/images_THINGS/object_images/creme_brulee/creme_brulee_01b.jpg	True	False	1	958966	1780921816653.000	easy_marker_manifest_order_min_gap_5s	pass	True	True	True	22.255085	pass	718	110	train	4	pass	True	True
P07	P07	lab_data/P07/P07_EEG_recon_2026-06-08_13h33.36.114_image_mapping.json	120	6	20	1012	burrito	images_THINGS/object_images/burrito/burrito_07s.jpg	/media/psycontrol/HDD/Datasets/THINGS/images_THINGS/object_images/burrito/burrito_07s.jpg	True	True	2	961674	1780921822069.000	easy_marker_manifest_order_min_gap_5s	pass	True	True	True	33.252010	pass	719	11	val	4	pass	True	True
P07	P07	lab_data/P07/P07_EEG_recon_2026-06-08_13h33.36.114_image_mapping.json	121	7	1	1067	taffy	images_THINGS/object_images/taffy/taffy_11s.jpg	/media/psycontrol/HDD/Datasets/THINGS/images_THINGS/object_images/taffy/taffy_11s.jpg	True	False	1	974128	1780921846978.000	easy_marker_manifest_order_min_gap_5s	pass	True	True	True	21.179657	pass	720	66	val	4	pass	True	True
P07	P07	lab_data/P07/P07_EEG_recon_2026-06-08_13h33.36.114_image_mapping.json	122	7	2	1084	cheetah	images_THINGS/object_images/cheetah/cheetah_06s.jpg	/media/psycontrol/HDD/Datasets/THINGS/images_THINGS/object_images/cheetah/cheetah_06s.jpg	True	True	2	977110	1780921852943.000	easy_marker_manifest_order_min_gap_5s	pass	True	True	True	23.535528	pass	721	83	train	4	pass	True	True
P07	P07	lab_data/P07/P07_EEG_recon_2026-06-08_13h33.36.114_image_mapping.json	123	7	3	1082	necklace	images_THINGS/object_images/necklace/necklace_11s.jpg	/media/psycontrol/HDD/Datasets/THINGS/images_THINGS/object_images/necklace/necklace_11s.jpg	True	True	2	979792	1780921858307.000	easy_marker_manifest_order_min_gap_5s	pass	True	True	True	26.693243	pass	722	81	train	4	pass	True	True
P07	P07	lab_data/P07/P07_EEG_recon_2026-06-08_13h33.36.114_image_mapping.json	124	7	4	1051	yacht	images_THINGS/object_images/yacht/yacht_05s.jpg	/media/psycontrol/HDD/Datasets/THINGS/images_THINGS/object_images/yacht/yacht_05s.jpg	True	False	2	983134	1780921864991.000	easy_marker_manifest_order_min_gap_5s	pass	True	True	True	33.302040	pass	723	50	train	4	pass	True	True
P07	P07	lab_data/P07/P07_EEG_recon_2026-06-08_13h33.36.114_image_mapping.json	125	7	5	1091	kitten	images_THINGS/object_images/kitten/kitten_09s.jpg	/media/psycontrol/HDD/Datasets/THINGS/images_THINGS/object_images/kitten/kitten_09s.jpg	True	False	1	985940	1780921870604.000	easy_marker_manifest_order_min_gap_5s	pass	True	True	True	19.253742	pass	724	90	train	4	pass	True	True
P07	P07	lab_data/P07/P07_EEG_recon_2026-06-08_13h33.36.114_image_mapping.json	126	7	6	1081	police_car	images_THINGS/object_images/police_car/police_car_14s.jpg	/media/psycontrol/HDD/Datasets/THINGS/images_THINGS/object_images/police_car/police_car_14s.jpg	True	False	1	988926	1780921876576.000	easy_marker_manifest_order_min_gap_5s	pass	True	True	True	24.521219	pass	725	80	train	4	pass	True	True
P07	P07	lab_data/P07/P07_EEG_recon_2026-06-08_13h33.36.114_image_mapping.json	127	7	7	1154	chandelier	images_THINGS/object_images/chandelier/chandelier_10s.jpg	/media/psycontrol/HDD/Datasets/THINGS/images_THINGS/object_images/chandelier/chandelier_10s.jpg	True	False	1	991992	1780921882708.000	easy_marker_manifest_order_min_gap_5s	pass	True	True	True	18.512222	pass	726	153	train	4	pass	True	True
P07	P07	lab_data/P07/P07_EEG_recon_2026-06-08_13h33.36.114_image_mapping.json	128	7	8	1087	bathrobe	images_THINGS/object_images/bathrobe/bathrobe_12s.jpg	/media/psycontrol/HDD/Datasets/THINGS/images_THINGS/object_images/bathrobe/bathrobe_12s.jpg	True	False	1	995142	1780921889009.000	easy_marker_manifest_order_min_gap_5s	pass	True	True	True	21.022495	pass	727	86	train	4	pass	True	True
P07	P07	lab_data/P07/P07_EEG_recon_2026-06-08_13h33.36.114_image_mapping.json	129	7	9	1065	cabinet	images_THINGS/object_images/cabinet/cabinet_07s.jpg	/media/psycontrol/HDD/Datasets/THINGS/images_THINGS/object_images/cabinet/cabinet_07s.jpg	True	False	1	998211	1780921895147.000	easy_marker_manifest_order_min_gap_5s	pass	True	True	True	21.502041	pass	728	64	train	4	pass	True	True
P07	P07	lab_data/P07/P07_EEG_recon_2026-06-08_13h33.36.114_image_mapping.json	130	7	10	1114	spinach	images_THINGS/object_images/spinach/spinach_09s.jpg	/media/psycontrol/HDD/Datasets/THINGS/images_THINGS/object_images/spinach/spinach_09s.jpg	True	False	1	1001146	1780921901017.000	easy_marker_manifest_order_min_gap_5s	pass	True	True	True	27.115383	pass	729	113	train	4	pass	True	True
P07	P07	lab_data/P07/P07_EEG_recon_2026-06-08_13h33.36.114_image_mapping.json	131	7	11	1138	ping-pong_table	images_THINGS/object_images/ping-pong_table/ping-pong_table_10s.jpg	/media/psycontrol/HDD/Datasets/THINGS/images_THINGS/object_images/ping-pong_table/ping-pong_table_10s.jpg	True	False	1	1004148	1780921907022.000	easy_marker_manifest_order_min_gap_5s	pass	True	True	True	24.552040	pass	730	137	train	4	pass	True	True
P07	P07	lab_data/P07/P07_EEG_recon_2026-06-08_13h33.36.114_image_mapping.json	132	7	12	1113	firetruck	images_THINGS/object_images/firetruck/firetruck_04s.jpg	/media/psycontrol/HDD/Datasets/THINGS/images_THINGS/object_images/firetruck/firetruck_04s.jpg	True	False	1	1007150	1780921913026.000	easy_marker_manifest_order_min_gap_5s	pass	True	True	True	22.210598	pass	731	112	train	4	pass	True	True
P07	P07	lab_data/P07/P07_EEG_recon_2026-06-08_13h33.36.114_image_mapping.json	133	7	13	1021	tea	images_THINGS/object_images/tea/tea_10s.jpg	/media/psycontrol/HDD/Datasets/THINGS/images_THINGS/object_images/tea/tea_10s.jpg	True	False	1	1010152	1780921919030.000	easy_marker_manifest_order_min_gap_5s	pass	True	True	True	17.182487	pass	732	20	train	4	pass	True	True
P07	P07	lab_data/P07/P07_EEG_recon_2026-06-08_13h33.36.114_image_mapping.json	134	7	14	1023	wolf	images_THINGS/object_images/wolf/wolf_12n.jpg	/media/psycontrol/HDD/Datasets/THINGS/images_THINGS/object_images/wolf/wolf_12n.jpg	True	True	2	1013000	1780921924727.000	easy_marker_manifest_order_min_gap_5s	pass	True	True	True	34.801464	pass	733	22	train	4	pass	True	True
P07	P07	lab_data/P07/P07_EEG_recon_2026-06-08_13h33.36.114_image_mapping.json	135	7	15	1093	duckling	images_THINGS/object_images/duckling/duckling_25s.jpg	/media/psycontrol/HDD/Datasets/THINGS/images_THINGS/object_images/duckling/duckling_25s.jpg	True	False	1	1016161	1780921931049.000	easy_marker_manifest_order_min_gap_5s	pass	True	True	True	27.355589	pass	734	92	train	4	pass	True	True
P07	P07	lab_data/P07/P07_EEG_recon_2026-06-08_13h33.36.114_image_mapping.json	136	7	16	1146	cheesecake	images_THINGS/object_images/cheesecake/cheesecake_06s.jpg	/media/psycontrol/HDD/Datasets/THINGS/images_THINGS/object_images/cheesecake/cheesecake_06s.jpg	True	False	1	1019158	1780921937043.000	easy_marker_manifest_order_min_gap_5s	pass	True	True	True	23.978123	pass	735	145	train	4	pass	True	True
P07	P07	lab_data/P07/P07_EEG_recon_2026-06-08_13h33.36.114_image_mapping.json	137	7	17	1045	goose	images_THINGS/object_images/goose/goose_08s.jpg	/media/psycontrol/HDD/Datasets/THINGS/images_THINGS/object_images/goose/goose_08s.jpg	True	True	2	1021928	1780921942584.000	easy_marker_manifest_order_min_gap_5s	pass	True	True	True	27.304907	pass	736	44	train	4	pass	True	True
P07	P07	lab_data/P07/P07_EEG_recon_2026-06-08_13h33.36.114_image_mapping.json	138	7	18	1156	coconut	images_THINGS/object_images/coconut/coconut_08s.jpg	/media/psycontrol/HDD/Datasets/THINGS/images_THINGS/object_images/coconut/coconut_08s.jpg	True	False	1	1025162	1780921949052.000	easy_marker_manifest_order_min_gap_5s	pass	True	True	True	16.768534	pass	737	155	val	4	pass	True	True
P07	P07	lab_data/P07/P07_EEG_recon_2026-06-08_13h33.36.114_image_mapping.json	139	7	19	1058	loveseat	images_THINGS/object_images/loveseat/loveseat_10s.jpg	/media/psycontrol/HDD/Datasets/THINGS/images_THINGS/object_images/loveseat/loveseat_10s.jpg	True	False	1	1027914	1780921954556.000	easy_marker_manifest_order_min_gap_5s	pass	True	True	True	16.987185	pass	738	57	train	4	pass	True	True
P07	P07	lab_data/P07/P07_EEG_recon_2026-06-08_13h33.36.114_image_mapping.json	140	7	20	1055	seagull	images_THINGS/object_images/seagull/seagull_11s.jpg	/media/psycontrol/HDD/Datasets/THINGS/images_THINGS/object_images/seagull/seagull_11s.jpg	True	False	1	1030916	1780921960561.000	easy_marker_manifest_order_min_gap_5s	pass	True	True	True	21.768639	pass	739	54	train	4	pass	True	True
P07	P07	lab_data/P07/P07_EEG_recon_2026-06-08_13h33.36.114_image_mapping.json	141	8	1	1056	leggings	images_THINGS/object_images/leggings/leggings_02s.jpg	/media/psycontrol/HDD/Datasets/THINGS/images_THINGS/object_images/leggings/leggings_02s.jpg	True	False	1	1044976	1780921988682.000	easy_marker_manifest_order_min_gap_5s	pass	True	True	True	65.714127	pass	740	55	train	4	pass	True	True
P07	P07	lab_data/P07/P07_EEG_recon_2026-06-08_13h33.36.114_image_mapping.json	142	8	2	1054	bathtub	images_THINGS/object_images/bathtub/bathtub_18s.jpg	/media/psycontrol/HDD/Datasets/THINGS/images_THINGS/object_images/bathtub/bathtub_18s.jpg	True	False	1	1047924	1780921994578.000	easy_marker_manifest_order_min_gap_5s	pass	True	True	True	17.616232	pass	741	53	train	4	pass	True	True
P07	P07	lab_data/P07/P07_EEG_recon_2026-06-08_13h33.36.114_image_mapping.json	143	8	3	1034	bracelet1	images_THINGS/object_images/bracelet1/bracelet1_18s.jpg	/media/psycontrol/HDD/Datasets/THINGS/images_THINGS/object_images/bracelet1/bracelet1_18s.jpg	True	False	1	1051176	1780922001083.000	easy_marker_manifest_order_min_gap_5s	pass	True	True	True	35.256638	pass	742	33	train	4	pass	True	True
P07	P07	lab_data/P07/P07_EEG_recon_2026-06-08_13h33.36.114_image_mapping.json	144	8	4	1003	shorts	images_THINGS/object_images/shorts/shorts_14s.jpg	/media/psycontrol/HDD/Datasets/THINGS/images_THINGS/object_images/shorts/shorts_14s.jpg	True	False	1	1054178	1780922007087.000	easy_marker_manifest_order_min_gap_5s	pass	True	True	True	55.530556	pass	743	2	val	4	pass	True	True
P07	P07	lab_data/P07/P07_EEG_recon_2026-06-08_13h33.36.114_image_mapping.json	145	8	5	1078	sea_urchin	images_THINGS/object_images/sea_urchin/sea_urchin_08s.jpg	/media/psycontrol/HDD/Datasets/THINGS/images_THINGS/object_images/sea_urchin/sea_urchin_08s.jpg	True	False	1	1057208	1780922013147.000	easy_marker_manifest_order_min_gap_5s	pass	True	True	True	24.534948	pass	744	77	train	4	pass	True	True
P07	P07	lab_data/P07/P07_EEG_recon_2026-06-08_13h33.36.114_image_mapping.json	146	8	6	1105	gorilla	images_THINGS/object_images/gorilla/gorilla_19s.jpg	/media/psycontrol/HDD/Datasets/THINGS/images_THINGS/object_images/gorilla/gorilla_19s.jpg	True	False	1	1060231	1780922019194.000	easy_marker_manifest_order_min_gap_5s	pass	True	True	True	24.659981	pass	745	104	val	4	pass	True	True
P07	P07	lab_data/P07/P07_EEG_recon_2026-06-08_13h33.36.114_image_mapping.json	147	8	7	1129	workbench	images_THINGS/object_images/workbench/workbench_07s.jpg	/media/psycontrol/HDD/Datasets/THINGS/images_THINGS/object_images/workbench/workbench_07s.jpg	True	True	2	1063114	1780922024960.000	easy_marker_manifest_order_min_gap_5s	pass	True	True	True	29.666868	pass	746	128	train	4	pass	True	True
P07	P07	lab_data/P07/P07_EEG_recon_2026-06-08_13h33.36.114_image_mapping.json	148	8	8	1088	slipper	images_THINGS/object_images/slipper/slipper_02s.jpg	/media/psycontrol/HDD/Datasets/THINGS/images_THINGS/object_images/slipper/slipper_02s.jpg	True	False	1	1066100	1780922030932.000	easy_marker_manifest_order_min_gap_5s	pass	True	True	True	22.438656	pass	747	87	train	4	pass	True	True
P07	P07	lab_data/P07/P07_EEG_recon_2026-06-08_13h33.36.114_image_mapping.json	149	8	9	1102	crab	images_THINGS/object_images/crab/crab_02s.jpg	/media/psycontrol/HDD/Datasets/THINGS/images_THINGS/object_images/crab/crab_02s.jpg	True	False	1	1069188	1780922037109.000	easy_marker_manifest_order_min_gap_5s	pass	True	True	True	19.701246	pass	748	101	train	4	pass	True	True
P07	P07	lab_data/P07/P07_EEG_recon_2026-06-08_13h33.36.114_image_mapping.json	150	8	10	1033	helmet	images_THINGS/object_images/helmet/helmet_11s.jpg	/media/psycontrol/HDD/Datasets/THINGS/images_THINGS/object_images/helmet/helmet_11s.jpg	True	False	1	1072245	1780922043223.000	easy_marker_manifest_order_min_gap_5s	pass	True	True	True	20.077026	pass	749	32	train	4	pass	True	True
P07	P07	lab_data/P07/P07_EEG_recon_2026-06-08_13h33.36.114_image_mapping.json	151	8	11	1141	peach	images_THINGS/object_images/peach/peach_09n.jpg	/media/psycontrol/HDD/Datasets/THINGS/images_THINGS/object_images/peach/peach_09n.jpg	True	False	1	1075442	1780922049617.000	easy_marker_manifest_order_min_gap_5s	pass	True	True	True	20.668873	pass	750	140	val	4	pass	True	True
P07	P07	lab_data/P07/P07_EEG_recon_2026-06-08_13h33.36.114_image_mapping.json	152	8	12	1130	showerhead	images_THINGS/object_images/showerhead/showerhead_05s.jpg	/media/psycontrol/HDD/Datasets/THINGS/images_THINGS/object_images/showerhead/showerhead_05s.jpg	True	True	2	1078026	1780922054786.000	easy_marker_manifest_order_min_gap_5s	pass	True	True	True	23.144278	pass	751	129	train	4	pass	True	True
P07	P07	lab_data/P07/P07_EEG_recon_2026-06-08_13h33.36.114_image_mapping.json	153	8	13	1150	chick	images_THINGS/object_images/chick/chick_10s.jpg	/media/psycontrol/HDD/Datasets/THINGS/images_THINGS/object_images/chick/chick_10s.jpg	True	True	2	1081160	1780922061054.000	easy_marker_manifest_order_min_gap_5s	pass	True	True	True	19.704096	pass	752	149	train	4	pass	True	True
P07	P07	lab_data/P07/P07_EEG_recon_2026-06-08_13h33.36.114_image_mapping.json	154	8	14	1145	rocking_chair	images_THINGS/object_images/rocking_chair/rocking_chair_07s.jpg	/media/psycontrol/HDD/Datasets/THINGS/images_THINGS/object_images/rocking_chair/rocking_chair_07s.jpg	True	True	2	1084128	1780922066990.000	easy_marker_manifest_order_min_gap_5s	pass	True	True	True	13.357644	pass	753	144	train	4	pass	True	True
P07	P07	lab_data/P07/P07_EEG_recon_2026-06-08_13h33.36.114_image_mapping.json	155	8	15	1094	onion	images_THINGS/object_images/onion/onion_03n.jpg	/media/psycontrol/HDD/Datasets/THINGS/images_THINGS/object_images/onion/onion_03n.jpg	True	False	1	1087450	1780922073635.000	easy_marker_manifest_order_min_gap_5s	pass	True	True	True	29.989252	pass	754	93	train	4	pass	True	True
P07	P07	lab_data/P07/P07_EEG_recon_2026-06-08_13h33.36.114_image_mapping.json	156	8	16	1153	donut	images_THINGS/object_images/donut/donut_15s.jpg	/media/psycontrol/HDD/Datasets/THINGS/images_THINGS/object_images/donut/donut_15s.jpg	True	False	1	1090453	1780922079641.000	easy_marker_manifest_order_min_gap_5s	pass	True	True	True	18.125284	pass	755	152	train	4	pass	True	True
P07	P07	lab_data/P07/P07_EEG_recon_2026-06-08_13h33.36.114_image_mapping.json	157	8	17	1027	memory_stick	images_THINGS/object_images/memory_stick/memory_stick_08s.jpg	/media/psycontrol/HDD/Datasets/THINGS/images_THINGS/object_images/memory_stick/memory_stick_08s.jpg	True	False	2	1093454	1780922085643.000	easy_marker_manifest_order_min_gap_5s	pass	True	True	True	20.430384	pass	756	26	train	4	pass	True	True
P07	P07	lab_data/P07/P07_EEG_recon_2026-06-08_13h33.36.114_image_mapping.json	158	8	18	1014	shark	images_THINGS/object_images/shark/shark_07s.jpg	/media/psycontrol/HDD/Datasets/THINGS/images_THINGS/object_images/shark/shark_07s.jpg	True	False	1	1096469	1780922091674.000	easy_marker_manifest_order_min_gap_5s	pass	True	True	True	18.105577	pass	757	13	train	4	pass	True	True
P07	P07	lab_data/P07/P07_EEG_recon_2026-06-08_13h33.36.114_image_mapping.json	159	8	19	1025	llama	images_THINGS/object_images/llama/llama_05s.jpg	/media/psycontrol/HDD/Datasets/THINGS/images_THINGS/object_images/llama/llama_05s.jpg	True	False	1	1099525	1780922097786.000	easy_marker_manifest_order_min_gap_5s	pass	True	True	True	18.689680	pass	758	24	train	4	pass	True	True
P07	P07	lab_data/P07/P07_EEG_recon_2026-06-08_13h33.36.114_image_mapping.json	160	8	20	1148	broccoli	images_THINGS/object_images/broccoli/broccoli_09s.jpg	/media/psycontrol/HDD/Datasets/THINGS/images_THINGS/object_images/broccoli/broccoli_09s.jpg	True	False	1	1102710	1780922104156.000	easy_marker_manifest_order_min_gap_5s	pass	True	True	True	52.304859	pass	759	147	train	4	pass	True	True
P07	P07	lab_data/P07/P07_EEG_recon_2026-06-08_13h33.36.114_image_mapping.json	161	9	1	1147	lemonade	images_THINGS/object_images/lemonade/lemonade_01b.jpg	/media/psycontrol/HDD/Datasets/THINGS/images_THINGS/object_images/lemonade/lemonade_01b.jpg	True	True	2	1106144	1780922111025.000	easy_marker_manifest_order_min_gap_5s	pass	True	True	True	35.518108	pass	760	146	train	4	pass	True	True
P07	P07	lab_data/P07/P07_EEG_recon_2026-06-08_13h33.36.114_image_mapping.json	162	9	2	1083	shirt	images_THINGS/object_images/shirt/shirt_03s.jpg	/media/psycontrol/HDD/Datasets/THINGS/images_THINGS/object_images/shirt/shirt_03s.jpg	True	False	1	1116468	1780922131674.000	easy_marker_manifest_order_min_gap_5s	pass	True	True	True	26.282476	pass	761	82	train	4	pass	True	True
P07	P07	lab_data/P07/P07_EEG_recon_2026-06-08_13h33.36.114_image_mapping.json	163	9	3	1041	octopus	images_THINGS/object_images/octopus/octopus_09s.jpg	/media/psycontrol/HDD/Datasets/THINGS/images_THINGS/object_images/octopus/octopus_09s.jpg	True	False	1	1119470	1780922137678.000	easy_marker_manifest_order_min_gap_5s	pass	True	True	True	30.464724	pass	762	40	train	4	pass	True	True
P07	P07	lab_data/P07/P07_EEG_recon_2026-06-08_13h33.36.114_image_mapping.json	164	9	4	1018	coffee	images_THINGS/object_images/coffee/coffee_15s.jpg	/media/psycontrol/HDD/Datasets/THINGS/images_THINGS/object_images/coffee/coffee_15s.jpg	True	False	1	1122472	1780922143682.000	easy_marker_manifest_order_min_gap_5s	pass	True	True	True	32.919655	pass	763	17	val	4	pass	True	True
P07	P07	lab_data/P07/P07_EEG_recon_2026-06-08_13h33.36.114_image_mapping.json	165	9	5	1136	snake	images_THINGS/object_images/snake/snake_16n.jpg	/media/psycontrol/HDD/Datasets/THINGS/images_THINGS/object_images/snake/snake_16n.jpg	True	False	1	1125474	1780922149687.000	easy_marker_manifest_order_min_gap_5s	pass	True	True	True	43.921307	pass	764	135	train	4	pass	True	True
P07	P07	lab_data/P07/P07_EEG_recon_2026-06-08_13h33.36.114_image_mapping.json	166	9	6	1044	raccoon	images_THINGS/object_images/raccoon/raccoon_08n.jpg	/media/psycontrol/HDD/Datasets/THINGS/images_THINGS/object_images/raccoon/raccoon_08n.jpg	True	False	1	1128476	1780922155691.000	easy_marker_manifest_order_min_gap_5s	pass	True	True	True	20.873920	pass	765	43	train	4	pass	True	True
P07	P07	lab_data/P07/P07_EEG_recon_2026-06-08_13h33.36.114_image_mapping.json	167	9	7	1027	memory_stick	images_THINGS/object_images/memory_stick/memory_stick_08s.jpg	/media/psycontrol/HDD/Datasets/THINGS/images_THINGS/object_images/memory_stick/memory_stick_08s.jpg	True	True	2	1131454	1780922161647.000	easy_marker_manifest_order_min_gap_5s	pass	True	True	True	25.271896	pass	766	26	train	4	pass	True	True
P07	P07	lab_data/P07/P07_EEG_recon_2026-06-08_13h33.36.114_image_mapping.json	168	9	8	1128	toad	images_THINGS/object_images/toad/toad_01b.jpg	/media/psycontrol/HDD/Datasets/THINGS/images_THINGS/object_images/toad/toad_01b.jpg	True	False	1	1134230	1780922167200.000	easy_marker_manifest_order_min_gap_5s	pass	True	True	True	35.162415	pass	767	127	train	4	pass	True	True
P07	P07	lab_data/P07/P07_EEG_recon_2026-06-08_13h33.36.114_image_mapping.json	169	9	9	1043	ostrich	images_THINGS/object_images/ostrich/ostrich_15s.jpg	/media/psycontrol/HDD/Datasets/THINGS/images_THINGS/object_images/ostrich/ostrich_15s.jpg	True	False	1	1137232	1780922173204.000	easy_marker_manifest_order_min_gap_5s	pass	True	True	True	26.300278	pass	768	42	val	4	pass	True	True
P07	P07	lab_data/P07/P07_EEG_recon_2026-06-08_13h33.36.114_image_mapping.json	170	9	10	1099	tricycle	images_THINGS/object_images/tricycle/tricycle_12s.jpg	/media/psycontrol/HDD/Datasets/THINGS/images_THINGS/object_images/tricycle/tricycle_12s.jpg	True	False	1	1140234	1780922179208.000	easy_marker_manifest_order_min_gap_5s	pass	True	True	True	46.442581	pass	769	98	train	4	pass	True	True
P07	P07	lab_data/P07/P07_EEG_recon_2026-06-08_13h33.36.114_image_mapping.json	171	9	11	1117	hamster	images_THINGS/object_images/hamster/hamster_07s.jpg	/media/psycontrol/HDD/Datasets/THINGS/images_THINGS/object_images/hamster/hamster_07s.jpg	True	False	1	1143236	1780922185213.000	easy_marker_manifest_order_min_gap_5s	pass	True	True	True	17.952719	pass	770	116	train	4	pass	True	True
P07	P07	lab_data/P07/P07_EEG_recon_2026-06-08_13h33.36.114_image_mapping.json	172	9	12	1030	puffin	images_THINGS/object_images/puffin/puffin_02s.jpg	/media/psycontrol/HDD/Datasets/THINGS/images_THINGS/object_images/puffin/puffin_02s.jpg	True	False	1	1145988	1780922190717.000	easy_marker_manifest_order_min_gap_5s	pass	True	True	True	18.363873	pass	771	29	train	4	pass	True	True
P07	P07	lab_data/P07/P07_EEG_recon_2026-06-08_13h33.36.114_image_mapping.json	173	9	13	1080	camcorder	images_THINGS/object_images/camcorder/camcorder_07s.jpg	/media/psycontrol/HDD/Datasets/THINGS/images_THINGS/object_images/camcorder/camcorder_07s.jpg	True	False	1	1148995	1780922196731.000	easy_marker_manifest_order_min_gap_5s	pass	True	True	True	34.138515	pass	772	79	train	4	pass	True	True
P07	P07	lab_data/P07/P07_EEG_recon_2026-06-08_13h33.36.114_image_mapping.json	174	9	14	1070	dragonfly	images_THINGS/object_images/dragonfly/dragonfly_10s.jpg	/media/psycontrol/HDD/Datasets/THINGS/images_THINGS/object_images/dragonfly/dragonfly_10s.jpg	True	False	1	1151992	1780922202726.000	easy_marker_manifest_order_min_gap_5s	pass	True	True	True	20.724941	pass	773	69	train	4	pass	True	True
P07	P07	lab_data/P07/P07_EEG_recon_2026-06-08_13h33.36.114_image_mapping.json	175	9	15	1007	mirror	images_THINGS/object_images/mirror/mirror_08s.jpg	/media/psycontrol/HDD/Datasets/THINGS/images_THINGS/object_images/mirror/mirror_08s.jpg	True	False	1	1154994	1780922208730.000	easy_marker_manifest_order_min_gap_5s	pass	True	True	True	28.326414	pass	774	6	train	4	pass	True	True
P07	P07	lab_data/P07/P07_EEG_recon_2026-06-08_13h33.36.114_image_mapping.json	176	9	16	1059	zucchini	images_THINGS/object_images/zucchini/zucchini_02s.jpg	/media/psycontrol/HDD/Datasets/THINGS/images_THINGS/object_images/zucchini/zucchini_02s.jpg	True	True	2	1157814	1780922214370.000	easy_marker_manifest_order_min_gap_5s	pass	True	True	True	16.808229	pass	775	58	train	4	pass	True	True
P07	P07	lab_data/P07/P07_EEG_recon_2026-06-08_13h33.36.114_image_mapping.json	177	9	17	1158	bulldozer	images_THINGS/object_images/bulldozer/bulldozer_06s.jpg	/media/psycontrol/HDD/Datasets/THINGS/images_THINGS/object_images/bulldozer/bulldozer_06s.jpg	True	False	1	1160998	1780922220739.000	easy_marker_manifest_order_min_gap_5s	pass	True	True	True	27.644333	pass	776	157	train	4	pass	True	True
P07	P07	lab_data/P07/P07_EEG_recon_2026-06-08_13h33.36.114_image_mapping.json	178	9	18	1051	yacht	images_THINGS/object_images/yacht/yacht_05s.jpg	/media/psycontrol/HDD/Datasets/THINGS/images_THINGS/object_images/yacht/yacht_05s.jpg	True	True	2	1163884	1780922226511.000	easy_marker_manifest_order_min_gap_5s	pass	True	True	True	34.771423	pass	777	50	train	4	pass	True	True
P07	P07	lab_data/P07/P07_EEG_recon_2026-06-08_13h33.36.114_image_mapping.json	179	9	19	1076	groundhog	images_THINGS/object_images/groundhog/groundhog_01b.jpg	/media/psycontrol/HDD/Datasets/THINGS/images_THINGS/object_images/groundhog/groundhog_01b.jpg	True	False	1	1167002	1780922232747.000	easy_marker_manifest_order_min_gap_5s	pass	True	True	True	21.005053	pass	778	75	train	4	pass	True	True
P07	P07	lab_data/P07/P07_EEG_recon_2026-06-08_13h33.36.114_image_mapping.json	180	9	20	1122	webcam	images_THINGS/object_images/webcam/webcam_08s.jpg	/media/psycontrol/HDD/Datasets/THINGS/images_THINGS/object_images/webcam/webcam_08s.jpg	True	False	1	1170254	1780922239252.000	easy_marker_manifest_order_min_gap_5s	pass	True	True	True	16.284508	pass	779	121	train	4	pass	True	True
P07	P07	lab_data/P07/P07_EEG_recon_2026-06-08_13h33.36.114_image_mapping.json	181	10	1	1052	wallpaper	images_THINGS/object_images/wallpaper/wallpaper_01b.jpg	/media/psycontrol/HDD/Datasets/THINGS/images_THINGS/object_images/wallpaper/wallpaper_01b.jpg	True	True	2	1173650	1780922246044.000	easy_marker_manifest_order_min_gap_5s	pass	True	True	True	44.659386	pass	780	51	train	4	pass	True	True
P07	P07	lab_data/P07/P07_EEG_recon_2026-06-08_13h33.36.114_image_mapping.json	182	10	2	1142	piglet	images_THINGS/object_images/piglet/piglet_07s.jpg	/media/psycontrol/HDD/Datasets/THINGS/images_THINGS/object_images/piglet/piglet_07s.jpg	True	False	1	1186012	1780922270769.000	easy_marker_manifest_order_min_gap_5s	pass	True	True	True	22.238575	pass	781	141	train	4	pass	True	True
P07	P07	lab_data/P07/P07_EEG_recon_2026-06-08_13h33.36.114_image_mapping.json	183	10	3	1064	fly	images_THINGS/object_images/fly/fly_17s.jpg	/media/psycontrol/HDD/Datasets/THINGS/images_THINGS/object_images/fly/fly_17s.jpg	True	False	1	1189264	1780922277274.000	easy_marker_manifest_order_min_gap_5s	pass	True	True	True	33.225872	pass	782	63	train	4	pass	True	True
P07	P07	lab_data/P07/P07_EEG_recon_2026-06-08_13h33.36.114_image_mapping.json	184	10	4	1060	squirrel	images_THINGS/object_images/squirrel/squirrel_12n.jpg	/media/psycontrol/HDD/Datasets/THINGS/images_THINGS/object_images/squirrel/squirrel_12n.jpg	True	True	2	1192016	1780922282778.000	easy_marker_manifest_order_min_gap_5s	pass	True	True	True	18.409145	pass	783	59	train	4	pass	True	True
P07	P07	lab_data/P07/P07_EEG_recon_2026-06-08_13h33.36.114_image_mapping.json	185	10	5	1048	sombrero	images_THINGS/object_images/sombrero/sombrero_11s.jpg	/media/psycontrol/HDD/Datasets/THINGS/images_THINGS/object_images/sombrero/sombrero_11s.jpg	True	False	1	1195268	1780922289282.000	easy_marker_manifest_order_min_gap_5s	pass	True	True	True	37.175831	pass	784	47	train	4	pass	True	True
P07	P07	lab_data/P07/P07_EEG_recon_2026-06-08_13h33.36.114_image_mapping.json	186	10	6	1009	papaya	images_THINGS/object_images/papaya/papaya_08s.jpg	/media/psycontrol/HDD/Datasets/THINGS/images_THINGS/object_images/papaya/papaya_08s.jpg	True	False	1	1198270	1780922295287.000	easy_marker_manifest_order_min_gap_5s	pass	True	True	True	19.802420	pass	785	8	train	4	pass	True	True
P07	P07	lab_data/P07/P07_EEG_recon_2026-06-08_13h33.36.114_image_mapping.json	187	10	7	1072	blackberry	images_THINGS/object_images/blackberry/blackberry_08s.jpg	/media/psycontrol/HDD/Datasets/THINGS/images_THINGS/object_images/blackberry/blackberry_08s.jpg	True	False	1	1201272	1780922301291.000	easy_marker_manifest_order_min_gap_5s	pass	True	True	True	37.639111	pass	786	71	train	4	pass	True	True
P07	P07	lab_data/P07/P07_EEG_recon_2026-06-08_13h33.36.114_image_mapping.json	188	10	8	1089	unicycle	images_THINGS/object_images/unicycle/unicycle_08s.jpg	/media/psycontrol/HDD/Datasets/THINGS/images_THINGS/object_images/unicycle/unicycle_08s.jpg	True	False	1	1204274	1780922307295.000	easy_marker_manifest_order_min_gap_5s	pass	True	True	True	44.984230	pass	787	88	train	4	pass	True	True
P07	P07	lab_data/P07/P07_EEG_recon_2026-06-08_13h33.36.114_image_mapping.json	189	10	9	1075	filing_cabinet	images_THINGS/object_images/filing_cabinet/filing_cabinet_10s.jpg	/media/psycontrol/HDD/Datasets/THINGS/images_THINGS/object_images/filing_cabinet/filing_cabinet_10s.jpg	True	False	1	1207276	1780922313300.000	easy_marker_manifest_order_min_gap_5s	pass	True	True	True	21.675602	pass	788	74	train	4	pass	True	True
P07	P07	lab_data/P07/P07_EEG_recon_2026-06-08_13h33.36.114_image_mapping.json	190	10	10	1029	sheep	images_THINGS/object_images/sheep/sheep_06s.jpg	/media/psycontrol/HDD/Datasets/THINGS/images_THINGS/object_images/sheep/sheep_06s.jpg	True	False	1	1210028	1780922318805.000	easy_marker_manifest_order_min_gap_5s	pass	True	True	True	19.299364	pass	789	28	train	4	pass	True	True
P07	P07	lab_data/P07/P07_EEG_recon_2026-06-08_13h33.36.114_image_mapping.json	191	10	11	1069	rollerblade	images_THINGS/object_images/rollerblade/rollerblade_05s.jpg	/media/psycontrol/HDD/Datasets/THINGS/images_THINGS/object_images/rollerblade/rollerblade_05s.jpg	True	False	1	1213030	1780922324808.000	easy_marker_manifest_order_min_gap_5s	pass	True	True	True	16.608431	pass	790	68	train	4	pass	True	True
P07	P07	lab_data/P07/P07_EEG_recon_2026-06-08_13h33.36.114_image_mapping.json	192	10	12	1126	helicopter	images_THINGS/object_images/helicopter/helicopter_20s.jpg	/media/psycontrol/HDD/Datasets/THINGS/images_THINGS/object_images/helicopter/helicopter_20s.jpg	True	True	2	1215852	1780922330453.000	easy_marker_manifest_order_min_gap_5s	pass	True	True	True	35.555099	pass	791	125	train	4	pass	True	True
P07	P07	lab_data/P07/P07_EEG_recon_2026-06-08_13h33.36.114_image_mapping.json	193	10	13	1019	videocassette	images_THINGS/object_images/videocassette/videocassette_07n.jpg	/media/psycontrol/HDD/Datasets/THINGS/images_THINGS/object_images/videocassette/videocassette_07n.jpg	True	False	1	1219034	1780922336817.000	easy_marker_manifest_order_min_gap_5s	pass	True	True	True	15.741220	pass	792	18	val	4	pass	True	True
P07	P07	lab_data/P07/P07_EEG_recon_2026-06-08_13h33.36.114_image_mapping.json	194	10	14	1005	ottoman	images_THINGS/object_images/ottoman/ottoman_05s.jpg	/media/psycontrol/HDD/Datasets/THINGS/images_THINGS/object_images/ottoman/ottoman_05s.jpg	True	False	1	1222036	1780922342822.000	easy_marker_manifest_order_min_gap_5s	pass	True	True	True	52.225266	pass	793	4	train	4	pass	True	True
P07	P07	lab_data/P07/P07_EEG_recon_2026-06-08_13h33.36.114_image_mapping.json	195	10	15	1116	praying_mantis	images_THINGS/object_images/praying_mantis/praying_mantis_08s.jpg	/media/psycontrol/HDD/Datasets/THINGS/images_THINGS/object_images/praying_mantis/praying_mantis_08s.jpg	True	False	1	1225288	1780922349325.000	easy_marker_manifest_order_min_gap_5s	pass	True	True	True	18.836224	pass	794	115	train	4	pass	True	True
P07	P07	lab_data/P07/P07_EEG_recon_2026-06-08_13h33.36.114_image_mapping.json	196	10	16	1022	shoe	images_THINGS/object_images/shoe/shoe_01s.jpg	/media/psycontrol/HDD/Datasets/THINGS/images_THINGS/object_images/shoe/shoe_01s.jpg	True	False	1	1228290	1780922355329.000	easy_marker_manifest_order_min_gap_5s	pass	True	True	True	22.999365	pass	795	21	train	4	pass	True	True
P07	P07	lab_data/P07/P07_EEG_recon_2026-06-08_13h33.36.114_image_mapping.json	197	10	17	1066	giraffe	images_THINGS/object_images/giraffe/giraffe_17s.jpg	/media/psycontrol/HDD/Datasets/THINGS/images_THINGS/object_images/giraffe/giraffe_17s.jpg	True	False	1	1231292	1780922361334.000	easy_marker_manifest_order_min_gap_5s	pass	True	True	True	69.242676	pass	796	65	train	4	pass	True	True
P07	P07	lab_data/P07/P07_EEG_recon_2026-06-08_13h33.36.114_image_mapping.json	198	10	18	1004	dalmatian	images_THINGS/object_images/dalmatian/dalmatian_02s.jpg	/media/psycontrol/HDD/Datasets/THINGS/images_THINGS/object_images/dalmatian/dalmatian_02s.jpg	True	False	1	1234294	1780922367338.000	easy_marker_manifest_order_min_gap_5s	pass	True	True	True	17.039331	pass	797	3	train	4	pass	True	True
P07	P07	lab_data/P07/P07_EEG_recon_2026-06-08_13h33.36.114_image_mapping.json	199	10	19	1157	barnacle	images_THINGS/object_images/barnacle/barnacle_11s.jpg	/media/psycontrol/HDD/Datasets/THINGS/images_THINGS/object_images/barnacle/barnacle_11s.jpg	True	True	2	1236954	1780922372658.000	easy_marker_manifest_order_min_gap_5s	pass	True	True	True	18.955259	pass	798	156	val	4	pass	True	True
P07	P07	lab_data/P07/P07_EEG_recon_2026-06-08_13h33.36.114_image_mapping.json	200	10	20	1024	lab_coat	images_THINGS/object_images/lab_coat/lab_coat_08s.jpg	/media/psycontrol/HDD/Datasets/THINGS/images_THINGS/object_images/lab_coat/lab_coat_08s.jpg	True	False	1	1240298	1780922379346.000	easy_marker_manifest_order_min_gap_5s	pass	True	True	True	32.101482	pass	799	23	train	4	pass	True	True
melina	Melina_02062026	lab_data/melina/Melina_02062026_EEG_recon_2026-06-02_13h08.29.077_image_mapping.json	1	1	1	1096	beaver	images_THINGS/object_images/beaver/beaver_13n.jpg	/media/psycontrol/HDD/Datasets/THINGS/images_THINGS/object_images/beaver/beaver_13n.jpg	True	False	1	411231	1780400918926.000	easy_marker_manifest_order_min_gap_5s	pass	False		True	43.382721	pass	800	95	train	5	pass	True	True
melina	Melina_02062026	lab_data/melina/Melina_02062026_EEG_recon_2026-06-02_13h08.29.077_image_mapping.json	2	1	2	1124	nightshirt	images_THINGS/object_images/nightshirt/nightshirt_11s.jpg	/media/psycontrol/HDD/Datasets/THINGS/images_THINGS/object_images/nightshirt/nightshirt_11s.jpg	True	False	2	414342	1780400925148.000	easy_marker_manifest_order_min_gap_5s	pass	False		True	37.010292	pass	801	123	val	5	pass	True	True
melina	Melina_02062026	lab_data/melina/Melina_02062026_EEG_recon_2026-06-02_13h08.29.077_image_mapping.json	3	1	3	1006	cardinal	images_THINGS/object_images/cardinal/cardinal_02s.jpg	/media/psycontrol/HDD/Datasets/THINGS/images_THINGS/object_images/cardinal/cardinal_02s.jpg	True	False	2	417300	1780400931064.000	easy_marker_manifest_order_min_gap_5s	pass	False		True	47.156445	pass	802	5	train	5	pass	True	True
melina	Melina_02062026	lab_data/melina/Melina_02062026_EEG_recon_2026-06-02_13h08.29.077_image_mapping.json	4	1	4	1071	mongoose	images_THINGS/object_images/mongoose/mongoose_10s.jpg	/media/psycontrol/HDD/Datasets/THINGS/images_THINGS/object_images/mongoose/mongoose_10s.jpg	True	False	2	420242	1780400936948.000	easy_marker_manifest_order_min_gap_5s	pass	False		True	46.391129	pass	803	70	train	5	pass	True	True
melina	Melina_02062026	lab_data/melina/Melina_02062026_EEG_recon_2026-06-02_13h08.29.077_image_mapping.json	5	1	5	1077	bison	images_THINGS/object_images/bison/bison_08s.jpg	/media/psycontrol/HDD/Datasets/THINGS/images_THINGS/object_images/bison/bison_08s.jpg	True	False	1	423245	1780400942955.000	easy_marker_manifest_order_min_gap_5s	pass	False		True	36.495087	pass	804	76	val	5	pass	True	True
melina	Melina_02062026	lab_data/melina/Melina_02062026_EEG_recon_2026-06-02_13h08.29.077_image_mapping.json	6	1	6	1159	pear	images_THINGS/object_images/pear/pear_09s.jpg	/media/psycontrol/HDD/Datasets/THINGS/images_THINGS/object_images/pear/pear_09s.jpg	True	False	2	426147	1780400948759.000	easy_marker_manifest_order_min_gap_5s	pass	False		True	31.134235	pass	805	158	train	5	pass	True	True
melina	Melina_02062026	lab_data/melina/Melina_02062026_EEG_recon_2026-06-02_13h08.29.077_image_mapping.json	7	1	7	1062	antelope	images_THINGS/object_images/antelope/antelope_12n.jpg	/media/psycontrol/HDD/Datasets/THINGS/images_THINGS/object_images/antelope/antelope_12n.jpg	True	False	2	429241	1780400954947.000	easy_marker_manifest_order_min_gap_5s	pass	False		True	34.526375	pass	806	61	val	5	pass	True	True
melina	Melina_02062026	lab_data/melina/Melina_02062026_EEG_recon_2026-06-02_13h08.29.077_image_mapping.json	8	1	8	1145	rocking_chair	images_THINGS/object_images/rocking_chair/rocking_chair_07s.jpg	/media/psycontrol/HDD/Datasets/THINGS/images_THINGS/object_images/rocking_chair/rocking_chair_07s.jpg	True	False	2	432133	1780400960732.000	easy_marker_manifest_order_min_gap_5s	pass	False		True	25.828690	pass	807	144	train	5	pass	True	True
melina	Melina_02062026	lab_data/melina/Melina_02062026_EEG_recon_2026-06-02_13h08.29.077_image_mapping.json	9	1	9	1015	moose	images_THINGS/object_images/moose/moose_02s.jpg	/media/psycontrol/HDD/Datasets/THINGS/images_THINGS/object_images/moose/moose_02s.jpg	True	False	2	435011	1780400966488.000	easy_marker_manifest_order_min_gap_5s	pass	False		True	36.897041	pass	808	14	train	5	pass	True	True
melina	Melina_02062026	lab_data/melina/Melina_02062026_EEG_recon_2026-06-02_13h08.29.077_image_mapping.json	10	1	10	1092	bunkbed	images_THINGS/object_images/bunkbed/bunkbed_02s.jpg	/media/psycontrol/HDD/Datasets/THINGS/images_THINGS/object_images/bunkbed/bunkbed_02s.jpg	True	False	2	437955	1780400972377.000	easy_marker_manifest_order_min_gap_5s	pass	False		True	33.308479	pass	809	91	train	5	pass	True	True
melina	Melina_02062026	lab_data/melina/Melina_02062026_EEG_recon_2026-06-02_13h08.29.077_image_mapping.json	11	1	11	1001	limousine	images_THINGS/object_images/limousine/limousine_03s.jpg	/media/psycontrol/HDD/Datasets/THINGS/images_THINGS/object_images/limousine/limousine_03s.jpg	True	False	2	440980	1780400978427.000	easy_marker_manifest_order_min_gap_5s	pass	False		True	37.871166	pass	810	0	val	5	pass	True	True
melina	Melina_02062026	lab_data/melina/Melina_02062026_EEG_recon_2026-06-02_13h08.29.077_image_mapping.json	12	1	12	1160	clam	images_THINGS/object_images/clam/clam_06s.jpg	/media/psycontrol/HDD/Datasets/THINGS/images_THINGS/object_images/clam/clam_06s.jpg	True	False	2	443851	1780400984169.000	easy_marker_manifest_order_min_gap_5s	pass	False		True	33.833736	pass	811	159	train	5	pass	True	True
melina	Melina_02062026	lab_data/melina/Melina_02062026_EEG_recon_2026-06-02_13h08.29.077_image_mapping.json	13	1	13	1020	television	images_THINGS/object_images/television/television_07s.jpg	/media/psycontrol/HDD/Datasets/THINGS/images_THINGS/object_images/television/television_07s.jpg	True	False	2	446823	1780400990114.000	easy_marker_manifest_order_min_gap_5s	pass	False		True	31.762705	pass	812	19	val	5	pass	True	True
melina	Melina_02062026	lab_data/melina/Melina_02062026_EEG_recon_2026-06-02_13h08.29.077_image_mapping.json	14	1	14	1104	speaker	images_THINGS/object_images/speaker/speaker_19n.jpg	/media/psycontrol/HDD/Datasets/THINGS/images_THINGS/object_images/speaker/speaker_19n.jpg	True	False	2	449896	1780400996260.000	easy_marker_manifest_order_min_gap_5s	pass	False		True	34.534378	pass	813	103	train	5	pass	True	True
melina	Melina_02062026	lab_data/melina/Melina_02062026_EEG_recon_2026-06-02_13h08.29.077_image_mapping.json	15	1	15	1134	sleeping_bag	images_THINGS/object_images/sleeping_bag/sleeping_bag_07s.jpg	/media/psycontrol/HDD/Datasets/THINGS/images_THINGS/object_images/sleeping_bag/sleeping_bag_07s.jpg	True	False	2	452958	1780401002385.000	easy_marker_manifest_order_min_gap_5s	pass	False		True	36.631111	pass	814	133	val	5	pass	True	True
melina	Melina_02062026	lab_data/melina/Melina_02062026_EEG_recon_2026-06-02_13h08.29.077_image_mapping.json	16	1	16	1147	lemonade	images_THINGS/object_images/lemonade/lemonade_01b.jpg	/media/psycontrol/HDD/Datasets/THINGS/images_THINGS/object_images/lemonade/lemonade_01b.jpg	True	False	2	455870	1780401008210.000	easy_marker_manifest_order_min_gap_5s	pass	False		True	29.616982	pass	815	146	train	5	pass	True	True
melina	Melina_02062026	lab_data/melina/Melina_02062026_EEG_recon_2026-06-02_13h08.29.077_image_mapping.json	17	1	17	1121	sunglasses	images_THINGS/object_images/sunglasses/sunglasses_06s.jpg	/media/psycontrol/HDD/Datasets/THINGS/images_THINGS/object_images/sunglasses/sunglasses_06s.jpg	True	False	2	458933	1780401014336.000	easy_marker_manifest_order_min_gap_5s	pass	False		True	45.730824	pass	816	120	val	5	pass	True	True
melina	Melina_02062026	lab_data/melina/Melina_02062026_EEG_recon_2026-06-02_13h08.29.077_image_mapping.json	18	1	18	1035	lizard	images_THINGS/object_images/lizard/lizard_01b.jpg	/media/psycontrol/HDD/Datasets/THINGS/images_THINGS/object_images/lizard/lizard_01b.jpg	True	False	1	461947	1780401020364.000	easy_marker_manifest_order_min_gap_5s	pass	False		True	47.050629	pass	817	34	train	5	pass	True	True
melina	Melina_02062026	lab_data/melina/Melina_02062026_EEG_recon_2026-06-02_13h08.29.077_image_mapping.json	19	1	19	1052	wallpaper	images_THINGS/object_images/wallpaper/wallpaper_01b.jpg	/media/psycontrol/HDD/Datasets/THINGS/images_THINGS/object_images/wallpaper/wallpaper_01b.jpg	True	False	2	464856	1780401026183.000	easy_marker_manifest_order_min_gap_5s	pass	False		True	33.290848	pass	818	51	train	5	pass	True	True
melina	Melina_02062026	lab_data/melina/Melina_02062026_EEG_recon_2026-06-02_13h08.29.077_image_mapping.json	20	1	20	1132	polar_bear	images_THINGS/object_images/polar_bear/polar_bear_18s.jpg	/media/psycontrol/HDD/Datasets/THINGS/images_THINGS/object_images/polar_bear/polar_bear_18s.jpg	True	False	2	467839	1780401032149.000	easy_marker_manifest_order_min_gap_5s	pass	False		True	34.162163	pass	819	131	val	5	pass	True	True
melina	Melina_02062026	lab_data/melina/Melina_02062026_EEG_recon_2026-06-02_13h08.29.077_image_mapping.json	21	2	1	1071	mongoose	images_THINGS/object_images/mongoose/mongoose_10s.jpg	/media/psycontrol/HDD/Datasets/THINGS/images_THINGS/object_images/mongoose/mongoose_10s.jpg	True	True	2	481002	1780401058477.000	easy_marker_manifest_order_min_gap_5s	pass	False		True	40.253685	pass	820	70	train	5	pass	True	True
melina	Melina_02062026	lab_data/melina/Melina_02062026_EEG_recon_2026-06-02_13h08.29.077_image_mapping.json	22	2	2	1150	chick	images_THINGS/object_images/chick/chick_10s.jpg	/media/psycontrol/HDD/Datasets/THINGS/images_THINGS/object_images/chick/chick_10s.jpg	True	False	2	483911	1780401064295.000	easy_marker_manifest_order_min_gap_5s	pass	False		True	41.080933	pass	821	149	train	5	pass	True	True
melina	Melina_02062026	lab_data/melina/Melina_02062026_EEG_recon_2026-06-02_13h08.29.077_image_mapping.json	23	2	3	1134	sleeping_bag	images_THINGS/object_images/sleeping_bag/sleeping_bag_07s.jpg	/media/psycontrol/HDD/Datasets/THINGS/images_THINGS/object_images/sleeping_bag/sleeping_bag_07s.jpg	True	True	2	486984	1780401070442.000	easy_marker_manifest_order_min_gap_5s	pass	False		True	80.722351	pass	822	133	val	5	pass	True	True
melina	Melina_02062026	lab_data/melina/Melina_02062026_EEG_recon_2026-06-02_13h08.29.077_image_mapping.json	24	2	4	1053	reindeer	images_THINGS/object_images/reindeer/reindeer_14s.jpg	/media/psycontrol/HDD/Datasets/THINGS/images_THINGS/object_images/reindeer/reindeer_14s.jpg	True	False	2	489963	1780401076400.000	easy_marker_manifest_order_min_gap_5s	pass	False		True	31.757853	pass	823	52	val	5	pass	True	True
melina	Melina_02062026	lab_data/melina/Melina_02062026_EEG_recon_2026-06-02_13h08.29.077_image_mapping.json	25	2	5	1060	squirrel	images_THINGS/object_images/squirrel/squirrel_12n.jpg	/media/psycontrol/HDD/Datasets/THINGS/images_THINGS/object_images/squirrel/squirrel_12n.jpg	True	False	2	493074	1780401082622.000	easy_marker_manifest_order_min_gap_5s	pass	False		True	25.234755	pass	824	59	train	5	pass	True	True
melina	Melina_02062026	lab_data/melina/Melina_02062026_EEG_recon_2026-06-02_13h08.29.077_image_mapping.json	26	2	6	1001	limousine	images_THINGS/object_images/limousine/limousine_03s.jpg	/media/psycontrol/HDD/Datasets/THINGS/images_THINGS/object_images/limousine/limousine_03s.jpg	True	True	2	496140	1780401088754.000	easy_marker_manifest_order_min_gap_5s	pass	False		True	35.358589	pass	825	0	val	5	pass	True	True
melina	Melina_02062026	lab_data/melina/Melina_02062026_EEG_recon_2026-06-02_13h08.29.077_image_mapping.json	27	2	7	1115	marshmallow	images_THINGS/object_images/marshmallow/marshmallow_09s.jpg	/media/psycontrol/HDD/Datasets/THINGS/images_THINGS/object_images/marshmallow/marshmallow_09s.jpg	True	False	1	499143	1780401094761.000	easy_marker_manifest_order_min_gap_5s	pass	False		True	29.446325	pass	826	114	train	5	pass	True	True
melina	Melina_02062026	lab_data/melina/Melina_02062026_EEG_recon_2026-06-02_13h08.29.077_image_mapping.json	28	2	8	1159	pear	images_THINGS/object_images/pear/pear_09s.jpg	/media/psycontrol/HDD/Datasets/THINGS/images_THINGS/object_images/pear/pear_09s.jpg	True	True	2	502215	1780401100906.000	easy_marker_manifest_order_min_gap_5s	pass	False		True	38.465622	pass	827	158	train	5	pass	True	True
melina	Melina_02062026	lab_data/melina/Melina_02062026_EEG_recon_2026-06-02_13h08.29.077_image_mapping.json	29	2	9	1012	burrito	images_THINGS/object_images/burrito/burrito_07s.jpg	/media/psycontrol/HDD/Datasets/THINGS/images_THINGS/object_images/burrito/burrito_07s.jpg	True	False	2	505222	1780401106920.000	easy_marker_manifest_order_min_gap_5s	pass	False		True	31.439194	pass	828	11	val	5	pass	True	True
melina	Melina_02062026	lab_data/melina/Melina_02062026_EEG_recon_2026-06-02_13h08.29.077_image_mapping.json	30	2	10	1036	ladybug	images_THINGS/object_images/ladybug/ladybug_07s.jpg	/media/psycontrol/HDD/Datasets/THINGS/images_THINGS/object_images/ladybug/ladybug_07s.jpg	True	False	1	508271	1780401113018.000	easy_marker_manifest_order_min_gap_5s	pass	False		True	51.227245	pass	829	35	train	5	pass	True	True
melina	Melina_02062026	lab_data/melina/Melina_02062026_EEG_recon_2026-06-02_13h08.29.077_image_mapping.json	31	2	11	1045	goose	images_THINGS/object_images/goose/goose_08s.jpg	/media/psycontrol/HDD/Datasets/THINGS/images_THINGS/object_images/goose/goose_08s.jpg	True	False	2	511218	1780401118913.000	easy_marker_manifest_order_min_gap_5s	pass	False		True	43.314877	pass	830	44	train	5	pass	True	True
melina	Melina_02062026	lab_data/melina/Melina_02062026_EEG_recon_2026-06-02_13h08.29.077_image_mapping.json	32	2	12	1095	mouse2	images_THINGS/object_images/mouse2/mouse2_17s.jpg	/media/psycontrol/HDD/Datasets/THINGS/images_THINGS/object_images/mouse2/mouse2_17s.jpg	True	False	1	514135	1780401124747.000	easy_marker_manifest_order_min_gap_5s	pass	False		True	46.543503	pass	831	94	val	5	pass	True	True
melina	Melina_02062026	lab_data/melina/Melina_02062026_EEG_recon_2026-06-02_13h08.29.077_image_mapping.json	33	2	13	1144	tarantula	images_THINGS/object_images/tarantula/tarantula_12s.jpg	/media/psycontrol/HDD/Datasets/THINGS/images_THINGS/object_images/tarantula/tarantula_12s.jpg	True	False	2	517079	1780401130636.000	easy_marker_manifest_order_min_gap_5s	pass	False		True	27.910440	pass	832	143	val	5	pass	True	True
melina	Melina_02062026	lab_data/melina/Melina_02062026_EEG_recon_2026-06-02_13h08.29.077_image_mapping.json	34	2	14	1057	eggnog	images_THINGS/object_images/eggnog/eggnog_03s.jpg	/media/psycontrol/HDD/Datasets/THINGS/images_THINGS/object_images/eggnog/eggnog_03s.jpg	True	False	1	519950	1780401136378.000	easy_marker_manifest_order_min_gap_5s	pass	False		True	25.739063	pass	833	56	train	5	pass	True	True
melina	Melina_02062026	lab_data/melina/Melina_02062026_EEG_recon_2026-06-02_13h08.29.077_image_mapping.json	35	2	15	1112	hard_disk	images_THINGS/object_images/hard_disk/hard_disk_13s.jpg	/media/psycontrol/HDD/Datasets/THINGS/images_THINGS/object_images/hard_disk/hard_disk_13s.jpg	True	False	1	523013	1780401142504.000	easy_marker_manifest_order_min_gap_5s	pass	False		True	40.897060	pass	834	111	train	5	pass	True	True
melina	Melina_02062026	lab_data/melina/Melina_02062026_EEG_recon_2026-06-02_13h08.29.077_image_mapping.json	36	2	16	1108	possum	images_THINGS/object_images/possum/possum_03s.jpg	/media/psycontrol/HDD/Datasets/THINGS/images_THINGS/object_images/possum/possum_03s.jpg	True	False	1	526110	1780401148699.000	easy_marker_manifest_order_min_gap_5s	pass	False		True	34.323353	pass	835	107	train	5	pass	True	True
melina	Melina_02062026	lab_data/melina/Melina_02062026_EEG_recon_2026-06-02_13h08.29.077_image_mapping.json	37	2	17	1160	clam	images_THINGS/object_images/clam/clam_06s.jpg	/media/psycontrol/HDD/Datasets/THINGS/images_THINGS/object_images/clam/clam_06s.jpg	True	True	2	529158	1780401154795.000	easy_marker_manifest_order_min_gap_5s	pass	False		True	61.989239	pass	836	159	train	5	pass	True	True
melina	Melina_02062026	lab_data/melina/Melina_02062026_EEG_recon_2026-06-02_13h08.29.077_image_mapping.json	38	2	18	1031	fish	images_THINGS/object_images/fish/fish_01b.jpg	/media/psycontrol/HDD/Datasets/THINGS/images_THINGS/object_images/fish/fish_01b.jpg	True	False	1	532106	1780401160691.000	easy_marker_manifest_order_min_gap_5s	pass	False		True	34.143764	pass	837	30	val	5	pass	True	True
melina	Melina_02062026	lab_data/melina/Melina_02062026_EEG_recon_2026-06-02_13h08.29.077_image_mapping.json	39	2	19	1016	ant	images_THINGS/object_images/ant/ant_08s.jpg	/media/psycontrol/HDD/Datasets/THINGS/images_THINGS/object_images/ant/ant_08s.jpg	True	False	1	535078	1780401166636.000	easy_marker_manifest_order_min_gap_5s	pass	False		True	112.568535	pass	838	15	train	5	pass	True	True
melina	Melina_02062026	lab_data/melina/Melina_02062026_EEG_recon_2026-06-02_13h08.29.077_image_mapping.json	40	2	20	1118	candy_bar	images_THINGS/object_images/candy_bar/candy_bar_09s.jpg	/media/psycontrol/HDD/Datasets/THINGS/images_THINGS/object_images/candy_bar/candy_bar_09s.jpg	True	False	2	538047	1780401172574.000	easy_marker_manifest_order_min_gap_5s	pass	False		True	86.224503	pass	839	117	train	5	pass	True	True
melina	Melina_02062026	lab_data/melina/Melina_02062026_EEG_recon_2026-06-02_13h08.29.077_image_mapping.json	41	3	1	1050	artichoke	images_THINGS/object_images/artichoke/artichoke_08n.jpg	/media/psycontrol/HDD/Datasets/THINGS/images_THINGS/object_images/artichoke/artichoke_08n.jpg	True	False	1	550663	1780401197809.000	easy_marker_manifest_order_min_gap_5s	pass	False		True	53.412922	pass	840	49	train	5	pass	True	True
melina	Melina_02062026	lab_data/melina/Melina_02062026_EEG_recon_2026-06-02_13h08.29.077_image_mapping.json	42	3	2	1157	barnacle	images_THINGS/object_images/barnacle/barnacle_11s.jpg	/media/psycontrol/HDD/Datasets/THINGS/images_THINGS/object_images/barnacle/barnacle_11s.jpg	True	False	2	553615	1780401203712.000	easy_marker_manifest_order_min_gap_5s	pass	False		True	34.834034	pass	841	156	val	5	pass	True	True
melina	Melina_02062026	lab_data/melina/Melina_02062026_EEG_recon_2026-06-02_13h08.29.077_image_mapping.json	43	3	3	1098	stool	images_THINGS/object_images/stool/stool_08s.jpg	/media/psycontrol/HDD/Datasets/THINGS/images_THINGS/object_images/stool/stool_08s.jpg	True	False	1	556632	1780401209747.000	easy_marker_manifest_order_min_gap_5s	pass	False		True	50.168423	pass	842	97	train	5	pass	True	True
melina	Melina_02062026	lab_data/melina/Melina_02062026_EEG_recon_2026-06-02_13h08.29.077_image_mapping.json	44	3	4	1073	bull	images_THINGS/object_images/bull/bull_09s.jpg	/media/psycontrol/HDD/Datasets/THINGS/images_THINGS/object_images/bull/bull_09s.jpg	True	False	1	559615	1780401215714.000	easy_marker_manifest_order_min_gap_5s	pass	False		True	41.466614	pass	843	72	val	5	pass	True	True
melina	Melina_02062026	lab_data/melina/Melina_02062026_EEG_recon_2026-06-02_13h08.29.077_image_mapping.json	45	3	5	1020	television	images_THINGS/object_images/television/television_07s.jpg	/media/psycontrol/HDD/Datasets/THINGS/images_THINGS/object_images/television/television_07s.jpg	True	True	2	562548	1780401221580.000	easy_marker_manifest_order_min_gap_5s	pass	False		True	114.567993	pass	844	19	val	5	pass	True	True
melina	Melina_02062026	lab_data/melina/Melina_02062026_EEG_recon_2026-06-02_13h08.29.077_image_mapping.json	46	3	6	1151	tractor	images_THINGS/object_images/tractor/tractor_10n.jpg	/media/psycontrol/HDD/Datasets/THINGS/images_THINGS/object_images/tractor/tractor_10n.jpg	True	False	1	565610	1780401227705.000	easy_marker_manifest_order_min_gap_5s	pass	False		True	40.637863	pass	845	150	train	5	pass	True	True
melina	Melina_02062026	lab_data/melina/Melina_02062026_EEG_recon_2026-06-02_13h08.29.077_image_mapping.json	47	3	7	1119	star_fruit	images_THINGS/object_images/star_fruit/star_fruit_06s.jpg	/media/psycontrol/HDD/Datasets/THINGS/images_THINGS/object_images/star_fruit/star_fruit_06s.jpg	True	False	1	568673	1780401233831.000	easy_marker_manifest_order_min_gap_5s	pass	False		True	66.875610	pass	846	118	train	5	pass	True	True
melina	Melina_02062026	lab_data/melina/Melina_02062026_EEG_recon_2026-06-02_13h08.29.077_image_mapping.json	48	3	8	1011	raspberry	images_THINGS/object_images/raspberry/raspberry_11s.jpg	/media/psycontrol/HDD/Datasets/THINGS/images_THINGS/object_images/raspberry/raspberry_11s.jpg	True	False	1	571767	1780401240019.000	easy_marker_manifest_order_min_gap_5s	pass	False		True	49.207329	pass	847	10	train	5	pass	True	True
melina	Melina_02062026	lab_data/melina/Melina_02062026_EEG_recon_2026-06-02_13h08.29.077_image_mapping.json	49	3	9	1137	lamb	images_THINGS/object_images/lamb/lamb_12s.jpg	/media/psycontrol/HDD/Datasets/THINGS/images_THINGS/object_images/lamb/lamb_12s.jpg	True	False	1	574849	1780401246184.000	easy_marker_manifest_order_min_gap_5s	pass	False		True	67.919167	pass	848	136	val	5	pass	True	True
melina	Melina_02062026	lab_data/melina/Melina_02062026_EEG_recon_2026-06-02_13h08.29.077_image_mapping.json	50	3	10	1104	speaker	images_THINGS/object_images/speaker/speaker_19n.jpg	/media/psycontrol/HDD/Datasets/THINGS/images_THINGS/object_images/speaker/speaker_19n.jpg	True	True	2	577832	1780401252150.000	easy_marker_manifest_order_min_gap_5s	pass	False		True	26.657076	pass	849	103	train	5	pass	True	True
melina	Melina_02062026	lab_data/melina/Melina_02062026_EEG_recon_2026-06-02_13h08.29.077_image_mapping.json	51	3	11	1110	jet	images_THINGS/object_images/jet/jet_04s.jpg	/media/psycontrol/HDD/Datasets/THINGS/images_THINGS/object_images/jet/jet_04s.jpg	True	False	2	580790	1780401258067.000	easy_marker_manifest_order_min_gap_5s	pass	False		True	47.159470	pass	850	109	train	5	pass	True	True
melina	Melina_02062026	lab_data/melina/Melina_02062026_EEG_recon_2026-06-02_13h08.29.077_image_mapping.json	52	3	12	1144	tarantula	images_THINGS/object_images/tarantula/tarantula_12s.jpg	/media/psycontrol/HDD/Datasets/THINGS/images_THINGS/object_images/tarantula/tarantula_12s.jpg	True	True	2	583703	1780401263893.000	easy_marker_manifest_order_min_gap_5s	pass	False		True	35.448612	pass	851	143	val	5	pass	True	True
melina	Melina_02062026	lab_data/melina/Melina_02062026_EEG_recon_2026-06-02_13h08.29.077_image_mapping.json	53	3	13	1006	cardinal	images_THINGS/object_images/cardinal/cardinal_02s.jpg	/media/psycontrol/HDD/Datasets/THINGS/images_THINGS/object_images/cardinal/cardinal_02s.jpg	True	True	2	586620	1780401269727.000	easy_marker_manifest_order_min_gap_5s	pass	False		True	34.400925	pass	852	5	train	5	pass	True	True
melina	Melina_02062026	lab_data/melina/Melina_02062026_EEG_recon_2026-06-02_13h08.29.077_image_mapping.json	54	3	14	1097	sandwich	images_THINGS/object_images/sandwich/sandwich_06s.jpg	/media/psycontrol/HDD/Datasets/THINGS/images_THINGS/object_images/sandwich/sandwich_06s.jpg	True	False	1	589536	1780401275560.000	easy_marker_manifest_order_min_gap_5s	pass	False		True	37.595825	pass	853	96	val	5	pass	True	True
melina	Melina_02062026	lab_data/melina/Melina_02062026_EEG_recon_2026-06-02_13h08.29.077_image_mapping.json	55	3	15	1090	garlic	images_THINGS/object_images/garlic/garlic_11s.jpg	/media/psycontrol/HDD/Datasets/THINGS/images_THINGS/object_images/garlic/garlic_11s.jpg	True	False	1	592494	1780401281476.000	easy_marker_manifest_order_min_gap_5s	pass	False		True	118.551765	pass	854	89	val	5	pass	True	True
melina	Melina_02062026	lab_data/melina/Melina_02062026_EEG_recon_2026-06-02_13h08.29.077_image_mapping.json	56	3	16	1101	boat	images_THINGS/object_images/boat/boat_08s.jpg	/media/psycontrol/HDD/Datasets/THINGS/images_THINGS/object_images/boat/boat_08s.jpg	True	False	1	595567	1780401287623.000	easy_marker_manifest_order_min_gap_5s	pass	False		True	128.215073	pass	855	100	train	5	pass	True	True
melina	Melina_02062026	lab_data/melina/Melina_02062026_EEG_recon_2026-06-02_13h08.29.077_image_mapping.json	57	3	17	1132	polar_bear	images_THINGS/object_images/polar_bear/polar_bear_18s.jpg	/media/psycontrol/HDD/Datasets/THINGS/images_THINGS/object_images/polar_bear/polar_bear_18s.jpg	True	True	2	598456	1780401293401.000	easy_marker_manifest_order_min_gap_5s	pass	False		True	37.611401	pass	856	131	val	5	pass	True	True
melina	Melina_02062026	lab_data/melina/Melina_02062026_EEG_recon_2026-06-02_13h08.29.077_image_mapping.json	58	3	18	1047	drawer	images_THINGS/object_images/drawer/drawer_04s.jpg	/media/psycontrol/HDD/Datasets/THINGS/images_THINGS/object_images/drawer/drawer_04s.jpg	True	False	1	601514	1780401299518.000	easy_marker_manifest_order_min_gap_5s	pass	False		True	77.005234	pass	857	46	train	5	pass	True	True
melina	Melina_02062026	lab_data/melina/Melina_02062026_EEG_recon_2026-06-02_13h08.29.077_image_mapping.json	59	3	19	1026	asparagus	images_THINGS/object_images/asparagus/asparagus_12s.jpg	/media/psycontrol/HDD/Datasets/THINGS/images_THINGS/object_images/asparagus/asparagus_12s.jpg	True	False	1	604407	1780401305304.000	easy_marker_manifest_order_min_gap_5s	pass	False		True	84.202202	pass	858	25	train	5	pass	True	True
melina	Melina_02062026	lab_data/melina/Melina_02062026_EEG_recon_2026-06-02_13h08.29.077_image_mapping.json	60	3	20	1046	tiramisu	images_THINGS/object_images/tiramisu/tiramisu_12s.jpg	/media/psycontrol/HDD/Datasets/THINGS/images_THINGS/object_images/tiramisu/tiramisu_12s.jpg	True	False	2	607420	1780401311331.000	easy_marker_manifest_order_min_gap_5s	pass	False		True	34.729908	pass	859	45	train	5	pass	True	True
melina	Melina_02062026	lab_data/melina/Melina_02062026_EEG_recon_2026-06-02_13h08.29.077_image_mapping.json	61	4	1	1110	jet	images_THINGS/object_images/jet/jet_04s.jpg	/media/psycontrol/HDD/Datasets/THINGS/images_THINGS/object_images/jet/jet_04s.jpg	True	True	2	619297	1780401335087.000	easy_marker_manifest_order_min_gap_5s	pass	False		True	67.756020	pass	860	109	train	5	pass	True	True
melina	Melina_02062026	lab_data/melina/Melina_02062026_EEG_recon_2026-06-02_13h08.29.077_image_mapping.json	62	4	2	1149	mole	images_THINGS/object_images/mole/mole_09s.jpg	/media/psycontrol/HDD/Datasets/THINGS/images_THINGS/object_images/mole/mole_09s.jpg	True	False	1	622221	1780401340935.000	easy_marker_manifest_order_min_gap_5s	pass	False		True	122.451920	pass	861	148	train	5	pass	True	True
melina	Melina_02062026	lab_data/melina/Melina_02062026_EEG_recon_2026-06-02_13h08.29.077_image_mapping.json	63	4	3	1023	wolf	images_THINGS/object_images/wolf/wolf_12n.jpg	/media/psycontrol/HDD/Datasets/THINGS/images_THINGS/object_images/wolf/wolf_12n.jpg	True	False	2	625328	1780401347150.000	easy_marker_manifest_order_min_gap_5s	pass	False		True	39.807968	pass	862	22	train	5	pass	True	True
melina	Melina_02062026	lab_data/melina/Melina_02062026_EEG_recon_2026-06-02_13h08.29.077_image_mapping.json	64	4	4	1125	sundae	images_THINGS/object_images/sundae/sundae_09s.jpg	/media/psycontrol/HDD/Datasets/THINGS/images_THINGS/object_images/sundae/sundae_09s.jpg	True	False	2	628207	1780401352908.000	easy_marker_manifest_order_min_gap_5s	pass	False		True	106.753273	pass	863	124	train	5	pass	True	True
melina	Melina_02062026	lab_data/melina/Melina_02062026_EEG_recon_2026-06-02_13h08.29.077_image_mapping.json	65	4	5	1037	steamroller	images_THINGS/object_images/steamroller/steamroller_11n.jpg	/media/psycontrol/HDD/Datasets/THINGS/images_THINGS/object_images/steamroller/steamroller_11n.jpg	True	False	1	631120	1780401358734.000	easy_marker_manifest_order_min_gap_5s	pass	False		True	30.536705	pass	864	36	train	5	pass	True	True
melina	Melina_02062026	lab_data/melina/Melina_02062026_EEG_recon_2026-06-02_13h08.29.077_image_mapping.json	66	4	6	1120	owl	images_THINGS/object_images/owl/owl_19s.jpg	/media/psycontrol/HDD/Datasets/THINGS/images_THINGS/object_images/owl/owl_19s.jpg	True	False	2	634186	1780401364867.000	easy_marker_manifest_order_min_gap_5s	pass	False		True	35.939262	pass	865	119	train	5	pass	True	True
melina	Melina_02062026	lab_data/melina/Melina_02062026_EEG_recon_2026-06-02_13h08.29.077_image_mapping.json	67	4	7	1015	moose	images_THINGS/object_images/moose/moose_02s.jpg	/media/psycontrol/HDD/Datasets/THINGS/images_THINGS/object_images/moose/moose_02s.jpg	True	True	2	637199	1780401370893.000	easy_marker_manifest_order_min_gap_5s	pass	False		True	24.421434	pass	866	14	train	5	pass	True	True
melina	Melina_02062026	lab_data/melina/Melina_02062026_EEG_recon_2026-06-02_13h08.29.077_image_mapping.json	68	4	8	1121	sunglasses	images_THINGS/object_images/sunglasses/sunglasses_06s.jpg	/media/psycontrol/HDD/Datasets/THINGS/images_THINGS/object_images/sunglasses/sunglasses_06s.jpg	True	True	2	640297	1780401377089.000	easy_marker_manifest_order_min_gap_5s	pass	False		True	127.852943	pass	867	120	val	5	pass	True	True
melina	Melina_02062026	lab_data/melina/Melina_02062026_EEG_recon_2026-06-02_13h08.29.077_image_mapping.json	69	4	9	1049	rat	images_THINGS/object_images/rat/rat_04s.jpg	/media/psycontrol/HDD/Datasets/THINGS/images_THINGS/object_images/rat/rat_04s.jpg	True	False	1	643223	1780401382942.000	easy_marker_manifest_order_min_gap_5s	pass	False		True	35.032246	pass	868	48	train	5	pass	True	True
melina	Melina_02062026	lab_data/melina/Melina_02062026_EEG_recon_2026-06-02_13h08.29.077_image_mapping.json	70	4	10	1032	pants	images_THINGS/object_images/pants/pants_01b.jpg	/media/psycontrol/HDD/Datasets/THINGS/images_THINGS/object_images/pants/pants_01b.jpg	True	False	1	646116	1780401388728.000	easy_marker_manifest_order_min_gap_5s	pass	False		True	36.532070	pass	869	31	train	5	pass	True	True
melina	Melina_02062026	lab_data/melina/Melina_02062026_EEG_recon_2026-06-02_13h08.29.077_image_mapping.json	71	4	11	1063	car	images_THINGS/object_images/car/car_12s.jpg	/media/psycontrol/HDD/Datasets/THINGS/images_THINGS/object_images/car/car_12s.jpg	True	False	1	649139	1780401394775.000	easy_marker_manifest_order_min_gap_5s	pass	False		True	34.611938	pass	870	62	train	5	pass	True	True
melina	Melina_02062026	lab_data/melina/Melina_02062026_EEG_recon_2026-06-02_13h08.29.077_image_mapping.json	72	4	12	1118	candy_bar	images_THINGS/object_images/candy_bar/candy_bar_09s.jpg	/media/psycontrol/HDD/Datasets/THINGS/images_THINGS/object_images/candy_bar/candy_bar_09s.jpg	True	True	2	652209	1780401400915.000	easy_marker_manifest_order_min_gap_5s	pass	False		True	36.222637	pass	871	117	train	5	pass	True	True
melina	Melina_02062026	lab_data/melina/Melina_02062026_EEG_recon_2026-06-02_13h08.29.077_image_mapping.json	73	4	13	1092	bunkbed	images_THINGS/object_images/bunkbed/bunkbed_02s.jpg	/media/psycontrol/HDD/Datasets/THINGS/images_THINGS/object_images/bunkbed/bunkbed_02s.jpg	True	True	2	655102	1780401406701.000	easy_marker_manifest_order_min_gap_5s	pass	False		True	43.886452	pass	872	91	train	5	pass	True	True
melina	Melina_02062026	lab_data/melina/Melina_02062026_EEG_recon_2026-06-02_13h08.29.077_image_mapping.json	74	4	14	1038	cupcake	images_THINGS/object_images/cupcake/cupcake_07s.jpg	/media/psycontrol/HDD/Datasets/THINGS/images_THINGS/object_images/cupcake/cupcake_07s.jpg	True	False	1	658028	1780401412553.000	easy_marker_manifest_order_min_gap_5s	pass	False		True	32.173458	pass	873	37	train	5	pass	True	True
melina	Melina_02062026	lab_data/melina/Melina_02062026_EEG_recon_2026-06-02_13h08.29.077_image_mapping.json	75	4	15	1061	taco	images_THINGS/object_images/taco/taco_06n.jpg	/media/psycontrol/HDD/Datasets/THINGS/images_THINGS/object_images/taco/taco_06n.jpg	True	False	2	661097	1780401418692.000	easy_marker_manifest_order_min_gap_5s	pass	False		True	32.145340	pass	874	60	train	5	pass	True	True
melina	Melina_02062026	lab_data/melina/Melina_02062026_EEG_recon_2026-06-02_13h08.29.077_image_mapping.json	76	4	16	1130	showerhead	images_THINGS/object_images/showerhead/showerhead_05s.jpg	/media/psycontrol/HDD/Datasets/THINGS/images_THINGS/object_images/showerhead/showerhead_05s.jpg	True	False	2	664070	1780401424638.000	easy_marker_manifest_order_min_gap_5s	pass	False		True	31.653877	pass	875	129	train	5	pass	True	True
melina	Melina_02062026	lab_data/melina/Melina_02062026_EEG_recon_2026-06-02_13h08.29.077_image_mapping.json	77	4	17	1143	mango	images_THINGS/object_images/mango/mango_16s.jpg	/media/psycontrol/HDD/Datasets/THINGS/images_THINGS/object_images/mango/mango_16s.jpg	True	False	2	667004	1780401430506.000	easy_marker_manifest_order_min_gap_5s	pass	False		True	37.085865	pass	876	142	val	5	pass	True	True
melina	Melina_02062026	lab_data/melina/Melina_02062026_EEG_recon_2026-06-02_13h08.29.077_image_mapping.json	78	4	18	1123	sorbet	images_THINGS/object_images/sorbet/sorbet_05s.jpg	/media/psycontrol/HDD/Datasets/THINGS/images_THINGS/object_images/sorbet/sorbet_05s.jpg	True	False	1	670087	1780401436672.000	easy_marker_manifest_order_min_gap_5s	pass	False		True	48.766674	pass	877	122	val	5	pass	True	True
melina	Melina_02062026	lab_data/melina/Melina_02062026_EEG_recon_2026-06-02_13h08.29.077_image_mapping.json	79	4	19	1013	banana	images_THINGS/object_images/banana/banana_13s.jpg	/media/psycontrol/HDD/Datasets/THINGS/images_THINGS/object_images/banana/banana_13s.jpg	True	False	1	673136	1780401442770.000	easy_marker_manifest_order_min_gap_5s	pass	False		True	37.264194	pass	878	12	train	5	pass	True	True
melina	Melina_02062026	lab_data/melina/Melina_02062026_EEG_recon_2026-06-02_13h08.29.077_image_mapping.json	80	4	20	1139	earwig	images_THINGS/object_images/earwig/earwig_09s.jpg	/media/psycontrol/HDD/Datasets/THINGS/images_THINGS/object_images/earwig/earwig_09s.jpg	True	False	1	676007	1780401448512.000	easy_marker_manifest_order_min_gap_5s	pass	False		True	30.160654	pass	879	138	train	5	pass	True	True
melina	Melina_02062026	lab_data/melina/Melina_02062026_EEG_recon_2026-06-02_13h08.29.077_image_mapping.json	81	5	1	1079	puppy	images_THINGS/object_images/puppy/puppy_12s.jpg	/media/psycontrol/HDD/Datasets/THINGS/images_THINGS/object_images/puppy/puppy_12s.jpg	True	False	1	697975	1780401492451.000	easy_marker_manifest_order_min_gap_5s	pass	False		True	36.274250	pass	880	78	train	5	pass	True	True
melina	Melina_02062026	lab_data/melina/Melina_02062026_EEG_recon_2026-06-02_13h08.29.077_image_mapping.json	82	5	2	1082	necklace	images_THINGS/object_images/necklace/necklace_11s.jpg	/media/psycontrol/HDD/Datasets/THINGS/images_THINGS/object_images/necklace/necklace_11s.jpg	True	False	2	701034	1780401498569.000	easy_marker_manifest_order_min_gap_5s	pass	False		True	138.266388	pass	881	81	train	5	pass	True	True
melina	Melina_02062026	lab_data/melina/Melina_02062026_EEG_recon_2026-06-02_13h08.29.077_image_mapping.json	83	5	3	1131	eel	images_THINGS/object_images/eel/eel_09s.jpg	/media/psycontrol/HDD/Datasets/THINGS/images_THINGS/object_images/eel/eel_09s.jpg	True	False	1	703995	1780401504492.000	easy_marker_manifest_order_min_gap_5s	pass	False		True	52.527760	pass	882	130	train	5	pass	True	True
melina	Melina_02062026	lab_data/melina/Melina_02062026_EEG_recon_2026-06-02_13h08.29.077_image_mapping.json	84	5	4	1143	mango	images_THINGS/object_images/mango/mango_16s.jpg	/media/psycontrol/HDD/Datasets/THINGS/images_THINGS/object_images/mango/mango_16s.jpg	True	True	2	706977	1780401510456.000	easy_marker_manifest_order_min_gap_5s	pass	False		True	75.938377	pass	883	142	val	5	pass	True	True
melina	Melina_02062026	lab_data/melina/Melina_02062026_EEG_recon_2026-06-02_13h08.29.077_image_mapping.json	85	5	5	1109	wasp	images_THINGS/object_images/wasp/wasp_09n.jpg	/media/psycontrol/HDD/Datasets/THINGS/images_THINGS/object_images/wasp/wasp_09n.jpg	True	False	1	710061	1780401516624.000	easy_marker_manifest_order_min_gap_5s	pass	False		True	81.427849	pass	884	108	train	5	pass	True	True
melina	Melina_02062026	lab_data/melina/Melina_02062026_EEG_recon_2026-06-02_13h08.29.077_image_mapping.json	86	5	6	1046	tiramisu	images_THINGS/object_images/tiramisu/tiramisu_12s.jpg	/media/psycontrol/HDD/Datasets/THINGS/images_THINGS/object_images/tiramisu/tiramisu_12s.jpg	True	True	2	712953	1780401522408.000	easy_marker_manifest_order_min_gap_5s	pass	False		True	50.091785	pass	885	45	train	5	pass	True	True
melina	Melina_02062026	lab_data/melina/Melina_02062026_EEG_recon_2026-06-02_13h08.29.077_image_mapping.json	87	5	7	1133	cockatoo	images_THINGS/object_images/cockatoo/cockatoo_04s.jpg	/media/psycontrol/HDD/Datasets/THINGS/images_THINGS/object_images/cockatoo/cockatoo_04s.jpg	True	False	1	716016	1780401528534.000	easy_marker_manifest_order_min_gap_5s	pass	False		True	50.719955	pass	886	132	train	5	pass	True	True
melina	Melina_02062026	lab_data/melina/Melina_02062026_EEG_recon_2026-06-02_13h08.29.077_image_mapping.json	88	5	8	1002	pea	images_THINGS/object_images/pea/pea_10s.jpg	/media/psycontrol/HDD/Datasets/THINGS/images_THINGS/object_images/pea/pea_10s.jpg	True	False	1	718964	1780401534430.000	easy_marker_manifest_order_min_gap_5s	pass	False		True	38.406082	pass	887	1	train	5	pass	True	True
melina	Melina_02062026	lab_data/melina/Melina_02062026_EEG_recon_2026-06-02_13h08.29.077_image_mapping.json	89	5	9	1135	pony	images_THINGS/object_images/pony/pony_01b.jpg	/media/psycontrol/HDD/Datasets/THINGS/images_THINGS/object_images/pony/pony_01b.jpg	True	False	1	721957	1780401540416.000	easy_marker_manifest_order_min_gap_5s	pass	False		True	38.460957	pass	888	134	train	5	pass	True	True
melina	Melina_02062026	lab_data/melina/Melina_02062026_EEG_recon_2026-06-02_13h08.29.077_image_mapping.json	90	5	10	1125	sundae	images_THINGS/object_images/sundae/sundae_09s.jpg	/media/psycontrol/HDD/Datasets/THINGS/images_THINGS/object_images/sundae/sundae_09s.jpg	True	True	2	724988	1780401546479.000	easy_marker_manifest_order_min_gap_5s	pass	False		True	104.688034	pass	889	124	train	5	pass	True	True
melina	Melina_02062026	lab_data/melina/Melina_02062026_EEG_recon_2026-06-02_13h08.29.077_image_mapping.json	91	5	11	1124	nightshirt	images_THINGS/object_images/nightshirt/nightshirt_11s.jpg	/media/psycontrol/HDD/Datasets/THINGS/images_THINGS/object_images/nightshirt/nightshirt_11s.jpg	True	True	2	727901	1780401552305.000	easy_marker_manifest_order_min_gap_5s	pass	False		True	53.774223	pass	890	123	val	5	pass	True	True
melina	Melina_02062026	lab_data/melina/Melina_02062026_EEG_recon_2026-06-02_13h08.29.077_image_mapping.json	92	5	12	1140	kayak	images_THINGS/object_images/kayak/kayak_04s.jpg	/media/psycontrol/HDD/Datasets/THINGS/images_THINGS/object_images/kayak/kayak_04s.jpg	True	False	1	730804	1780401558111.000	easy_marker_manifest_order_min_gap_5s	pass	False		True	36.349865	pass	891	139	train	5	pass	True	True
melina	Melina_02062026	lab_data/melina/Melina_02062026_EEG_recon_2026-06-02_13h08.29.077_image_mapping.json	93	5	13	1059	zucchini	images_THINGS/object_images/zucchini/zucchini_02s.jpg	/media/psycontrol/HDD/Datasets/THINGS/images_THINGS/object_images/zucchini/zucchini_02s.jpg	True	False	2	733706	1780401563916.000	easy_marker_manifest_order_min_gap_5s	pass	False		True	42.899181	pass	892	58	train	5	pass	True	True
melina	Melina_02062026	lab_data/melina/Melina_02062026_EEG_recon_2026-06-02_13h08.29.077_image_mapping.json	94	5	14	1040	panda	images_THINGS/object_images/panda/panda_01b.jpg	/media/psycontrol/HDD/Datasets/THINGS/images_THINGS/object_images/panda/panda_01b.jpg	True	False	1	736789	1780401570082.000	easy_marker_manifest_order_min_gap_5s	pass	False		True	41.348011	pass	893	39	train	5	pass	True	True
melina	Melina_02062026	lab_data/melina/Melina_02062026_EEG_recon_2026-06-02_13h08.29.077_image_mapping.json	95	5	15	1061	taco	images_THINGS/object_images/taco/taco_06n.jpg	/media/psycontrol/HDD/Datasets/THINGS/images_THINGS/object_images/taco/taco_06n.jpg	True	True	2	739733	1780401575971.000	easy_marker_manifest_order_min_gap_5s	pass	False		True	40.109470	pass	894	60	train	5	pass	True	True
melina	Melina_02062026	lab_data/melina/Melina_02062026_EEG_recon_2026-06-02_13h08.29.077_image_mapping.json	96	5	16	1107	omelet	images_THINGS/object_images/omelet/omelet_06s.jpg	/media/psycontrol/HDD/Datasets/THINGS/images_THINGS/object_images/omelet/omelet_06s.jpg	True	False	1	742775	1780401582055.000	easy_marker_manifest_order_min_gap_5s	pass	False		True	32.297935	pass	895	106	train	5	pass	True	True
melina	Melina_02062026	lab_data/melina/Melina_02062026_EEG_recon_2026-06-02_13h08.29.077_image_mapping.json	97	5	17	1086	pasta	images_THINGS/object_images/pasta/pasta_12s.jpg	/media/psycontrol/HDD/Datasets/THINGS/images_THINGS/object_images/pasta/pasta_12s.jpg	True	False	1	745851	1780401588207.000	easy_marker_manifest_order_min_gap_5s	pass	False		True	30.069965	pass	896	85	val	5	pass	True	True
melina	Melina_02062026	lab_data/melina/Melina_02062026_EEG_recon_2026-06-02_13h08.29.077_image_mapping.json	98	5	18	1010	pineapple	images_THINGS/object_images/pineapple/pineapple_08s.jpg	/media/psycontrol/HDD/Datasets/THINGS/images_THINGS/object_images/pineapple/pineapple_08s.jpg	True	False	1	748868	1780401594242.000	easy_marker_manifest_order_min_gap_5s	pass	False		True	30.382135	pass	897	9	train	5	pass	True	True
melina	Melina_02062026	lab_data/melina/Melina_02062026_EEG_recon_2026-06-02_13h08.29.077_image_mapping.json	99	5	19	1127	space_shuttle	images_THINGS/object_images/space_shuttle/space_shuttle_12s.jpg	/media/psycontrol/HDD/Datasets/THINGS/images_THINGS/object_images/space_shuttle/space_shuttle_12s.jpg	True	False	1	751767	1780401600040.000	easy_marker_manifest_order_min_gap_5s	pass	False		True	53.710144	pass	898	126	train	5	pass	True	True
melina	Melina_02062026	lab_data/melina/Melina_02062026_EEG_recon_2026-06-02_13h08.29.077_image_mapping.json	100	5	20	1155	kale	images_THINGS/object_images/kale/kale_01b.jpg	/media/psycontrol/HDD/Datasets/THINGS/images_THINGS/object_images/kale/kale_01b.jpg	True	False	1	754684	1780401605875.000	easy_marker_manifest_order_min_gap_5s	pass	False		True	26.700239	pass	899	154	train	5	pass	True	True
melina	Melina_02062026	lab_data/melina/Melina_02062026_EEG_recon_2026-06-02_13h08.29.077_image_mapping.json	101	6	1	1152	speedboat	images_THINGS/object_images/speedboat/speedboat_06s.jpg	/media/psycontrol/HDD/Datasets/THINGS/images_THINGS/object_images/speedboat/speedboat_06s.jpg	True	False	1	767488	1780401631485.000	easy_marker_manifest_order_min_gap_5s	pass	False		True	89.492111	pass	900	151	val	5	pass	True	True
melina	Melina_02062026	lab_data/melina/Melina_02062026_EEG_recon_2026-06-02_13h08.29.077_image_mapping.json	102	6	2	1008	keyboard	images_THINGS/object_images/keyboard/keyboard_13s.jpg	/media/psycontrol/HDD/Datasets/THINGS/images_THINGS/object_images/keyboard/keyboard_13s.jpg	True	False	1	770537	1780401637583.000	easy_marker_manifest_order_min_gap_5s	pass	False		True	33.678825	pass	901	7	train	5	pass	True	True
melina	Melina_02062026	lab_data/melina/Melina_02062026_EEG_recon_2026-06-02_13h08.29.077_image_mapping.json	103	6	3	1042	eagle	images_THINGS/object_images/eagle/eagle_08s.jpg	/media/psycontrol/HDD/Datasets/THINGS/images_THINGS/object_images/eagle/eagle_08s.jpg	True	False	1	773599	1780401643708.000	easy_marker_manifest_order_min_gap_5s	pass	False		True	42.677906	pass	902	41	train	5	pass	True	True
melina	Melina_02062026	lab_data/melina/Melina_02062026_EEG_recon_2026-06-02_13h08.29.077_image_mapping.json	104	6	4	1028	meatball	images_THINGS/object_images/meatball/meatball_04s.jpg	/media/psycontrol/HDD/Datasets/THINGS/images_THINGS/object_images/meatball/meatball_04s.jpg	True	False	1	776668	1780401649846.000	easy_marker_manifest_order_min_gap_5s	pass	False		True	37.037781	pass	903	27	train	5	pass	True	True
melina	Melina_02062026	lab_data/melina/Melina_02062026_EEG_recon_2026-06-02_13h08.29.077_image_mapping.json	105	6	5	1062	antelope	images_THINGS/object_images/antelope/antelope_12n.jpg	/media/psycontrol/HDD/Datasets/THINGS/images_THINGS/object_images/antelope/antelope_12n.jpg	True	True	2	779692	1780401655895.000	easy_marker_manifest_order_min_gap_5s	pass	False		True	48.809303	pass	904	61	val	5	pass	True	True
melina	Melina_02062026	lab_data/melina/Melina_02062026_EEG_recon_2026-06-02_13h08.29.077_image_mapping.json	106	6	6	1085	frog	images_THINGS/object_images/frog/frog_09s.jpg	/media/psycontrol/HDD/Datasets/THINGS/images_THINGS/object_images/frog/frog_09s.jpg	True	False	1	782730	1780401661971.000	easy_marker_manifest_order_min_gap_5s	pass	False		True	22.980635	pass	905	84	train	5	pass	True	True
melina	Melina_02062026	lab_data/melina/Melina_02062026_EEG_recon_2026-06-02_13h08.29.077_image_mapping.json	107	6	7	1074	cobra	images_THINGS/object_images/cobra/cobra_07s.jpg	/media/psycontrol/HDD/Datasets/THINGS/images_THINGS/object_images/cobra/cobra_07s.jpg	True	False	1	785737	1780401667986.000	easy_marker_manifest_order_min_gap_5s	pass	False		True	24.746592	pass	906	73	train	5	pass	True	True
melina	Melina_02062026	lab_data/melina/Melina_02062026_EEG_recon_2026-06-02_13h08.29.077_image_mapping.json	108	6	8	1103	blazer	images_THINGS/object_images/blazer/blazer_05s.jpg	/media/psycontrol/HDD/Datasets/THINGS/images_THINGS/object_images/blazer/blazer_05s.jpg	True	False	1	788844	1780401674201.000	easy_marker_manifest_order_min_gap_5s	pass	False		True	47.679996	pass	907	102	train	5	pass	True	True
melina	Melina_02062026	lab_data/melina/Melina_02062026_EEG_recon_2026-06-02_13h08.29.077_image_mapping.json	109	6	9	1017	carrot	images_THINGS/object_images/carrot/carrot_01b.jpg	/media/psycontrol/HDD/Datasets/THINGS/images_THINGS/object_images/carrot/carrot_01b.jpg	True	False	1	791959	1780401680431.000	easy_marker_manifest_order_min_gap_5s	pass	False		True	37.580795	pass	908	16	train	5	pass	True	True
melina	Melina_02062026	lab_data/melina/Melina_02062026_EEG_recon_2026-06-02_13h08.29.077_image_mapping.json	110	6	10	1126	helicopter	images_THINGS/object_images/helicopter/helicopter_20s.jpg	/media/psycontrol/HDD/Datasets/THINGS/images_THINGS/object_images/helicopter/helicopter_20s.jpg	True	False	2	794875	1780401686263.000	easy_marker_manifest_order_min_gap_5s	pass	False		True	44.138947	pass	909	125	train	5	pass	True	True
melina	Melina_02062026	lab_data/melina/Melina_02062026_EEG_recon_2026-06-02_13h08.29.077_image_mapping.json	111	6	11	1106	swordfish	images_THINGS/object_images/swordfish/swordfish_07s.jpg	/media/psycontrol/HDD/Datasets/THINGS/images_THINGS/object_images/swordfish/swordfish_07s.jpg	True	False	1	797819	1780401692152.000	easy_marker_manifest_order_min_gap_5s	pass	False		True	39.938477	pass	910	105	train	5	pass	True	True
melina	Melina_02062026	lab_data/melina/Melina_02062026_EEG_recon_2026-06-02_13h08.29.077_image_mapping.json	112	6	12	1068	radio	images_THINGS/object_images/radio/radio_04s.jpg	/media/psycontrol/HDD/Datasets/THINGS/images_THINGS/object_images/radio/radio_04s.jpg	True	False	1	800823	1780401698160.000	easy_marker_manifest_order_min_gap_5s	pass	False		True	29.969978	pass	911	67	val	5	pass	True	True
melina	Melina_02062026	lab_data/melina/Melina_02062026_EEG_recon_2026-06-02_13h08.29.077_image_mapping.json	113	6	13	1100	champagne	images_THINGS/object_images/champagne/champagne_01b.jpg	/media/psycontrol/HDD/Datasets/THINGS/images_THINGS/object_images/champagne/champagne_01b.jpg	True	False	1	803701	1780401703917.000	easy_marker_manifest_order_min_gap_5s	pass	False		True	31.989010	pass	912	99	train	5	pass	True	True
melina	Melina_02062026	lab_data/melina/Melina_02062026_EEG_recon_2026-06-02_13h08.29.077_image_mapping.json	114	6	14	1084	cheetah	images_THINGS/object_images/cheetah/cheetah_06s.jpg	/media/psycontrol/HDD/Datasets/THINGS/images_THINGS/object_images/cheetah/cheetah_06s.jpg	True	False	2	806784	1780401710083.000	easy_marker_manifest_order_min_gap_5s	pass	False		True	30.461853	pass	913	83	train	5	pass	True	True
melina	Melina_02062026	lab_data/melina/Melina_02062026_EEG_recon_2026-06-02_13h08.29.077_image_mapping.json	115	6	15	1120	owl	images_THINGS/object_images/owl/owl_19s.jpg	/media/psycontrol/HDD/Datasets/THINGS/images_THINGS/object_images/owl/owl_19s.jpg	True	True	2	809711	1780401715938.000	easy_marker_manifest_order_min_gap_5s	pass	False		True	47.131088	pass	914	119	train	5	pass	True	True
melina	Melina_02062026	lab_data/melina/Melina_02062026_EEG_recon_2026-06-02_13h08.29.077_image_mapping.json	116	6	16	1129	workbench	images_THINGS/object_images/workbench/workbench_07s.jpg	/media/psycontrol/HDD/Datasets/THINGS/images_THINGS/object_images/workbench/workbench_07s.jpg	True	False	2	812770	1780401722056.000	easy_marker_manifest_order_min_gap_5s	pass	False		True	28.311026	pass	915	128	train	5	pass	True	True
melina	Melina_02062026	lab_data/melina/Melina_02062026_EEG_recon_2026-06-02_13h08.29.077_image_mapping.json	117	6	17	1053	reindeer	images_THINGS/object_images/reindeer/reindeer_14s.jpg	/media/psycontrol/HDD/Datasets/THINGS/images_THINGS/object_images/reindeer/reindeer_14s.jpg	True	True	2	815807	1780401728131.000	easy_marker_manifest_order_min_gap_5s	pass	False		True	97.478546	pass	916	52	val	5	pass	True	True
melina	Melina_02062026	lab_data/melina/Melina_02062026_EEG_recon_2026-06-02_13h08.29.077_image_mapping.json	118	6	18	1039	sailboat	images_THINGS/object_images/sailboat/sailboat_07s.jpg	/media/psycontrol/HDD/Datasets/THINGS/images_THINGS/object_images/sailboat/sailboat_07s.jpg	True	False	1	818786	1780401734090.000	easy_marker_manifest_order_min_gap_5s	pass	False		True	49.554623	pass	917	38	val	5	pass	True	True
melina	Melina_02062026	lab_data/melina/Melina_02062026_EEG_recon_2026-06-02_13h08.29.077_image_mapping.json	119	6	19	1111	creme_brulee	images_THINGS/object_images/creme_brulee/creme_brulee_01b.jpg	/media/psycontrol/HDD/Datasets/THINGS/images_THINGS/object_images/creme_brulee/creme_brulee_01b.jpg	True	False	1	821765	1780401740048.000	easy_marker_manifest_order_min_gap_5s	pass	False		True	32.691799	pass	918	110	train	5	pass	True	True
melina	Melina_02062026	lab_data/melina/Melina_02062026_EEG_recon_2026-06-02_13h08.29.077_image_mapping.json	120	6	20	1012	burrito	images_THINGS/object_images/burrito/burrito_07s.jpg	/media/psycontrol/HDD/Datasets/THINGS/images_THINGS/object_images/burrito/burrito_07s.jpg	True	True	2	824700	1780401745917.000	easy_marker_manifest_order_min_gap_5s	pass	False		True	45.975849	pass	919	11	val	5	pass	True	True
melina	Melina_02062026	lab_data/melina/Melina_02062026_EEG_recon_2026-06-02_13h08.29.077_image_mapping.json	121	7	1	1067	taffy	images_THINGS/object_images/taffy/taffy_11s.jpg	/media/psycontrol/HDD/Datasets/THINGS/images_THINGS/object_images/taffy/taffy_11s.jpg	True	False	1	842834	1780401782187.000	easy_marker_manifest_order_min_gap_5s	pass	False		True	189.066711	pass	920	66	val	5	pass	True	True
melina	Melina_02062026	lab_data/melina/Melina_02062026_EEG_recon_2026-06-02_13h08.29.077_image_mapping.json	122	7	2	1084	cheetah	images_THINGS/object_images/cheetah/cheetah_06s.jpg	/media/psycontrol/HDD/Datasets/THINGS/images_THINGS/object_images/cheetah/cheetah_06s.jpg	True	True	2	845841	1780401788202.000	easy_marker_manifest_order_min_gap_5s	pass	False		True	67.916206	pass	921	83	train	5	pass	True	True
melina	Melina_02062026	lab_data/melina/Melina_02062026_EEG_recon_2026-06-02_13h08.29.077_image_mapping.json	123	7	3	1082	necklace	images_THINGS/object_images/necklace/necklace_11s.jpg	/media/psycontrol/HDD/Datasets/THINGS/images_THINGS/object_images/necklace/necklace_11s.jpg	True	True	2	848713	1780401793945.000	easy_marker_manifest_order_min_gap_5s	pass	False		True	22.644150	pass	922	81	train	5	pass	True	True
melina	Melina_02062026	lab_data/melina/Melina_02062026_EEG_recon_2026-06-02_13h08.29.077_image_mapping.json	124	7	4	1051	yacht	images_THINGS/object_images/yacht/yacht_05s.jpg	/media/psycontrol/HDD/Datasets/THINGS/images_THINGS/object_images/yacht/yacht_05s.jpg	True	False	2	851789	1780401800098.000	easy_marker_manifest_order_min_gap_5s	pass	False		True	31.202732	pass	923	50	train	5	pass	True	True
melina	Melina_02062026	lab_data/melina/Melina_02062026_EEG_recon_2026-06-02_13h08.29.077_image_mapping.json	125	7	5	1091	kitten	images_THINGS/object_images/kitten/kitten_09s.jpg	/media/psycontrol/HDD/Datasets/THINGS/images_THINGS/object_images/kitten/kitten_09s.jpg	True	False	1	854702	1780401805924.000	easy_marker_manifest_order_min_gap_5s	pass	False		True	29.334026	pass	924	90	train	5	pass	True	True
melina	Melina_02062026	lab_data/melina/Melina_02062026_EEG_recon_2026-06-02_13h08.29.077_image_mapping.json	126	7	6	1081	police_car	images_THINGS/object_images/police_car/police_car_14s.jpg	/media/psycontrol/HDD/Datasets/THINGS/images_THINGS/object_images/police_car/police_car_14s.jpg	True	False	1	857692	1780401811904.000	easy_marker_manifest_order_min_gap_5s	pass	False		True	63.231934	pass	925	80	train	5	pass	True	True
melina	Melina_02062026	lab_data/melina/Melina_02062026_EEG_recon_2026-06-02_13h08.29.077_image_mapping.json	127	7	7	1154	chandelier	images_THINGS/object_images/chandelier/chandelier_10s.jpg	/media/psycontrol/HDD/Datasets/THINGS/images_THINGS/object_images/chandelier/chandelier_10s.jpg	True	False	1	860757	1780401818035.000	easy_marker_manifest_order_min_gap_5s	pass	False		True	44.090714	pass	926	153	train	5	pass	True	True
melina	Melina_02062026	lab_data/melina/Melina_02062026_EEG_recon_2026-06-02_13h08.29.077_image_mapping.json	128	7	8	1087	bathrobe	images_THINGS/object_images/bathrobe/bathrobe_12s.jpg	/media/psycontrol/HDD/Datasets/THINGS/images_THINGS/object_images/bathrobe/bathrobe_12s.jpg	True	False	1	863861	1780401824243.000	easy_marker_manifest_order_min_gap_5s	pass	False		True	70.118118	pass	927	86	train	5	pass	True	True
melina	Melina_02062026	lab_data/melina/Melina_02062026_EEG_recon_2026-06-02_13h08.29.077_image_mapping.json	129	7	9	1065	cabinet	images_THINGS/object_images/cabinet/cabinet_07s.jpg	/media/psycontrol/HDD/Datasets/THINGS/images_THINGS/object_images/cabinet/cabinet_07s.jpg	True	False	1	866976	1780401830473.000	easy_marker_manifest_order_min_gap_5s	pass	False		True	92.586708	pass	928	64	train	5	pass	True	True
melina	Melina_02062026	lab_data/melina/Melina_02062026_EEG_recon_2026-06-02_13h08.29.077_image_mapping.json	130	7	10	1114	spinach	images_THINGS/object_images/spinach/spinach_09s.jpg	/media/psycontrol/HDD/Datasets/THINGS/images_THINGS/object_images/spinach/spinach_09s.jpg	True	False	1	869847	1780401836216.000	easy_marker_manifest_order_min_gap_5s	pass	False		True	92.292709	pass	929	113	train	5	pass	True	True
melina	Melina_02062026	lab_data/melina/Melina_02062026_EEG_recon_2026-06-02_13h08.29.077_image_mapping.json	131	7	11	1138	ping-pong_table	images_THINGS/object_images/ping-pong_table/ping-pong_table_10s.jpg	/media/psycontrol/HDD/Datasets/THINGS/images_THINGS/object_images/ping-pong_table/ping-pong_table_10s.jpg	True	False	1	872889	1780401842300.000	easy_marker_manifest_order_min_gap_5s	pass	False		True	34.563377	pass	930	137	train	5	pass	True	True
melina	Melina_02062026	lab_data/melina/Melina_02062026_EEG_recon_2026-06-02_13h08.29.077_image_mapping.json	132	7	12	1113	firetruck	images_THINGS/object_images/firetruck/firetruck_04s.jpg	/media/psycontrol/HDD/Datasets/THINGS/images_THINGS/object_images/firetruck/firetruck_04s.jpg	True	False	1	875902	1780401848327.000	easy_marker_manifest_order_min_gap_5s	pass	False		True	52.256657	pass	931	112	train	5	pass	True	True
melina	Melina_02062026	lab_data/melina/Melina_02062026_EEG_recon_2026-06-02_13h08.29.077_image_mapping.json	133	7	13	1021	tea	images_THINGS/object_images/tea/tea_10s.jpg	/media/psycontrol/HDD/Datasets/THINGS/images_THINGS/object_images/tea/tea_10s.jpg	True	False	1	878919	1780401854361.000	easy_marker_manifest_order_min_gap_5s	pass	False		True	62.617794	pass	932	20	train	5	pass	True	True
melina	Melina_02062026	lab_data/melina/Melina_02062026_EEG_recon_2026-06-02_13h08.29.077_image_mapping.json	134	7	14	1023	wolf	images_THINGS/object_images/wolf/wolf_12n.jpg	/media/psycontrol/HDD/Datasets/THINGS/images_THINGS/object_images/wolf/wolf_12n.jpg	True	True	2	881822	1780401860167.000	easy_marker_manifest_order_min_gap_5s	pass	False		True	32.869102	pass	933	22	train	5	pass	True	True
melina	Melina_02062026	lab_data/melina/Melina_02062026_EEG_recon_2026-06-02_13h08.29.077_image_mapping.json	135	7	15	1093	duckling	images_THINGS/object_images/duckling/duckling_25s.jpg	/media/psycontrol/HDD/Datasets/THINGS/images_THINGS/object_images/duckling/duckling_25s.jpg	True	False	1	884936	1780401866396.000	easy_marker_manifest_order_min_gap_5s	pass	False		True	66.612617	pass	934	92	train	5	pass	True	True
melina	Melina_02062026	lab_data/melina/Melina_02062026_EEG_recon_2026-06-02_13h08.29.077_image_mapping.json	136	7	16	1146	cheesecake	images_THINGS/object_images/cheesecake/cheesecake_06s.jpg	/media/psycontrol/HDD/Datasets/THINGS/images_THINGS/object_images/cheesecake/cheesecake_06s.jpg	True	False	1	887874	1780401872272.000	easy_marker_manifest_order_min_gap_5s	pass	False		True	130.339523	pass	935	145	train	5	pass	True	True
melina	Melina_02062026	lab_data/melina/Melina_02062026_EEG_recon_2026-06-02_13h08.29.077_image_mapping.json	137	7	17	1045	goose	images_THINGS/object_images/goose/goose_08s.jpg	/media/psycontrol/HDD/Datasets/THINGS/images_THINGS/object_images/goose/goose_08s.jpg	True	True	2	890881	1780401878286.000	easy_marker_manifest_order_min_gap_5s	pass	False		True	37.138050	pass	936	44	train	5	pass	True	True
melina	Melina_02062026	lab_data/melina/Melina_02062026_EEG_recon_2026-06-02_13h08.29.077_image_mapping.json	138	7	18	1156	coconut	images_THINGS/object_images/coconut/coconut_08s.jpg	/media/psycontrol/HDD/Datasets/THINGS/images_THINGS/object_images/coconut/coconut_08s.jpg	True	False	1	893793	1780401884111.000	easy_marker_manifest_order_min_gap_5s	pass	False		True	30.459557	pass	937	155	val	5	pass	True	True
melina	Melina_02062026	lab_data/melina/Melina_02062026_EEG_recon_2026-06-02_13h08.29.077_image_mapping.json	139	7	19	1058	loveseat	images_THINGS/object_images/loveseat/loveseat_10s.jpg	/media/psycontrol/HDD/Datasets/THINGS/images_THINGS/object_images/loveseat/loveseat_10s.jpg	True	False	1	896683	1780401889891.000	easy_marker_manifest_order_min_gap_5s	pass	False		True	49.880096	pass	938	57	train	5	pass	True	True
melina	Melina_02062026	lab_data/melina/Melina_02062026_EEG_recon_2026-06-02_13h08.29.077_image_mapping.json	140	7	20	1055	seagull	images_THINGS/object_images/seagull/seagull_11s.jpg	/media/psycontrol/HDD/Datasets/THINGS/images_THINGS/object_images/seagull/seagull_11s.jpg	True	False	1	899675	1780401895875.000	easy_marker_manifest_order_min_gap_5s	pass	False		True	29.095613	pass	939	54	train	5	pass	True	True
melina	Melina_02062026	lab_data/melina/Melina_02062026_EEG_recon_2026-06-02_13h08.29.077_image_mapping.json	141	8	1	1056	leggings	images_THINGS/object_images/leggings/leggings_02s.jpg	/media/psycontrol/HDD/Datasets/THINGS/images_THINGS/object_images/leggings/leggings_02s.jpg	True	False	1	912695	1780401921917.000	easy_marker_manifest_order_min_gap_5s	pass	False		True	24.474705	pass	940	55	train	5	pass	True	True
melina	Melina_02062026	lab_data/melina/Melina_02062026_EEG_recon_2026-06-02_13h08.29.077_image_mapping.json	142	8	2	1054	bathtub	images_THINGS/object_images/bathtub/bathtub_18s.jpg	/media/psycontrol/HDD/Datasets/THINGS/images_THINGS/object_images/bathtub/bathtub_18s.jpg	True	False	1	915643	1780401927813.000	easy_marker_manifest_order_min_gap_5s	pass	False		True	76.826630	pass	941	53	train	5	pass	True	True
melina	Melina_02062026	lab_data/melina/Melina_02062026_EEG_recon_2026-06-02_13h08.29.077_image_mapping.json	143	8	3	1034	bracelet1	images_THINGS/object_images/bracelet1/bracelet1_18s.jpg	/media/psycontrol/HDD/Datasets/THINGS/images_THINGS/object_images/bracelet1/bracelet1_18s.jpg	True	False	1	918737	1780401934001.000	easy_marker_manifest_order_min_gap_5s	pass	False		True	86.804558	pass	942	33	train	5	pass	True	True
melina	Melina_02062026	lab_data/melina/Melina_02062026_EEG_recon_2026-06-02_13h08.29.077_image_mapping.json	144	8	4	1003	shorts	images_THINGS/object_images/shorts/shorts_14s.jpg	/media/psycontrol/HDD/Datasets/THINGS/images_THINGS/object_images/shorts/shorts_14s.jpg	True	False	1	921834	1780401940196.000	easy_marker_manifest_order_min_gap_5s	pass	False		True	30.334871	pass	943	2	val	5	pass	True	True
melina	Melina_02062026	lab_data/melina/Melina_02062026_EEG_recon_2026-06-02_13h08.29.077_image_mapping.json	145	8	5	1078	sea_urchin	images_THINGS/object_images/sea_urchin/sea_urchin_08s.jpg	/media/psycontrol/HDD/Datasets/THINGS/images_THINGS/object_images/sea_urchin/sea_urchin_08s.jpg	True	False	1	924938	1780401946404.000	easy_marker_manifest_order_min_gap_5s	pass	False		True	47.510345	pass	944	77	train	5	pass	True	True
melina	Melina_02062026	lab_data/melina/Melina_02062026_EEG_recon_2026-06-02_13h08.29.077_image_mapping.json	146	8	6	1105	gorilla	images_THINGS/object_images/gorilla/gorilla_19s.jpg	/media/psycontrol/HDD/Datasets/THINGS/images_THINGS/object_images/gorilla/gorilla_19s.jpg	True	False	1	927962	1780401952453.000	easy_marker_manifest_order_min_gap_5s	pass	False		True	37.107998	pass	945	104	val	5	pass	True	True
melina	Melina_02062026	lab_data/melina/Melina_02062026_EEG_recon_2026-06-02_13h08.29.077_image_mapping.json	147	8	7	1129	workbench	images_THINGS/object_images/workbench/workbench_07s.jpg	/media/psycontrol/HDD/Datasets/THINGS/images_THINGS/object_images/workbench/workbench_07s.jpg	True	True	2	930885	1780401958299.000	easy_marker_manifest_order_min_gap_5s	pass	False		True	48.785885	pass	946	128	train	5	pass	True	True
melina	Melina_02062026	lab_data/melina/Melina_02062026_EEG_recon_2026-06-02_13h08.29.077_image_mapping.json	148	8	8	1088	slipper	images_THINGS/object_images/slipper/slipper_02s.jpg	/media/psycontrol/HDD/Datasets/THINGS/images_THINGS/object_images/slipper/slipper_02s.jpg	True	False	1	933833	1780401964196.000	easy_marker_manifest_order_min_gap_5s	pass	False		True	54.938347	pass	947	87	train	5	pass	True	True
melina	Melina_02062026	lab_data/melina/Melina_02062026_EEG_recon_2026-06-02_13h08.29.077_image_mapping.json	149	8	9	1102	crab	images_THINGS/object_images/crab/crab_02s.jpg	/media/psycontrol/HDD/Datasets/THINGS/images_THINGS/object_images/crab/crab_02s.jpg	True	False	1	936871	1780401970272.000	easy_marker_manifest_order_min_gap_5s	pass	False		True	39.515987	pass	948	101	train	5	pass	True	True
melina	Melina_02062026	lab_data/melina/Melina_02062026_EEG_recon_2026-06-02_13h08.29.077_image_mapping.json	150	8	10	1033	helmet	images_THINGS/object_images/helmet/helmet_11s.jpg	/media/psycontrol/HDD/Datasets/THINGS/images_THINGS/object_images/helmet/helmet_11s.jpg	True	False	1	939979	1780401976488.000	easy_marker_manifest_order_min_gap_5s	pass	False		True	40.215641	pass	949	32	train	5	pass	True	True
melina	Melina_02062026	lab_data/melina/Melina_02062026_EEG_recon_2026-06-02_13h08.29.077_image_mapping.json	151	8	11	1141	peach	images_THINGS/object_images/peach/peach_09n.jpg	/media/psycontrol/HDD/Datasets/THINGS/images_THINGS/object_images/peach/peach_09n.jpg	True	False	1	943027	1780401982584.000	easy_marker_manifest_order_min_gap_5s	pass	False		True	41.145519	pass	950	140	val	5	pass	True	True
melina	Melina_02062026	lab_data/melina/Melina_02062026_EEG_recon_2026-06-02_13h08.29.077_image_mapping.json	152	8	12	1130	showerhead	images_THINGS/object_images/showerhead/showerhead_05s.jpg	/media/psycontrol/HDD/Datasets/THINGS/images_THINGS/object_images/showerhead/showerhead_05s.jpg	True	True	2	945978	1780401988487.000	easy_marker_manifest_order_min_gap_5s	pass	False		True	41.316803	pass	951	129	train	5	pass	True	True
melina	Melina_02062026	lab_data/melina/Melina_02062026_EEG_recon_2026-06-02_13h08.29.077_image_mapping.json	153	8	13	1150	chick	images_THINGS/object_images/chick/chick_10s.jpg	/media/psycontrol/HDD/Datasets/THINGS/images_THINGS/object_images/chick/chick_10s.jpg	True	True	2	949003	1780401994537.000	easy_marker_manifest_order_min_gap_5s	pass	False		True	37.973667	pass	952	149	train	5	pass	True	True
melina	Melina_02062026	lab_data/melina/Melina_02062026_EEG_recon_2026-06-02_13h08.29.077_image_mapping.json	154	8	14	1145	rocking_chair	images_THINGS/object_images/rocking_chair/rocking_chair_07s.jpg	/media/psycontrol/HDD/Datasets/THINGS/images_THINGS/object_images/rocking_chair/rocking_chair_07s.jpg	True	True	2	952048	1780402000627.000	easy_marker_manifest_order_min_gap_5s	pass	False		True	43.855236	pass	953	144	train	5	pass	True	True
melina	Melina_02062026	lab_data/melina/Melina_02062026_EEG_recon_2026-06-02_13h08.29.077_image_mapping.json	155	8	15	1094	onion	images_THINGS/object_images/onion/onion_03n.jpg	/media/psycontrol/HDD/Datasets/THINGS/images_THINGS/object_images/onion/onion_03n.jpg	True	False	1	955078	1780402006688.000	easy_marker_manifest_order_min_gap_5s	pass	False		True	32.974689	pass	954	93	train	5	pass	True	True
melina	Melina_02062026	lab_data/melina/Melina_02062026_EEG_recon_2026-06-02_13h08.29.077_image_mapping.json	156	8	16	1153	donut	images_THINGS/object_images/donut/donut_15s.jpg	/media/psycontrol/HDD/Datasets/THINGS/images_THINGS/object_images/donut/donut_15s.jpg	True	False	1	958186	1780402012904.000	easy_marker_manifest_order_min_gap_5s	pass	False		True	109.604919	pass	955	152	train	5	pass	True	True
melina	Melina_02062026	lab_data/melina/Melina_02062026_EEG_recon_2026-06-02_13h08.29.077_image_mapping.json	157	8	17	1027	memory_stick	images_THINGS/object_images/memory_stick/memory_stick_08s.jpg	/media/psycontrol/HDD/Datasets/THINGS/images_THINGS/object_images/memory_stick/memory_stick_08s.jpg	True	False	2	961110	1780402018752.000	easy_marker_manifest_order_min_gap_5s	pass	False		True	79.964096	pass	956	26	train	5	pass	True	True
melina	Melina_02062026	lab_data/melina/Melina_02062026_EEG_recon_2026-06-02_13h08.29.077_image_mapping.json	158	8	18	1014	shark	images_THINGS/object_images/shark/shark_07s.jpg	/media/psycontrol/HDD/Datasets/THINGS/images_THINGS/object_images/shark/shark_07s.jpg	True	False	1	964207	1780402024946.000	easy_marker_manifest_order_min_gap_5s	pass	False		True	46.436729	pass	957	13	train	5	pass	True	True
melina	Melina_02062026	lab_data/melina/Melina_02062026_EEG_recon_2026-06-02_13h08.29.077_image_mapping.json	159	8	19	1025	llama	images_THINGS/object_images/llama/llama_05s.jpg	/media/psycontrol/HDD/Datasets/THINGS/images_THINGS/object_images/llama/llama_05s.jpg	True	False	1	967266	1780402031065.000	easy_marker_manifest_order_min_gap_5s	pass	False		True	47.088242	pass	958	24	train	5	pass	True	True
melina	Melina_02062026	lab_data/melina/Melina_02062026_EEG_recon_2026-06-02_13h08.29.077_image_mapping.json	160	8	20	1148	broccoli	images_THINGS/object_images/broccoli/broccoli_09s.jpg	/media/psycontrol/HDD/Datasets/THINGS/images_THINGS/object_images/broccoli/broccoli_09s.jpg	True	False	1	970297	1780402037127.000	easy_marker_manifest_order_min_gap_5s	pass	False		True	53.922222	pass	959	147	train	5	pass	True	True
melina	Melina_02062026	lab_data/melina/Melina_02062026_EEG_recon_2026-06-02_13h08.29.077_image_mapping.json	161	9	1	1147	lemonade	images_THINGS/object_images/lemonade/lemonade_01b.jpg	/media/psycontrol/HDD/Datasets/THINGS/images_THINGS/object_images/lemonade/lemonade_01b.jpg	True	True	2	987995	1780402072522.000	easy_marker_manifest_order_min_gap_5s	pass	False		True	180.876190	pass	960	146	train	5	pass	True	True
melina	Melina_02062026	lab_data/melina/Melina_02062026_EEG_recon_2026-06-02_13h08.29.077_image_mapping.json	162	9	2	1083	shirt	images_THINGS/object_images/shirt/shirt_03s.jpg	/media/psycontrol/HDD/Datasets/THINGS/images_THINGS/object_images/shirt/shirt_03s.jpg	True	False	1	990992	1780402078517.000	easy_marker_manifest_order_min_gap_5s	pass	False		True	39.802612	pass	961	82	train	5	pass	True	True
melina	Melina_02062026	lab_data/melina/Melina_02062026_EEG_recon_2026-06-02_13h08.29.077_image_mapping.json	163	9	3	1041	octopus	images_THINGS/object_images/octopus/octopus_09s.jpg	/media/psycontrol/HDD/Datasets/THINGS/images_THINGS/object_images/octopus/octopus_09s.jpg	True	False	1	994064	1780402084661.000	easy_marker_manifest_order_min_gap_5s	pass	False		True	38.324734	pass	962	40	train	5	pass	True	True
melina	Melina_02062026	lab_data/melina/Melina_02062026_EEG_recon_2026-06-02_13h08.29.077_image_mapping.json	164	9	4	1018	coffee	images_THINGS/object_images/coffee/coffee_15s.jpg	/media/psycontrol/HDD/Datasets/THINGS/images_THINGS/object_images/coffee/coffee_15s.jpg	True	False	1	996981	1780402090495.000	easy_marker_manifest_order_min_gap_5s	pass	False		True	26.551243	pass	963	17	val	5	pass	True	True
melina	Melina_02062026	lab_data/melina/Melina_02062026_EEG_recon_2026-06-02_13h08.29.077_image_mapping.json	165	9	5	1136	snake	images_THINGS/object_images/snake/snake_16n.jpg	/media/psycontrol/HDD/Datasets/THINGS/images_THINGS/object_images/snake/snake_16n.jpg	True	False	1	999929	1780402096391.000	easy_marker_manifest_order_min_gap_5s	pass	False		True	44.240234	pass	964	135	train	5	pass	True	True
melina	Melina_02062026	lab_data/melina/Melina_02062026_EEG_recon_2026-06-02_13h08.29.077_image_mapping.json	166	9	6	1044	raccoon	images_THINGS/object_images/raccoon/raccoon_08n.jpg	/media/psycontrol/HDD/Datasets/THINGS/images_THINGS/object_images/raccoon/raccoon_08n.jpg	True	False	1	1002871	1780402102274.000	easy_marker_manifest_order_min_gap_5s	pass	False		True	34.976349	pass	965	43	train	5	pass	True	True
melina	Melina_02062026	lab_data/melina/Melina_02062026_EEG_recon_2026-06-02_13h08.29.077_image_mapping.json	167	9	7	1027	memory_stick	images_THINGS/object_images/memory_stick/memory_stick_08s.jpg	/media/psycontrol/HDD/Datasets/THINGS/images_THINGS/object_images/memory_stick/memory_stick_08s.jpg	True	True	2	1005877	1780402108287.000	easy_marker_manifest_order_min_gap_5s	pass	False		True	39.735386	pass	966	26	train	5	pass	True	True
melina	Melina_02062026	lab_data/melina/Melina_02062026_EEG_recon_2026-06-02_13h08.29.077_image_mapping.json	168	9	8	1128	toad	images_THINGS/object_images/toad/toad_01b.jpg	/media/psycontrol/HDD/Datasets/THINGS/images_THINGS/object_images/toad/toad_01b.jpg	True	False	1	1008787	1780402114107.000	easy_marker_manifest_order_min_gap_5s	pass	False		True	25.705772	pass	967	127	train	5	pass	True	True
melina	Melina_02062026	lab_data/melina/Melina_02062026_EEG_recon_2026-06-02_13h08.29.077_image_mapping.json	169	9	9	1043	ostrich	images_THINGS/object_images/ostrich/ostrich_15s.jpg	/media/psycontrol/HDD/Datasets/THINGS/images_THINGS/object_images/ostrich/ostrich_15s.jpg	True	False	1	1011828	1780402120189.000	easy_marker_manifest_order_min_gap_5s	pass	False		True	38.687222	pass	968	42	val	5	pass	True	True
melina	Melina_02062026	lab_data/melina/Melina_02062026_EEG_recon_2026-06-02_13h08.29.077_image_mapping.json	170	9	10	1099	tricycle	images_THINGS/object_images/tricycle/tricycle_12s.jpg	/media/psycontrol/HDD/Datasets/THINGS/images_THINGS/object_images/tricycle/tricycle_12s.jpg	True	False	1	1014812	1780402126156.000	easy_marker_manifest_order_min_gap_5s	pass	False		True	32.463501	pass	969	98	train	5	pass	True	True
melina	Melina_02062026	lab_data/melina/Melina_02062026_EEG_recon_2026-06-02_13h08.29.077_image_mapping.json	171	9	11	1117	hamster	images_THINGS/object_images/hamster/hamster_07s.jpg	/media/psycontrol/HDD/Datasets/THINGS/images_THINGS/object_images/hamster/hamster_07s.jpg	True	False	1	1017701	1780402131933.000	easy_marker_manifest_order_min_gap_5s	pass	False		True	31.738111	pass	970	116	train	5	pass	True	True
melina	Melina_02062026	lab_data/melina/Melina_02062026_EEG_recon_2026-06-02_13h08.29.077_image_mapping.json	172	9	12	1030	puffin	images_THINGS/object_images/puffin/puffin_02s.jpg	/media/psycontrol/HDD/Datasets/THINGS/images_THINGS/object_images/puffin/puffin_02s.jpg	True	False	1	1020604	1780402137739.000	easy_marker_manifest_order_min_gap_5s	pass	False		True	19.507809	pass	971	29	train	5	pass	True	True
melina	Melina_02062026	lab_data/melina/Melina_02062026_EEG_recon_2026-06-02_13h08.29.077_image_mapping.json	173	9	13	1080	camcorder	images_THINGS/object_images/camcorder/camcorder_07s.jpg	/media/psycontrol/HDD/Datasets/THINGS/images_THINGS/object_images/camcorder/camcorder_07s.jpg	True	False	1	1023622	1780402143774.000	easy_marker_manifest_order_min_gap_5s	pass	False		True	34.369259	pass	972	79	train	5	pass	True	True
melina	Melina_02062026	lab_data/melina/Melina_02062026_EEG_recon_2026-06-02_13h08.29.077_image_mapping.json	174	9	14	1070	dragonfly	images_THINGS/object_images/dragonfly/dragonfly_10s.jpg	/media/psycontrol/HDD/Datasets/THINGS/images_THINGS/object_images/dragonfly/dragonfly_10s.jpg	True	False	1	1026618	1780402149766.000	easy_marker_manifest_order_min_gap_5s	pass	False		True	27.674482	pass	973	69	train	5	pass	True	True
melina	Melina_02062026	lab_data/melina/Melina_02062026_EEG_recon_2026-06-02_13h08.29.077_image_mapping.json	175	9	15	1007	mirror	images_THINGS/object_images/mirror/mirror_08s.jpg	/media/psycontrol/HDD/Datasets/THINGS/images_THINGS/object_images/mirror/mirror_08s.jpg	True	False	1	1029580	1780402155691.000	easy_marker_manifest_order_min_gap_5s	pass	False		True	40.966305	pass	974	6	train	5	pass	True	True
melina	Melina_02062026	lab_data/melina/Melina_02062026_EEG_recon_2026-06-02_13h08.29.077_image_mapping.json	176	9	16	1059	zucchini	images_THINGS/object_images/zucchini/zucchini_02s.jpg	/media/psycontrol/HDD/Datasets/THINGS/images_THINGS/object_images/zucchini/zucchini_02s.jpg	True	True	2	1032489	1780402161509.000	easy_marker_manifest_order_min_gap_5s	pass	False		True	43.810368	pass	975	58	train	5	pass	True	True
melina	Melina_02062026	lab_data/melina/Melina_02062026_EEG_recon_2026-06-02_13h08.29.077_image_mapping.json	177	9	17	1158	bulldozer	images_THINGS/object_images/bulldozer/bulldozer_06s.jpg	/media/psycontrol/HDD/Datasets/THINGS/images_THINGS/object_images/bulldozer/bulldozer_06s.jpg	True	False	1	1035461	1780402167453.000	easy_marker_manifest_order_min_gap_5s	pass	False		True	44.488651	pass	976	157	train	5	pass	True	True
melina	Melina_02062026	lab_data/melina/Melina_02062026_EEG_recon_2026-06-02_13h08.29.077_image_mapping.json	178	9	18	1051	yacht	images_THINGS/object_images/yacht/yacht_05s.jpg	/media/psycontrol/HDD/Datasets/THINGS/images_THINGS/object_images/yacht/yacht_05s.jpg	True	True	2	1038565	1780402173662.000	easy_marker_manifest_order_min_gap_5s	pass	False		True	64.730293	pass	977	50	train	5	pass	True	True
melina	Melina_02062026	lab_data/melina/Melina_02062026_EEG_recon_2026-06-02_13h08.29.077_image_mapping.json	179	9	19	1076	groundhog	images_THINGS/object_images/groundhog/groundhog_01b.jpg	/media/psycontrol/HDD/Datasets/THINGS/images_THINGS/object_images/groundhog/groundhog_01b.jpg	True	False	1	1041614	1780402179760.000	easy_marker_manifest_order_min_gap_5s	pass	False		True	55.134747	pass	978	75	train	5	pass	True	True
melina	Melina_02062026	lab_data/melina/Melina_02062026_EEG_recon_2026-06-02_13h08.29.077_image_mapping.json	180	9	20	1122	webcam	images_THINGS/object_images/webcam/webcam_08s.jpg	/media/psycontrol/HDD/Datasets/THINGS/images_THINGS/object_images/webcam/webcam_08s.jpg	True	False	1	1044676	1780402185884.000	easy_marker_manifest_order_min_gap_5s	pass	False		True	51.607174	pass	979	121	train	5	pass	True	True
melina	Melina_02062026	lab_data/melina/Melina_02062026_EEG_recon_2026-06-02_13h08.29.077_image_mapping.json	181	10	1	1052	wallpaper	images_THINGS/object_images/wallpaper/wallpaper_01b.jpg	/media/psycontrol/HDD/Datasets/THINGS/images_THINGS/object_images/wallpaper/wallpaper_01b.jpg	True	True	2	1056401	1780402209336.000	easy_marker_manifest_order_min_gap_5s	pass	False		True	35.154861	pass	980	51	train	5	pass	True	True
melina	Melina_02062026	lab_data/melina/Melina_02062026_EEG_recon_2026-06-02_13h08.29.077_image_mapping.json	182	10	2	1142	piglet	images_THINGS/object_images/piglet/piglet_07s.jpg	/media/psycontrol/HDD/Datasets/THINGS/images_THINGS/object_images/piglet/piglet_07s.jpg	True	False	1	1059373	1780402215280.000	easy_marker_manifest_order_min_gap_5s	pass	False		True	22.757753	pass	981	141	train	5	pass	True	True
melina	Melina_02062026	lab_data/melina/Melina_02062026_EEG_recon_2026-06-02_13h08.29.077_image_mapping.json	183	10	3	1064	fly	images_THINGS/object_images/fly/fly_17s.jpg	/media/psycontrol/HDD/Datasets/THINGS/images_THINGS/object_images/fly/fly_17s.jpg	True	False	1	1062401	1780402221336.000	easy_marker_manifest_order_min_gap_5s	pass	False		True	28.132814	pass	982	63	train	5	pass	True	True
melina	Melina_02062026	lab_data/melina/Melina_02062026_EEG_recon_2026-06-02_13h08.29.077_image_mapping.json	184	10	4	1060	squirrel	images_THINGS/object_images/squirrel/squirrel_12n.jpg	/media/psycontrol/HDD/Datasets/THINGS/images_THINGS/object_images/squirrel/squirrel_12n.jpg	True	True	2	1065359	1780402227253.000	easy_marker_manifest_order_min_gap_5s	pass	False		True	39.513378	pass	983	59	train	5	pass	True	True
melina	Melina_02062026	lab_data/melina/Melina_02062026_EEG_recon_2026-06-02_13h08.29.077_image_mapping.json	185	10	5	1048	sombrero	images_THINGS/object_images/sombrero/sombrero_11s.jpg	/media/psycontrol/HDD/Datasets/THINGS/images_THINGS/object_images/sombrero/sombrero_11s.jpg	True	False	1	1068432	1780402233399.000	easy_marker_manifest_order_min_gap_5s	pass	False		True	41.293953	pass	984	47	train	5	pass	True	True
melina	Melina_02062026	lab_data/melina/Melina_02062026_EEG_recon_2026-06-02_13h08.29.077_image_mapping.json	186	10	6	1009	papaya	images_THINGS/object_images/papaya/papaya_08s.jpg	/media/psycontrol/HDD/Datasets/THINGS/images_THINGS/object_images/papaya/papaya_08s.jpg	True	False	1	1071436	1780402239407.000	easy_marker_manifest_order_min_gap_5s	pass	False		True	60.771301	pass	985	8	train	5	pass	True	True
melina	Melina_02062026	lab_data/melina/Melina_02062026_EEG_recon_2026-06-02_13h08.29.077_image_mapping.json	187	10	7	1072	blackberry	images_THINGS/object_images/blackberry/blackberry_08s.jpg	/media/psycontrol/HDD/Datasets/THINGS/images_THINGS/object_images/blackberry/blackberry_08s.jpg	True	False	1	1074553	1780402245642.000	easy_marker_manifest_order_min_gap_5s	pass	False		True	48.582058	pass	986	71	train	5	pass	True	True
melina	Melina_02062026	lab_data/melina/Melina_02062026_EEG_recon_2026-06-02_13h08.29.077_image_mapping.json	188	10	8	1089	unicycle	images_THINGS/object_images/unicycle/unicycle_08s.jpg	/media/psycontrol/HDD/Datasets/THINGS/images_THINGS/object_images/unicycle/unicycle_08s.jpg	True	False	1	1077553	1780402251642.000	easy_marker_manifest_order_min_gap_5s	pass	False		True	78.044289	pass	987	88	train	5	pass	True	True
melina	Melina_02062026	lab_data/melina/Melina_02062026_EEG_recon_2026-06-02_13h08.29.077_image_mapping.json	189	10	9	1075	filing_cabinet	images_THINGS/object_images/filing_cabinet/filing_cabinet_10s.jpg	/media/psycontrol/HDD/Datasets/THINGS/images_THINGS/object_images/filing_cabinet/filing_cabinet_10s.jpg	True	False	1	1080445	1780402257426.000	easy_marker_manifest_order_min_gap_5s	pass	False		True	25.191814	pass	988	74	train	5	pass	True	True
melina	Melina_02062026	lab_data/melina/Melina_02062026_EEG_recon_2026-06-02_13h08.29.077_image_mapping.json	190	10	10	1029	sheep	images_THINGS/object_images/sheep/sheep_06s.jpg	/media/psycontrol/HDD/Datasets/THINGS/images_THINGS/object_images/sheep/sheep_06s.jpg	True	False	1	1083379	1780402263295.000	easy_marker_manifest_order_min_gap_5s	pass	False		True	57.862301	pass	989	28	train	5	pass	True	True
melina	Melina_02062026	lab_data/melina/Melina_02062026_EEG_recon_2026-06-02_13h08.29.077_image_mapping.json	191	10	11	1069	rollerblade	images_THINGS/object_images/rollerblade/rollerblade_05s.jpg	/media/psycontrol/HDD/Datasets/THINGS/images_THINGS/object_images/rollerblade/rollerblade_05s.jpg	True	False	1	1086271	1780402269079.000	easy_marker_manifest_order_min_gap_5s	pass	False		True	61.216400	pass	990	68	train	5	pass	True	True
melina	Melina_02062026	lab_data/melina/Melina_02062026_EEG_recon_2026-06-02_13h08.29.077_image_mapping.json	192	10	12	1126	helicopter	images_THINGS/object_images/helicopter/helicopter_20s.jpg	/media/psycontrol/HDD/Datasets/THINGS/images_THINGS/object_images/helicopter/helicopter_20s.jpg	True	True	2	1089323	1780402275183.000	easy_marker_manifest_order_min_gap_5s	pass	False		True	58.144123	pass	991	125	train	5	pass	True	True
melina	Melina_02062026	lab_data/melina/Melina_02062026_EEG_recon_2026-06-02_13h08.29.077_image_mapping.json	193	10	13	1019	videocassette	images_THINGS/object_images/videocassette/videocassette_07n.jpg	/media/psycontrol/HDD/Datasets/THINGS/images_THINGS/object_images/videocassette/videocassette_07n.jpg	True	False	1	1092212	1780402280962.000	easy_marker_manifest_order_min_gap_5s	pass	False		True	35.066700	pass	992	18	val	5	pass	True	True
melina	Melina_02062026	lab_data/melina/Melina_02062026_EEG_recon_2026-06-02_13h08.29.077_image_mapping.json	194	10	14	1005	ottoman	images_THINGS/object_images/ottoman/ottoman_05s.jpg	/media/psycontrol/HDD/Datasets/THINGS/images_THINGS/object_images/ottoman/ottoman_05s.jpg	True	False	1	1095326	1780402287190.000	easy_marker_manifest_order_min_gap_5s	pass	False		True	37.881683	pass	993	4	train	5	pass	True	True
melina	Melina_02062026	lab_data/melina/Melina_02062026_EEG_recon_2026-06-02_13h08.29.077_image_mapping.json	195	10	15	1116	praying_mantis	images_THINGS/object_images/praying_mantis/praying_mantis_08s.jpg	/media/psycontrol/HDD/Datasets/THINGS/images_THINGS/object_images/praying_mantis/praying_mantis_08s.jpg	True	False	1	1098434	1780402293406.000	easy_marker_manifest_order_min_gap_5s	pass	False		True	37.287319	pass	994	115	train	5	pass	True	True
melina	Melina_02062026	lab_data/melina/Melina_02062026_EEG_recon_2026-06-02_13h08.29.077_image_mapping.json	196	10	16	1022	shoe	images_THINGS/object_images/shoe/shoe_01s.jpg	/media/psycontrol/HDD/Datasets/THINGS/images_THINGS/object_images/shoe/shoe_01s.jpg	True	False	1	1101458	1780402299455.000	easy_marker_manifest_order_min_gap_5s	pass	False		True	70.876732	pass	995	21	train	5	pass	True	True
melina	Melina_02062026	lab_data/melina/Melina_02062026_EEG_recon_2026-06-02_13h08.29.077_image_mapping.json	197	10	17	1066	giraffe	images_THINGS/object_images/giraffe/giraffe_17s.jpg	/media/psycontrol/HDD/Datasets/THINGS/images_THINGS/object_images/giraffe/giraffe_17s.jpg	True	False	1	1104566	1780402305671.000	easy_marker_manifest_order_min_gap_5s	pass	False		True	109.555908	pass	996	65	train	5	pass	True	True
melina	Melina_02062026	lab_data/melina/Melina_02062026_EEG_recon_2026-06-02_13h08.29.077_image_mapping.json	198	10	18	1004	dalmatian	images_THINGS/object_images/dalmatian/dalmatian_02s.jpg	/media/psycontrol/HDD/Datasets/THINGS/images_THINGS/object_images/dalmatian/dalmatian_02s.jpg	True	False	1	1107604	1780402311747.000	easy_marker_manifest_order_min_gap_5s	pass	False		True	44.661678	pass	997	3	train	5	pass	True	True
melina	Melina_02062026	lab_data/melina/Melina_02062026_EEG_recon_2026-06-02_13h08.29.077_image_mapping.json	199	10	19	1157	barnacle	images_THINGS/object_images/barnacle/barnacle_11s.jpg	/media/psycontrol/HDD/Datasets/THINGS/images_THINGS/object_images/barnacle/barnacle_11s.jpg	True	True	2	1110492	1780402317524.000	easy_marker_manifest_order_min_gap_5s	pass	False		True	36.906799	pass	998	156	val	5	pass	True	True
melina	Melina_02062026	lab_data/melina/Melina_02062026_EEG_recon_2026-06-02_13h08.29.077_image_mapping.json	200	10	20	1024	lab_coat	images_THINGS/object_images/lab_coat/lab_coat_08s.jpg	/media/psycontrol/HDD/Datasets/THINGS/images_THINGS/object_images/lab_coat/lab_coat_08s.jpg	True	False	1	1113575	1780402323690.000	easy_marker_manifest_order_min_gap_5s	pass	False		True	48.609692	pass	999	23	train	5	pass	True	True
zar	004-zar	lab_data/zar/004-zar_EEG_recon_2026-05-21_13h23.20.049_image_mapping.json	1	1	1	1096	beaver	images_THINGS/object_images/beaver/beaver_13n.jpg	/media/psycontrol/HDD/Datasets/THINGS/images_THINGS/object_images/beaver/beaver_13n.jpg	True	False	1	511629	1779364398698.000	easy_marker_manifest_order_min_gap_5s	pass	True	True	True	402.215454	review	1000	95	train	6	review	True	False
zar	004-zar	lab_data/zar/004-zar_EEG_recon_2026-05-21_13h23.20.049_image_mapping.json	2	1	2	1124	nightshirt	images_THINGS/object_images/nightshirt/nightshirt_11s.jpg	/media/psycontrol/HDD/Datasets/THINGS/images_THINGS/object_images/nightshirt/nightshirt_11s.jpg	True	False	2	514736	1779364404913.000	easy_marker_manifest_order_min_gap_5s	pass	True	True	True	62.512150	pass	1001	123	val	6	pass	True	True
zar	004-zar	lab_data/zar/004-zar_EEG_recon_2026-05-21_13h23.20.049_image_mapping.json	3	1	3	1006	cardinal	images_THINGS/object_images/cardinal/cardinal_02s.jpg	/media/psycontrol/HDD/Datasets/THINGS/images_THINGS/object_images/cardinal/cardinal_02s.jpg	True	False	2	517695	1779364410831.000	easy_marker_manifest_order_min_gap_5s	pass	True	True	True	43.835415	pass	1002	5	train	6	pass	True	True
zar	004-zar	lab_data/zar/004-zar_EEG_recon_2026-05-21_13h23.20.049_image_mapping.json	4	1	4	1071	mongoose	images_THINGS/object_images/mongoose/mongoose_10s.jpg	/media/psycontrol/HDD/Datasets/THINGS/images_THINGS/object_images/mongoose/mongoose_10s.jpg	True	False	2	520639	1779364416720.000	easy_marker_manifest_order_min_gap_5s	pass	True	True	True	58.856003	pass	1003	70	train	6	pass	True	True
zar	004-zar	lab_data/zar/004-zar_EEG_recon_2026-05-21_13h23.20.049_image_mapping.json	5	1	5	1077	bison	images_THINGS/object_images/bison/bison_08s.jpg	/media/psycontrol/HDD/Datasets/THINGS/images_THINGS/object_images/bison/bison_08s.jpg	True	False	1	523638	1779364422719.000	easy_marker_manifest_order_min_gap_5s	pass	True	True	True	56.812679	pass	1004	76	val	6	pass	True	True
zar	004-zar	lab_data/zar/004-zar_EEG_recon_2026-05-21_13h23.20.049_image_mapping.json	6	1	6	1159	pear	images_THINGS/object_images/pear/pear_09s.jpg	/media/psycontrol/HDD/Datasets/THINGS/images_THINGS/object_images/pear/pear_09s.jpg	True	False	2	526538	1779364428518.000	easy_marker_manifest_order_min_gap_5s	pass	True	True	True	54.152546	pass	1005	158	train	6	pass	True	True
zar	004-zar	lab_data/zar/004-zar_EEG_recon_2026-05-21_13h23.20.049_image_mapping.json	7	1	7	1062	antelope	images_THINGS/object_images/antelope/antelope_12n.jpg	/media/psycontrol/HDD/Datasets/THINGS/images_THINGS/object_images/antelope/antelope_12n.jpg	True	False	2	529628	1779364434699.000	easy_marker_manifest_order_min_gap_5s	pass	True	True	True	50.372005	pass	1006	61	val	6	pass	True	True
zar	004-zar	lab_data/zar/004-zar_EEG_recon_2026-05-21_13h23.20.049_image_mapping.json	8	1	8	1145	rocking_chair	images_THINGS/object_images/rocking_chair/rocking_chair_07s.jpg	/media/psycontrol/HDD/Datasets/THINGS/images_THINGS/object_images/rocking_chair/rocking_chair_07s.jpg	True	False	2	532517	1779364440477.000	easy_marker_manifest_order_min_gap_5s	pass	True	True	True	43.329212	pass	1007	144	train	6	pass	True	True
zar	004-zar	lab_data/zar/004-zar_EEG_recon_2026-05-21_13h23.20.049_image_mapping.json	9	1	9	1015	moose	images_THINGS/object_images/moose/moose_02s.jpg	/media/psycontrol/HDD/Datasets/THINGS/images_THINGS/object_images/moose/moose_02s.jpg	True	False	2	535391	1779364446226.000	easy_marker_manifest_order_min_gap_5s	pass	True	True	True	55.332199	pass	1008	14	train	6	pass	True	True
zar	004-zar	lab_data/zar/004-zar_EEG_recon_2026-05-21_13h23.20.049_image_mapping.json	10	1	10	1092	bunkbed	images_THINGS/object_images/bunkbed/bunkbed_02s.jpg	/media/psycontrol/HDD/Datasets/THINGS/images_THINGS/object_images/bunkbed/bunkbed_02s.jpg	True	False	2	538336	1779364452116.000	easy_marker_manifest_order_min_gap_5s	pass	True	True	True	63.035198	pass	1009	91	train	6	pass	True	True
zar	004-zar	lab_data/zar/004-zar_EEG_recon_2026-05-21_13h23.20.049_image_mapping.json	11	1	11	1001	limousine	images_THINGS/object_images/limousine/limousine_03s.jpg	/media/psycontrol/HDD/Datasets/THINGS/images_THINGS/object_images/limousine/limousine_03s.jpg	True	False	2	541360	1779364458164.000	easy_marker_manifest_order_min_gap_5s	pass	True	True	True	54.913826	pass	1010	0	val	6	pass	True	True
zar	004-zar	lab_data/zar/004-zar_EEG_recon_2026-05-21_13h23.20.049_image_mapping.json	12	1	12	1160	clam	images_THINGS/object_images/clam/clam_06s.jpg	/media/psycontrol/HDD/Datasets/THINGS/images_THINGS/object_images/clam/clam_06s.jpg	True	False	2	544231	1779364463907.000	easy_marker_manifest_order_min_gap_5s	pass	True	True	True	51.581669	pass	1011	159	train	6	pass	True	True
zar	004-zar	lab_data/zar/004-zar_EEG_recon_2026-05-21_13h23.20.049_image_mapping.json	13	1	13	1020	television	images_THINGS/object_images/television/television_07s.jpg	/media/psycontrol/HDD/Datasets/THINGS/images_THINGS/object_images/television/television_07s.jpg	True	False	2	547200	1779364469845.000	easy_marker_manifest_order_min_gap_5s	pass	True	True	True	66.982796	pass	1012	19	val	6	pass	True	True
zar	004-zar	lab_data/zar/004-zar_EEG_recon_2026-05-21_13h23.20.049_image_mapping.json	14	1	14	1104	speaker	images_THINGS/object_images/speaker/speaker_19n.jpg	/media/psycontrol/HDD/Datasets/THINGS/images_THINGS/object_images/speaker/speaker_19n.jpg	True	False	2	550272	1779364475990.000	easy_marker_manifest_order_min_gap_5s	pass	True	True	True	52.081993	pass	1013	103	train	6	pass	True	True
zar	004-zar	lab_data/zar/004-zar_EEG_recon_2026-05-21_13h23.20.049_image_mapping.json	15	1	15	1134	sleeping_bag	images_THINGS/object_images/sleeping_bag/sleeping_bag_07s.jpg	/media/psycontrol/HDD/Datasets/THINGS/images_THINGS/object_images/sleeping_bag/sleeping_bag_07s.jpg	True	False	2	553331	1779364482108.000	easy_marker_manifest_order_min_gap_5s	pass	True	True	True	59.765835	pass	1014	133	val	6	pass	True	True
zar	004-zar	lab_data/zar/004-zar_EEG_recon_2026-05-21_13h23.20.049_image_mapping.json	16	1	16	1147	lemonade	images_THINGS/object_images/lemonade/lemonade_01b.jpg	/media/psycontrol/HDD/Datasets/THINGS/images_THINGS/object_images/lemonade/lemonade_01b.jpg	True	False	2	556245	1779364487936.000	easy_marker_manifest_order_min_gap_5s	pass	True	True	True	64.560577	pass	1015	146	train	6	pass	True	True
zar	004-zar	lab_data/zar/004-zar_EEG_recon_2026-05-21_13h23.20.049_image_mapping.json	17	1	17	1121	sunglasses	images_THINGS/object_images/sunglasses/sunglasses_06s.jpg	/media/psycontrol/HDD/Datasets/THINGS/images_THINGS/object_images/sunglasses/sunglasses_06s.jpg	True	False	2	559310	1779364494067.000	easy_marker_manifest_order_min_gap_5s	pass	True	True	True	48.689354	pass	1016	120	val	6	pass	True	True
zar	004-zar	lab_data/zar/004-zar_EEG_recon_2026-05-21_13h23.20.049_image_mapping.json	18	1	18	1035	lizard	images_THINGS/object_images/lizard/lizard_01b.jpg	/media/psycontrol/HDD/Datasets/THINGS/images_THINGS/object_images/lizard/lizard_01b.jpg	True	False	1	562324	1779364500095.000	easy_marker_manifest_order_min_gap_5s	pass	True	True	True	59.908543	pass	1017	34	train	6	pass	True	True
zar	004-zar	lab_data/zar/004-zar_EEG_recon_2026-05-21_13h23.20.049_image_mapping.json	19	1	19	1052	wallpaper	images_THINGS/object_images/wallpaper/wallpaper_01b.jpg	/media/psycontrol/HDD/Datasets/THINGS/images_THINGS/object_images/wallpaper/wallpaper_01b.jpg	True	False	2	565230	1779364505907.000	easy_marker_manifest_order_min_gap_5s	pass	True	True	True	46.652405	pass	1018	51	train	6	pass	True	True
zar	004-zar	lab_data/zar/004-zar_EEG_recon_2026-05-21_13h23.20.049_image_mapping.json	20	1	20	1132	polar_bear	images_THINGS/object_images/polar_bear/polar_bear_18s.jpg	/media/psycontrol/HDD/Datasets/THINGS/images_THINGS/object_images/polar_bear/polar_bear_18s.jpg	True	False	2	568212	1779364511872.000	easy_marker_manifest_order_min_gap_5s	pass	True	True	True	56.739189	pass	1019	131	val	6	pass	True	True
zar	004-zar	lab_data/zar/004-zar_EEG_recon_2026-05-21_13h23.20.049_image_mapping.json	21	2	1	1071	mongoose	images_THINGS/object_images/mongoose/mongoose_10s.jpg	/media/psycontrol/HDD/Datasets/THINGS/images_THINGS/object_images/mongoose/mongoose_10s.jpg	True	True	2	590374	1779364556199.000	easy_marker_manifest_order_min_gap_5s	pass	True	True	True	343.623688	review	1020	70	train	6	review	True	False
zar	004-zar	lab_data/zar/004-zar_EEG_recon_2026-05-21_13h23.20.049_image_mapping.json	22	2	2	1150	chick	images_THINGS/object_images/chick/chick_10s.jpg	/media/psycontrol/HDD/Datasets/THINGS/images_THINGS/object_images/chick/chick_10s.jpg	True	False	2	593280	1779364562011.000	easy_marker_manifest_order_min_gap_5s	pass	True	True	True	53.417450	pass	1021	149	train	6	pass	True	True
zar	004-zar	lab_data/zar/004-zar_EEG_recon_2026-05-21_13h23.20.049_image_mapping.json	23	2	3	1134	sleeping_bag	images_THINGS/object_images/sleeping_bag/sleeping_bag_07s.jpg	/media/psycontrol/HDD/Datasets/THINGS/images_THINGS/object_images/sleeping_bag/sleeping_bag_07s.jpg	True	True	2	596353	1779364568158.000	easy_marker_manifest_order_min_gap_5s	pass	True	True	True	42.546146	pass	1022	133	val	6	pass	True	True
zar	004-zar	lab_data/zar/004-zar_EEG_recon_2026-05-21_13h23.20.049_image_mapping.json	24	2	4	1053	reindeer	images_THINGS/object_images/reindeer/reindeer_14s.jpg	/media/psycontrol/HDD/Datasets/THINGS/images_THINGS/object_images/reindeer/reindeer_14s.jpg	True	False	2	599332	1779364574116.000	easy_marker_manifest_order_min_gap_5s	pass	True	True	True	75.737823	pass	1023	52	val	6	pass	True	True
zar	004-zar	lab_data/zar/004-zar_EEG_recon_2026-05-21_13h23.20.049_image_mapping.json	25	2	5	1060	squirrel	images_THINGS/object_images/squirrel/squirrel_12n.jpg	/media/psycontrol/HDD/Datasets/THINGS/images_THINGS/object_images/squirrel/squirrel_12n.jpg	True	False	2	602440	1779364580332.000	easy_marker_manifest_order_min_gap_5s	pass	True	True	True	72.527382	pass	1024	59	train	6	pass	True	True
zar	004-zar	lab_data/zar/004-zar_EEG_recon_2026-05-21_13h23.20.049_image_mapping.json	26	2	6	1001	limousine	images_THINGS/object_images/limousine/limousine_03s.jpg	/media/psycontrol/HDD/Datasets/THINGS/images_THINGS/object_images/limousine/limousine_03s.jpg	True	True	2	605506	1779364586464.000	easy_marker_manifest_order_min_gap_5s	pass	True	True	True	66.564987	pass	1025	0	val	6	pass	True	True
zar	004-zar	lab_data/zar/004-zar_EEG_recon_2026-05-21_13h23.20.049_image_mapping.json	27	2	7	1115	marshmallow	images_THINGS/object_images/marshmallow/marshmallow_09s.jpg	/media/psycontrol/HDD/Datasets/THINGS/images_THINGS/object_images/marshmallow/marshmallow_09s.jpg	True	False	1	608505	1779364592463.000	easy_marker_manifest_order_min_gap_5s	pass	True	True	True	63.361172	pass	1026	114	train	6	pass	True	True
zar	004-zar	lab_data/zar/004-zar_EEG_recon_2026-05-21_13h23.20.049_image_mapping.json	28	2	8	1159	pear	images_THINGS/object_images/pear/pear_09s.jpg	/media/psycontrol/HDD/Datasets/THINGS/images_THINGS/object_images/pear/pear_09s.jpg	True	True	2	611578	1779364598609.000	easy_marker_manifest_order_min_gap_5s	pass	True	True	True	73.587875	pass	1027	158	train	6	pass	True	True
zar	004-zar	lab_data/zar/004-zar_EEG_recon_2026-05-21_13h23.20.049_image_mapping.json	29	2	9	1012	burrito	images_THINGS/object_images/burrito/burrito_07s.jpg	/media/psycontrol/HDD/Datasets/THINGS/images_THINGS/object_images/burrito/burrito_07s.jpg	True	False	2	614582	1779364604617.000	easy_marker_manifest_order_min_gap_5s	pass	True	True	True	88.154533	pass	1028	11	val	6	pass	True	True
zar	004-zar	lab_data/zar/004-zar_EEG_recon_2026-05-21_13h23.20.049_image_mapping.json	30	2	10	1036	ladybug	images_THINGS/object_images/ladybug/ladybug_07s.jpg	/media/psycontrol/HDD/Datasets/THINGS/images_THINGS/object_images/ladybug/ladybug_07s.jpg	True	False	1	617630	1779364610714.000	easy_marker_manifest_order_min_gap_5s	pass	True	True	True	49.648289	pass	1029	35	train	6	pass	True	True
zar	004-zar	lab_data/zar/004-zar_EEG_recon_2026-05-21_13h23.20.049_image_mapping.json	31	2	11	1045	goose	images_THINGS/object_images/goose/goose_08s.jpg	/media/psycontrol/HDD/Datasets/THINGS/images_THINGS/object_images/goose/goose_08s.jpg	True	False	2	620578	1779364616610.000	easy_marker_manifest_order_min_gap_5s	pass	True	True	True	260.124176	review	1030	44	train	6	review	True	False
zar	004-zar	lab_data/zar/004-zar_EEG_recon_2026-05-21_13h23.20.049_image_mapping.json	32	2	12	1095	mouse2	images_THINGS/object_images/mouse2/mouse2_17s.jpg	/media/psycontrol/HDD/Datasets/THINGS/images_THINGS/object_images/mouse2/mouse2_17s.jpg	True	False	1	623491	1779364622436.000	easy_marker_manifest_order_min_gap_5s	pass	True	True	True	93.419235	pass	1031	94	val	6	pass	True	True
zar	004-zar	lab_data/zar/004-zar_EEG_recon_2026-05-21_13h23.20.049_image_mapping.json	33	2	13	1144	tarantula	images_THINGS/object_images/tarantula/tarantula_12s.jpg	/media/psycontrol/HDD/Datasets/THINGS/images_THINGS/object_images/tarantula/tarantula_12s.jpg	True	False	2	626435	1779364628324.000	easy_marker_manifest_order_min_gap_5s	pass	True	True	True	71.194267	pass	1032	143	val	6	pass	True	True
zar	004-zar	lab_data/zar/004-zar_EEG_recon_2026-05-21_13h23.20.049_image_mapping.json	34	2	14	1057	eggnog	images_THINGS/object_images/eggnog/eggnog_03s.jpg	/media/psycontrol/HDD/Datasets/THINGS/images_THINGS/object_images/eggnog/eggnog_03s.jpg	True	False	1	629303	1779364634061.000	easy_marker_manifest_order_min_gap_5s	pass	True	True	True	57.716515	pass	1033	56	train	6	pass	True	True
zar	004-zar	lab_data/zar/004-zar_EEG_recon_2026-05-21_13h23.20.049_image_mapping.json	35	2	15	1112	hard_disk	images_THINGS/object_images/hard_disk/hard_disk_13s.jpg	/media/psycontrol/HDD/Datasets/THINGS/images_THINGS/object_images/hard_disk/hard_disk_13s.jpg	True	False	1	632362	1779364640179.000	easy_marker_manifest_order_min_gap_5s	pass	True	True	True	76.374580	pass	1034	111	train	6	pass	True	True
zar	004-zar	lab_data/zar/004-zar_EEG_recon_2026-05-21_13h23.20.049_image_mapping.json	36	2	16	1108	possum	images_THINGS/object_images/possum/possum_03s.jpg	/media/psycontrol/HDD/Datasets/THINGS/images_THINGS/object_images/possum/possum_03s.jpg	True	False	1	635456	1779364646367.000	easy_marker_manifest_order_min_gap_5s	pass	True	True	True	70.149193	pass	1035	107	train	6	pass	True	True
zar	004-zar	lab_data/zar/004-zar_EEG_recon_2026-05-21_13h23.20.049_image_mapping.json	37	2	17	1160	clam	images_THINGS/object_images/clam/clam_06s.jpg	/media/psycontrol/HDD/Datasets/THINGS/images_THINGS/object_images/clam/clam_06s.jpg	True	True	2	638500	1779364652456.000	easy_marker_manifest_order_min_gap_5s	pass	True	True	True	243.549103	pass	1036	159	train	6	pass	True	True
zar	004-zar	lab_data/zar/004-zar_EEG_recon_2026-05-21_13h23.20.049_image_mapping.json	38	2	18	1031	fish	images_THINGS/object_images/fish/fish_01b.jpg	/media/psycontrol/HDD/Datasets/THINGS/images_THINGS/object_images/fish/fish_01b.jpg	True	False	1	641448	1779364658352.000	easy_marker_manifest_order_min_gap_5s	pass	True	True	True	80.918106	pass	1037	30	val	6	pass	True	True
zar	004-zar	lab_data/zar/004-zar_EEG_recon_2026-05-21_13h23.20.049_image_mapping.json	39	2	19	1016	ant	images_THINGS/object_images/ant/ant_08s.jpg	/media/psycontrol/HDD/Datasets/THINGS/images_THINGS/object_images/ant/ant_08s.jpg	True	False	1	644417	1779364664290.000	easy_marker_manifest_order_min_gap_5s	pass	True	True	True	47.109283	pass	1038	15	train	6	pass	True	True
zar	004-zar	lab_data/zar/004-zar_EEG_recon_2026-05-21_13h23.20.049_image_mapping.json	40	2	20	1118	candy_bar	images_THINGS/object_images/candy_bar/candy_bar_09s.jpg	/media/psycontrol/HDD/Datasets/THINGS/images_THINGS/object_images/candy_bar/candy_bar_09s.jpg	True	False	2	647382	1779364670221.000	easy_marker_manifest_order_min_gap_5s	pass	True	True	True	64.814125	pass	1039	117	train	6	pass	True	True
zar	004-zar	lab_data/zar/004-zar_EEG_recon_2026-05-21_13h23.20.049_image_mapping.json	41	3	1	1050	artichoke	images_THINGS/object_images/artichoke/artichoke_08n.jpg	/media/psycontrol/HDD/Datasets/THINGS/images_THINGS/object_images/artichoke/artichoke_08n.jpg	True	False	1	666524	1779364708507.000	easy_marker_manifest_order_min_gap_5s	pass	True	True	True	286.552521	review	1040	49	train	6	review	True	False
zar	004-zar	lab_data/zar/004-zar_EEG_recon_2026-05-21_13h23.20.049_image_mapping.json	42	3	2	1157	barnacle	images_THINGS/object_images/barnacle/barnacle_11s.jpg	/media/psycontrol/HDD/Datasets/THINGS/images_THINGS/object_images/barnacle/barnacle_11s.jpg	True	False	2	669468	1779364714395.000	easy_marker_manifest_order_min_gap_5s	pass	True	True	True	59.213795	pass	1041	156	val	6	pass	True	True
zar	004-zar	lab_data/zar/004-zar_EEG_recon_2026-05-21_13h23.20.049_image_mapping.json	43	3	3	1098	stool	images_THINGS/object_images/stool/stool_08s.jpg	/media/psycontrol/HDD/Datasets/THINGS/images_THINGS/object_images/stool/stool_08s.jpg	True	False	1	672485	1779364720429.000	easy_marker_manifest_order_min_gap_5s	pass	True	True	True	78.528969	pass	1042	97	train	6	pass	True	True
zar	004-zar	lab_data/zar/004-zar_EEG_recon_2026-05-21_13h23.20.049_image_mapping.json	44	3	4	1073	bull	images_THINGS/object_images/bull/bull_09s.jpg	/media/psycontrol/HDD/Datasets/THINGS/images_THINGS/object_images/bull/bull_09s.jpg	True	False	1	675468	1779364726396.000	easy_marker_manifest_order_min_gap_5s	pass	True	True	True	49.210827	pass	1043	72	val	6	pass	True	True
zar	004-zar	lab_data/zar/004-zar_EEG_recon_2026-05-21_13h23.20.049_image_mapping.json	45	3	5	1020	television	images_THINGS/object_images/television/television_07s.jpg	/media/psycontrol/HDD/Datasets/THINGS/images_THINGS/object_images/television/television_07s.jpg	True	True	2	678398	1779364732256.000	easy_marker_manifest_order_min_gap_5s	pass	True	True	True	65.518402	pass	1044	19	val	6	pass	True	True
zar	004-zar	lab_data/zar/004-zar_EEG_recon_2026-05-21_13h23.20.049_image_mapping.json	46	3	6	1151	tractor	images_THINGS/object_images/tractor/tractor_10n.jpg	/media/psycontrol/HDD/Datasets/THINGS/images_THINGS/object_images/tractor/tractor_10n.jpg	True	False	1	681460	1779364738380.000	easy_marker_manifest_order_min_gap_5s	pass	True	True	True	76.259827	pass	1045	150	train	6	pass	True	True
zar	004-zar	lab_data/zar/004-zar_EEG_recon_2026-05-21_13h23.20.049_image_mapping.json	47	3	7	1119	star_fruit	images_THINGS/object_images/star_fruit/star_fruit_06s.jpg	/media/psycontrol/HDD/Datasets/THINGS/images_THINGS/object_images/star_fruit/star_fruit_06s.jpg	True	False	1	684519	1779364744499.000	easy_marker_manifest_order_min_gap_5s	pass	True	True	True	64.980553	pass	1046	118	train	6	pass	True	True
zar	004-zar	lab_data/zar/004-zar_EEG_recon_2026-05-21_13h23.20.049_image_mapping.json	48	3	8	1011	raspberry	images_THINGS/object_images/raspberry/raspberry_11s.jpg	/media/psycontrol/HDD/Datasets/THINGS/images_THINGS/object_images/raspberry/raspberry_11s.jpg	True	False	1	687609	1779364750680.000	easy_marker_manifest_order_min_gap_5s	pass	True	True	True	84.708313	pass	1047	10	train	6	pass	True	True
zar	004-zar	lab_data/zar/004-zar_EEG_recon_2026-05-21_13h23.20.049_image_mapping.json	49	3	9	1137	lamb	images_THINGS/object_images/lamb/lamb_12s.jpg	/media/psycontrol/HDD/Datasets/THINGS/images_THINGS/object_images/lamb/lamb_12s.jpg	True	False	1	690689	1779364756840.000	easy_marker_manifest_order_min_gap_5s	pass	True	True	True	264.843201	review	1048	136	val	6	review	True	False
zar	004-zar	lab_data/zar/004-zar_EEG_recon_2026-05-21_13h23.20.049_image_mapping.json	50	3	10	1104	speaker	images_THINGS/object_images/speaker/speaker_19n.jpg	/media/psycontrol/HDD/Datasets/THINGS/images_THINGS/object_images/speaker/speaker_19n.jpg	True	True	2	693668	1779364762798.000	easy_marker_manifest_order_min_gap_5s	pass	True	True	True	92.590347	pass	1049	103	train	6	pass	True	True
zar	004-zar	lab_data/zar/004-zar_EEG_recon_2026-05-21_13h23.20.049_image_mapping.json	51	3	11	1110	jet	images_THINGS/object_images/jet/jet_04s.jpg	/media/psycontrol/HDD/Datasets/THINGS/images_THINGS/object_images/jet/jet_04s.jpg	True	False	2	696622	1779364768707.000	easy_marker_manifest_order_min_gap_5s	pass	True	True	True	316.043304	review	1050	109	train	6	review	True	False
zar	004-zar	lab_data/zar/004-zar_EEG_recon_2026-05-21_13h23.20.049_image_mapping.json	52	3	12	1144	tarantula	images_THINGS/object_images/tarantula/tarantula_12s.jpg	/media/psycontrol/HDD/Datasets/THINGS/images_THINGS/object_images/tarantula/tarantula_12s.jpg	True	True	2	699532	1779364774527.000	easy_marker_manifest_order_min_gap_5s	pass	True	True	True	261.344269	review	1051	143	val	6	review	True	False
zar	004-zar	lab_data/zar/004-zar_EEG_recon_2026-05-21_13h23.20.049_image_mapping.json	53	3	13	1006	cardinal	images_THINGS/object_images/cardinal/cardinal_02s.jpg	/media/psycontrol/HDD/Datasets/THINGS/images_THINGS/object_images/cardinal/cardinal_02s.jpg	True	True	2	702445	1779364780353.000	easy_marker_manifest_order_min_gap_5s	pass	True	True	True	262.966949	review	1052	5	train	6	review	True	False
zar	004-zar	lab_data/zar/004-zar_EEG_recon_2026-05-21_13h23.20.049_image_mapping.json	54	3	14	1097	sandwich	images_THINGS/object_images/sandwich/sandwich_06s.jpg	/media/psycontrol/HDD/Datasets/THINGS/images_THINGS/object_images/sandwich/sandwich_06s.jpg	True	False	1	705358	1779364786179.000	easy_marker_manifest_order_min_gap_5s	pass	True	True	True	385.520782	review	1053	96	val	6	review	True	False
zar	004-zar	lab_data/zar/004-zar_EEG_recon_2026-05-21_13h23.20.049_image_mapping.json	55	3	15	1090	garlic	images_THINGS/object_images/garlic/garlic_11s.jpg	/media/psycontrol/HDD/Datasets/THINGS/images_THINGS/object_images/garlic/garlic_11s.jpg	True	False	1	708312	1779364792088.000	easy_marker_manifest_order_min_gap_5s	pass	True	True	True	77.678810	pass	1054	89	val	6	pass	True	True
zar	004-zar	lab_data/zar/004-zar_EEG_recon_2026-05-21_13h23.20.049_image_mapping.json	56	3	16	1101	boat	images_THINGS/object_images/boat/boat_08s.jpg	/media/psycontrol/HDD/Datasets/THINGS/images_THINGS/object_images/boat/boat_08s.jpg	True	False	1	711382	1779364798228.000	easy_marker_manifest_order_min_gap_5s	pass	True	True	True	237.017685	pass	1055	100	train	6	pass	True	True
zar	004-zar	lab_data/zar/004-zar_EEG_recon_2026-05-21_13h23.20.049_image_mapping.json	57	3	17	1132	polar_bear	images_THINGS/object_images/polar_bear/polar_bear_18s.jpg	/media/psycontrol/HDD/Datasets/THINGS/images_THINGS/object_images/polar_bear/polar_bear_18s.jpg	True	True	2	714271	1779364804007.000	easy_marker_manifest_order_min_gap_5s	pass	True	True	True	180.645996	pass	1056	131	val	6	pass	True	True
zar	004-zar	lab_data/zar/004-zar_EEG_recon_2026-05-21_13h23.20.049_image_mapping.json	58	3	18	1047	drawer	images_THINGS/object_images/drawer/drawer_04s.jpg	/media/psycontrol/HDD/Datasets/THINGS/images_THINGS/object_images/drawer/drawer_04s.jpg	True	False	1	717326	1779364810117.000	easy_marker_manifest_order_min_gap_5s	pass	True	True	True	44.455143	pass	1057	46	train	6	pass	True	True
zar	004-zar	lab_data/zar/004-zar_EEG_recon_2026-05-21_13h23.20.049_image_mapping.json	59	3	19	1026	asparagus	images_THINGS/object_images/asparagus/asparagus_12s.jpg	/media/psycontrol/HDD/Datasets/THINGS/images_THINGS/object_images/asparagus/asparagus_12s.jpg	True	False	1	720219	1779364815903.000	easy_marker_manifest_order_min_gap_5s	pass	True	True	True	75.890686	pass	1058	25	train	6	pass	True	True
zar	004-zar	lab_data/zar/004-zar_EEG_recon_2026-05-21_13h23.20.049_image_mapping.json	60	3	20	1046	tiramisu	images_THINGS/object_images/tiramisu/tiramisu_12s.jpg	/media/psycontrol/HDD/Datasets/THINGS/images_THINGS/object_images/tiramisu/tiramisu_12s.jpg	True	False	2	723232	1779364821930.000	easy_marker_manifest_order_min_gap_5s	pass	True	True	True	73.117752	pass	1059	45	train	6	pass	True	True
zar	004-zar	lab_data/zar/004-zar_EEG_recon_2026-05-21_13h23.20.049_image_mapping.json	61	4	1	1110	jet	images_THINGS/object_images/jet/jet_04s.jpg	/media/psycontrol/HDD/Datasets/THINGS/images_THINGS/object_images/jet/jet_04s.jpg	True	True	2	742293	1779364860054.000	easy_marker_manifest_order_min_gap_5s	pass	True	True	True	56.077869	pass	1060	109	train	6	pass	True	True
zar	004-zar	lab_data/zar/004-zar_EEG_recon_2026-05-21_13h23.20.049_image_mapping.json	62	4	2	1149	mole	images_THINGS/object_images/mole/mole_09s.jpg	/media/psycontrol/HDD/Datasets/THINGS/images_THINGS/object_images/mole/mole_09s.jpg	True	False	1	745214	1779364865896.000	easy_marker_manifest_order_min_gap_5s	pass	True	True	True	63.543159	pass	1061	148	train	6	pass	True	True
zar	004-zar	lab_data/zar/004-zar_EEG_recon_2026-05-21_13h23.20.049_image_mapping.json	63	4	3	1023	wolf	images_THINGS/object_images/wolf/wolf_12n.jpg	/media/psycontrol/HDD/Datasets/THINGS/images_THINGS/object_images/wolf/wolf_12n.jpg	True	False	2	748318	1779364872104.000	easy_marker_manifest_order_min_gap_5s	pass	True	True	True	60.915844	pass	1062	22	train	6	pass	True	True
zar	004-zar	lab_data/zar/004-zar_EEG_recon_2026-05-21_13h23.20.049_image_mapping.json	64	4	4	1125	sundae	images_THINGS/object_images/sundae/sundae_09s.jpg	/media/psycontrol/HDD/Datasets/THINGS/images_THINGS/object_images/sundae/sundae_09s.jpg	True	False	2	751192	1779364877853.000	easy_marker_manifest_order_min_gap_5s	pass	True	True	True	59.502666	pass	1063	124	train	6	pass	True	True
zar	004-zar	lab_data/zar/004-zar_EEG_recon_2026-05-21_13h23.20.049_image_mapping.json	65	4	5	1037	steamroller	images_THINGS/object_images/steamroller/steamroller_11n.jpg	/media/psycontrol/HDD/Datasets/THINGS/images_THINGS/object_images/steamroller/steamroller_11n.jpg	True	False	1	754102	1779364883673.000	easy_marker_manifest_order_min_gap_5s	pass	True	True	True	84.132896	pass	1064	36	train	6	pass	True	True
zar	004-zar	lab_data/zar/004-zar_EEG_recon_2026-05-21_13h23.20.049_image_mapping.json	66	4	6	1120	owl	images_THINGS/object_images/owl/owl_19s.jpg	/media/psycontrol/HDD/Datasets/THINGS/images_THINGS/object_images/owl/owl_19s.jpg	True	False	2	757168	1779364889805.000	easy_marker_manifest_order_min_gap_5s	pass	True	True	True	76.016327	pass	1065	119	train	6	pass	True	True
zar	004-zar	lab_data/zar/004-zar_EEG_recon_2026-05-21_13h23.20.049_image_mapping.json	67	4	7	1015	moose	images_THINGS/object_images/moose/moose_02s.jpg	/media/psycontrol/HDD/Datasets/THINGS/images_THINGS/object_images/moose/moose_02s.jpg	True	True	2	760178	1779364895826.000	easy_marker_manifest_order_min_gap_5s	pass	True	True	True	64.975586	pass	1066	14	train	6	pass	True	True
zar	004-zar	lab_data/zar/004-zar_EEG_recon_2026-05-21_13h23.20.049_image_mapping.json	68	4	8	1121	sunglasses	images_THINGS/object_images/sunglasses/sunglasses_06s.jpg	/media/psycontrol/HDD/Datasets/THINGS/images_THINGS/object_images/sunglasses/sunglasses_06s.jpg	True	True	2	763275	1779364902020.000	easy_marker_manifest_order_min_gap_5s	pass	True	True	True	93.922691	pass	1067	120	val	6	pass	True	True
zar	004-zar	lab_data/zar/004-zar_EEG_recon_2026-05-21_13h23.20.049_image_mapping.json	69	4	9	1049	rat	images_THINGS/object_images/rat/rat_04s.jpg	/media/psycontrol/HDD/Datasets/THINGS/images_THINGS/object_images/rat/rat_04s.jpg	True	False	1	766202	1779364907874.000	easy_marker_manifest_order_min_gap_5s	pass	True	True	True	70.328003	pass	1068	48	train	6	pass	True	True
zar	004-zar	lab_data/zar/004-zar_EEG_recon_2026-05-21_13h23.20.049_image_mapping.json	70	4	10	1032	pants	images_THINGS/object_images/pants/pants_01b.jpg	/media/psycontrol/HDD/Datasets/THINGS/images_THINGS/object_images/pants/pants_01b.jpg	True	False	1	769094	1779364913659.000	easy_marker_manifest_order_min_gap_5s	pass	True	True	True	54.269299	pass	1069	31	train	6	pass	True	True
zar	004-zar	lab_data/zar/004-zar_EEG_recon_2026-05-21_13h23.20.049_image_mapping.json	71	4	11	1063	car	images_THINGS/object_images/car/car_12s.jpg	/media/psycontrol/HDD/Datasets/THINGS/images_THINGS/object_images/car/car_12s.jpg	True	False	1	772119	1779364919709.000	easy_marker_manifest_order_min_gap_5s	pass	True	True	True	73.974617	pass	1070	62	train	6	pass	True	True
zar	004-zar	lab_data/zar/004-zar_EEG_recon_2026-05-21_13h23.20.049_image_mapping.json	72	4	12	1118	candy_bar	images_THINGS/object_images/candy_bar/candy_bar_09s.jpg	/media/psycontrol/HDD/Datasets/THINGS/images_THINGS/object_images/candy_bar/candy_bar_09s.jpg	True	True	2	775185	1779364925841.000	easy_marker_manifest_order_min_gap_5s	pass	True	True	True	88.241508	pass	1071	117	train	6	pass	True	True
zar	004-zar	lab_data/zar/004-zar_EEG_recon_2026-05-21_13h23.20.049_image_mapping.json	73	4	13	1092	bunkbed	images_THINGS/object_images/bunkbed/bunkbed_02s.jpg	/media/psycontrol/HDD/Datasets/THINGS/images_THINGS/object_images/bunkbed/bunkbed_02s.jpg	True	True	2	778077	1779364931625.000	easy_marker_manifest_order_min_gap_5s	pass	True	True	True	101.107063	pass	1072	91	train	6	pass	True	True
zar	004-zar	lab_data/zar/004-zar_EEG_recon_2026-05-21_13h23.20.049_image_mapping.json	74	4	14	1038	cupcake	images_THINGS/object_images/cupcake/cupcake_07s.jpg	/media/psycontrol/HDD/Datasets/THINGS/images_THINGS/object_images/cupcake/cupcake_07s.jpg	True	False	1	781001	1779364937473.000	easy_marker_manifest_order_min_gap_5s	pass	True	True	True	81.977127	pass	1073	37	train	6	pass	True	True
zar	004-zar	lab_data/zar/004-zar_EEG_recon_2026-05-21_13h23.20.049_image_mapping.json	75	4	15	1061	taco	images_THINGS/object_images/taco/taco_06n.jpg	/media/psycontrol/HDD/Datasets/THINGS/images_THINGS/object_images/taco/taco_06n.jpg	True	False	2	784070	1779364943612.000	easy_marker_manifest_order_min_gap_5s	pass	True	True	True	479.915955	review	1074	60	train	6	review	True	False
zar	004-zar	lab_data/zar/004-zar_EEG_recon_2026-05-21_13h23.20.049_image_mapping.json	76	4	16	1130	showerhead	images_THINGS/object_images/showerhead/showerhead_05s.jpg	/media/psycontrol/HDD/Datasets/THINGS/images_THINGS/object_images/showerhead/showerhead_05s.jpg	True	False	2	787038	1779364949548.000	easy_marker_manifest_order_min_gap_5s	pass	True	True	True	86.616798	pass	1075	129	train	6	pass	True	True
zar	004-zar	lab_data/zar/004-zar_EEG_recon_2026-05-21_13h23.20.049_image_mapping.json	77	4	17	1143	mango	images_THINGS/object_images/mango/mango_16s.jpg	/media/psycontrol/HDD/Datasets/THINGS/images_THINGS/object_images/mango/mango_16s.jpg	True	False	2	789968	1779364955409.000	easy_marker_manifest_order_min_gap_5s	pass	True	True	True	90.342552	pass	1076	142	val	6	pass	True	True
zar	004-zar	lab_data/zar/004-zar_EEG_recon_2026-05-21_13h23.20.049_image_mapping.json	78	4	18	1123	sorbet	images_THINGS/object_images/sorbet/sorbet_05s.jpg	/media/psycontrol/HDD/Datasets/THINGS/images_THINGS/object_images/sorbet/sorbet_05s.jpg	True	False	1	793052	1779364961577.000	easy_marker_manifest_order_min_gap_5s	pass	True	True	True	62.073948	pass	1077	122	val	6	pass	True	True
zar	004-zar	lab_data/zar/004-zar_EEG_recon_2026-05-21_13h23.20.049_image_mapping.json	79	4	19	1013	banana	images_THINGS/object_images/banana/banana_13s.jpg	/media/psycontrol/HDD/Datasets/THINGS/images_THINGS/object_images/banana/banana_13s.jpg	True	False	1	796097	1779364967667.000	easy_marker_manifest_order_min_gap_5s	pass	True	True	True	86.516243	pass	1078	12	train	6	pass	True	True
zar	004-zar	lab_data/zar/004-zar_EEG_recon_2026-05-21_13h23.20.049_image_mapping.json	80	4	20	1139	earwig	images_THINGS/object_images/earwig/earwig_09s.jpg	/media/psycontrol/HDD/Datasets/THINGS/images_THINGS/object_images/earwig/earwig_09s.jpg	True	False	1	798965	1779364973404.000	easy_marker_manifest_order_min_gap_5s	pass	True	True	True	49.076653	pass	1079	138	train	6	pass	True	True
zar	004-zar	lab_data/zar/004-zar_EEG_recon_2026-05-21_13h23.20.049_image_mapping.json	81	5	1	1079	puppy	images_THINGS/object_images/puppy/puppy_12s.jpg	/media/psycontrol/HDD/Datasets/THINGS/images_THINGS/object_images/puppy/puppy_12s.jpg	True	False	1	818075	1779365011625.000	easy_marker_manifest_order_min_gap_5s	pass	True	True	True	69.466438	pass	1080	78	train	6	pass	True	True
zar	004-zar	lab_data/zar/004-zar_EEG_recon_2026-05-21_13h23.20.049_image_mapping.json	82	5	2	1082	necklace	images_THINGS/object_images/necklace/necklace_11s.jpg	/media/psycontrol/HDD/Datasets/THINGS/images_THINGS/object_images/necklace/necklace_11s.jpg	True	False	2	821130	1779365017736.000	easy_marker_manifest_order_min_gap_5s	pass	True	True	True	87.383690	pass	1081	81	train	6	pass	True	True
zar	004-zar	lab_data/zar/004-zar_EEG_recon_2026-05-21_13h23.20.049_image_mapping.json	83	5	3	1131	eel	images_THINGS/object_images/eel/eel_09s.jpg	/media/psycontrol/HDD/Datasets/THINGS/images_THINGS/object_images/eel/eel_09s.jpg	True	False	1	824085	1779365023646.000	easy_marker_manifest_order_min_gap_5s	pass	True	True	True	67.253738	pass	1082	130	train	6	pass	True	True
zar	004-zar	lab_data/zar/004-zar_EEG_recon_2026-05-21_13h23.20.049_image_mapping.json	84	5	4	1143	mango	images_THINGS/object_images/mango/mango_16s.jpg	/media/psycontrol/HDD/Datasets/THINGS/images_THINGS/object_images/mango/mango_16s.jpg	True	True	2	827064	1779365029605.000	easy_marker_manifest_order_min_gap_5s	pass	True	True	True	350.350342	review	1083	142	val	6	review	True	False
zar	004-zar	lab_data/zar/004-zar_EEG_recon_2026-05-21_13h23.20.049_image_mapping.json	85	5	5	1109	wasp	images_THINGS/object_images/wasp/wasp_09n.jpg	/media/psycontrol/HDD/Datasets/THINGS/images_THINGS/object_images/wasp/wasp_09n.jpg	True	False	1	830147	1779365035771.000	easy_marker_manifest_order_min_gap_5s	pass	True	True	True	77.585800	pass	1084	108	train	6	pass	True	True
zar	004-zar	lab_data/zar/004-zar_EEG_recon_2026-05-21_13h23.20.049_image_mapping.json	86	5	6	1046	tiramisu	images_THINGS/object_images/tiramisu/tiramisu_12s.jpg	/media/psycontrol/HDD/Datasets/THINGS/images_THINGS/object_images/tiramisu/tiramisu_12s.jpg	True	True	2	833040	1779365041557.000	easy_marker_manifest_order_min_gap_5s	pass	True	True	True	100.609642	pass	1085	45	train	6	pass	True	True
zar	004-zar	lab_data/zar/004-zar_EEG_recon_2026-05-21_13h23.20.049_image_mapping.json	87	5	7	1133	cockatoo	images_THINGS/object_images/cockatoo/cockatoo_04s.jpg	/media/psycontrol/HDD/Datasets/THINGS/images_THINGS/object_images/cockatoo/cockatoo_04s.jpg	True	False	1	836102	1779365047682.000	easy_marker_manifest_order_min_gap_5s	pass	True	True	True	254.448242	review	1086	132	train	6	review	True	False
zar	004-zar	lab_data/zar/004-zar_EEG_recon_2026-05-21_13h23.20.049_image_mapping.json	88	5	8	1002	pea	images_THINGS/object_images/pea/pea_10s.jpg	/media/psycontrol/HDD/Datasets/THINGS/images_THINGS/object_images/pea/pea_10s.jpg	True	False	1	839046	1779365053570.000	easy_marker_manifest_order_min_gap_5s	pass	True	True	True	93.127785	pass	1087	1	train	6	pass	True	True
zar	004-zar	lab_data/zar/004-zar_EEG_recon_2026-05-21_13h23.20.049_image_mapping.json	89	5	9	1135	pony	images_THINGS/object_images/pony/pony_01b.jpg	/media/psycontrol/HDD/Datasets/THINGS/images_THINGS/object_images/pony/pony_01b.jpg	True	False	1	842036	1779365059550.000	easy_marker_manifest_order_min_gap_5s	pass	True	True	True	87.721924	pass	1088	134	train	6	pass	True	True
zar	004-zar	lab_data/zar/004-zar_EEG_recon_2026-05-21_13h23.20.049_image_mapping.json	90	5	10	1125	sundae	images_THINGS/object_images/sundae/sundae_09s.jpg	/media/psycontrol/HDD/Datasets/THINGS/images_THINGS/object_images/sundae/sundae_09s.jpg	True	True	2	845067	1779365065613.000	easy_marker_manifest_order_min_gap_5s	pass	True	True	True	478.107971	review	1089	124	train	6	review	True	False
zar	004-zar	lab_data/zar/004-zar_EEG_recon_2026-05-21_13h23.20.049_image_mapping.json	91	5	11	1124	nightshirt	images_THINGS/object_images/nightshirt/nightshirt_11s.jpg	/media/psycontrol/HDD/Datasets/THINGS/images_THINGS/object_images/nightshirt/nightshirt_11s.jpg	True	True	2	847976	1779365071431.000	easy_marker_manifest_order_min_gap_5s	pass	True	True	True	47.931110	pass	1090	123	val	6	pass	True	True
zar	004-zar	lab_data/zar/004-zar_EEG_recon_2026-05-21_13h23.20.049_image_mapping.json	92	5	12	1140	kayak	images_THINGS/object_images/kayak/kayak_04s.jpg	/media/psycontrol/HDD/Datasets/THINGS/images_THINGS/object_images/kayak/kayak_04s.jpg	True	False	1	850882	1779365077244.000	easy_marker_manifest_order_min_gap_5s	pass	True	True	True	94.097382	pass	1091	139	train	6	pass	True	True
zar	004-zar	lab_data/zar/004-zar_EEG_recon_2026-05-21_13h23.20.049_image_mapping.json	93	5	13	1059	zucchini	images_THINGS/object_images/zucchini/zucchini_02s.jpg	/media/psycontrol/HDD/Datasets/THINGS/images_THINGS/object_images/zucchini/zucchini_02s.jpg	True	False	2	853785	1779365083050.000	easy_marker_manifest_order_min_gap_5s	pass	True	True	True	79.169594	pass	1092	58	train	6	pass	True	True
zar	004-zar	lab_data/zar/004-zar_EEG_recon_2026-05-21_13h23.20.049_image_mapping.json	94	5	14	1040	panda	images_THINGS/object_images/panda/panda_01b.jpg	/media/psycontrol/HDD/Datasets/THINGS/images_THINGS/object_images/panda/panda_01b.jpg	True	False	1	856868	1779365089216.000	easy_marker_manifest_order_min_gap_5s	pass	True	True	True	55.388313	pass	1093	39	train	6	pass	True	True
zar	004-zar	lab_data/zar/004-zar_EEG_recon_2026-05-21_13h23.20.049_image_mapping.json	95	5	15	1061	taco	images_THINGS/object_images/taco/taco_06n.jpg	/media/psycontrol/HDD/Datasets/THINGS/images_THINGS/object_images/taco/taco_06n.jpg	True	True	2	859812	1779365095105.000	easy_marker_manifest_order_min_gap_5s	pass	True	True	True	218.097321	pass	1094	60	train	6	pass	True	True
zar	004-zar	lab_data/zar/004-zar_EEG_recon_2026-05-21_13h23.20.049_image_mapping.json	96	5	16	1107	omelet	images_THINGS/object_images/omelet/omelet_06s.jpg	/media/psycontrol/HDD/Datasets/THINGS/images_THINGS/object_images/omelet/omelet_06s.jpg	True	False	1	862850	1779365101181.000	easy_marker_manifest_order_min_gap_5s	pass	True	True	True	45.380066	pass	1095	106	train	6	pass	True	True
zar	004-zar	lab_data/zar/004-zar_EEG_recon_2026-05-21_13h23.20.049_image_mapping.json	97	5	17	1086	pasta	images_THINGS/object_images/pasta/pasta_12s.jpg	/media/psycontrol/HDD/Datasets/THINGS/images_THINGS/object_images/pasta/pasta_12s.jpg	True	False	1	865926	1779365107334.000	easy_marker_manifest_order_min_gap_5s	pass	True	True	True	61.314693	pass	1096	85	val	6	pass	True	True
zar	004-zar	lab_data/zar/004-zar_EEG_recon_2026-05-21_13h23.20.049_image_mapping.json	98	5	18	1010	pineapple	images_THINGS/object_images/pineapple/pineapple_08s.jpg	/media/psycontrol/HDD/Datasets/THINGS/images_THINGS/object_images/pineapple/pineapple_08s.jpg	True	False	1	868943	1779365113368.000	easy_marker_manifest_order_min_gap_5s	pass	True	True	True	86.403946	pass	1097	9	train	6	pass	True	True
zar	004-zar	lab_data/zar/004-zar_EEG_recon_2026-05-21_13h23.20.049_image_mapping.json	99	5	19	1127	space_shuttle	images_THINGS/object_images/space_shuttle/space_shuttle_12s.jpg	/media/psycontrol/HDD/Datasets/THINGS/images_THINGS/object_images/space_shuttle/space_shuttle_12s.jpg	True	False	1	871840	1779365119162.000	easy_marker_manifest_order_min_gap_5s	pass	True	True	True	67.468895	pass	1098	126	train	6	pass	True	True
zar	004-zar	lab_data/zar/004-zar_EEG_recon_2026-05-21_13h23.20.049_image_mapping.json	100	5	20	1155	kale	images_THINGS/object_images/kale/kale_01b.jpg	/media/psycontrol/HDD/Datasets/THINGS/images_THINGS/object_images/kale/kale_01b.jpg	True	False	1	874759	1779365125001.000	easy_marker_manifest_order_min_gap_5s	pass	True	True	True	62.678417	pass	1099	154	train	6	pass	True	True
zar	004-zar	lab_data/zar/004-zar_EEG_recon_2026-05-21_13h23.20.049_image_mapping.json	101	6	1	1152	speedboat	images_THINGS/object_images/speedboat/speedboat_06s.jpg	/media/psycontrol/HDD/Datasets/THINGS/images_THINGS/object_images/speedboat/speedboat_06s.jpg	True	False	1	892047	1779365159579.000	easy_marker_manifest_order_min_gap_5s	pass	True	True	True	42.609138	pass	1100	151	val	6	pass	True	True
zar	004-zar	lab_data/zar/004-zar_EEG_recon_2026-05-21_13h23.20.049_image_mapping.json	102	6	2	1008	keyboard	images_THINGS/object_images/keyboard/keyboard_13s.jpg	/media/psycontrol/HDD/Datasets/THINGS/images_THINGS/object_images/keyboard/keyboard_13s.jpg	True	False	1	895094	1779365165674.000	easy_marker_manifest_order_min_gap_5s	pass	True	True	True	45.794662	pass	1101	7	train	6	pass	True	True
zar	004-zar	lab_data/zar/004-zar_EEG_recon_2026-05-21_13h23.20.049_image_mapping.json	103	6	3	1042	eagle	images_THINGS/object_images/eagle/eagle_08s.jpg	/media/psycontrol/HDD/Datasets/THINGS/images_THINGS/object_images/eagle/eagle_08s.jpg	True	False	1	898157	1779365171800.000	easy_marker_manifest_order_min_gap_5s	pass	True	True	True	53.366402	pass	1102	41	train	6	pass	True	True
zar	004-zar	lab_data/zar/004-zar_EEG_recon_2026-05-21_13h23.20.049_image_mapping.json	104	6	4	1028	meatball	images_THINGS/object_images/meatball/meatball_04s.jpg	/media/psycontrol/HDD/Datasets/THINGS/images_THINGS/object_images/meatball/meatball_04s.jpg	True	False	1	901230	1779365177946.000	easy_marker_manifest_order_min_gap_5s	pass	True	True	True	63.578674	pass	1103	27	train	6	pass	True	True
zar	004-zar	lab_data/zar/004-zar_EEG_recon_2026-05-21_13h23.20.049_image_mapping.json	105	6	5	1062	antelope	images_THINGS/object_images/antelope/antelope_12n.jpg	/media/psycontrol/HDD/Datasets/THINGS/images_THINGS/object_images/antelope/antelope_12n.jpg	True	True	2	904254	1779365183995.000	easy_marker_manifest_order_min_gap_5s	pass	True	True	True	50.031197	pass	1104	61	val	6	pass	True	True
zar	004-zar	lab_data/zar/004-zar_EEG_recon_2026-05-21_13h23.20.049_image_mapping.json	106	6	6	1085	frog	images_THINGS/object_images/frog/frog_09s.jpg	/media/psycontrol/HDD/Datasets/THINGS/images_THINGS/object_images/frog/frog_09s.jpg	True	False	1	907292	1779365190071.000	easy_marker_manifest_order_min_gap_5s	pass	True	True	True	46.698784	pass	1105	84	train	6	pass	True	True
zar	004-zar	lab_data/zar/004-zar_EEG_recon_2026-05-21_13h23.20.049_image_mapping.json	107	6	7	1074	cobra	images_THINGS/object_images/cobra/cobra_07s.jpg	/media/psycontrol/HDD/Datasets/THINGS/images_THINGS/object_images/cobra/cobra_07s.jpg	True	False	1	910299	1779365196085.000	easy_marker_manifest_order_min_gap_5s	pass	True	True	True	59.063480	pass	1106	73	train	6	pass	True	True
zar	004-zar	lab_data/zar/004-zar_EEG_recon_2026-05-21_13h23.20.049_image_mapping.json	108	6	8	1103	blazer	images_THINGS/object_images/blazer/blazer_05s.jpg	/media/psycontrol/HDD/Datasets/THINGS/images_THINGS/object_images/blazer/blazer_05s.jpg	True	False	1	913403	1779365202294.000	easy_marker_manifest_order_min_gap_5s	pass	True	True	True	61.581253	pass	1107	102	train	6	pass	True	True
zar	004-zar	lab_data/zar/004-zar_EEG_recon_2026-05-21_13h23.20.049_image_mapping.json	109	6	9	1017	carrot	images_THINGS/object_images/carrot/carrot_01b.jpg	/media/psycontrol/HDD/Datasets/THINGS/images_THINGS/object_images/carrot/carrot_01b.jpg	True	False	1	916517	1779365208522.000	easy_marker_manifest_order_min_gap_5s	pass	True	True	True	58.202644	pass	1108	16	train	6	pass	True	True
zar	004-zar	lab_data/zar/004-zar_EEG_recon_2026-05-21_13h23.20.049_image_mapping.json	110	6	10	1126	helicopter	images_THINGS/object_images/helicopter/helicopter_20s.jpg	/media/psycontrol/HDD/Datasets/THINGS/images_THINGS/object_images/helicopter/helicopter_20s.jpg	True	False	2	919434	1779365214356.000	easy_marker_manifest_order_min_gap_5s	pass	True	True	True	169.548859	pass	1109	125	train	6	pass	True	True
zar	004-zar	lab_data/zar/004-zar_EEG_recon_2026-05-21_13h23.20.049_image_mapping.json	111	6	11	1106	swordfish	images_THINGS/object_images/swordfish/swordfish_07s.jpg	/media/psycontrol/HDD/Datasets/THINGS/images_THINGS/object_images/swordfish/swordfish_07s.jpg	True	False	1	922378	1779365220245.000	easy_marker_manifest_order_min_gap_5s	pass	True	True	True	70.032555	pass	1110	105	train	6	pass	True	True
zar	004-zar	lab_data/zar/004-zar_EEG_recon_2026-05-21_13h23.20.049_image_mapping.json	112	6	12	1068	radio	images_THINGS/object_images/radio/radio_04s.jpg	/media/psycontrol/HDD/Datasets/THINGS/images_THINGS/object_images/radio/radio_04s.jpg	True	False	1	925378	1779365226245.000	easy_marker_manifest_order_min_gap_5s	pass	True	True	True	45.362431	pass	1111	67	val	6	pass	True	True
zar	004-zar	lab_data/zar/004-zar_EEG_recon_2026-05-21_13h23.20.049_image_mapping.json	113	6	13	1100	champagne	images_THINGS/object_images/champagne/champagne_01b.jpg	/media/psycontrol/HDD/Datasets/THINGS/images_THINGS/object_images/champagne/champagne_01b.jpg	True	False	1	928256	1779365232001.000	easy_marker_manifest_order_min_gap_5s	pass	True	True	True	40.879997	pass	1112	99	train	6	pass	True	True
zar	004-zar	lab_data/zar/004-zar_EEG_recon_2026-05-21_13h23.20.049_image_mapping.json	114	6	14	1084	cheetah	images_THINGS/object_images/cheetah/cheetah_06s.jpg	/media/psycontrol/HDD/Datasets/THINGS/images_THINGS/object_images/cheetah/cheetah_06s.jpg	True	False	2	931339	1779365238168.000	easy_marker_manifest_order_min_gap_5s	pass	True	True	True	53.810917	pass	1113	83	train	6	pass	True	True
zar	004-zar	lab_data/zar/004-zar_EEG_recon_2026-05-21_13h23.20.049_image_mapping.json	115	6	15	1120	owl	images_THINGS/object_images/owl/owl_19s.jpg	/media/psycontrol/HDD/Datasets/THINGS/images_THINGS/object_images/owl/owl_19s.jpg	True	True	2	934266	1779365244022.000	easy_marker_manifest_order_min_gap_5s	pass	True	True	True	38.568073	pass	1114	119	train	6	pass	True	True
zar	004-zar	lab_data/zar/004-zar_EEG_recon_2026-05-21_13h23.20.049_image_mapping.json	116	6	16	1129	workbench	images_THINGS/object_images/workbench/workbench_07s.jpg	/media/psycontrol/HDD/Datasets/THINGS/images_THINGS/object_images/workbench/workbench_07s.jpg	True	False	2	937325	1779365250140.000	easy_marker_manifest_order_min_gap_5s	pass	True	True	True	48.920860	pass	1115	128	train	6	pass	True	True
zar	004-zar	lab_data/zar/004-zar_EEG_recon_2026-05-21_13h23.20.049_image_mapping.json	117	6	17	1053	reindeer	images_THINGS/object_images/reindeer/reindeer_14s.jpg	/media/psycontrol/HDD/Datasets/THINGS/images_THINGS/object_images/reindeer/reindeer_14s.jpg	True	True	2	940363	1779365256217.000	easy_marker_manifest_order_min_gap_5s	pass	True	True	True	52.607269	pass	1116	52	val	6	pass	True	True
zar	004-zar	lab_data/zar/004-zar_EEG_recon_2026-05-21_13h23.20.049_image_mapping.json	118	6	18	1039	sailboat	images_THINGS/object_images/sailboat/sailboat_07s.jpg	/media/psycontrol/HDD/Datasets/THINGS/images_THINGS/object_images/sailboat/sailboat_07s.jpg	True	False	1	943339	1779365262169.000	easy_marker_manifest_order_min_gap_5s	pass	True	True	True	70.839973	pass	1117	38	val	6	pass	True	True
zar	004-zar	lab_data/zar/004-zar_EEG_recon_2026-05-21_13h23.20.049_image_mapping.json	119	6	19	1111	creme_brulee	images_THINGS/object_images/creme_brulee/creme_brulee_01b.jpg	/media/psycontrol/HDD/Datasets/THINGS/images_THINGS/object_images/creme_brulee/creme_brulee_01b.jpg	True	False	1	946318	1779365268127.000	easy_marker_manifest_order_min_gap_5s	pass	True	True	True	66.575531	pass	1118	110	train	6	pass	True	True
zar	004-zar	lab_data/zar/004-zar_EEG_recon_2026-05-21_13h23.20.049_image_mapping.json	120	6	20	1012	burrito	images_THINGS/object_images/burrito/burrito_07s.jpg	/media/psycontrol/HDD/Datasets/THINGS/images_THINGS/object_images/burrito/burrito_07s.jpg	True	True	2	949251	1779365273994.000	easy_marker_manifest_order_min_gap_5s	pass	True	True	True	92.374832	pass	1119	11	val	6	pass	True	True
zar	004-zar	lab_data/zar/004-zar_EEG_recon_2026-05-21_13h23.20.049_image_mapping.json	121	7	1	1067	taffy	images_THINGS/object_images/taffy/taffy_11s.jpg	/media/psycontrol/HDD/Datasets/THINGS/images_THINGS/object_images/taffy/taffy_11s.jpg	True	False	1	961647	1779365298787.000	easy_marker_manifest_order_min_gap_5s	pass	True	True	True	120.725204	pass	1120	66	val	6	pass	True	True
zar	004-zar	lab_data/zar/004-zar_EEG_recon_2026-05-21_13h23.20.049_image_mapping.json	122	7	2	1084	cheetah	images_THINGS/object_images/cheetah/cheetah_06s.jpg	/media/psycontrol/HDD/Datasets/THINGS/images_THINGS/object_images/cheetah/cheetah_06s.jpg	True	True	2	964650	1779365304793.000	easy_marker_manifest_order_min_gap_5s	pass	True	True	True	166.439728	pass	1121	83	train	6	pass	True	True
zar	004-zar	lab_data/zar/004-zar_EEG_recon_2026-05-21_13h23.20.049_image_mapping.json	123	7	3	1082	necklace	images_THINGS/object_images/necklace/necklace_11s.jpg	/media/psycontrol/HDD/Datasets/THINGS/images_THINGS/object_images/necklace/necklace_11s.jpg	True	True	2	967518	1779365310530.000	easy_marker_manifest_order_min_gap_5s	pass	True	True	True	94.872093	pass	1122	81	train	6	pass	True	True
zar	004-zar	lab_data/zar/004-zar_EEG_recon_2026-05-21_13h23.20.049_image_mapping.json	124	7	4	1051	yacht	images_THINGS/object_images/yacht/yacht_05s.jpg	/media/psycontrol/HDD/Datasets/THINGS/images_THINGS/object_images/yacht/yacht_05s.jpg	True	False	2	970591	1779365316676.000	easy_marker_manifest_order_min_gap_5s	pass	True	True	True	52.118111	pass	1123	50	train	6	pass	True	True
zar	004-zar	lab_data/zar/004-zar_EEG_recon_2026-05-21_13h23.20.049_image_mapping.json	125	7	5	1091	kitten	images_THINGS/object_images/kitten/kitten_09s.jpg	/media/psycontrol/HDD/Datasets/THINGS/images_THINGS/object_images/kitten/kitten_09s.jpg	True	False	1	973504	1779365322502.000	easy_marker_manifest_order_min_gap_5s	pass	True	True	True	41.514393	pass	1124	90	train	6	pass	True	True
zar	004-zar	lab_data/zar/004-zar_EEG_recon_2026-05-21_13h23.20.049_image_mapping.json	126	7	6	1081	police_car	images_THINGS/object_images/police_car/police_car_14s.jpg	/media/psycontrol/HDD/Datasets/THINGS/images_THINGS/object_images/police_car/police_car_14s.jpg	True	False	1	976491	1779365328475.000	easy_marker_manifest_order_min_gap_5s	pass	True	True	True	64.718910	pass	1125	80	train	6	pass	True	True
zar	004-zar	lab_data/zar/004-zar_EEG_recon_2026-05-21_13h23.20.049_image_mapping.json	127	7	7	1154	chandelier	images_THINGS/object_images/chandelier/chandelier_10s.jpg	/media/psycontrol/HDD/Datasets/THINGS/images_THINGS/object_images/chandelier/chandelier_10s.jpg	True	False	1	979557	1779365334607.000	easy_marker_manifest_order_min_gap_5s	pass	True	True	True	58.480370	pass	1126	153	train	6	pass	True	True
zar	004-zar	lab_data/zar/004-zar_EEG_recon_2026-05-21_13h23.20.049_image_mapping.json	128	7	8	1087	bathrobe	images_THINGS/object_images/bathrobe/bathrobe_12s.jpg	/media/psycontrol/HDD/Datasets/THINGS/images_THINGS/object_images/bathrobe/bathrobe_12s.jpg	True	False	1	982661	1779365340816.000	easy_marker_manifest_order_min_gap_5s	pass	True	True	True	54.958027	pass	1127	86	train	6	pass	True	True
zar	004-zar	lab_data/zar/004-zar_EEG_recon_2026-05-21_13h23.20.049_image_mapping.json	129	7	9	1065	cabinet	images_THINGS/object_images/cabinet/cabinet_07s.jpg	/media/psycontrol/HDD/Datasets/THINGS/images_THINGS/object_images/cabinet/cabinet_07s.jpg	True	False	1	985775	1779365347043.000	easy_marker_manifest_order_min_gap_5s	pass	True	True	True	59.171417	pass	1128	64	train	6	pass	True	True
zar	004-zar	lab_data/zar/004-zar_EEG_recon_2026-05-21_13h23.20.049_image_mapping.json	130	7	10	1114	spinach	images_THINGS/object_images/spinach/spinach_09s.jpg	/media/psycontrol/HDD/Datasets/THINGS/images_THINGS/object_images/spinach/spinach_09s.jpg	True	False	1	988647	1779365352787.000	easy_marker_manifest_order_min_gap_5s	pass	True	True	True	56.338066	pass	1129	113	train	6	pass	True	True
zar	004-zar	lab_data/zar/004-zar_EEG_recon_2026-05-21_13h23.20.049_image_mapping.json	131	7	11	1138	ping-pong_table	images_THINGS/object_images/ping-pong_table/ping-pong_table_10s.jpg	/media/psycontrol/HDD/Datasets/THINGS/images_THINGS/object_images/ping-pong_table/ping-pong_table_10s.jpg	True	False	1	991689	1779365358870.000	easy_marker_manifest_order_min_gap_5s	pass	True	True	True	66.229866	pass	1130	137	train	6	pass	True	True
zar	004-zar	lab_data/zar/004-zar_EEG_recon_2026-05-21_13h23.20.049_image_mapping.json	132	7	12	1113	firetruck	images_THINGS/object_images/firetruck/firetruck_04s.jpg	/media/psycontrol/HDD/Datasets/THINGS/images_THINGS/object_images/firetruck/firetruck_04s.jpg	True	False	1	994703	1779365364899.000	easy_marker_manifest_order_min_gap_5s	pass	True	True	True	71.447693	pass	1131	112	train	6	pass	True	True
zar	004-zar	lab_data/zar/004-zar_EEG_recon_2026-05-21_13h23.20.049_image_mapping.json	133	7	13	1021	tea	images_THINGS/object_images/tea/tea_10s.jpg	/media/psycontrol/HDD/Datasets/THINGS/images_THINGS/object_images/tea/tea_10s.jpg	True	False	1	997720	1779365370933.000	easy_marker_manifest_order_min_gap_5s	pass	True	True	True	218.050385	pass	1132	20	train	6	pass	True	True
zar	004-zar	lab_data/zar/004-zar_EEG_recon_2026-05-21_13h23.20.049_image_mapping.json	134	7	14	1023	wolf	images_THINGS/object_images/wolf/wolf_12n.jpg	/media/psycontrol/HDD/Datasets/THINGS/images_THINGS/object_images/wolf/wolf_12n.jpg	True	True	2	1000626	1779365376745.000	easy_marker_manifest_order_min_gap_5s	pass	True	True	True	60.351818	pass	1133	22	train	6	pass	True	True
zar	004-zar	lab_data/zar/004-zar_EEG_recon_2026-05-21_13h23.20.049_image_mapping.json	135	7	15	1093	duckling	images_THINGS/object_images/duckling/duckling_25s.jpg	/media/psycontrol/HDD/Datasets/THINGS/images_THINGS/object_images/duckling/duckling_25s.jpg	True	False	1	1003738	1779365382968.000	easy_marker_manifest_order_min_gap_5s	pass	True	True	True	51.532269	pass	1134	92	train	6	pass	True	True
zar	004-zar	lab_data/zar/004-zar_EEG_recon_2026-05-21_13h23.20.049_image_mapping.json	136	7	16	1146	cheesecake	images_THINGS/object_images/cheesecake/cheesecake_06s.jpg	/media/psycontrol/HDD/Datasets/THINGS/images_THINGS/object_images/cheesecake/cheesecake_06s.jpg	True	False	1	1006676	1779365388844.000	easy_marker_manifest_order_min_gap_5s	pass	True	True	True	327.463837	review	1135	145	train	6	review	True	False
zar	004-zar	lab_data/zar/004-zar_EEG_recon_2026-05-21_13h23.20.049_image_mapping.json	137	7	17	1045	goose	images_THINGS/object_images/goose/goose_08s.jpg	/media/psycontrol/HDD/Datasets/THINGS/images_THINGS/object_images/goose/goose_08s.jpg	True	True	2	1009682	1779365394856.000	easy_marker_manifest_order_min_gap_5s	pass	True	True	True	56.311058	pass	1136	44	train	6	pass	True	True
zar	004-zar	lab_data/zar/004-zar_EEG_recon_2026-05-21_13h23.20.049_image_mapping.json	138	7	18	1156	coconut	images_THINGS/object_images/coconut/coconut_08s.jpg	/media/psycontrol/HDD/Datasets/THINGS/images_THINGS/object_images/coconut/coconut_08s.jpg	True	False	1	1012596	1779365400684.000	easy_marker_manifest_order_min_gap_5s	pass	True	True	True	45.263535	pass	1137	155	val	6	pass	True	True
zar	004-zar	lab_data/zar/004-zar_EEG_recon_2026-05-21_13h23.20.049_image_mapping.json	139	7	19	1058	loveseat	images_THINGS/object_images/loveseat/loveseat_10s.jpg	/media/psycontrol/HDD/Datasets/THINGS/images_THINGS/object_images/loveseat/loveseat_10s.jpg	True	False	1	1015485	1779365406462.000	easy_marker_manifest_order_min_gap_5s	pass	True	True	True	52.390369	pass	1138	57	train	6	pass	True	True
zar	004-zar	lab_data/zar/004-zar_EEG_recon_2026-05-21_13h23.20.049_image_mapping.json	140	7	20	1055	seagull	images_THINGS/object_images/seagull/seagull_11s.jpg	/media/psycontrol/HDD/Datasets/THINGS/images_THINGS/object_images/seagull/seagull_11s.jpg	True	False	1	1018478	1779365412448.000	easy_marker_manifest_order_min_gap_5s	pass	True	True	True	60.630398	pass	1139	54	train	6	pass	True	True
zar	004-zar	lab_data/zar/004-zar_EEG_recon_2026-05-21_13h23.20.049_image_mapping.json	141	8	1	1056	leggings	images_THINGS/object_images/leggings/leggings_02s.jpg	/media/psycontrol/HDD/Datasets/THINGS/images_THINGS/object_images/leggings/leggings_02s.jpg	True	False	1	1037204	1779365449898.000	easy_marker_manifest_order_min_gap_5s	pass	True	True	True	235.979996	pass	1140	55	train	6	pass	True	True
zar	004-zar	lab_data/zar/004-zar_EEG_recon_2026-05-21_13h23.20.049_image_mapping.json	142	8	2	1054	bathtub	images_THINGS/object_images/bathtub/bathtub_18s.jpg	/media/psycontrol/HDD/Datasets/THINGS/images_THINGS/object_images/bathtub/bathtub_18s.jpg	True	False	1	1040152	1779365455794.000	easy_marker_manifest_order_min_gap_5s	pass	True	True	True	307.286163	review	1141	53	train	6	review	True	False
zar	004-zar	lab_data/zar/004-zar_EEG_recon_2026-05-21_13h23.20.049_image_mapping.json	143	8	3	1034	bracelet1	images_THINGS/object_images/bracelet1/bracelet1_18s.jpg	/media/psycontrol/HDD/Datasets/THINGS/images_THINGS/object_images/bracelet1/bracelet1_18s.jpg	True	False	1	1043246	1779365461982.000	easy_marker_manifest_order_min_gap_5s	pass	True	True	True	87.671638	pass	1142	33	train	6	pass	True	True
zar	004-zar	lab_data/zar/004-zar_EEG_recon_2026-05-21_13h23.20.049_image_mapping.json	144	8	4	1003	shorts	images_THINGS/object_images/shorts/shorts_14s.jpg	/media/psycontrol/HDD/Datasets/THINGS/images_THINGS/object_images/shorts/shorts_14s.jpg	True	False	1	1046343	1779365468176.000	easy_marker_manifest_order_min_gap_5s	pass	True	True	True	53.815323	pass	1143	2	val	6	pass	True	True
zar	004-zar	lab_data/zar/004-zar_EEG_recon_2026-05-21_13h23.20.049_image_mapping.json	145	8	5	1078	sea_urchin	images_THINGS/object_images/sea_urchin/sea_urchin_08s.jpg	/media/psycontrol/HDD/Datasets/THINGS/images_THINGS/object_images/sea_urchin/sea_urchin_08s.jpg	True	False	1	1049447	1779365474384.000	easy_marker_manifest_order_min_gap_5s	pass	True	True	True	61.592335	pass	1144	77	train	6	pass	True	True
zar	004-zar	lab_data/zar/004-zar_EEG_recon_2026-05-21_13h23.20.049_image_mapping.json	146	8	6	1105	gorilla	images_THINGS/object_images/gorilla/gorilla_19s.jpg	/media/psycontrol/HDD/Datasets/THINGS/images_THINGS/object_images/gorilla/gorilla_19s.jpg	True	False	1	1052476	1779365480441.000	easy_marker_manifest_order_min_gap_5s	pass	True	True	True	78.633858	pass	1145	104	val	6	pass	True	True
zar	004-zar	lab_data/zar/004-zar_EEG_recon_2026-05-21_13h23.20.049_image_mapping.json	147	8	7	1129	workbench	images_THINGS/object_images/workbench/workbench_07s.jpg	/media/psycontrol/HDD/Datasets/THINGS/images_THINGS/object_images/workbench/workbench_07s.jpg	True	True	2	1055396	1779365486281.000	easy_marker_manifest_order_min_gap_5s	pass	True	True	True	62.737877	pass	1146	128	train	6	pass	True	True
zar	004-zar	lab_data/zar/004-zar_EEG_recon_2026-05-21_13h23.20.049_image_mapping.json	148	8	8	1088	slipper	images_THINGS/object_images/slipper/slipper_02s.jpg	/media/psycontrol/HDD/Datasets/THINGS/images_THINGS/object_images/slipper/slipper_02s.jpg	True	False	1	1058340	1779365492169.000	easy_marker_manifest_order_min_gap_5s	pass	True	True	True	85.209679	pass	1147	87	train	6	pass	True	True
zar	004-zar	lab_data/zar/004-zar_EEG_recon_2026-05-21_13h23.20.049_image_mapping.json	149	8	9	1102	crab	images_THINGS/object_images/crab/crab_02s.jpg	/media/psycontrol/HDD/Datasets/THINGS/images_THINGS/object_images/crab/crab_02s.jpg	True	False	1	1061379	1779365498246.000	easy_marker_manifest_order_min_gap_5s	pass	True	True	True	63.623264	pass	1148	101	train	6	pass	True	True
zar	004-zar	lab_data/zar/004-zar_EEG_recon_2026-05-21_13h23.20.049_image_mapping.json	150	8	10	1033	helmet	images_THINGS/object_images/helmet/helmet_11s.jpg	/media/psycontrol/HDD/Datasets/THINGS/images_THINGS/object_images/helmet/helmet_11s.jpg	True	False	1	1064487	1779365504462.000	easy_marker_manifest_order_min_gap_5s	pass	True	True	True	100.970421	pass	1149	32	train	6	pass	True	True
zar	004-zar	lab_data/zar/004-zar_EEG_recon_2026-05-21_13h23.20.049_image_mapping.json	151	8	11	1141	peach	images_THINGS/object_images/peach/peach_09n.jpg	/media/psycontrol/HDD/Datasets/THINGS/images_THINGS/object_images/peach/peach_09n.jpg	True	False	1	1067535	1779365510559.000	easy_marker_manifest_order_min_gap_5s	pass	True	True	True	217.711716	pass	1150	140	val	6	pass	True	True
zar	004-zar	lab_data/zar/004-zar_EEG_recon_2026-05-21_13h23.20.049_image_mapping.json	152	8	12	1130	showerhead	images_THINGS/object_images/showerhead/showerhead_05s.jpg	/media/psycontrol/HDD/Datasets/THINGS/images_THINGS/object_images/showerhead/showerhead_05s.jpg	True	True	2	1070486	1779365516461.000	easy_marker_manifest_order_min_gap_5s	pass	True	True	True	261.178955	review	1151	129	train	6	review	True	False
zar	004-zar	lab_data/zar/004-zar_EEG_recon_2026-05-21_13h23.20.049_image_mapping.json	153	8	13	1150	chick	images_THINGS/object_images/chick/chick_10s.jpg	/media/psycontrol/HDD/Datasets/THINGS/images_THINGS/object_images/chick/chick_10s.jpg	True	True	2	1073511	1779365522511.000	easy_marker_manifest_order_min_gap_5s	pass	True	True	True	67.740799	pass	1152	149	train	6	pass	True	True
zar	004-zar	lab_data/zar/004-zar_EEG_recon_2026-05-21_13h23.20.049_image_mapping.json	154	8	14	1145	rocking_chair	images_THINGS/object_images/rocking_chair/rocking_chair_07s.jpg	/media/psycontrol/HDD/Datasets/THINGS/images_THINGS/object_images/rocking_chair/rocking_chair_07s.jpg	True	True	2	1076555	1779365528600.000	easy_marker_manifest_order_min_gap_5s	pass	True	True	True	64.206589	pass	1153	144	train	6	pass	True	True
zar	004-zar	lab_data/zar/004-zar_EEG_recon_2026-05-21_13h23.20.049_image_mapping.json	155	8	15	1094	onion	images_THINGS/object_images/onion/onion_03n.jpg	/media/psycontrol/HDD/Datasets/THINGS/images_THINGS/object_images/onion/onion_03n.jpg	True	False	1	1079586	1779365534662.000	easy_marker_manifest_order_min_gap_5s	pass	True	True	True	67.946457	pass	1154	93	train	6	pass	True	True
zar	004-zar	lab_data/zar/004-zar_EEG_recon_2026-05-21_13h23.20.049_image_mapping.json	156	8	16	1153	donut	images_THINGS/object_images/donut/donut_15s.jpg	/media/psycontrol/HDD/Datasets/THINGS/images_THINGS/object_images/donut/donut_15s.jpg	True	False	1	1082698	1779365540886.000	easy_marker_manifest_order_min_gap_5s	pass	True	True	True	46.527519	pass	1155	152	train	6	pass	True	True
zar	004-zar	lab_data/zar/004-zar_EEG_recon_2026-05-21_13h23.20.049_image_mapping.json	157	8	17	1027	memory_stick	images_THINGS/object_images/memory_stick/memory_stick_08s.jpg	/media/psycontrol/HDD/Datasets/THINGS/images_THINGS/object_images/memory_stick/memory_stick_08s.jpg	True	False	2	1085621	1779365546733.000	easy_marker_manifest_order_min_gap_5s	pass	True	True	True	52.529549	pass	1156	26	train	6	pass	True	True
zar	004-zar	lab_data/zar/004-zar_EEG_recon_2026-05-21_13h23.20.049_image_mapping.json	158	8	18	1014	shark	images_THINGS/object_images/shark/shark_07s.jpg	/media/psycontrol/HDD/Datasets/THINGS/images_THINGS/object_images/shark/shark_07s.jpg	True	False	1	1088718	1779365552927.000	easy_marker_manifest_order_min_gap_5s	pass	True	True	True	55.762798	pass	1157	13	train	6	pass	True	True
zar	004-zar	lab_data/zar/004-zar_EEG_recon_2026-05-21_13h23.20.049_image_mapping.json	159	8	19	1025	llama	images_THINGS/object_images/llama/llama_05s.jpg	/media/psycontrol/HDD/Datasets/THINGS/images_THINGS/object_images/llama/llama_05s.jpg	True	False	1	1091774	1779365559039.000	easy_marker_manifest_order_min_gap_5s	pass	True	True	True	51.514427	pass	1158	24	train	6	pass	True	True
zar	004-zar	lab_data/zar/004-zar_EEG_recon_2026-05-21_13h23.20.049_image_mapping.json	160	8	20	1148	broccoli	images_THINGS/object_images/broccoli/broccoli_09s.jpg	/media/psycontrol/HDD/Datasets/THINGS/images_THINGS/object_images/broccoli/broccoli_09s.jpg	True	False	1	1094801	1779365565094.000	easy_marker_manifest_order_min_gap_5s	pass	True	True	True	87.730278	pass	1159	147	train	6	pass	True	True
zar	004-zar	lab_data/zar/004-zar_EEG_recon_2026-05-21_13h23.20.049_image_mapping.json	161	9	1	1147	lemonade	images_THINGS/object_images/lemonade/lemonade_01b.jpg	/media/psycontrol/HDD/Datasets/THINGS/images_THINGS/object_images/lemonade/lemonade_01b.jpg	True	True	2	1107175	1779365589843.000	easy_marker_manifest_order_min_gap_5s	pass	True	True	True	101.587631	pass	1160	146	train	6	pass	True	True
zar	004-zar	lab_data/zar/004-zar_EEG_recon_2026-05-21_13h23.20.049_image_mapping.json	162	9	2	1083	shirt	images_THINGS/object_images/shirt/shirt_03s.jpg	/media/psycontrol/HDD/Datasets/THINGS/images_THINGS/object_images/shirt/shirt_03s.jpg	True	False	1	1110169	1779365595831.000	easy_marker_manifest_order_min_gap_5s	pass	True	True	True	86.365906	pass	1161	82	train	6	pass	True	True
zar	004-zar	lab_data/zar/004-zar_EEG_recon_2026-05-21_13h23.20.049_image_mapping.json	163	9	3	1041	octopus	images_THINGS/object_images/octopus/octopus_09s.jpg	/media/psycontrol/HDD/Datasets/THINGS/images_THINGS/object_images/octopus/octopus_09s.jpg	True	False	1	1113238	1779365601969.000	easy_marker_manifest_order_min_gap_5s	pass	True	True	True	57.502792	pass	1162	40	train	6	pass	True	True
zar	004-zar	lab_data/zar/004-zar_EEG_recon_2026-05-21_13h23.20.049_image_mapping.json	164	9	4	1018	coffee	images_THINGS/object_images/coffee/coffee_15s.jpg	/media/psycontrol/HDD/Datasets/THINGS/images_THINGS/object_images/coffee/coffee_15s.jpg	True	False	1	1116154	1779365607802.000	easy_marker_manifest_order_min_gap_5s	pass	True	True	True	45.671890	pass	1163	17	val	6	pass	True	True
zar	004-zar	lab_data/zar/004-zar_EEG_recon_2026-05-21_13h23.20.049_image_mapping.json	165	9	5	1136	snake	images_THINGS/object_images/snake/snake_16n.jpg	/media/psycontrol/HDD/Datasets/THINGS/images_THINGS/object_images/snake/snake_16n.jpg	True	False	1	1119099	1779365613692.000	easy_marker_manifest_order_min_gap_5s	pass	True	True	True	67.298264	pass	1164	135	train	6	pass	True	True
zar	004-zar	lab_data/zar/004-zar_EEG_recon_2026-05-21_13h23.20.049_image_mapping.json	166	9	6	1044	raccoon	images_THINGS/object_images/raccoon/raccoon_08n.jpg	/media/psycontrol/HDD/Datasets/THINGS/images_THINGS/object_images/raccoon/raccoon_08n.jpg	True	False	1	1122043	1779365619580.000	easy_marker_manifest_order_min_gap_5s	pass	True	True	True	61.337254	pass	1165	43	train	6	pass	True	True
zar	004-zar	lab_data/zar/004-zar_EEG_recon_2026-05-21_13h23.20.049_image_mapping.json	167	9	7	1027	memory_stick	images_THINGS/object_images/memory_stick/memory_stick_08s.jpg	/media/psycontrol/HDD/Datasets/THINGS/images_THINGS/object_images/memory_stick/memory_stick_08s.jpg	True	True	2	1125050	1779365625595.000	easy_marker_manifest_order_min_gap_5s	pass	True	True	True	51.733017	pass	1166	26	train	6	pass	True	True
zar	004-zar	lab_data/zar/004-zar_EEG_recon_2026-05-21_13h23.20.049_image_mapping.json	168	9	8	1128	toad	images_THINGS/object_images/toad/toad_01b.jpg	/media/psycontrol/HDD/Datasets/THINGS/images_THINGS/object_images/toad/toad_01b.jpg	True	False	1	1127956	1779365631407.000	easy_marker_manifest_order_min_gap_5s	pass	True	True	True	78.722786	pass	1167	127	train	6	pass	True	True
zar	004-zar	lab_data/zar/004-zar_EEG_recon_2026-05-21_13h23.20.049_image_mapping.json	169	9	9	1043	ostrich	images_THINGS/object_images/ostrich/ostrich_15s.jpg	/media/psycontrol/HDD/Datasets/THINGS/images_THINGS/object_images/ostrich/ostrich_15s.jpg	True	False	1	1130998	1779365637491.000	easy_marker_manifest_order_min_gap_5s	pass	True	True	True	59.578705	pass	1168	42	val	6	pass	True	True
zar	004-zar	lab_data/zar/004-zar_EEG_recon_2026-05-21_13h23.20.049_image_mapping.json	170	9	10	1099	tricycle	images_THINGS/object_images/tricycle/tricycle_12s.jpg	/media/psycontrol/HDD/Datasets/THINGS/images_THINGS/object_images/tricycle/tricycle_12s.jpg	True	False	1	1133980	1779365643455.000	easy_marker_manifest_order_min_gap_5s	pass	True	True	True	60.538761	pass	1169	98	train	6	pass	True	True
zar	004-zar	lab_data/zar/004-zar_EEG_recon_2026-05-21_13h23.20.049_image_mapping.json	171	9	11	1117	hamster	images_THINGS/object_images/hamster/hamster_07s.jpg	/media/psycontrol/HDD/Datasets/THINGS/images_THINGS/object_images/hamster/hamster_07s.jpg	True	False	1	1136869	1779365649234.000	easy_marker_manifest_order_min_gap_5s	pass	True	True	True	58.034267	pass	1170	116	train	6	pass	True	True
zar	004-zar	lab_data/zar/004-zar_EEG_recon_2026-05-21_13h23.20.049_image_mapping.json	172	9	12	1030	puffin	images_THINGS/object_images/puffin/puffin_02s.jpg	/media/psycontrol/HDD/Datasets/THINGS/images_THINGS/object_images/puffin/puffin_02s.jpg	True	False	1	1139768	1779365655032.000	easy_marker_manifest_order_min_gap_5s	pass	True	True	True	366.298767	review	1171	29	train	6	review	True	False
zar	004-zar	lab_data/zar/004-zar_EEG_recon_2026-05-21_13h23.20.049_image_mapping.json	173	9	13	1080	camcorder	images_THINGS/object_images/camcorder/camcorder_07s.jpg	/media/psycontrol/HDD/Datasets/THINGS/images_THINGS/object_images/camcorder/camcorder_07s.jpg	True	False	1	1142785	1779365661066.000	easy_marker_manifest_order_min_gap_5s	pass	True	True	True	64.350670	pass	1172	79	train	6	pass	True	True
zar	004-zar	lab_data/zar/004-zar_EEG_recon_2026-05-21_13h23.20.049_image_mapping.json	174	9	14	1070	dragonfly	images_THINGS/object_images/dragonfly/dragonfly_10s.jpg	/media/psycontrol/HDD/Datasets/THINGS/images_THINGS/object_images/dragonfly/dragonfly_10s.jpg	True	False	1	1145782	1779365667061.000	easy_marker_manifest_order_min_gap_5s	pass	True	True	True	53.696548	pass	1173	69	train	6	pass	True	True
zar	004-zar	lab_data/zar/004-zar_EEG_recon_2026-05-21_13h23.20.049_image_mapping.json	175	9	15	1007	mirror	images_THINGS/object_images/mirror/mirror_08s.jpg	/media/psycontrol/HDD/Datasets/THINGS/images_THINGS/object_images/mirror/mirror_08s.jpg	True	False	1	1148743	1779365672983.000	easy_marker_manifest_order_min_gap_5s	pass	True	True	True	43.578392	pass	1174	6	train	6	pass	True	True
zar	004-zar	lab_data/zar/004-zar_EEG_recon_2026-05-21_13h23.20.049_image_mapping.json	176	9	16	1059	zucchini	images_THINGS/object_images/zucchini/zucchini_02s.jpg	/media/psycontrol/HDD/Datasets/THINGS/images_THINGS/object_images/zucchini/zucchini_02s.jpg	True	True	2	1151649	1779365678795.000	easy_marker_manifest_order_min_gap_5s	pass	True	True	True	46.544724	pass	1175	58	train	6	pass	True	True
zar	004-zar	lab_data/zar/004-zar_EEG_recon_2026-05-21_13h23.20.049_image_mapping.json	177	9	17	1158	bulldozer	images_THINGS/object_images/bulldozer/bulldozer_06s.jpg	/media/psycontrol/HDD/Datasets/THINGS/images_THINGS/object_images/bulldozer/bulldozer_06s.jpg	True	False	1	1154621	1779365684740.000	easy_marker_manifest_order_min_gap_5s	pass	True	True	True	57.340183	pass	1176	157	train	6	pass	True	True
zar	004-zar	lab_data/zar/004-zar_EEG_recon_2026-05-21_13h23.20.049_image_mapping.json	178	9	18	1051	yacht	images_THINGS/object_images/yacht/yacht_05s.jpg	/media/psycontrol/HDD/Datasets/THINGS/images_THINGS/object_images/yacht/yacht_05s.jpg	True	True	2	1157725	1779365690948.000	easy_marker_manifest_order_min_gap_5s	pass	True	True	True	51.885288	pass	1177	50	train	6	pass	True	True
zar	004-zar	lab_data/zar/004-zar_EEG_recon_2026-05-21_13h23.20.049_image_mapping.json	179	9	19	1076	groundhog	images_THINGS/object_images/groundhog/groundhog_01b.jpg	/media/psycontrol/HDD/Datasets/THINGS/images_THINGS/object_images/groundhog/groundhog_01b.jpg	True	False	1	1160770	1779365697038.000	easy_marker_manifest_order_min_gap_5s	pass	True	True	True	306.476715	review	1178	75	train	6	review	True	False
zar	004-zar	lab_data/zar/004-zar_EEG_recon_2026-05-21_13h23.20.049_image_mapping.json	180	9	20	1122	webcam	images_THINGS/object_images/webcam/webcam_08s.jpg	/media/psycontrol/HDD/Datasets/THINGS/images_THINGS/object_images/webcam/webcam_08s.jpg	True	False	1	1163833	1779365703165.000	easy_marker_manifest_order_min_gap_5s	pass	True	True	True	100.605957	pass	1179	121	train	6	pass	True	True
zar	004-zar	lab_data/zar/004-zar_EEG_recon_2026-05-21_13h23.20.049_image_mapping.json	181	10	1	1052	wallpaper	images_THINGS/object_images/wallpaper/wallpaper_01b.jpg	/media/psycontrol/HDD/Datasets/THINGS/images_THINGS/object_images/wallpaper/wallpaper_01b.jpg	True	True	2	1178072	1779365731644.000	easy_marker_manifest_order_min_gap_5s	pass	True	True	True	217.065094	pass	1180	51	train	6	pass	True	True
zar	004-zar	lab_data/zar/004-zar_EEG_recon_2026-05-21_13h23.20.049_image_mapping.json	182	10	2	1142	piglet	images_THINGS/object_images/piglet/piglet_07s.jpg	/media/psycontrol/HDD/Datasets/THINGS/images_THINGS/object_images/piglet/piglet_07s.jpg	True	False	1	1181040	1779365737580.000	easy_marker_manifest_order_min_gap_5s	pass	True	True	True	354.633636	review	1181	141	train	6	review	True	False
zar	004-zar	lab_data/zar/004-zar_EEG_recon_2026-05-21_13h23.20.049_image_mapping.json	183	10	3	1064	fly	images_THINGS/object_images/fly/fly_17s.jpg	/media/psycontrol/HDD/Datasets/THINGS/images_THINGS/object_images/fly/fly_17s.jpg	True	False	1	1184068	1779365743637.000	easy_marker_manifest_order_min_gap_5s	pass	True	True	True	63.418655	pass	1182	63	train	6	pass	True	True
zar	004-zar	lab_data/zar/004-zar_EEG_recon_2026-05-21_13h23.20.049_image_mapping.json	184	10	4	1060	squirrel	images_THINGS/object_images/squirrel/squirrel_12n.jpg	/media/psycontrol/HDD/Datasets/THINGS/images_THINGS/object_images/squirrel/squirrel_12n.jpg	True	True	2	1187026	1779365749553.000	easy_marker_manifest_order_min_gap_5s	pass	True	True	True	57.652103	pass	1183	59	train	6	pass	True	True
zar	004-zar	lab_data/zar/004-zar_EEG_recon_2026-05-21_13h23.20.049_image_mapping.json	185	10	5	1048	sombrero	images_THINGS/object_images/sombrero/sombrero_11s.jpg	/media/psycontrol/HDD/Datasets/THINGS/images_THINGS/object_images/sombrero/sombrero_11s.jpg	True	False	1	1190099	1779365755699.000	easy_marker_manifest_order_min_gap_5s	pass	True	True	True	65.612411	pass	1184	47	train	6	pass	True	True
zar	004-zar	lab_data/zar/004-zar_EEG_recon_2026-05-21_13h23.20.049_image_mapping.json	186	10	6	1009	papaya	images_THINGS/object_images/papaya/papaya_08s.jpg	/media/psycontrol/HDD/Datasets/THINGS/images_THINGS/object_images/papaya/papaya_08s.jpg	True	False	1	1193102	1779365761706.000	easy_marker_manifest_order_min_gap_5s	pass	True	True	True	59.788418	pass	1185	8	train	6	pass	True	True
zar	004-zar	lab_data/zar/004-zar_EEG_recon_2026-05-21_13h23.20.049_image_mapping.json	187	10	7	1072	blackberry	images_THINGS/object_images/blackberry/blackberry_08s.jpg	/media/psycontrol/HDD/Datasets/THINGS/images_THINGS/object_images/blackberry/blackberry_08s.jpg	True	False	1	1196220	1779365767942.000	easy_marker_manifest_order_min_gap_5s	pass	True	True	True	63.384933	pass	1186	71	train	6	pass	True	True
zar	004-zar	lab_data/zar/004-zar_EEG_recon_2026-05-21_13h23.20.049_image_mapping.json	188	10	8	1089	unicycle	images_THINGS/object_images/unicycle/unicycle_08s.jpg	/media/psycontrol/HDD/Datasets/THINGS/images_THINGS/object_images/unicycle/unicycle_08s.jpg	True	False	1	1199217	1779365773936.000	easy_marker_manifest_order_min_gap_5s	pass	True	True	True	53.005749	pass	1187	88	train	6	pass	True	True
zar	004-zar	lab_data/zar/004-zar_EEG_recon_2026-05-21_13h23.20.049_image_mapping.json	189	10	9	1075	filing_cabinet	images_THINGS/object_images/filing_cabinet/filing_cabinet_10s.jpg	/media/psycontrol/HDD/Datasets/THINGS/images_THINGS/object_images/filing_cabinet/filing_cabinet_10s.jpg	True	False	1	1202109	1779365779720.000	easy_marker_manifest_order_min_gap_5s	pass	True	True	True	174.327667	pass	1188	74	train	6	pass	True	True
zar	004-zar	lab_data/zar/004-zar_EEG_recon_2026-05-21_13h23.20.049_image_mapping.json	190	10	10	1029	sheep	images_THINGS/object_images/sheep/sheep_06s.jpg	/media/psycontrol/HDD/Datasets/THINGS/images_THINGS/object_images/sheep/sheep_06s.jpg	True	False	1	1205043	1779365785589.000	easy_marker_manifest_order_min_gap_5s	pass	True	True	True	73.491348	pass	1189	28	train	6	pass	True	True
zar	004-zar	lab_data/zar/004-zar_EEG_recon_2026-05-21_13h23.20.049_image_mapping.json	191	10	11	1069	rollerblade	images_THINGS/object_images/rollerblade/rollerblade_05s.jpg	/media/psycontrol/HDD/Datasets/THINGS/images_THINGS/object_images/rollerblade/rollerblade_05s.jpg	True	False	1	1207935	1779365791373.000	easy_marker_manifest_order_min_gap_5s	pass	True	True	True	77.112953	pass	1190	68	train	6	pass	True	True
zar	004-zar	lab_data/zar/004-zar_EEG_recon_2026-05-21_13h23.20.049_image_mapping.json	192	10	12	1126	helicopter	images_THINGS/object_images/helicopter/helicopter_20s.jpg	/media/psycontrol/HDD/Datasets/THINGS/images_THINGS/object_images/helicopter/helicopter_20s.jpg	True	True	2	1210987	1779365797477.000	easy_marker_manifest_order_min_gap_5s	pass	True	True	True	48.008808	pass	1191	125	train	6	pass	True	True
zar	004-zar	lab_data/zar/004-zar_EEG_recon_2026-05-21_13h23.20.049_image_mapping.json	193	10	13	1019	videocassette	images_THINGS/object_images/videocassette/videocassette_07n.jpg	/media/psycontrol/HDD/Datasets/THINGS/images_THINGS/object_images/videocassette/videocassette_07n.jpg	True	False	1	1213876	1779365803256.000	easy_marker_manifest_order_min_gap_5s	pass	True	True	True	69.689919	pass	1192	18	val	6	pass	True	True
zar	004-zar	lab_data/zar/004-zar_EEG_recon_2026-05-21_13h23.20.049_image_mapping.json	194	10	14	1005	ottoman	images_THINGS/object_images/ottoman/ottoman_05s.jpg	/media/psycontrol/HDD/Datasets/THINGS/images_THINGS/object_images/ottoman/ottoman_05s.jpg	True	False	1	1216990	1779365809484.000	easy_marker_manifest_order_min_gap_5s	pass	True	True	True	50.580730	pass	1193	4	train	6	pass	True	True
zar	004-zar	lab_data/zar/004-zar_EEG_recon_2026-05-21_13h23.20.049_image_mapping.json	195	10	15	1116	praying_mantis	images_THINGS/object_images/praying_mantis/praying_mantis_08s.jpg	/media/psycontrol/HDD/Datasets/THINGS/images_THINGS/object_images/praying_mantis/praying_mantis_08s.jpg	True	False	1	1220098	1779365815700.000	easy_marker_manifest_order_min_gap_5s	pass	True	True	True	54.990963	pass	1194	115	train	6	pass	True	True
zar	004-zar	lab_data/zar/004-zar_EEG_recon_2026-05-21_13h23.20.049_image_mapping.json	196	10	16	1022	shoe	images_THINGS/object_images/shoe/shoe_01s.jpg	/media/psycontrol/HDD/Datasets/THINGS/images_THINGS/object_images/shoe/shoe_01s.jpg	True	False	1	1223122	1779365821749.000	easy_marker_manifest_order_min_gap_5s	pass	True	True	True	59.512394	pass	1195	21	train	6	pass	True	True
zar	004-zar	lab_data/zar/004-zar_EEG_recon_2026-05-21_13h23.20.049_image_mapping.json	197	10	17	1066	giraffe	images_THINGS/object_images/giraffe/giraffe_17s.jpg	/media/psycontrol/HDD/Datasets/THINGS/images_THINGS/object_images/giraffe/giraffe_17s.jpg	True	False	1	1226229	1779365827963.000	easy_marker_manifest_order_min_gap_5s	pass	True	True	True	59.591576	pass	1196	65	train	6	pass	True	True
zar	004-zar	lab_data/zar/004-zar_EEG_recon_2026-05-21_13h23.20.049_image_mapping.json	198	10	18	1004	dalmatian	images_THINGS/object_images/dalmatian/dalmatian_02s.jpg	/media/psycontrol/HDD/Datasets/THINGS/images_THINGS/object_images/dalmatian/dalmatian_02s.jpg	True	False	1	1229271	1779365834047.000	easy_marker_manifest_order_min_gap_5s	pass	True	True	True	68.333717	pass	1197	3	train	6	pass	True	True
zar	004-zar	lab_data/zar/004-zar_EEG_recon_2026-05-21_13h23.20.049_image_mapping.json	199	10	19	1157	barnacle	images_THINGS/object_images/barnacle/barnacle_11s.jpg	/media/psycontrol/HDD/Datasets/THINGS/images_THINGS/object_images/barnacle/barnacle_11s.jpg	True	True	2	1232160	1779365839825.000	easy_marker_manifest_order_min_gap_5s	pass	True	True	True	61.825840	pass	1198	156	val	6	pass	True	True
zar	004-zar	lab_data/zar/004-zar_EEG_recon_2026-05-21_13h23.20.049_image_mapping.json	200	10	20	1024	lab_coat	images_THINGS/object_images/lab_coat/lab_coat_08s.jpg	/media/psycontrol/HDD/Datasets/THINGS/images_THINGS/object_images/lab_coat/lab_coat_08s.jpg	True	False	1	1235243	1779365845992.000	easy_marker_manifest_order_min_gap_5s	pass	True	True	True	250.142166	review	1199	23	train	6	review	True	False
