subject_folder	channel	freq_hz	psd_uV2_per_Hz
P04	P8	1.000000	0.0946462973952
P04	P8	2.000000	0.0149930203333
P04	P8	3.000000	0.000458658847492
P04	P8	4.000000	0.00800961535424
P04	P8	5.000000	0.00238014408387
P04	P8	6.000000	0.00117649615277
P04	P8	7.000000	0.00336457043886
P04	P8	8.000000	0.000258799875155
P04	P8	9.000000	0.00119165773503
P04	P8	10.000000	0.00194252643269
P04	P8	11.000000	0.00131903181318
P04	P8	12.000000	0.00222740857862
P04	P8	13.000000	0.00157029670663
P04	P8	14.000000	0.000544076494407
P04	P8	15.000000	0.00116856873501
P04	P8	16.000000	0.000833804253489
P04	P8	17.000000	0.00058903824538
P04	P8	18.000000	0.00169332837686
P04	P8	19.000000	0.000752831459977
P04	P8	20.000000	0.000405591214076
P04	P8	21.000000	0.00115819519851
P04	P8	22.000000	0.00104587862734
P04	P8	23.000000	2.20663023356e-05
P04	P8	24.000000	5.13108061568e-05
P04	P8	25.000000	0.000300537154544
P04	P8	26.000000	0.000227321579587
P04	P8	27.000000	0.000386184110539
P04	P8	28.000000	0.000360194215318
P04	P8	29.000000	4.80375347252e-05
P04	P8	30.000000	0.000199603906367
P04	P8	31.000000	0.000292633107165
P04	P8	32.000000	5.97477173869e-06
P04	P8	33.000000	0.000124005149701
P04	P8	34.000000	5.31282530574e-05
P04	P8	35.000000	0.000191038008779
P04	P8	36.000000	9.42450278671e-05
P04	P8	37.000000	0.000338333862601
P04	P8	38.000000	0.000469735212391
P04	P8	39.000000	4.00737517339e-05
P04	P8	40.000000	8.07588003227e-05
P04	P8	41.000000	0.000130862434162
P04	P8	42.000000	0.000184261574759
P04	P8	43.000000	0.000293944845907
P04	P8	44.000000	0.000365893385606
P04	P8	45.000000	0.000590178417042
P04	P8	46.000000	0.000157121365191
P04	P8	47.000000	2.41321758949e-05
P04	P8	48.000000	9.00417508092e-05
P04	P8	49.000000	0.000203213145141
P04	P8	50.000000	0.00011324256775
P04	P8	51.000000	7.80439804657e-05
P04	P8	52.000000	0.00020363528165
P04	P8	53.000000	0.000102830133983
P04	P8	54.000000	3.2335279684e-05
P04	P8	55.000000	2.65624858002e-05
P04	P8	56.000000	9.80755430646e-05
P04	P8	57.000000	8.64877802087e-05
P04	P8	58.000000	1.34854017233e-05
P04	P8	59.000000	1.07301484604e-05
P04	P8	60.000000	2.47902789852e-05
P04	P8	61.000000	0.00017702873447
P04	P8	62.000000	0.000249461561907
P04	P8	63.000000	0.000152930908371
P04	P8	64.000000	5.39509665032e-06
P04	P8	65.000000	0.000154680921696
P04	P8	66.000000	3.29772119585e-05
P04	P8	67.000000	8.20923673928e-07
P04	P8	68.000000	2.08473211387e-05
P04	P8	69.000000	0.000162523399922
P04	P8	70.000000	6.35751712252e-05
P04	P8	71.000000	3.19903165291e-06
P04	P8	72.000000	1.18313910207e-05
P04	P8	73.000000	6.73295517117e-06
P04	P8	74.000000	9.85496740213e-07
P04	P8	75.000000	6.90141769155e-06
P04	P8	76.000000	4.45234545623e-05
P04	P8	77.000000	3.02706248476e-05
P04	P8	78.000000	9.82467645372e-06
P04	P8	79.000000	1.15789680422e-05
P04	P8	80.000000	6.95280732543e-06
P04	T8	1.000000	0.00438668625429
P04	T8	2.000000	0.00134344655089
P04	T8	3.000000	0.0056951479055
P04	T8	4.000000	0.00989456288517
P04	T8	5.000000	0.0106242941692
P04	T8	6.000000	0.00141864665784
P04	T8	7.000000	0.0003357398964
P04	T8	8.000000	0.000906514294911
P04	T8	9.000000	0.000417197414208
P04	T8	10.000000	0.00133504939731
P04	T8	11.000000	0.00097454932984
P04	T8	12.000000	0.0033881245181
P04	T8	13.000000	0.000381200370612
P04	T8	14.000000	0.00125891400967
P04	T8	15.000000	0.00130609516054
P04	T8	16.000000	0.00137892772909
P04	T8	17.000000	0.000683992577251
P04	T8	18.000000	0.00068878318416
P04	T8	19.000000	0.00035933277104
P04	T8	20.000000	0.000222420931095
P04	T8	21.000000	0.000758801703341
P04	T8	22.000000	7.80890914029e-05
P04	T8	23.000000	0.00068169797305
P04	T8	24.000000	0.0014340467751
P04	T8	25.000000	0.00266501493752
P04	T8	26.000000	0.00203579012305
P04	T8	27.000000	0.000919075449929
P04	T8	28.000000	0.000269131385721
P04	T8	29.000000	0.000175746172317
P04	T8	30.000000	0.000639795383904
P04	T8	31.000000	0.000525001669303
P04	T8	32.000000	0.000175700566615
P04	T8	33.000000	0.000424160185503
P04	T8	34.000000	0.000491377140861
P04	T8	35.000000	0.000181443945621
P04	T8	36.000000	0.000122745273984
P04	T8	37.000000	0.000399966345867
P04	T8	38.000000	1.31057831823e-05
P04	T8	39.000000	0.000182587406016
P04	T8	40.000000	0.000454261869891
P04	T8	41.000000	0.000147787141032
P04	T8	42.000000	0.000481582566863
P04	T8	43.000000	0.000370673806174
P04	T8	44.000000	3.24583852489e-05
P04	T8	45.000000	3.86251522286e-05
P04	T8	46.000000	0.000250289594987
P04	T8	47.000000	0.000168552942341
P04	T8	48.000000	5.92617980146e-05
P04	T8	49.000000	9.68593813013e-05
P04	T8	50.000000	0.000149255269207
P04	T8	51.000000	5.02243201481e-05
P04	T8	52.000000	4.34360263171e-05
P04	T8	53.000000	6.68098291499e-05
P04	T8	54.000000	0.000161518953973
P04	T8	55.000000	1.11913846013e-06
P04	T8	56.000000	0.000297403195873
P04	T8	57.000000	0.000188855279703
P04	T8	58.000000	6.07640577073e-05
P04	T8	59.000000	3.95591705455e-05
P04	T8	60.000000	0.000117961099022
P04	T8	61.000000	0.000223175462452
P04	T8	62.000000	0.00012696464546
P04	T8	63.000000	2.13619000533e-06
P04	T8	64.000000	0.000108081869257
P04	T8	65.000000	8.25316674309e-05
P04	T8	66.000000	3.18239690387e-05
P04	T8	67.000000	0.000186419376405
P04	T8	68.000000	0.000251806079177
P04	T8	69.000000	6.43587918603e-06
P04	T8	70.000000	0.000351679773303
P04	T8	71.000000	0.000429679465014
P04	T8	72.000000	0.000122564131743
P04	T8	73.000000	8.47017217893e-05
P04	T8	74.000000	3.46416823049e-06
P04	T8	75.000000	0.000122836849187
P04	T8	76.000000	0.00013910412963
P04	T8	77.000000	7.8445273175e-06
P04	T8	78.000000	2.33164901147e-05
P04	T8	79.000000	6.19633574388e-05
P04	T8	80.000000	3.34166143148e-05
P04	CP6	1.000000	0.0864811092615
P04	CP6	2.000000	0.0127780754119
P04	CP6	3.000000	0.000943127612118
P04	CP6	4.000000	0.00454791868106
P04	CP6	5.000000	0.000459980365122
P04	CP6	6.000000	0.00164044299163
P04	CP6	7.000000	0.00171366729774
P04	CP6	8.000000	0.00015550525859
P04	CP6	9.000000	0.000907387176994
P04	CP6	10.000000	0.00100238819141
P04	CP6	11.000000	0.000809506629594
P04	CP6	12.000000	0.00180446635932
P04	CP6	13.000000	0.000903462583665
P04	CP6	14.000000	0.000349401874701
P04	CP6	15.000000	0.000787850585766
P04	CP6	16.000000	0.000910053204279
P04	CP6	17.000000	0.00130523426924
P04	CP6	18.000000	0.00336488243192
P04	CP6	19.000000	0.00067644927185
P04	CP6	20.000000	0.000143435798236
P04	CP6	21.000000	0.00149009656161
P04	CP6	22.000000	0.00204051518813
P04	CP6	23.000000	0.000180357106728
P04	CP6	24.000000	2.61855766439e-05
P04	CP6	25.000000	0.000427722872701
P04	CP6	26.000000	0.000368882814655
P04	CP6	27.000000	0.000125011531054
P04	CP6	28.000000	0.000375407311367
P04	CP6	29.000000	0.000634045631159
P04	CP6	30.000000	0.000122573619592
P04	CP6	31.000000	5.37902924407e-05
P04	CP6	32.000000	6.25245011179e-05
P04	CP6	33.000000	4.56640300399e-05
P04	CP6	34.000000	0.000253612990491
P04	CP6	35.000000	0.000439233815996
P04	CP6	36.000000	4.96712127642e-05
P04	CP6	37.000000	0.000322842708556
P04	CP6	38.000000	0.000168116981513
P04	CP6	39.000000	2.44212569669e-05
P04	CP6	40.000000	0.000140789386933
P04	CP6	41.000000	0.000336101686116
P04	CP6	42.000000	0.000217175329453
P04	CP6	43.000000	0.000105939470814
P04	CP6	44.000000	5.91290081502e-05
P04	CP6	45.000000	0.000115317445307
P04	CP6	46.000000	0.000165307501447
P04	CP6	47.000000	0.000125603983179
P04	CP6	48.000000	0.000224711795454
P04	CP6	49.000000	7.80490154284e-05
P04	CP6	50.000000	2.10469424928e-05
P04	CP6	51.000000	7.45888974052e-05
P04	CP6	52.000000	5.57617386221e-05
P04	CP6	53.000000	2.94455403491e-05
P04	CP6	54.000000	0.000136499191285
P04	CP6	55.000000	5.47833806195e-05
P04	CP6	56.000000	0.000150723964907
P04	CP6	57.000000	6.43450403004e-05
P04	CP6	58.000000	7.36776273698e-05
P04	CP6	59.000000	1.22527480926e-05
P04	CP6	60.000000	0.000117337236588
P04	CP6	61.000000	0.00051278778119
P04	CP6	62.000000	0.000356809061486
P04	CP6	63.000000	0.000127233273815
P04	CP6	64.000000	0.000199503701879
P04	CP6	65.000000	0.000132392306114
P04	CP6	66.000000	0.000171280305949
P04	CP6	67.000000	0.000122095792904
P04	CP6	68.000000	6.74826587783e-05
P04	CP6	69.000000	0.000245309696766
P04	CP6	70.000000	8.35811515572e-05
P04	CP6	71.000000	2.00978556677e-05
P04	CP6	72.000000	1.60989366123e-05
P04	CP6	73.000000	3.19935388688e-05
P04	CP6	74.000000	5.39605898666e-05
P04	CP6	75.000000	9.09621303435e-06
P04	CP6	76.000000	2.85655842163e-05
P04	CP6	77.000000	5.662795229e-05
P04	CP6	78.000000	3.71037676814e-05
P04	CP6	79.000000	2.55003869825e-05
P04	CP6	80.000000	0.000101885787444
P04	FC6	1.000000	0.222475767136
P04	FC6	2.000000	0.0348789915442
P04	FC6	3.000000	0.00578137300909
P04	FC6	4.000000	0.00321109173819
P04	FC6	5.000000	0.00909519474953
P04	FC6	6.000000	0.00742831639946
P04	FC6	7.000000	0.00372827542014
P04	FC6	8.000000	1.62781216204e-05
P04	FC6	9.000000	0.00104570994154
P04	FC6	10.000000	0.00144269736484
P04	FC6	11.000000	0.000705495709553
P04	FC6	12.000000	0.00285377027467
P04	FC6	13.000000	0.000279898231383
P04	FC6	14.000000	0.00192692573182
P04	FC6	15.000000	0.000577749975491
P04	FC6	16.000000	0.00137208588421
P04	FC6	17.000000	0.00224032695405
P04	FC6	18.000000	0.00220721960068
P04	FC6	19.000000	0.00363494944759
P04	FC6	20.000000	0.0022657760419
P04	FC6	21.000000	0.00207401299849
P04	FC6	22.000000	0.000614016433246
P04	FC6	23.000000	0.000462246738607
P04	FC6	24.000000	0.00152368459385
P04	FC6	25.000000	0.00110982556362
P04	FC6	26.000000	0.000561743276194
P04	FC6	27.000000	0.000305325171212
P04	FC6	28.000000	0.000333301577484
P04	FC6	29.000000	0.000362320104614
P04	FC6	30.000000	3.66988097085e-05
P04	FC6	31.000000	0.000273318582913
P04	FC6	32.000000	0.0001939478243
P04	FC6	33.000000	0.000407066429034
P04	FC6	34.000000	0.000412210501963
P04	FC6	35.000000	0.000374098279281
P04	FC6	36.000000	0.00071767042391
P04	FC6	37.000000	0.000437482172856
P04	FC6	38.000000	0.000251474557444
P04	FC6	39.000000	0.000207554112421
P04	FC6	40.000000	0.000628609443083
P04	FC6	41.000000	0.000861559063196
P04	FC6	42.000000	0.00040019172593
P04	FC6	43.000000	1.79157796083e-05
P04	FC6	44.000000	7.79713009251e-05
P04	FC6	45.000000	0.000121365010273
P04	FC6	46.000000	0.000266737217316
P04	FC6	47.000000	0.000126206257846
P04	FC6	48.000000	6.46463263365e-07
P04	FC6	49.000000	6.09447888564e-05
P04	FC6	50.000000	0.000128406580188
P04	FC6	51.000000	7.62249692343e-05
P04	FC6	52.000000	8.28225965961e-05
P04	FC6	53.000000	0.000166982164956
P04	FC6	54.000000	0.000131469510961
P04	FC6	55.000000	1.7885451598e-05
P04	FC6	56.000000	2.97204642266e-05
P04	FC6	57.000000	0.000185310622328
P04	FC6	58.000000	0.000168842147104
P04	FC6	59.000000	2.34714243561e-05
P04	FC6	60.000000	1.81512841664e-05
P04	FC6	61.000000	6.55668554828e-05
P04	FC6	62.000000	8.66594273248e-05
P04	FC6	63.000000	0.000179690629011
P04	FC6	64.000000	0.00021484537865
P04	FC6	65.000000	0.00010407857917
P04	FC6	66.000000	2.27876498684e-05
P04	FC6	67.000000	1.6257597963e-05
P04	FC6	68.000000	2.14251235775e-06
P04	FC6	69.000000	9.52461414272e-06
P04	FC6	70.000000	1.51706708493e-05
P04	FC6	71.000000	9.85710867099e-05
P04	FC6	72.000000	0.000141601951327
P04	FC6	73.000000	5.40444561921e-05
P04	FC6	74.000000	1.13210317068e-05
P04	FC6	75.000000	9.50997127802e-05
P04	FC6	76.000000	3.53043105861e-05
P04	FC6	77.000000	1.69925588125e-05
P04	FC6	78.000000	1.59353076015e-05
P04	FC6	79.000000	7.10788881406e-05
P04	FC6	80.000000	3.66760068573e-05
P04	F8	1.000000	0.444952428341
P04	F8	2.000000	0.0706406980753
P04	F8	3.000000	0.00351656507701
P04	F8	4.000000	0.00542590254918
P04	F8	5.000000	0.0250177178532
P04	F8	6.000000	0.0192823726684
P04	F8	7.000000	0.00885411538184
P04	F8	8.000000	0.000382949860068
P04	F8	9.000000	0.00377978780307
P04	F8	10.000000	0.000789283891208
P04	F8	11.000000	0.000540423381608
P04	F8	12.000000	0.00171750108711
P04	F8	13.000000	0.00134680967312
P04	F8	14.000000	0.00617246190086
P04	F8	15.000000	0.00503181526437
P04	F8	16.000000	0.00277822325006
P04	F8	17.000000	0.00458797067404
P04	F8	18.000000	0.00263688224368
P04	F8	19.000000	0.00617058621719
P04	F8	20.000000	0.00165836082306
P04	F8	21.000000	0.00209581223316
P04	F8	22.000000	0.000119252821605
P04	F8	23.000000	0.000293560588034
P04	F8	24.000000	0.00190339877736
P04	F8	25.000000	0.00123653654009
P04	F8	26.000000	0.000299324077787
P04	F8	27.000000	0.000299572595395
P04	F8	28.000000	0.000552719342522
P04	F8	29.000000	7.50253384467e-05
P04	F8	30.000000	0.000905244378373
P04	F8	31.000000	0.000684186990838
P04	F8	32.000000	0.000294289027806
P04	F8	33.000000	0.000679351564031
P04	F8	34.000000	0.0011951434426
P04	F8	35.000000	0.000659183773678
P04	F8	36.000000	0.000114547030535
P04	F8	37.000000	7.34573677619e-06
P04	F8	38.000000	0.000128122032038
P04	F8	39.000000	0.000513074395712
P04	F8	40.000000	0.000858924060594
P04	F8	41.000000	0.000216731496039
P04	F8	42.000000	0.000469258899102
P04	F8	43.000000	0.000473447289551
P04	F8	44.000000	5.88542461628e-05
P04	F8	45.000000	1.61725574799e-06
P04	F8	46.000000	2.56343864748e-05
P04	F8	47.000000	0.000380610843422
P04	F8	48.000000	0.000415846559918
P04	F8	49.000000	0.000532991136424
P04	F8	50.000000	3.62117280019e-05
P04	F8	51.000000	3.52839269908e-05
P04	F8	52.000000	8.01109999884e-05
P04	F8	53.000000	0.000219594672672
P04	F8	54.000000	0.000155311034177
P04	F8	55.000000	5.85693560424e-05
P04	F8	56.000000	0.000112711095426
P04	F8	57.000000	2.00072299776e-05
P04	F8	58.000000	1.02083158708e-05
P04	F8	59.000000	9.89440377452e-05
P04	F8	60.000000	0.000188567311852
P04	F8	61.000000	0.000266339746304
P04	F8	62.000000	0.00023348868126
P04	F8	63.000000	6.57875425532e-05
P04	F8	64.000000	0.000125789447338
P04	F8	65.000000	7.50174149289e-05
P04	F8	66.000000	4.57565547549e-05
P04	F8	67.000000	0.000130406828248
P04	F8	68.000000	0.000121997160022
P04	F8	69.000000	4.32804954471e-05
P04	F8	70.000000	1.02237763713e-05
P04	F8	71.000000	0.000145214464283
P04	F8	72.000000	0.000401123019401
P04	F8	73.000000	0.000502204638906
P04	F8	74.000000	0.000517751905136
P04	F8	75.000000	0.000264980597422
P04	F8	76.000000	3.8458587369e-05
P04	F8	77.000000	1.42603967106e-05
P04	F8	78.000000	0.000114395843411
P04	F8	79.000000	0.00022246511071
P04	F8	80.000000	0.000151221815031
P04	F4	1.000000	0.525620162487
P04	F4	2.000000	0.0518311038613
P04	F4	3.000000	0.0115725044161
P04	F4	4.000000	0.00138612673618
P04	F4	5.000000	0.0137681551278
P04	F4	6.000000	0.00726211629808
P04	F4	7.000000	0.00248056417331
P04	F4	8.000000	0.00569170340896
P04	F4	9.000000	0.00550400139764
P04	F4	10.000000	0.00400947686285
P04	F4	11.000000	0.0011623922037
P04	F4	12.000000	0.00102114898618
P04	F4	13.000000	0.000610669259913
P04	F4	14.000000	0.00361398421228
P04	F4	15.000000	0.00338319991715
P04	F4	16.000000	0.000340666505508
P04	F4	17.000000	0.000486303673824
P04	F4	18.000000	0.00235141441226
P04	F4	19.000000	0.00600950559601
P04	F4	20.000000	0.00144380214624
P04	F4	21.000000	0.000171062260051
P04	F4	22.000000	0.00152324920055
P04	F4	23.000000	0.00291336537339
P04	F4	24.000000	0.00368992146105
P04	F4	25.000000	0.00352815515362
P04	F4	26.000000	0.00755067449063
P04	F4	27.000000	0.00305577088147
P04	F4	28.000000	0.000633966992609
P04	F4	29.000000	0.00100339588244
P04	F4	30.000000	0.000678503653035
P04	F4	31.000000	0.000200766226044
P04	F4	32.000000	0.000520103785675
P04	F4	33.000000	0.000329998438247
P04	F4	34.000000	0.000114482558274
P04	F4	35.000000	4.32677770732e-05
P04	F4	36.000000	0.00188838725444
P04	F4	37.000000	0.00213176081888
P04	F4	38.000000	0.000428273808211
P04	F4	39.000000	0.000228500910453
P04	F4	40.000000	0.000328248075675
P04	F4	41.000000	0.000945162551943
P04	F4	42.000000	0.000237564003328
P04	F4	43.000000	8.59403371578e-06
P04	F4	44.000000	0.00028213483165
P04	F4	45.000000	0.00111987267155
P04	F4	46.000000	0.000508722674567
P04	F4	47.000000	0.000167733902344
P04	F4	48.000000	0.000270104937954
P04	F4	49.000000	0.000167247460922
P04	F4	50.000000	7.51136831241e-05
P04	F4	51.000000	0.000336005323334
P04	F4	52.000000	6.64089930069e-06
P04	F4	53.000000	0.000408531923313
P04	F4	54.000000	0.000131719512865
P04	F4	55.000000	0.000304026616504
P04	F4	56.000000	0.000183612195542
P04	F4	57.000000	2.6996998713e-05
P04	F4	58.000000	0.000465756107587
P04	F4	59.000000	0.000476866349345
P04	F4	60.000000	0.000432276894571
P04	F4	61.000000	0.000232828926528
P04	F4	62.000000	1.78645714186e-05
P04	F4	63.000000	3.00919055007e-05
P04	F4	64.000000	0.00011023505067
P04	F4	65.000000	0.000208459809073
P04	F4	66.000000	8.23846312414e-06
P04	F4	67.000000	2.32605452766e-05
P04	F4	68.000000	1.55541511049e-05
P04	F4	69.000000	0.000133491950692
P04	F4	70.000000	3.20083054248e-05
P04	F4	71.000000	0.000192377294297
P04	F4	72.000000	0.000244658469455
P04	F4	73.000000	7.2715600254e-05
P04	F4	74.000000	0.000103033235064
P04	F4	75.000000	0.000191553015611
P04	F4	76.000000	2.86608556053e-05
P04	F4	77.000000	1.86229972314e-05
P04	F4	78.000000	0.000144049437949
P04	F4	79.000000	0.000339635531418
P04	F4	80.000000	0.000229745492106
P04	C4	1.000000	0.0754104405642
P04	C4	2.000000	0.0128479655832
P04	C4	3.000000	0.000815887353383
P04	C4	4.000000	0.00608237180859
P04	C4	5.000000	0.00120097456966
P04	C4	6.000000	0.000864483707119
P04	C4	7.000000	0.00126717437524
P04	C4	8.000000	0.00019126269035
P04	C4	9.000000	0.0011095800437
P04	C4	10.000000	0.0015256680781
P04	C4	11.000000	0.00144974375144
P04	C4	12.000000	0.0023816449102
P04	C4	13.000000	0.00162514171097
P04	C4	14.000000	0.000921501079574
P04	C4	15.000000	0.00118968659081
P04	C4	16.000000	0.0013209444005
P04	C4	17.000000	0.000270980293863
P04	C4	18.000000	0.00240210350603
P04	C4	19.000000	0.000901465653442
P04	C4	20.000000	0.000203804433113
P04	C4	21.000000	0.00133265834302
P04	C4	22.000000	0.00240815570578
P04	C4	23.000000	0.000204340656637
P04	C4	24.000000	0.000395560404286
P04	C4	25.000000	0.00179727678187
P04	C4	26.000000	0.00156529480591
P04	C4	27.000000	0.00044703957974
P04	C4	28.000000	0.00034169346327
P04	C4	29.000000	0.00026838935446
P04	C4	30.000000	8.39170752442e-05
P04	C4	31.000000	0.000204530864721
P04	C4	32.000000	0.00016291992506
P04	C4	33.000000	2.7937003324e-05
P04	C4	34.000000	1.09781694846e-05
P04	C4	35.000000	0.000154136447236
P04	C4	36.000000	2.78972966044e-05
P04	C4	37.000000	3.73528637283e-05
P04	C4	38.000000	0.000101911711681
P04	C4	39.000000	8.90602386789e-05
P04	C4	40.000000	1.77368365257e-05
P04	C4	41.000000	3.6681558413e-05
P04	C4	42.000000	1.57249382937e-06
P04	C4	43.000000	1.34789718231e-06
P04	C4	44.000000	0.00014949029719
P04	C4	45.000000	0.000272938224953
P04	C4	46.000000	0.000327480724081
P04	C4	47.000000	6.8142406235e-05
P04	C4	48.000000	0.000134544301545
P04	C4	49.000000	0.000256824161625
P04	C4	50.000000	0.000183442345588
P04	C4	51.000000	0.000208786819712
P04	C4	52.000000	8.04660303402e-05
P04	C4	53.000000	7.29274179321e-05
P04	C4	54.000000	0.000108019885374
P04	C4	55.000000	2.87066814053e-05
P04	C4	56.000000	0.000108551415906
P04	C4	57.000000	5.58134015591e-05
P04	C4	58.000000	4.49066756119e-05
P04	C4	59.000000	2.41076941165e-05
P04	C4	60.000000	8.96528854355e-06
P04	C4	61.000000	4.93986844958e-05
P04	C4	62.000000	0.000206765602343
P04	C4	63.000000	0.000157619753736
P04	C4	64.000000	3.39703838108e-05
P04	C4	65.000000	7.05252823536e-05
P04	C4	66.000000	1.22703640955e-05
P04	C4	67.000000	5.25260329596e-05
P04	C4	68.000000	4.93737970828e-05
P04	C4	69.000000	9.76192313829e-06
P04	C4	70.000000	5.19340119354e-06
P04	C4	71.000000	1.30559210447e-05
P04	C4	72.000000	3.62876962754e-05
P04	C4	73.000000	5.54828257009e-05
P04	C4	74.000000	5.04589334014e-05
P04	C4	75.000000	1.8999526219e-05
P04	C4	76.000000	1.8982696929e-05
P04	C4	77.000000	7.80137997936e-06
P04	C4	78.000000	1.13178584797e-05
P04	C4	79.000000	2.11664178096e-06
P04	C4	80.000000	0.000100800258224
P04	P4	1.000000	0.41993200779
P04	P4	2.000000	0.0480543933809
P04	P4	3.000000	0.00361403194256
P04	P4	4.000000	0.00179969123565
P04	P4	5.000000	0.00285501615144
P04	P4	6.000000	0.00249055959284
P04	P4	7.000000	1.92972402147e-05
P04	P4	8.000000	0.00531719438732
P04	P4	9.000000	0.0102578755468
P04	P4	10.000000	0.00458452198654
P04	P4	11.000000	0.000119109441584
P04	P4	12.000000	0.0001482876105
P04	P4	13.000000	0.000304238463286
P04	P4	14.000000	0.000573841389269
P04	P4	15.000000	0.000155761721544
P04	P4	16.000000	0.000378610333428
P04	P4	17.000000	0.000180367889698
P04	P4	18.000000	0.000552683835849
P04	P4	19.000000	0.00114002125338
P04	P4	20.000000	0.00190056406427
P04	P4	21.000000	0.0041822665371
P04	P4	22.000000	0.00205641821958
P04	P4	23.000000	0.000353037525201
P04	P4	24.000000	0.0009945750935
P04	P4	25.000000	0.000406563049182
P04	P4	26.000000	0.000295786914648
P04	P4	27.000000	0.000151163389091
P04	P4	28.000000	0.000792290840764
P04	P4	29.000000	0.000371202215319
P04	P4	30.000000	1.94057574845e-05
P04	P4	31.000000	0.000239048269577
P04	P4	32.000000	0.000718267459888
P04	P4	33.000000	0.000939442950767
P04	P4	34.000000	0.00106804771349
P04	P4	35.000000	0.000822039321065
P04	P4	36.000000	0.000639996898826
P04	P4	37.000000	0.000276682432741
P04	P4	38.000000	4.21508848376e-05
P04	P4	39.000000	3.30179354933e-05
P04	P4	40.000000	7.83157447586e-05
P04	P4	41.000000	0.000109551852802
P04	P4	42.000000	0.00072731776163
P04	P4	43.000000	0.000566942384467
P04	P4	44.000000	0.000217941284063
P04	P4	45.000000	0.000265819922788
P04	P4	46.000000	6.87949068379e-05
P04	P4	47.000000	8.62795641297e-05
P04	P4	48.000000	0.000140693795402
P04	P4	49.000000	2.75221973425e-05
P04	P4	50.000000	9.37705954129e-06
P04	P4	51.000000	3.3790103771e-05
P04	P4	52.000000	6.49351131869e-05
P04	P4	53.000000	0.000243217582465
P04	P4	54.000000	0.000208959972952
P04	P4	55.000000	0.000102862410131
P04	P4	56.000000	2.36046362261e-05
P04	P4	57.000000	3.26466142724e-05
P04	P4	58.000000	1.96246564883e-05
P04	P4	59.000000	3.76460011466e-05
P04	P4	60.000000	3.79792036256e-05
P04	P4	61.000000	6.17237747065e-05
P04	P4	62.000000	5.68315863347e-06
P04	P4	63.000000	1.37541637741e-05
P04	P4	64.000000	4.69255646749e-05
P04	P4	65.000000	1.62537580763e-05
P04	P4	66.000000	6.31244765827e-05
P04	P4	67.000000	0.000117052128189
P04	P4	68.000000	0.000105372651888
P04	P4	69.000000	7.12024557288e-05
P04	P4	70.000000	4.12150802731e-05
P04	P4	71.000000	5.14971470693e-05
P04	P4	72.000000	5.22916388945e-06
P04	P4	73.000000	2.63007714238e-05
P04	P4	74.000000	2.77256162917e-07
P04	P4	75.000000	1.24791458802e-05
P04	P4	76.000000	8.6755007942e-06
P04	P4	77.000000	2.77089420706e-05
P04	P4	78.000000	1.5050914044e-05
P04	P4	79.000000	8.79520011949e-05
P04	P4	80.000000	8.28606334835e-06
P04	AF4	1.000000	0.938567280769
P04	AF4	2.000000	0.122667059302
P04	AF4	3.000000	0.00509059522301
P04	AF4	4.000000	0.00397621048614
P04	AF4	5.000000	0.00913131982088
P04	AF4	6.000000	0.0173748359084
P04	AF4	7.000000	0.00834167841822
P04	AF4	8.000000	0.00772055704147
P04	AF4	9.000000	0.0039911926724
P04	AF4	10.000000	0.00130496674683
P04	AF4	11.000000	0.00363564817235
P04	AF4	12.000000	0.000174209548277
P04	AF4	13.000000	0.000788553501479
P04	AF4	14.000000	0.000943742576055
P04	AF4	15.000000	0.00265220343135
P04	AF4	16.000000	0.000641330494545
P04	AF4	17.000000	4.92106701131e-05
P04	AF4	18.000000	0.0027510561049
P04	AF4	19.000000	0.00459160236642
P04	AF4	20.000000	0.00173964619171
P04	AF4	21.000000	0.00411500455812
P04	AF4	22.000000	0.00274677062407
P04	AF4	23.000000	0.00923625659198
P04	AF4	24.000000	0.00222154613584
P04	AF4	25.000000	0.0034944517538
P04	AF4	26.000000	0.00324957841076
P04	AF4	27.000000	0.00101368059404
P04	AF4	28.000000	0.000447969388915
P04	AF4	29.000000	0.000770387123339
P04	AF4	30.000000	0.000366279942682
P04	AF4	31.000000	0.000183361742529
P04	AF4	32.000000	0.00104363891296
P04	AF4	33.000000	0.000124247715576
P04	AF4	34.000000	0.000505270727444
P04	AF4	35.000000	0.0014132198412
P04	AF4	36.000000	0.000425377889769
P04	AF4	37.000000	0.000626004068181
P04	AF4	38.000000	0.000218164568651
P04	AF4	39.000000	0.000827375566587
P04	AF4	40.000000	0.000685362028889
P04	AF4	41.000000	0.000505509902723
P04	AF4	42.000000	0.000790275866166
P04	AF4	43.000000	0.000540345849004
P04	AF4	44.000000	0.000351317605237
P04	AF4	45.000000	0.000563518551644
P04	AF4	46.000000	0.000678909593262
P04	AF4	47.000000	0.000381595164072
P04	AF4	48.000000	3.95293027395e-05
P04	AF4	49.000000	0.000556293991394
P04	AF4	50.000000	0.00113742449321
P04	AF4	51.000000	0.00104896654375
P04	AF4	52.000000	0.000263373920461
P04	AF4	53.000000	0.0010333803948
P04	AF4	54.000000	0.000583282671869
P04	AF4	55.000000	0.00157783413306
P04	AF4	56.000000	2.56474286289e-05
P04	AF4	57.000000	0.000476971676107
P04	AF4	58.000000	0.000146916165249
P04	AF4	59.000000	0.000261307985056
P04	AF4	60.000000	2.20372367039e-05
P04	AF4	61.000000	4.43779790658e-05
P04	AF4	62.000000	0.000137303111842
P04	AF4	63.000000	0.000232606500504
P04	AF4	64.000000	0.000244644441409
P04	AF4	65.000000	0.000598007172812
P04	AF4	66.000000	0.000217475258978
P04	AF4	67.000000	6.684550317e-05
P04	AF4	68.000000	5.45681177755e-05
P04	AF4	69.000000	0.000168152721017
P04	AF4	70.000000	8.90055816853e-05
P04	AF4	71.000000	0.000242679539951
P04	AF4	72.000000	0.000271674158284
P04	AF4	73.000000	0.000262557994574
P04	AF4	74.000000	0.000355196360033
P04	AF4	75.000000	0.000168181373738
P04	AF4	76.000000	0.000193791711354
P04	AF4	77.000000	0.000342572893715
P04	AF4	78.000000	0.000217337918002
P04	AF4	79.000000	9.82536439551e-05
P04	AF4	80.000000	0.000199307629373
P04	Fp2	1.000000	1.07091915607
P04	Fp2	2.000000	0.180616423488
P04	Fp2	3.000000	0.00519971502945
P04	Fp2	4.000000	0.022236386314
P04	Fp2	5.000000	0.00208797701634
P04	Fp2	6.000000	0.010966476053
P04	Fp2	7.000000	2.02453938982e-05
P04	Fp2	8.000000	0.0142015749589
P04	Fp2	9.000000	0.00435666879639
P04	Fp2	10.000000	0.00902036111802
P04	Fp2	11.000000	0.0036384370178
P04	Fp2	12.000000	0.00197605951689
P04	Fp2	13.000000	0.0105748353526
P04	Fp2	14.000000	0.0120857739821
P04	Fp2	15.000000	0.00430406164378
P04	Fp2	16.000000	0.00732723204419
P04	Fp2	17.000000	0.00431247474626
P04	Fp2	18.000000	0.000654386822134
P04	Fp2	19.000000	0.000579597661272
P04	Fp2	20.000000	0.00371431163512
P04	Fp2	21.000000	0.00205815886147
P04	Fp2	22.000000	0.0282467808574
P04	Fp2	23.000000	0.0546534284949
P04	Fp2	24.000000	0.0160155445337
P04	Fp2	25.000000	0.00257409689948
P04	Fp2	26.000000	0.00321360933594
P04	Fp2	27.000000	0.00172019831371
P04	Fp2	28.000000	0.00259529822506
P04	Fp2	29.000000	0.000745532859582
P04	Fp2	30.000000	0.00252514029853
P04	Fp2	31.000000	0.0019915883895
P04	Fp2	32.000000	0.00342210824601
P04	Fp2	33.000000	0.00101913965773
P04	Fp2	34.000000	0.00033964245813
P04	Fp2	35.000000	0.000247517571552
P04	Fp2	36.000000	0.00232558068819
P04	Fp2	37.000000	0.00326731521636
P04	Fp2	38.000000	0.00330863613635
P04	Fp2	39.000000	0.00320574641228
P04	Fp2	40.000000	0.00166834588163
P04	Fp2	41.000000	0.00110391131602
P04	Fp2	42.000000	0.00261773401871
P04	Fp2	43.000000	0.00377049297094
P04	Fp2	44.000000	0.00218277145177
P04	Fp2	45.000000	0.000900746264961
P04	Fp2	46.000000	0.00112124334555
P04	Fp2	47.000000	0.00128791236784
P04	Fp2	48.000000	0.00159794522915
P04	Fp2	49.000000	0.00172497867607
P04	Fp2	50.000000	0.00214935443364
P04	Fp2	51.000000	0.000715852191206
P04	Fp2	52.000000	2.24311716011e-05
P04	Fp2	53.000000	0.000786955060903
P04	Fp2	54.000000	0.00234153401107
P04	Fp2	55.000000	0.000593025586568
P04	Fp2	56.000000	4.27212908107e-05
P04	Fp2	57.000000	6.68002212478e-06
P04	Fp2	58.000000	0.000156114285346
P04	Fp2	59.000000	1.3225296243e-05
P04	Fp2	60.000000	2.34338895098e-05
P04	Fp2	61.000000	0.000283819565084
P04	Fp2	62.000000	0.000712575856596
P04	Fp2	63.000000	0.000502389506437
P04	Fp2	64.000000	0.000656604068354
P04	Fp2	65.000000	0.000973991758656
P04	Fp2	66.000000	0.00230399798602
P04	Fp2	67.000000	0.00209640571848
P04	Fp2	68.000000	0.00086004572222
P04	Fp2	69.000000	0.000831269193441
P04	Fp2	70.000000	0.000259713910054
P04	Fp2	71.000000	0.000275031110505
P04	Fp2	72.000000	0.000554622325581
P04	Fp2	73.000000	0.000779416004661
P04	Fp2	74.000000	0.000507049553562
P04	Fp2	75.000000	0.000233123602811
P04	Fp2	76.000000	0.000360758102033
P04	Fp2	77.000000	0.00190985004883
P04	Fp2	78.000000	0.00145096937194
P04	Fp2	79.000000	9.08951988094e-05
P04	Fp2	80.000000	5.4494725191e-05
P04	Fp1	1.000000	0.848453640938
P04	Fp1	2.000000	0.131221085787
P04	Fp1	3.000000	0.00958436820656
P04	Fp1	4.000000	0.0278523750603
P04	Fp1	5.000000	0.00517561286688
P04	Fp1	6.000000	0.00855134613812
P04	Fp1	7.000000	0.00195077550597
P04	Fp1	8.000000	0.00912795867771
P04	Fp1	9.000000	0.0171027965844
P04	Fp1	10.000000	0.0116273267195
P04	Fp1	11.000000	0.00439556548372
P04	Fp1	12.000000	0.00312004890293
P04	Fp1	13.000000	0.00135442707688
P04	Fp1	14.000000	0.00502434931695
P04	Fp1	15.000000	0.00476550962776
P04	Fp1	16.000000	0.000177419322426
P04	Fp1	17.000000	8.1567086454e-05
P04	Fp1	18.000000	0.00223179883324
P04	Fp1	19.000000	0.0057306624949
P04	Fp1	20.000000	0.00823122356087
P04	Fp1	21.000000	0.00935829710215
P04	Fp1	22.000000	0.00353438593447
P04	Fp1	23.000000	0.00766242435202
P04	Fp1	24.000000	0.00183046341408
P04	Fp1	25.000000	0.00255740666762
P04	Fp1	26.000000	0.00176864210516
P04	Fp1	27.000000	0.000224412753596
P04	Fp1	28.000000	0.000169826904312
P04	Fp1	29.000000	0.00033519155113
P04	Fp1	30.000000	0.000137800700031
P04	Fp1	31.000000	0.0015680383658
P04	Fp1	32.000000	0.0022203233093
P04	Fp1	33.000000	0.00130095845088
P04	Fp1	34.000000	0.00175834749825
P04	Fp1	35.000000	0.000548185023945
P04	Fp1	36.000000	0.0018266151892
P04	Fp1	37.000000	0.00107654638123
P04	Fp1	38.000000	0.000289296003757
P04	Fp1	39.000000	0.000675397575833
P04	Fp1	40.000000	0.00107591820415
P04	Fp1	41.000000	0.00013782971655
P04	Fp1	42.000000	0.000932648428716
P04	Fp1	43.000000	0.00211090361699
P04	Fp1	44.000000	0.000756400695536
P04	Fp1	45.000000	0.000342133862432
P04	Fp1	46.000000	0.000607799447607
P04	Fp1	47.000000	0.000665196450427
P04	Fp1	48.000000	0.000439129275037
P04	Fp1	49.000000	0.00102613505442
P04	Fp1	50.000000	0.000589361297898
P04	Fp1	51.000000	0.000186332137673
P04	Fp1	52.000000	0.000157544011017
P04	Fp1	53.000000	0.000296096608508
P04	Fp1	54.000000	0.000333490170306
P04	Fp1	55.000000	0.000650313915685
P04	Fp1	56.000000	1.53333112394e-05
P04	Fp1	57.000000	6.44645206194e-06
P04	Fp1	58.000000	5.61339402338e-06
P04	Fp1	59.000000	0.000211755919736
P04	Fp1	60.000000	0.000315935176332
P04	Fp1	61.000000	0.000174967659405
P04	Fp1	62.000000	3.80400015274e-05
P04	Fp1	63.000000	1.71016308741e-05
P04	Fp1	64.000000	9.85433362075e-05
P04	Fp1	65.000000	0.000226302741794
P04	Fp1	66.000000	0.000117075796879
P04	Fp1	67.000000	0.000375315808924
P04	Fp1	68.000000	0.000764595286455
P04	Fp1	69.000000	0.0001086560369
P04	Fp1	70.000000	0.000187811543583
P04	Fp1	71.000000	9.3909457064e-06
P04	Fp1	72.000000	2.59238731815e-06
P04	Fp1	73.000000	0.000521179870702
P04	Fp1	74.000000	0.000507611082867
P04	Fp1	75.000000	0.000537150946911
P04	Fp1	76.000000	2.28456337936e-05
P04	Fp1	77.000000	0.000752471329179
P04	Fp1	78.000000	0.00146601116285
P04	Fp1	79.000000	0.00217683450319
P04	Fp1	80.000000	0.00183705624659
P04	AF3	1.000000	0.771206498146
P04	AF3	2.000000	0.110730446875
P04	AF3	3.000000	0.0145312082022
P04	AF3	4.000000	0.0241771712899
P04	AF3	5.000000	0.0073461602442
P04	AF3	6.000000	0.00544945895672
P04	AF3	7.000000	0.00202114391141
P04	AF3	8.000000	0.00327977305278
P04	AF3	9.000000	0.00678341835737
P04	AF3	10.000000	0.00829930789769
P04	AF3	11.000000	0.00579708814621
P04	AF3	12.000000	0.00192746543325
P04	AF3	13.000000	0.000203841424081
P04	AF3	14.000000	0.00362821645103
P04	AF3	15.000000	0.00124758016318
P04	AF3	16.000000	0.000664517225232
P04	AF3	17.000000	0.000241933157668
P04	AF3	18.000000	0.00492567475885
P04	AF3	19.000000	0.00943319872022
P04	AF3	20.000000	0.00814832374454
P04	AF3	21.000000	0.00881875678897
P04	AF3	22.000000	0.00423293514177
P04	AF3	23.000000	0.00456066057086
P04	AF3	24.000000	0.00131594075356
P04	AF3	25.000000	0.00207881187089
P04	AF3	26.000000	0.00220889993943
P04	AF3	27.000000	0.00035040450166
P04	AF3	28.000000	0.00125496624969
P04	AF3	29.000000	0.000956419331487
P04	AF3	30.000000	0.000118403600936
P04	AF3	31.000000	0.000765868287999
P04	AF3	32.000000	0.000594715646002
P04	AF3	33.000000	0.00120011158288
P04	AF3	34.000000	0.000312915595714
P04	AF3	35.000000	3.37482124451e-05
P04	AF3	36.000000	7.38601302146e-05
P04	AF3	37.000000	3.66671315533e-06
P04	AF3	38.000000	0.00229762122035
P04	AF3	39.000000	0.0023361411877
P04	AF3	40.000000	0.000490736798383
P04	AF3	41.000000	0.000626321474556
P04	AF3	42.000000	0.000181889816304
P04	AF3	43.000000	0.00185671972577
P04	AF3	44.000000	0.00161625701003
P04	AF3	45.000000	0.000649316236377
P04	AF3	46.000000	0.000315437529935
P04	AF3	47.000000	0.000342923274729
P04	AF3	48.000000	0.00226272479631
P04	AF3	49.000000	0.000873649783898
P04	AF3	50.000000	0.000155985238962
P04	AF3	51.000000	0.000182190109626
P04	AF3	52.000000	0.000597452744842
P04	AF3	53.000000	0.000365069892723
P04	AF3	54.000000	0.0010947532719
P04	AF3	55.000000	0.00120135885663
P04	AF3	56.000000	0.000140556367114
P04	AF3	57.000000	6.85712802806e-05
P04	AF3	58.000000	0.000783409690484
P04	AF3	59.000000	0.00149630731903
P04	AF3	60.000000	0.000420075695729
P04	AF3	61.000000	3.36070957019e-06
P04	AF3	62.000000	5.63517678529e-05
P04	AF3	63.000000	0.000547331757843
P04	AF3	64.000000	0.000415853661252
P04	AF3	65.000000	3.43872343365e-05
P04	AF3	66.000000	5.49469186808e-05
P04	AF3	67.000000	8.33617377793e-05
P04	AF3	68.000000	0.000145499405335
P04	AF3	69.000000	0.000120272350614
P04	AF3	70.000000	0.000175999448402
P04	AF3	71.000000	0.000832082587294
P04	AF3	72.000000	0.00100438040681
P04	AF3	73.000000	9.21494793147e-05
P04	AF3	74.000000	0.0005350051797
P04	AF3	75.000000	0.000976960756816
P04	AF3	76.000000	0.000582038483117
P04	AF3	77.000000	0.000852722616401
P04	AF3	78.000000	0.000466685392894
P04	AF3	79.000000	8.74281759025e-05
P04	AF3	80.000000	0.000357408134732
P04	FC2	1.000000	0.167959839106
P04	FC2	2.000000	0.0306146796793
P04	FC2	3.000000	0.00319597753696
P04	FC2	4.000000	0.000833888305351
P04	FC2	5.000000	0.01291333884
P04	FC2	6.000000	0.00207038223743
P04	FC2	7.000000	0.000696553615853
P04	FC2	8.000000	0.00230265012942
P04	FC2	9.000000	0.000364794337656
P04	FC2	10.000000	0.0020220822189
P04	FC2	11.000000	0.000637002463918
P04	FC2	12.000000	0.000397062802222
P04	FC2	13.000000	0.00094277318567
P04	FC2	14.000000	0.00155221135356
P04	FC2	15.000000	0.00108350173105
P04	FC2	16.000000	0.00069012347376
P04	FC2	17.000000	0.000355131342076
P04	FC2	18.000000	0.000277600600384
P04	FC2	19.000000	0.000195068321773
P04	FC2	20.000000	0.000770284852479
P04	FC2	21.000000	9.23826155486e-05
P04	FC2	22.000000	0.000698061136063
P04	FC2	23.000000	0.000661051366478
P04	FC2	24.000000	0.00101264205296
P04	FC2	25.000000	0.00109392602462
P04	FC2	26.000000	0.00376838259399
P04	FC2	27.000000	0.000906494678929
P04	FC2	28.000000	0.000403947400628
P04	FC2	29.000000	0.000341157166986
P04	FC2	30.000000	0.000304439832689
P04	FC2	31.000000	0.000927473884076
P04	FC2	32.000000	5.67256538488e-05
P04	FC2	33.000000	0.000472490326501
P04	FC2	34.000000	0.000261212728219
P04	FC2	35.000000	0.000236181353102
P04	FC2	36.000000	0.000349358742824
P04	FC2	37.000000	0.000319105369272
P04	FC2	38.000000	0.000290396012133
P04	FC2	39.000000	0.00019741608412
P04	FC2	40.000000	8.16152751213e-05
P04	FC2	41.000000	0.000322841719026
P04	FC2	42.000000	0.000238742082729
P04	FC2	43.000000	1.89354414033e-05
P04	FC2	44.000000	0.000395590992412
P04	FC2	45.000000	0.000594984041527
P04	FC2	46.000000	0.000373425020371
P04	FC2	47.000000	0.000296618789434
P04	FC2	48.000000	0.000265479990048
P04	FC2	49.000000	0.000200068650884
P04	FC2	50.000000	0.000538140418939
P04	FC2	51.000000	0.00100165151525
P04	FC2	52.000000	0.000493948056828
P04	FC2	53.000000	0.000220415618969
P04	FC2	54.000000	0.000128050378407
P04	FC2	55.000000	0.000241563495365
P04	FC2	56.000000	1.70328312379e-05
P04	FC2	57.000000	0.000277170212939
P04	FC2	58.000000	0.00013194255007
P04	FC2	59.000000	2.02051323868e-05
P04	FC2	60.000000	0.000110937195132
P04	FC2	61.000000	0.000195089087356
P04	FC2	62.000000	0.000286655442324
P04	FC2	63.000000	0.000188880600035
P04	FC2	64.000000	8.14522863948e-05
P04	FC2	65.000000	0.00011507418094
P04	FC2	66.000000	0.000194462380023
P04	FC2	67.000000	7.17632792657e-05
P04	FC2	68.000000	4.76064269606e-05
P04	FC2	69.000000	0.000203414718271
P04	FC2	70.000000	4.20194010076e-05
P04	FC2	71.000000	4.44307224825e-05
P04	FC2	72.000000	5.39515349374e-05
P04	FC2	73.000000	5.96729041717e-05
P04	FC2	74.000000	5.66407725273e-05
P04	FC2	75.000000	0.000238031003391
P04	FC2	76.000000	0.000265494047198
P04	FC2	77.000000	0.000142999953823
P04	FC2	78.000000	5.64455476706e-05
P04	FC2	79.000000	0.00011964298028
P04	FC2	80.000000	0.000111404850031
P04	Cz	1.000000	0.0125244297087
P04	Cz	2.000000	0.000951759517193
P04	Cz	3.000000	0.00106722151395
P04	Cz	4.000000	0.00166239333339
P04	Cz	5.000000	0.00545305479318
P04	Cz	6.000000	0.00487015815452
P04	Cz	7.000000	0.00286309910007
P04	Cz	8.000000	0.00135370867793
P04	Cz	9.000000	0.000914494739845
P04	Cz	10.000000	0.000123560792417
P04	Cz	11.000000	0.00142098474316
P04	Cz	12.000000	0.00041379922186
P04	Cz	13.000000	0.000457631453173
P04	Cz	14.000000	0.000165198463947
P04	Cz	15.000000	7.14866473572e-05
P04	Cz	16.000000	9.46805957938e-05
P04	Cz	17.000000	4.83745716338e-05
P04	Cz	18.000000	0.000213113482459
P04	Cz	19.000000	3.00821575365e-05
P04	Cz	20.000000	0.000637518009171
P04	Cz	21.000000	0.00142274668906
P04	Cz	22.000000	0.000241929737967
P04	Cz	23.000000	0.000666476786137
P04	Cz	24.000000	9.09754526219e-05
P04	Cz	25.000000	2.19684898184e-05
P04	Cz	26.000000	1.04444734461e-05
P04	Cz	27.000000	3.23733474943e-05
P04	Cz	28.000000	0.000247183983447
P04	Cz	29.000000	0.0003467288916
P04	Cz	30.000000	0.000103037396912
P04	Cz	31.000000	2.98590566672e-05
P04	Cz	32.000000	6.07226465945e-05
P04	Cz	33.000000	0.000424685917096
P04	Cz	34.000000	0.000731061794795
P04	Cz	35.000000	0.000256820581853
P04	Cz	36.000000	0.000108990010631
P04	Cz	37.000000	0.000266132905381
P04	Cz	38.000000	0.000114001508337
P04	Cz	39.000000	0.000221008842345
P04	Cz	40.000000	0.000329079543008
P04	Cz	41.000000	7.58804890211e-05
P04	Cz	42.000000	9.56915828283e-05
P04	Cz	43.000000	0.000127415158204
P04	Cz	44.000000	2.20806014113e-05
P04	Cz	45.000000	0.00012964392954
P04	Cz	46.000000	0.000276823877357
P04	Cz	47.000000	4.65756347694e-05
P04	Cz	48.000000	4.47089914815e-05
P04	Cz	49.000000	8.43027810333e-05
P04	Cz	50.000000	0.000111858855234
P04	Cz	51.000000	0.000263116206042
P04	Cz	52.000000	0.000310409261147
P04	Cz	53.000000	0.000175432331162
P04	Cz	54.000000	5.77487408009e-05
P04	Cz	55.000000	1.94628773897e-05
P04	Cz	56.000000	2.16191547224e-05
P04	Cz	57.000000	4.0940951294e-05
P04	Cz	58.000000	7.65966397012e-05
P04	Cz	59.000000	4.64494114567e-05
P04	Cz	60.000000	6.36548747934e-06
P04	Cz	61.000000	5.96039899392e-05
P04	Cz	62.000000	4.05588616559e-05
P04	Cz	63.000000	0.000117217314255
P04	Cz	64.000000	6.74484472256e-05
P04	Cz	65.000000	1.42624621731e-05
P04	Cz	66.000000	5.47365452803e-05
P04	Cz	67.000000	3.71710411855e-05
P04	Cz	68.000000	1.47086757352e-05
P04	Cz	69.000000	9.62258945947e-06
P04	Cz	70.000000	2.5763612939e-05
P04	Cz	71.000000	0.000179944312549
P04	Cz	72.000000	0.000314532546327
P04	Cz	73.000000	7.55880901124e-05
P04	Cz	74.000000	3.49408073816e-05
P04	Cz	75.000000	6.06529138167e-05
P04	Cz	76.000000	2.27530963457e-05
P04	Cz	77.000000	1.46683223647e-05
P04	Cz	78.000000	6.12480562268e-06
P04	Cz	79.000000	1.52905267896e-05
P04	Cz	80.000000	1.94723124878e-05
P04	CP2	1.000000	0.286348164082
P04	CP2	2.000000	0.0365291647613
P04	CP2	3.000000	0.00365718011744
P04	CP2	4.000000	0.000309746828862
P04	CP2	5.000000	0.00230286736041
P04	CP2	6.000000	0.00266486103646
P04	CP2	7.000000	0.000415511982283
P04	CP2	8.000000	0.00185543368571
P04	CP2	9.000000	0.00505589926615
P04	CP2	10.000000	0.00308277038857
P04	CP2	11.000000	0.00120866496582
P04	CP2	12.000000	0.00101726327557
P04	CP2	13.000000	4.55378212791e-05
P04	CP2	14.000000	0.000692992238328
P04	CP2	15.000000	0.000332140392857
P04	CP2	16.000000	0.000400612974772
P04	CP2	17.000000	0.000175559442141
P04	CP2	18.000000	0.000711478060111
P04	CP2	19.000000	0.000700844684616
P04	CP2	20.000000	0.000702981604263
P04	CP2	21.000000	0.00348542560823
P04	CP2	22.000000	0.00282271276228
P04	CP2	23.000000	0.00169141660444
P04	CP2	24.000000	6.54693940305e-05
P04	CP2	25.000000	5.85502712056e-05
P04	CP2	26.000000	0.000177177556907
P04	CP2	27.000000	0.00108381232712
P04	CP2	28.000000	0.000549764721654
P04	CP2	29.000000	0.000406554056099
P04	CP2	30.000000	0.000318276986945
P04	CP2	31.000000	0.000211911727092
P04	CP2	32.000000	4.15960494138e-05
P04	CP2	33.000000	0.000230876961723
P04	CP2	34.000000	0.000149106912431
P04	CP2	35.000000	0.000145350975799
P04	CP2	36.000000	0.000230178484344
P04	CP2	37.000000	0.000118644122267
P04	CP2	38.000000	4.80299750052e-05
P04	CP2	39.000000	0.000108296459075
P04	CP2	40.000000	0.000387344276533
P04	CP2	41.000000	6.80061930325e-05
P04	CP2	42.000000	0.000189362923265
P04	CP2	43.000000	0.000307413458358
P04	CP2	44.000000	0.00023609524942
P04	CP2	45.000000	0.000241642686888
P04	CP2	46.000000	0.000137590352097
P04	CP2	47.000000	2.00331633096e-05
P04	CP2	48.000000	1.42797562148e-05
P04	CP2	49.000000	9.26419816096e-05
P04	CP2	50.000000	0.000363344734069
P04	CP2	51.000000	0.000490626960527
P04	CP2	52.000000	0.000153682325617
P04	CP2	53.000000	6.11385185039e-05
P04	CP2	54.000000	0.000168265207321
P04	CP2	55.000000	2.68326948571e-05
P04	CP2	56.000000	1.2688951756e-05
P04	CP2	57.000000	8.65194670041e-06
P04	CP2	58.000000	0.000127683219034
P04	CP2	59.000000	0.000176595713128
P04	CP2	60.000000	0.000137923154398
P04	CP2	61.000000	0.000177955516847
P04	CP2	62.000000	7.59681279305e-05
P04	CP2	63.000000	0.000272949459031
P04	CP2	64.000000	0.000436619913671
P04	CP2	65.000000	9.74287904683e-05
P04	CP2	66.000000	1.69283939613e-05
P04	CP2	67.000000	2.22958606173e-05
P04	CP2	68.000000	4.09271415265e-05
P04	CP2	69.000000	1.95857955987e-05
P04	CP2	70.000000	0.000146775724716
P04	CP2	71.000000	7.32703992981e-05
P04	CP2	72.000000	0.000145397585584
P04	CP2	73.000000	0.000106409475848
P04	CP2	74.000000	1.94029034901e-05
P04	CP2	75.000000	2.14469346247e-05
P04	CP2	76.000000	8.09917182778e-05
P04	CP2	77.000000	6.51009395369e-05
P04	CP2	78.000000	4.00339813496e-05
P04	CP2	79.000000	5.46012743143e-05
P04	CP2	80.000000	4.94161440656e-06
P04	PO3	1.000000	0.382202714682
P04	PO3	2.000000	0.0368110761046
P04	PO3	3.000000	0.00357600022107
P04	PO3	4.000000	0.000676045601722
P04	PO3	5.000000	0.00276429066435
P04	PO3	6.000000	0.00595189537853
P04	PO3	7.000000	0.00205571367405
P04	PO3	8.000000	0.000296027923469
P04	PO3	9.000000	0.00283668586053
P04	PO3	10.000000	0.00271362112835
P04	PO3	11.000000	0.000460144452518
P04	PO3	12.000000	0.000428612052929
P04	PO3	13.000000	0.000211562088225
P04	PO3	14.000000	0.000771855178755
P04	PO3	15.000000	0.000320994382491
P04	PO3	16.000000	0.00102245248854
P04	PO3	17.000000	0.000527925789356
P04	PO3	18.000000	0.00126402243041
P04	PO3	19.000000	0.00214190129191
P04	PO3	20.000000	0.00142123561818
P04	PO3	21.000000	0.00192115525715
P04	PO3	22.000000	0.0018067646306
P04	PO3	23.000000	0.000616100616753
P04	PO3	24.000000	0.000647985783871
P04	PO3	25.000000	0.0010003009811
P04	PO3	26.000000	0.000403029553127
P04	PO3	27.000000	0.000205638221814
P04	PO3	28.000000	0.000135205787956
P04	PO3	29.000000	0.00026660162257
P04	PO3	30.000000	0.000121388518892
P04	PO3	31.000000	0.000435681053204
P04	PO3	32.000000	0.0010525098769
P04	PO3	33.000000	0.000732662039809
P04	PO3	34.000000	0.000395814568037
P04	PO3	35.000000	0.000217079927097
P04	PO3	36.000000	0.000212181068491
P04	PO3	37.000000	7.56603694754e-05
P04	PO3	38.000000	0.000374295283109
P04	PO3	39.000000	0.000171434570802
P04	PO3	40.000000	1.17637182484e-05
P04	PO3	41.000000	9.49346722336e-05
P04	PO3	42.000000	0.000248181808274
P04	PO3	43.000000	0.000381688063499
P04	PO3	44.000000	0.000355405180017
P04	PO3	45.000000	0.000234261940932
P04	PO3	46.000000	5.26738731423e-05
P04	PO3	47.000000	8.31150900922e-05
P04	PO3	48.000000	3.68848413927e-05
P04	PO3	49.000000	4.12745321228e-05
P04	PO3	50.000000	4.83901276311e-05
P04	PO3	51.000000	0.000212008773815
P04	PO3	52.000000	0.000141734417411
P04	PO3	53.000000	8.83996472112e-05
P04	PO3	54.000000	7.09299565642e-05
P04	PO3	55.000000	8.07186297607e-05
P04	PO3	56.000000	4.06290964747e-05
P04	PO3	57.000000	3.91933599531e-06
P04	PO3	58.000000	1.95991083274e-06
P04	PO3	59.000000	7.08629813744e-05
P04	PO3	60.000000	0.000435604684753
P04	PO3	61.000000	0.000546259339899
P04	PO3	62.000000	0.000152759399498
P04	PO3	63.000000	5.66593598705e-06
P04	PO3	64.000000	0.000254028098425
P04	PO3	65.000000	0.000332447700202
P04	PO3	66.000000	0.000108234926302
P04	PO3	67.000000	1.08232870843e-05
P04	PO3	68.000000	5.58483679924e-06
P04	PO3	69.000000	3.12687416226e-06
P04	PO3	70.000000	9.45362990024e-05
P04	PO3	71.000000	0.000135235313792
P04	PO3	72.000000	9.40233367146e-05
P04	PO3	73.000000	4.30773216067e-05
P04	PO3	74.000000	2.03350755328e-05
P04	PO3	75.000000	2.68363983196e-05
P04	PO3	76.000000	9.16044155019e-05
P04	PO3	77.000000	8.07470205473e-05
P04	PO3	78.000000	0.000176979709067
P04	PO3	79.000000	0.000104807986645
P04	PO3	80.000000	4.71375933557e-05
P04	O1	1.000000	0.411828666925
P04	O1	2.000000	0.0538879036903
P04	O1	3.000000	0.00399562856182
P04	O1	4.000000	0.000330703536747
P04	O1	5.000000	0.00240542017855
P04	O1	6.000000	0.00518006458879
P04	O1	7.000000	0.00138056383003
P04	O1	8.000000	0.000185096825589
P04	O1	9.000000	0.00288172275759
P04	O1	10.000000	0.00217733508907
P04	O1	11.000000	0.000771430379245
P04	O1	12.000000	0.00126549648121
P04	O1	13.000000	7.15135247447e-05
P04	O1	14.000000	0.00168915302493
P04	O1	15.000000	0.00201276037842
P04	O1	16.000000	7.19632662367e-05
P04	O1	17.000000	0.00074959860649
P04	O1	18.000000	0.00155965192243
P04	O1	19.000000	0.0010342032183
P04	O1	20.000000	0.00157002895139
P04	O1	21.000000	0.00483243633062
P04	O1	22.000000	0.00346417771652
P04	O1	23.000000	0.000263657566393
P04	O1	24.000000	0.00102179287933
P04	O1	25.000000	0.00106006942224
P04	O1	26.000000	0.00059649371542
P04	O1	27.000000	9.72561101662e-05
P04	O1	28.000000	4.49426370324e-05
P04	O1	29.000000	5.66142662137e-05
P04	O1	30.000000	6.58380522509e-05
P04	O1	31.000000	0.00010245120211
P04	O1	32.000000	0.000566011643969
P04	O1	33.000000	0.00114152382594
P04	O1	34.000000	0.00135545490775
P04	O1	35.000000	0.000826222531032
P04	O1	36.000000	0.000208707409911
P04	O1	37.000000	5.31380464963e-05
P04	O1	38.000000	0.000376484473236
P04	O1	39.000000	7.6929347415e-05
P04	O1	40.000000	2.55557188211e-05
P04	O1	41.000000	3.22408995999e-05
P04	O1	42.000000	5.45670482097e-05
P04	O1	43.000000	0.000214626430534
P04	O1	44.000000	5.03647934238e-05
P04	O1	45.000000	5.11266080139e-05
P04	O1	46.000000	0.000160413779668
P04	O1	47.000000	0.000265016191406
P04	O1	48.000000	4.15587892348e-05
P04	O1	49.000000	4.23708625021e-05
P04	O1	50.000000	0.000139423558721
P04	O1	51.000000	0.000140483185533
P04	O1	52.000000	0.000116575618449
P04	O1	53.000000	0.000324876367813
P04	O1	54.000000	0.00032302911859
P04	O1	55.000000	0.000157086673426
P04	O1	56.000000	6.5442014602e-05
P04	O1	57.000000	0.000178829111974
P04	O1	58.000000	0.000162700453075
P04	O1	59.000000	9.6348740044e-05
P04	O1	60.000000	1.2242629964e-05
P04	O1	61.000000	0.000106324194348
P04	O1	62.000000	8.25185197755e-05
P04	O1	63.000000	1.05584285848e-06
P04	O1	64.000000	0.000104579303297
P04	O1	65.000000	0.000232752645388
P04	O1	66.000000	0.000182115007192
P04	O1	67.000000	1.80901861313e-05
P04	O1	68.000000	1.0756318261e-05
P04	O1	69.000000	1.78278714884e-05
P04	O1	70.000000	1.61598163686e-05
P04	O1	71.000000	2.60677788901e-05
P04	O1	72.000000	4.03802005167e-05
P04	O1	73.000000	0.000103110876807
P04	O1	74.000000	7.27807928342e-05
P04	O1	75.000000	7.65186632634e-05
P04	O1	76.000000	3.33820062224e-05
P04	O1	77.000000	0.000366898864741
P04	O1	78.000000	0.000239417218836
P04	O1	79.000000	3.18280144711e-05
P04	O1	80.000000	1.16853198051e-05
P04	Oz	1.000000	0.390837281942
P04	Oz	2.000000	0.0480095036328
P04	Oz	3.000000	0.00322386925109
P04	Oz	4.000000	0.00197946256958
P04	Oz	5.000000	0.00405400572345
P04	Oz	6.000000	0.00342667428777
P04	Oz	7.000000	0.000575523998123
P04	Oz	8.000000	0.0014957585372
P04	Oz	9.000000	0.00659513520077
P04	Oz	10.000000	0.00699840299785
P04	Oz	11.000000	0.000819976616185
P04	Oz	12.000000	0.00108999828808
P04	Oz	13.000000	2.63439033006e-05
P04	Oz	14.000000	0.00062059238553
P04	Oz	15.000000	0.000227105105296
P04	Oz	16.000000	0.000514652696438
P04	Oz	17.000000	0.000437638314907
P04	Oz	18.000000	0.000480828079162
P04	Oz	19.000000	0.00128027889878
P04	Oz	20.000000	0.00105217972305
P04	Oz	21.000000	0.00262237922288
P04	Oz	22.000000	0.00403276691213
P04	Oz	23.000000	0.0010792062385
P04	Oz	24.000000	0.000477558496641
P04	Oz	25.000000	0.000743887911085
P04	Oz	26.000000	0.000597841222771
P04	Oz	27.000000	2.71526314464e-05
P04	Oz	28.000000	0.000313214433845
P04	Oz	29.000000	4.63506194137e-06
P04	Oz	30.000000	0.000226104908506
P04	Oz	31.000000	0.000310971809085
P04	Oz	32.000000	0.000320848601405
P04	Oz	33.000000	0.000175442037289
P04	Oz	34.000000	0.000207757751923
P04	Oz	35.000000	0.000211732636672
P04	Oz	36.000000	0.00010438731988
P04	Oz	37.000000	0.000145746424096
P04	Oz	38.000000	4.47717648058e-05
P04	Oz	39.000000	0.000246263720328
P04	Oz	40.000000	0.000252651108894
P04	Oz	41.000000	0.000128929546918
P04	Oz	42.000000	0.000410616106819
P04	Oz	43.000000	0.000364514678949
P04	Oz	44.000000	0.000384582643164
P04	Oz	45.000000	0.000331027113134
P04	Oz	46.000000	0.000107394975203
P04	Oz	47.000000	0.000336383789545
P04	Oz	48.000000	0.000197652392671
P04	Oz	49.000000	4.11114560848e-05
P04	Oz	50.000000	6.7038286943e-05
P04	Oz	51.000000	0.000491261307616
P04	Oz	52.000000	0.000545085640624
P04	Oz	53.000000	0.000163606469869
P04	Oz	54.000000	6.73608737998e-05
P04	Oz	55.000000	0.000160851093824
P04	Oz	56.000000	8.15618841443e-05
P04	Oz	57.000000	2.3110949769e-05
P04	Oz	58.000000	4.14613823523e-05
P04	Oz	59.000000	5.95104065724e-05
P04	Oz	60.000000	8.91769377631e-05
P04	Oz	61.000000	5.5772910855e-05
P04	Oz	62.000000	5.52201308892e-05
P04	Oz	63.000000	0.000146521168062
P04	Oz	64.000000	7.98759792815e-05
P04	Oz	65.000000	0.000121682845929
P04	Oz	66.000000	4.09757303714e-05
P04	Oz	67.000000	0.000139617855893
P04	Oz	68.000000	0.000120140008221
P04	Oz	69.000000	4.58260183223e-05
P04	Oz	70.000000	4.80345843243e-05
P04	Oz	71.000000	7.65769364079e-05
P04	Oz	72.000000	2.02717874345e-05
P04	Oz	73.000000	1.04570290205e-06
P04	Oz	74.000000	2.90849220619e-05
P04	Oz	75.000000	3.72316717403e-05
P04	Oz	76.000000	0.00010162658873
P04	Oz	77.000000	4.16227230744e-05
P04	Oz	78.000000	0.00011387909035
P04	Oz	79.000000	0.000140467935125
P04	Oz	80.000000	8.8686530944e-05
P04	O2	1.000000	0.404736489058
P04	O2	2.000000	0.0487716495991
P04	O2	3.000000	0.00459862221032
P04	O2	4.000000	0.00207004835829
P04	O2	5.000000	0.00426099821925
P04	O2	6.000000	0.00526580866426
P04	O2	7.000000	0.00326969404705
P04	O2	8.000000	0.000902468571439
P04	O2	9.000000	0.00642862403765
P04	O2	10.000000	0.00581166800112
P04	O2	11.000000	0.00295207928866
P04	O2	12.000000	0.00278533482924
P04	O2	13.000000	0.00041863086517
P04	O2	14.000000	5.36041989108e-05
P04	O2	15.000000	0.000103879836388
P04	O2	16.000000	0.000348066474544
P04	O2	17.000000	0.000512837024871
P04	O2	18.000000	0.00203698547557
P04	O2	19.000000	0.00174882647116
P04	O2	20.000000	0.00177387485746
P04	O2	21.000000	0.00438490603119
P04	O2	22.000000	0.00555398873985
P04	O2	23.000000	0.00171968515497
P04	O2	24.000000	0.000153180371854
P04	O2	25.000000	0.0010924130911
P04	O2	26.000000	0.001578430878
P04	O2	27.000000	6.47525157547e-05
P04	O2	28.000000	0.000232847160078
P04	O2	29.000000	0.000133188630571
P04	O2	30.000000	0.00029789149994
P04	O2	31.000000	0.000526477931999
P04	O2	32.000000	0.000323500717059
P04	O2	33.000000	0.000280840642517
P04	O2	34.000000	0.000697750016116
P04	O2	35.000000	0.00087816035375
P04	O2	36.000000	0.000267297698883
P04	O2	37.000000	0.000115786417155
P04	O2	38.000000	0.00011816463666
P04	O2	39.000000	3.68594592146e-05
P04	O2	40.000000	8.79023500602e-05
P04	O2	41.000000	7.88568358985e-05
P04	O2	42.000000	0.000182533360203
P04	O2	43.000000	0.000170983170392
P04	O2	44.000000	0.000336261000484
P04	O2	45.000000	0.000212328552152
P04	O2	46.000000	4.04672136938e-05
P04	O2	47.000000	0.000109615059046
P04	O2	48.000000	3.40995575243e-05
P04	O2	49.000000	0.000215606705751
P04	O2	50.000000	0.000444264878752
P04	O2	51.000000	0.000246125331614
P04	O2	52.000000	4.61052950413e-05
P04	O2	53.000000	7.15750647942e-05
P04	O2	54.000000	0.000115470189485
P04	O2	55.000000	0.000100432094769
P04	O2	56.000000	0.000195243526832
P04	O2	57.000000	2.68185685854e-05
P04	O2	58.000000	3.19020546158e-05
P04	O2	59.000000	0.000158243696205
P04	O2	60.000000	0.000289674964733
P04	O2	61.000000	0.000312165240757
P04	O2	62.000000	0.000168454600498
P04	O2	63.000000	1.11462236418e-06
P04	O2	64.000000	8.08085533208e-05
P04	O2	65.000000	4.07763873227e-05
P04	O2	66.000000	0.000123643840197
P04	O2	67.000000	4.13739726355e-05
P04	O2	68.000000	1.42436319948e-05
P04	O2	69.000000	6.13354131929e-06
P04	O2	70.000000	2.3985914595e-05
P04	O2	71.000000	0.00011992421787
P04	O2	72.000000	0.000148635925143
P04	O2	73.000000	0.00012922140013
P04	O2	74.000000	3.62562823284e-05
P04	O2	75.000000	2.50790853897e-05
P04	O2	76.000000	5.87598769926e-05
P04	O2	77.000000	2.24999621423e-06
P04	O2	78.000000	2.14228257391e-05
P04	O2	79.000000	7.79929032433e-05
P04	O2	80.000000	0.000189270955161
P04	PO4	1.000000	0.404310762882
P04	PO4	2.000000	0.0459452979267
P04	PO4	3.000000	0.00539151020348
P04	PO4	4.000000	0.000353253271896
P04	PO4	5.000000	0.00342482072301
P04	PO4	6.000000	0.0031125638634
P04	PO4	7.000000	0.000745648168959
P04	PO4	8.000000	0.00112462125253
P04	PO4	9.000000	0.00734519492835
P04	PO4	10.000000	0.00627293996513
P04	PO4	11.000000	0.000220837449888
P04	PO4	12.000000	0.000101558849565
P04	PO4	13.000000	0.000318589591188
P04	PO4	14.000000	0.00174827582669
P04	PO4	15.000000	0.000311684852932
P04	PO4	16.000000	0.000118128366012
P04	PO4	17.000000	0.000128797604702
P04	PO4	18.000000	0.000149382438394
P04	PO4	19.000000	0.000544688664377
P04	PO4	20.000000	0.000900473387446
P04	PO4	21.000000	0.00440168287605
P04	PO4	22.000000	0.00555504951626
P04	PO4	23.000000	0.000321139144944
P04	PO4	24.000000	0.000657168857288
P04	PO4	25.000000	0.00083349616034
P04	PO4	26.000000	0.000534351740498
P04	PO4	27.000000	0.000479377718875
P04	PO4	28.000000	0.000797468994278
P04	PO4	29.000000	0.000301851192489
P04	PO4	30.000000	0.000302853470203
P04	PO4	31.000000	0.000122034216474
P04	PO4	32.000000	0.000285055604763
P04	PO4	33.000000	0.000717846502084
P04	PO4	34.000000	0.00108465342782
P04	PO4	35.000000	0.000752201478463
P04	PO4	36.000000	0.000494613195769
P04	PO4	37.000000	0.00014731704141
P04	PO4	38.000000	2.40971603489e-05
P04	PO4	39.000000	5.52694473299e-05
P04	PO4	40.000000	9.98138602881e-06
P04	PO4	41.000000	1.78074769792e-05
P04	PO4	42.000000	1.74309407157e-05
P04	PO4	43.000000	0.000102349738881
P04	PO4	44.000000	1.87798632396e-05
P04	PO4	45.000000	0.000145085636177
P04	PO4	46.000000	6.41225851723e-05
P04	PO4	47.000000	3.62842874893e-05
P04	PO4	48.000000	3.8561061956e-05
P04	PO4	49.000000	7.76726810727e-05
P04	PO4	50.000000	0.000166575118783
P04	PO4	51.000000	0.000140398231451
P04	PO4	52.000000	0.000267232942861
P04	PO4	53.000000	4.28317725891e-05
P04	PO4	54.000000	5.75733174628e-05
P04	PO4	55.000000	3.06364527205e-05
P04	PO4	56.000000	3.22912364936e-06
P04	PO4	57.000000	7.71587147028e-05
P04	PO4	58.000000	0.000133599445689
P04	PO4	59.000000	0.000194115680642
P04	PO4	60.000000	0.000305039080558
P04	PO4	61.000000	0.000356494711014
P04	PO4	62.000000	7.69300677348e-05
P04	PO4	63.000000	1.24199514175e-05
P04	PO4	64.000000	5.52951087229e-06
P04	PO4	65.000000	1.45832100316e-05
P04	PO4	66.000000	4.17633491452e-05
P04	PO4	67.000000	3.98131887778e-05
P04	PO4	68.000000	3.12440397465e-06
P04	PO4	69.000000	8.63944296725e-06
P04	PO4	70.000000	4.42574491899e-05
P04	PO4	71.000000	7.61729024816e-05
P04	PO4	72.000000	9.89546242636e-05
P04	PO4	73.000000	0.000272035278613
P04	PO4	74.000000	0.000228921751841
P04	PO4	75.000000	9.73278147285e-05
P04	PO4	76.000000	5.02266311742e-06
P04	PO4	77.000000	7.80687769293e-05
P04	PO4	78.000000	3.83315709769e-05
P04	PO4	79.000000	1.08808171717e-05
P04	PO4	80.000000	1.60058641541e-06
P04	Pz	1.000000	0.361791521311
P04	Pz	2.000000	0.0614217631519
P04	Pz	3.000000	0.00260557769798
P04	Pz	4.000000	0.00395791046321
P04	Pz	5.000000	0.0116810146719
P04	Pz	6.000000	0.0159125700593
P04	Pz	7.000000	0.00472092628479
P04	Pz	8.000000	0.00408592261374
P04	Pz	9.000000	0.0161101166159
P04	Pz	10.000000	0.00945559702814
P04	Pz	11.000000	9.16672652238e-05
P04	Pz	12.000000	0.000475849141367
P04	Pz	13.000000	0.000436711910879
P04	Pz	14.000000	0.000281006970908
P04	Pz	15.000000	0.000302904867567
P04	Pz	16.000000	0.00152506073937
P04	Pz	17.000000	0.000163092132425
P04	Pz	18.000000	1.31434926516e-05
P04	Pz	19.000000	0.000109183616587
P04	Pz	20.000000	0.000433305220213
P04	Pz	21.000000	0.000306258327328
P04	Pz	22.000000	0.00428603915498
P04	Pz	23.000000	0.00209219870158
P04	Pz	24.000000	5.92724973103e-05
P04	Pz	25.000000	0.000141974625876
P04	Pz	26.000000	5.25271170773e-05
P04	Pz	27.000000	6.72895257594e-05
P04	Pz	28.000000	0.000155194909894
P04	Pz	29.000000	0.000793522398453
P04	Pz	30.000000	0.000744072895031
P04	Pz	31.000000	0.00101857818663
P04	Pz	32.000000	0.000814458820969
P04	Pz	33.000000	5.55886472284e-05
P04	Pz	34.000000	0.000115642302262
P04	Pz	35.000000	0.000530515157152
P04	Pz	36.000000	0.000292602635454
P04	Pz	37.000000	9.12140531e-05
P04	Pz	38.000000	0.00016104032693
P04	Pz	39.000000	0.000377606513212
P04	Pz	40.000000	0.000130135726067
P04	Pz	41.000000	4.86828430439e-05
P04	Pz	42.000000	9.9535784102e-05
P04	Pz	43.000000	0.000233519167523
P04	Pz	44.000000	3.18263555528e-05
P04	Pz	45.000000	7.82028291724e-05
P04	Pz	46.000000	0.000119756688946
P04	Pz	47.000000	1.16818728202e-05
P04	Pz	48.000000	7.5221156294e-05
P04	Pz	49.000000	0.000141759563121
P04	Pz	50.000000	0.000105169790913
P04	Pz	51.000000	4.48432328994e-05
P04	Pz	52.000000	0.000144792109495
P04	Pz	53.000000	2.94197434414e-05
P04	Pz	54.000000	1.66520803759e-05
P04	Pz	55.000000	0.000305916008074
P04	Pz	56.000000	0.000205601536436
P04	Pz	57.000000	5.39966349606e-05
P04	Pz	58.000000	0.000233302242123
P04	Pz	59.000000	3.29685244651e-05
P04	Pz	60.000000	0.000137771348818
P04	Pz	61.000000	3.53550276486e-05
P04	Pz	62.000000	2.18759014388e-05
P04	Pz	63.000000	0.000208058932913
P04	Pz	64.000000	0.000335743417963
P04	Pz	65.000000	0.000291641714284
P04	Pz	66.000000	3.96724863094e-05
P04	Pz	67.000000	9.95087466436e-05
P04	Pz	68.000000	8.05742311059e-05
P04	Pz	69.000000	2.86254926323e-05
P04	Pz	70.000000	5.40547916899e-05
P04	Pz	71.000000	1.44350478877e-05
P04	Pz	72.000000	1.76161702257e-05
P04	Pz	73.000000	3.97345029342e-05
P04	Pz	74.000000	9.65279286902e-06
P04	Pz	75.000000	2.50556204264e-05
P04	Pz	76.000000	0.000112312183774
P04	Pz	77.000000	0.000237705331529
P04	Pz	78.000000	6.92060275469e-05
P04	Pz	79.000000	2.06265849556e-05
P04	Pz	80.000000	0.00015425037418
P04	CP1	1.000000	0.15462590754
P04	CP1	2.000000	0.0218922812492
P04	CP1	3.000000	0.00198440835811
P04	CP1	4.000000	0.00203756196424
P04	CP1	5.000000	0.00576257333159
P04	CP1	6.000000	0.00395288225263
P04	CP1	7.000000	0.00147961336188
P04	CP1	8.000000	0.00221772049554
P04	CP1	9.000000	0.00735746929422
P04	CP1	10.000000	0.00648928340524
P04	CP1	11.000000	0.000831410347018
P04	CP1	12.000000	4.13121088059e-05
P04	CP1	13.000000	0.000153078246512
P04	CP1	14.000000	0.000919740123209
P04	CP1	15.000000	0.000727723294403
P04	CP1	16.000000	0.000108868094685
P04	CP1	17.000000	0.000122111712699
P04	CP1	18.000000	0.000363127503078
P04	CP1	19.000000	0.000968218955677
P04	CP1	20.000000	0.000474143045722
P04	CP1	21.000000	0.000873703800607
P04	CP1	22.000000	0.00169781851582
P04	CP1	23.000000	0.000744368415326
P04	CP1	24.000000	0.000422272947617
P04	CP1	25.000000	0.000315085082548
P04	CP1	26.000000	0.000130109023303
P04	CP1	27.000000	2.67650648311e-05
P04	CP1	28.000000	9.1984811661e-06
P04	CP1	29.000000	8.25557144708e-05
P04	CP1	30.000000	0.000229384400882
P04	CP1	31.000000	0.000137781025842
P04	CP1	32.000000	4.38259376097e-05
P04	CP1	33.000000	0.000146301652421
P04	CP1	34.000000	4.3676536734e-05
P04	CP1	35.000000	8.97119971341e-05
P04	CP1	36.000000	5.54311831991e-08
P04	CP1	37.000000	2.20250622078e-05
P04	CP1	38.000000	0.000264875678113
P04	CP1	39.000000	7.58345995564e-05
P04	CP1	40.000000	1.51697431647e-05
P04	CP1	41.000000	7.21368564882e-07
P04	CP1	42.000000	5.68991417822e-05
P04	CP1	43.000000	0.000250542449066
P04	CP1	44.000000	0.000111556691991
P04	CP1	45.000000	4.38872702944e-05
P04	CP1	46.000000	0.000219471621676
P04	CP1	47.000000	0.00013468497491
P04	CP1	48.000000	0.000212066166569
P04	CP1	49.000000	2.72467041214e-05
P04	CP1	50.000000	3.8893569581e-05
P04	CP1	51.000000	0.000224916162551
P04	CP1	52.000000	0.000235568368225
P04	CP1	53.000000	0.000129071588162
P04	CP1	54.000000	0.000143449098687
P04	CP1	55.000000	0.000157826274517
P04	CP1	56.000000	2.55317991105e-05
P04	CP1	57.000000	0.000114393427793
P04	CP1	58.000000	8.93452379387e-05
P04	CP1	59.000000	2.03815161512e-05
P04	CP1	60.000000	7.48878255763e-06
P04	CP1	61.000000	5.50240220036e-05
P04	CP1	62.000000	2.2314625312e-05
P04	CP1	63.000000	0.000101352386991
P04	CP1	64.000000	7.23437697161e-05
P04	CP1	65.000000	7.51060997572e-06
P04	CP1	66.000000	9.35297066462e-06
P04	CP1	67.000000	6.06668691034e-05
P04	CP1	68.000000	9.9687713373e-06
P04	CP1	69.000000	7.01367298461e-06
P04	CP1	70.000000	9.88910178421e-05
P04	CP1	71.000000	5.9037887695e-05
P04	CP1	72.000000	5.607751973e-06
P04	CP1	73.000000	4.97983892274e-05
P04	CP1	74.000000	2.86854592559e-05
P04	CP1	75.000000	3.83798142138e-05
P04	CP1	76.000000	0.000110528693767
P04	CP1	77.000000	4.8716312449e-05
P04	CP1	78.000000	4.24827157985e-05
P04	CP1	79.000000	4.49702383776e-05
P04	CP1	80.000000	3.64442457794e-05
P04	FC1	1.000000	0.173220038414
P04	FC1	2.000000	0.0327752158046
P04	FC1	3.000000	0.0024156679865
P04	FC1	4.000000	0.0162590891123
P04	FC1	5.000000	0.00942917540669
P04	FC1	6.000000	0.000700063246768
P04	FC1	7.000000	0.000446318124887
P04	FC1	8.000000	0.00100106478203
P04	FC1	9.000000	0.000400115415687
P04	FC1	10.000000	0.00218481570482
P04	FC1	11.000000	0.00392446666956
P04	FC1	12.000000	0.00243553053588
P04	FC1	13.000000	0.000345472566551
P04	FC1	14.000000	0.00070962740574
P04	FC1	15.000000	0.000680290278979
P04	FC1	16.000000	0.000576226273552
P04	FC1	17.000000	8.72109740158e-05
P04	FC1	18.000000	0.000307427399093
P04	FC1	19.000000	0.000208871497307
P04	FC1	20.000000	0.000133228430059
P04	FC1	21.000000	0.00152606656775
P04	FC1	22.000000	0.00164995575324
P04	FC1	23.000000	0.000791038910393
P04	FC1	24.000000	0.000593073782511
P04	FC1	25.000000	1.44446976265e-05
P04	FC1	26.000000	0.000838154752273
P04	FC1	27.000000	0.00155731930863
P04	FC1	28.000000	0.00144542998169
P04	FC1	29.000000	0.000987264793366
P04	FC1	30.000000	7.12740729796e-05
P04	FC1	31.000000	0.000514626328368
P04	FC1	32.000000	0.000124807454995
P04	FC1	33.000000	4.66063684144e-05
P04	FC1	34.000000	1.96299679374e-05
P04	FC1	35.000000	0.000261334265815
P04	FC1	36.000000	0.000391696288716
P04	FC1	37.000000	0.000170876606717
P04	FC1	38.000000	0.000161081246915
P04	FC1	39.000000	1.11087410914e-05
P04	FC1	40.000000	0.000216259461013
P04	FC1	41.000000	3.39033103955e-05
P04	FC1	42.000000	6.34361276752e-05
P04	FC1	43.000000	0.000105195722426
P04	FC1	44.000000	5.60021071578e-05
P04	FC1	45.000000	0.000157259215484
P04	FC1	46.000000	0.000404415128287
P04	FC1	47.000000	0.000287571339868
P04	FC1	48.000000	1.30601620185e-05
P04	FC1	49.000000	0.000237328538788
P04	FC1	50.000000	0.000369943882106
P04	FC1	51.000000	0.000200758731808
P04	FC1	52.000000	9.72067937255e-05
P04	FC1	53.000000	5.96109784965e-05
P04	FC1	54.000000	0.000176835776074
P04	FC1	55.000000	2.82295550278e-05
P04	FC1	56.000000	1.03247348306e-05
P04	FC1	57.000000	9.04758417164e-05
P04	FC1	58.000000	0.000144045246998
P04	FC1	59.000000	4.00931457989e-05
P04	FC1	60.000000	0.000199695830815
P04	FC1	61.000000	0.000459313276224
P04	FC1	62.000000	0.000306315952912
P04	FC1	63.000000	4.78159890918e-05
P04	FC1	64.000000	3.24512584484e-05
P04	FC1	65.000000	0.000103822610981
P04	FC1	66.000000	2.62527191808e-05
P04	FC1	67.000000	4.0247796278e-05
P04	FC1	68.000000	1.9617837097e-05
P04	FC1	69.000000	0.00012543865887
P04	FC1	70.000000	0.000173514272319
P04	FC1	71.000000	7.43886557757e-05
P04	FC1	72.000000	2.08434048545e-05
P04	FC1	73.000000	1.78925947694e-05
P04	FC1	74.000000	2.43367412622e-05
P04	FC1	75.000000	9.64342980296e-05
P04	FC1	76.000000	6.90252345521e-05
P04	FC1	77.000000	0.000113025169412
P04	FC1	78.000000	4.98984372825e-05
P04	FC1	79.000000	4.90232196171e-05
P04	FC1	80.000000	0.000118135758385
P04	P3	1.000000	0.352551907301
P04	P3	2.000000	0.0487397424877
P04	P3	3.000000	0.00377265759744
P04	P3	4.000000	0.000955221184995
P04	P3	5.000000	0.00421349145472
P04	P3	6.000000	0.00296514295042
P04	P3	7.000000	0.000500521040522
P04	P3	8.000000	0.0011771566933
P04	P3	9.000000	0.00454714894295
P04	P3	10.000000	0.00374776497483
P04	P3	11.000000	0.000229590586969
P04	P3	12.000000	0.00117352884263
P04	P3	13.000000	0.000149021187099
P04	P3	14.000000	0.00121142237913
P04	P3	15.000000	0.00131423631683
P04	P3	16.000000	1.99081569008e-05
P04	P3	17.000000	3.14495373459e-05
P04	P3	18.000000	0.000481045950437
P04	P3	19.000000	0.000889432965778
P04	P3	20.000000	0.000535398954526
P04	P3	21.000000	0.00195158668794
P04	P3	22.000000	0.00350302201696
P04	P3	23.000000	0.000665420782752
P04	P3	24.000000	0.000332730356604
P04	P3	25.000000	0.00098043680191
P04	P3	26.000000	0.000695872644428
P04	P3	27.000000	0.000277009123238
P04	P3	28.000000	0.000122716635815
P04	P3	29.000000	0.000253473059274
P04	P3	30.000000	9.03948312043e-05
P04	P3	31.000000	0.000132747853058
P04	P3	32.000000	0.000128374056658
P04	P3	33.000000	0.000416388269514
P04	P3	34.000000	0.000766614743043
P04	P3	35.000000	0.00128494482487
P04	P3	36.000000	0.0013451310806
P04	P3	37.000000	0.000434372457676
P04	P3	38.000000	2.07307084565e-06
P04	P3	39.000000	0.000162044292665
P04	P3	40.000000	0.000137289738632
P04	P3	41.000000	5.46113915334e-05
P04	P3	42.000000	0.000143182915053
P04	P3	43.000000	0.000107918407593
P04	P3	44.000000	0.000352512404788
P04	P3	45.000000	0.00031326446333
P04	P3	46.000000	7.28285158402e-05
P04	P3	47.000000	0.000350241607521
P04	P3	48.000000	0.000217875494855
P04	P3	49.000000	8.07711694506e-05
P04	P3	50.000000	8.3000792074e-05
P04	P3	51.000000	1.62737560458e-05
P04	P3	52.000000	3.95199713239e-05
P04	P3	53.000000	0.000236530715483
P04	P3	54.000000	0.000292836106382
P04	P3	55.000000	7.33380511519e-05
P04	P3	56.000000	3.64709740097e-05
P04	P3	57.000000	0.000220994916162
P04	P3	58.000000	0.000164286437212
P04	P3	59.000000	2.21074405999e-05
P04	P3	60.000000	3.99057898903e-05
P04	P3	61.000000	0.000200411101105
P04	P3	62.000000	7.50941835577e-05
P04	P3	63.000000	4.74368316645e-05
P04	P3	64.000000	8.44550377224e-05
P04	P3	65.000000	0.000107310625026
P04	P3	66.000000	4.46761441708e-05
P04	P3	67.000000	0.000293151882943
P04	P3	68.000000	0.000345334148733
P04	P3	69.000000	0.000179046648555
P04	P3	70.000000	0.000166214245837
P04	P3	71.000000	0.000174238070031
P04	P3	72.000000	5.72933749936e-05
P04	P3	73.000000	4.19609386881e-06
P04	P3	74.000000	7.25937861716e-05
P04	P3	75.000000	8.66388945724e-05
P04	P3	76.000000	3.54492658516e-05
P04	P3	77.000000	4.9194200983e-05
P04	P3	78.000000	4.29134433944e-06
P04	P3	79.000000	3.41101331287e-05
P04	P3	80.000000	5.83734545216e-05
P04	C3	1.000000	0.0702637806535
P04	C3	2.000000	0.00917507335544
P04	C3	3.000000	0.00150500051677
P04	C3	4.000000	0.00252422620542
P04	C3	5.000000	0.00517482636496
P04	C3	6.000000	0.00515263341367
P04	C3	7.000000	0.00326619343832
P04	C3	8.000000	0.000158585680765
P04	C3	9.000000	0.00194103433751
P04	C3	10.000000	0.00321588711813
P04	C3	11.000000	0.000552470970433
P04	C3	12.000000	0.000274290796369
P04	C3	13.000000	0.000258882442722
P04	C3	14.000000	0.000929346948396
P04	C3	15.000000	2.84975503746e-05
P04	C3	16.000000	0.000641026766971
P04	C3	17.000000	0.000455648900243
P04	C3	18.000000	0.000336247729138
P04	C3	19.000000	0.00107711565215
P04	C3	20.000000	0.00110189814586
P04	C3	21.000000	0.000378060358344
P04	C3	22.000000	0.0019596198108
P04	C3	23.000000	0.000983573147096
P04	C3	24.000000	6.86217535986e-05
P04	C3	25.000000	0.00039155135164
P04	C3	26.000000	0.000362892460544
P04	C3	27.000000	0.000166758385603
P04	C3	28.000000	0.000250233395491
P04	C3	29.000000	0.000269440672128
P04	C3	30.000000	0.000218529617996
P04	C3	31.000000	4.76510431326e-05
P04	C3	32.000000	2.52561021625e-05
P04	C3	33.000000	0.000102983613033
P04	C3	34.000000	0.000244453200139
P04	C3	35.000000	0.000337910401868
P04	C3	36.000000	0.000100253404526
P04	C3	37.000000	5.64611655136e-05
P04	C3	38.000000	3.203729284e-05
P04	C3	39.000000	0.000121390032291
P04	C3	40.000000	0.000388251733966
P04	C3	41.000000	0.000258781306911
P04	C3	42.000000	7.57338348194e-05
P04	C3	43.000000	0.000172693820787
P04	C3	44.000000	0.000133807581733
P04	C3	45.000000	3.51622002199e-05
P04	C3	46.000000	5.54680627829e-05
P04	C3	47.000000	0.000174001790583
P04	C3	48.000000	0.000166935598827
P04	C3	49.000000	0.000209149191505
P04	C3	50.000000	0.000113081623567
P04	C3	51.000000	4.39870054834e-05
P04	C3	52.000000	8.9842651505e-06
P04	C3	53.000000	8.45083559398e-06
P04	C3	54.000000	5.07325830768e-06
P04	C3	55.000000	2.1588839445e-06
P04	C3	56.000000	8.69536415848e-06
P04	C3	57.000000	1.91009003174e-05
P04	C3	58.000000	2.04856023629e-05
P04	C3	59.000000	9.47039916355e-06
P04	C3	60.000000	0.000164712459082
P04	C3	61.000000	0.0001272612717
P04	C3	62.000000	1.84539730981e-05
P04	C3	63.000000	4.1457828047e-05
P04	C3	64.000000	2.21437730943e-05
P04	C3	65.000000	1.88877329492e-05
P04	C3	66.000000	6.03495027462e-05
P04	C3	67.000000	1.05514845927e-05
P04	C3	68.000000	1.96047494683e-05
P04	C3	69.000000	1.42861354107e-05
P04	C3	70.000000	3.31673545588e-05
P04	C3	71.000000	4.96080283483e-05
P04	C3	72.000000	5.6863820646e-05
P04	C3	73.000000	2.23158858716e-05
P04	C3	74.000000	3.95916904381e-05
P04	C3	75.000000	6.02253276156e-05
P04	C3	76.000000	9.85334772849e-05
P04	C3	77.000000	0.000118055439088
P04	C3	78.000000	6.43848907202e-05
P04	C3	79.000000	7.36151778256e-05
P04	C3	80.000000	3.92323854612e-05
P04	F3	1.000000	0.758673429489
P04	F3	2.000000	0.106520570815
P04	F3	3.000000	0.0104678524658
P04	F3	4.000000	0.0305992476642
P04	F3	5.000000	0.00479068793356
P04	F3	6.000000	0.00677487580106
P04	F3	7.000000	0.00138851662632
P04	F3	8.000000	0.00236930837855
P04	F3	9.000000	0.00532156368718
P04	F3	10.000000	0.0114876199514
P04	F3	11.000000	0.00696646934375
P04	F3	12.000000	0.00454150652513
P04	F3	13.000000	0.00269692437723
P04	F3	14.000000	0.00412696413696
P04	F3	15.000000	0.00355220050551
P04	F3	16.000000	3.52974711859e-05
P04	F3	17.000000	0.000147712838952
P04	F3	18.000000	0.00355165544897
P04	F3	19.000000	0.0058633312583
P04	F3	20.000000	0.00778301013634
P04	F3	21.000000	0.0081083541736
P04	F3	22.000000	0.00687532313168
P04	F3	23.000000	0.00227207341231
P04	F3	24.000000	0.00106610567309
P04	F3	25.000000	0.00241067167372
P04	F3	26.000000	0.0013619287638
P04	F3	27.000000	0.000427668739576
P04	F3	28.000000	0.00123841140885
P04	F3	29.000000	0.000550127471797
P04	F3	30.000000	1.3859248611e-05
P04	F3	31.000000	0.00041754427366
P04	F3	32.000000	0.00107681099325
P04	F3	33.000000	0.00112329190597
P04	F3	34.000000	0.000101424906461
P04	F3	35.000000	0.000285500689643
P04	F3	36.000000	0.000336848170264
P04	F3	37.000000	6.31995571894e-05
P04	F3	38.000000	0.000301385502098
P04	F3	39.000000	0.00118085136637
P04	F3	40.000000	0.000334141979693
P04	F3	41.000000	0.000267610856099
P04	F3	42.000000	0.000386061205063
P04	F3	43.000000	0.0021524974145
P04	F3	44.000000	0.00177270441782
P04	F3	45.000000	0.00123800418805
P04	F3	46.000000	0.00167201808654
P04	F3	47.000000	0.000691558758263
P04	F3	48.000000	0.000389788358007
P04	F3	49.000000	0.000902376894373
P04	F3	50.000000	0.000201192437089
P04	F3	51.000000	6.07794245298e-05
P04	F3	52.000000	3.25057008013e-05
P04	F3	53.000000	9.32406328502e-06
P04	F3	54.000000	0.000651425274555
P04	F3	55.000000	0.00161574373487
P04	F3	56.000000	6.38401106698e-05
P04	F3	57.000000	0.000233753817156
P04	F3	58.000000	0.000344896805473
P04	F3	59.000000	0.000542923691683
P04	F3	60.000000	0.000120901342598
P04	F3	61.000000	9.71405024757e-05
P04	F3	62.000000	9.34156560106e-05
P04	F3	63.000000	0.000135330235935
P04	F3	64.000000	6.71160814818e-05
P04	F3	65.000000	0.000117778065032
P04	F3	66.000000	0.000102149839222
P04	F3	67.000000	0.000125877704704
P04	F3	68.000000	0.000127472696477
P04	F3	69.000000	0.00101836863905
P04	F3	70.000000	0.00126366317272
P04	F3	71.000000	0.000420354743255
P04	F3	72.000000	6.37549528619e-05
P04	F3	73.000000	0.000998151022941
P04	F3	74.000000	0.00090096576605
P04	F3	75.000000	0.000422870391048
P04	F3	76.000000	4.80505586893e-05
P04	F3	77.000000	6.0615107941e-05
P04	F3	78.000000	0.000377723219572
P04	F3	79.000000	0.00054109870689
P04	F3	80.000000	0.000335431774147
P04	F7	1.000000	0.254220634699
P04	F7	2.000000	0.0406728424132
P04	F7	3.000000	0.00529619306326
P04	F7	4.000000	0.00449727429077
P04	F7	5.000000	0.00294019561261
P04	F7	6.000000	0.0139633473009
P04	F7	7.000000	0.0093692233786
P04	F7	8.000000	0.0027057765983
P04	F7	9.000000	0.00315420422703
P04	F7	10.000000	0.000455096334917
P04	F7	11.000000	0.00408136565238
P04	F7	12.000000	0.00251744454727
P04	F7	13.000000	0.0011733880965
P04	F7	14.000000	0.000331454357365
P04	F7	15.000000	0.00170294300187
P04	F7	16.000000	0.00108311499935
P04	F7	17.000000	3.98548327212e-05
P04	F7	18.000000	0.000748554128222
P04	F7	19.000000	0.000469453370897
P04	F7	20.000000	0.000937264005188
P04	F7	21.000000	0.00150773872156
P04	F7	22.000000	0.00195837696083
P04	F7	23.000000	0.00118469726294
P04	F7	24.000000	0.00207560672425
P04	F7	25.000000	0.00173671590164
P04	F7	26.000000	0.000240041961661
P04	F7	27.000000	2.50618395512e-05
P04	F7	28.000000	0.000620970560703
P04	F7	29.000000	0.00111548765562
P04	F7	30.000000	0.000592678901739
P04	F7	31.000000	5.59788022656e-05
P04	F7	32.000000	7.95591186034e-05
P04	F7	33.000000	0.000518458837178
P04	F7	34.000000	0.000743257289287
P04	F7	35.000000	0.000340701488312
P04	F7	36.000000	0.000446668564109
P04	F7	37.000000	0.000135725116706
P04	F7	38.000000	0.000175002918695
P04	F7	39.000000	0.000117431976832
P04	F7	40.000000	0.000334667711286
P04	F7	41.000000	0.000110576474981
P04	F7	42.000000	0.00025904973154
P04	F7	43.000000	0.000648194050882
P04	F7	44.000000	0.000559984880965
P04	F7	45.000000	5.36901352461e-05
P04	F7	46.000000	0.000489561934955
P04	F7	47.000000	0.000237903426751
P04	F7	48.000000	1.32297991513e-05
P04	F7	49.000000	0.000581591681112
P04	F7	50.000000	0.000587298360188
P04	F7	51.000000	0.000149509549374
P04	F7	52.000000	0.000188461664948
P04	F7	53.000000	0.000141842494486
P04	F7	54.000000	4.56084126199e-05
P04	F7	55.000000	0.000187896017451
P04	F7	56.000000	0.000195380649529
P04	F7	57.000000	0.000188286343473
P04	F7	58.000000	0.000443185330369
P04	F7	59.000000	0.000121833974845
P04	F7	60.000000	0.000523832684848
P04	F7	61.000000	0.000599687802605
P04	F7	62.000000	0.000106879604573
P04	F7	63.000000	9.77135860012e-05
P04	F7	64.000000	5.13963968842e-05
P04	F7	65.000000	9.81157609203e-06
P04	F7	66.000000	5.13629383931e-05
P04	F7	67.000000	1.99819223781e-05
P04	F7	68.000000	2.99627427012e-05
P04	F7	69.000000	1.84704895219e-05
P04	F7	70.000000	9.12971445359e-05
P04	F7	71.000000	8.99740480236e-05
P04	F7	72.000000	1.8221900973e-05
P04	F7	73.000000	4.89514968649e-06
P04	F7	74.000000	8.45403337735e-05
P04	F7	75.000000	0.00013581510575
P04	F7	76.000000	1.12989137051e-05
P04	F7	77.000000	0.000180914503289
P04	F7	78.000000	0.000111765744805
P04	F7	79.000000	0.000118377480248
P04	F7	80.000000	0.000267765542958
P04	FC5	1.000000	0.0360963754356
P04	FC5	2.000000	0.00548603339121
P04	FC5	3.000000	0.00313663063571
P04	FC5	4.000000	0.00558057101443
P04	FC5	5.000000	0.00299277855083
P04	FC5	6.000000	0.00459530344233
P04	FC5	7.000000	0.0032517798245
P04	FC5	8.000000	0.00124971906189
P04	FC5	9.000000	0.000116571260151
P04	FC5	10.000000	0.000769062782638
P04	FC5	11.000000	0.00184960849583
P04	FC5	12.000000	0.000306790898321
P04	FC5	13.000000	0.000294639146887
P04	FC5	14.000000	0.000186563513125
P04	FC5	15.000000	0.000266934250249
P04	FC5	16.000000	0.00011482253467
P04	FC5	17.000000	0.00076846324373
P04	FC5	18.000000	0.000195486863959
P04	FC5	19.000000	0.000339032238116
P04	FC5	20.000000	0.000638053985313
P04	FC5	21.000000	0.00183791108429
P04	FC5	22.000000	0.00121035217308
P04	FC5	23.000000	0.000453517277492
P04	FC5	24.000000	0.0017879344523
P04	FC5	25.000000	0.00109017151408
P04	FC5	26.000000	0.000359694851795
P04	FC5	27.000000	0.000964696344454
P04	FC5	28.000000	3.69162466995e-06
P04	FC5	29.000000	0.000794748717453
P04	FC5	30.000000	0.000684749160428
P04	FC5	31.000000	0.000400117889512
P04	FC5	32.000000	0.000334059557645
P04	FC5	33.000000	0.000138414965477
P04	FC5	34.000000	0.000144452991663
P04	FC5	35.000000	3.90568930015e-05
P04	FC5	36.000000	0.000116610310215
P04	FC5	37.000000	0.000147501094034
P04	FC5	38.000000	9.00664817891e-05
P04	FC5	39.000000	0.000140051022754
P04	FC5	40.000000	3.08931012114e-05
P04	FC5	41.000000	9.47615408222e-05
P04	FC5	42.000000	2.07125849556e-05
P04	FC5	43.000000	8.51483928273e-05
P04	FC5	44.000000	7.87840908743e-05
P04	FC5	45.000000	0.00021783914417
P04	FC5	46.000000	5.51706398255e-05
P04	FC5	47.000000	0.000200544687686
P04	FC5	48.000000	5.05108837388e-05
P04	FC5	49.000000	2.59488260781e-05
P04	FC5	50.000000	4.6420002036e-05
P04	FC5	51.000000	4.3651300075e-05
P04	FC5	52.000000	0.000124243917526
P04	FC5	53.000000	0.000196500885068
P04	FC5	54.000000	3.78097320208e-05
P04	FC5	55.000000	2.53072835221e-06
P04	FC5	56.000000	6.45144337952e-09
P04	FC5	57.000000	2.50522934948e-05
P04	FC5	58.000000	6.44497340545e-05
P04	FC5	59.000000	2.21417285502e-05
P04	FC5	60.000000	6.26733799436e-06
P04	FC5	61.000000	8.68417773745e-05
P04	FC5	62.000000	0.000203646137379
P04	FC5	63.000000	0.000123359859572
P04	FC5	64.000000	2.33199334616e-05
P04	FC5	65.000000	5.14845087309e-05
P04	FC5	66.000000	0.000125028338516
P04	FC5	67.000000	6.5731263021e-05
P04	FC5	68.000000	0.000209952850128
P04	FC5	69.000000	7.61241681175e-05
P04	FC5	70.000000	2.72624711215e-05
P04	FC5	71.000000	1.49697416418e-05
P04	FC5	72.000000	8.05422241683e-05
P04	FC5	73.000000	5.9072055592e-05
P04	FC5	74.000000	1.56252826855e-06
P04	FC5	75.000000	0.000123802237795
P04	FC5	76.000000	7.19928211765e-05
P04	FC5	77.000000	5.130085583e-07
P04	FC5	78.000000	1.47600053424e-06
P04	FC5	79.000000	2.49428449024e-05
P04	FC5	80.000000	9.08172569325e-06
P04	CP5	1.000000	0.152681961656
P04	CP5	2.000000	0.0355353467166
P04	CP5	3.000000	0.00106219586451
P04	CP5	4.000000	0.000626387132797
P04	CP5	5.000000	0.0017235543346
P04	CP5	6.000000	0.000269974203547
P04	CP5	7.000000	0.000161882620887
P04	CP5	8.000000	0.00217320630327
P04	CP5	9.000000	0.000972227717284
P04	CP5	10.000000	0.00127300794702
P04	CP5	11.000000	9.77724193945e-05
P04	CP5	12.000000	0.00111159484368
P04	CP5	13.000000	0.00294508808292
P04	CP5	14.000000	0.00369496154599
P04	CP5	15.000000	0.000929279194679
P04	CP5	16.000000	6.541969924e-05
P04	CP5	17.000000	0.000202859489946
P04	CP5	18.000000	0.00237523647957
P04	CP5	19.000000	0.00117265176959
P04	CP5	20.000000	0.000173041771632
P04	CP5	21.000000	0.000525255338289
P04	CP5	22.000000	0.000115519331302
P04	CP5	23.000000	0.000588836031966
P04	CP5	24.000000	0.000375170464395
P04	CP5	25.000000	0.00140792271122
P04	CP5	26.000000	0.00120985065587
P04	CP5	27.000000	0.000390351196984
P04	CP5	28.000000	0.00105606322177
P04	CP5	29.000000	0.000435165682575
P04	CP5	30.000000	0.000346141430782
P04	CP5	31.000000	0.000516223313753
P04	CP5	32.000000	0.000857620791066
P04	CP5	33.000000	0.000895344128367
P04	CP5	34.000000	0.000434798625065
P04	CP5	35.000000	0.000187873927644
P04	CP5	36.000000	1.21486446005e-05
P04	CP5	37.000000	4.52078274975e-05
P04	CP5	38.000000	0.000280662759906
P04	CP5	39.000000	0.000132841043524
P04	CP5	40.000000	0.000414478679886
P04	CP5	41.000000	0.000162506650668
P04	CP5	42.000000	2.29824818234e-05
P04	CP5	43.000000	9.59051249083e-06
P04	CP5	44.000000	0.000154660825501
P04	CP5	45.000000	0.000322886131471
P04	CP5	46.000000	8.37901243358e-05
P04	CP5	47.000000	5.75675985601e-05
P04	CP5	48.000000	2.55112172454e-05
P04	CP5	49.000000	0.000278653838905
P04	CP5	50.000000	0.000245553877903
P04	CP5	51.000000	0.000124824684463
P04	CP5	52.000000	0.000159654649906
P04	CP5	53.000000	0.000291689735604
P04	CP5	54.000000	0.000154097331688
P04	CP5	55.000000	7.05593083694e-06
P04	CP5	56.000000	2.18670152208e-06
P04	CP5	57.000000	3.74047340301e-05
P04	CP5	58.000000	5.40821129107e-05
P04	CP5	59.000000	3.9959750211e-06
P04	CP5	60.000000	5.93486511207e-05
P04	CP5	61.000000	0.000143990575452
P04	CP5	62.000000	3.94473572669e-05
P04	CP5	63.000000	6.072607448e-06
P04	CP5	64.000000	4.92714752909e-06
P04	CP5	65.000000	2.75986008091e-06
P04	CP5	66.000000	3.67205529983e-06
P04	CP5	67.000000	1.72959407791e-05
P04	CP5	68.000000	2.55833001575e-05
P04	CP5	69.000000	7.06262608219e-06
P04	CP5	70.000000	2.4364426281e-05
P04	CP5	71.000000	1.97701683646e-06
P04	CP5	72.000000	4.32734159403e-05
P04	CP5	73.000000	0.000135253329063
P04	CP5	74.000000	9.5552757557e-05
P04	CP5	75.000000	4.06372237194e-05
P04	CP5	76.000000	0.000107247156848
P04	CP5	77.000000	9.39009187277e-05
P04	CP5	78.000000	6.42126906314e-05
P04	CP5	79.000000	7.40261020837e-05
P04	CP5	80.000000	9.15199780138e-05
P04	T7	1.000000	0.0109057370573
P04	T7	2.000000	0.00444481847808
P04	T7	3.000000	0.000843846995849
P04	T7	4.000000	0.00316989747807
P04	T7	5.000000	0.00609813723713
P04	T7	6.000000	0.0109576825052
P04	T7	7.000000	0.00339452805929
P04	T7	8.000000	0.00124556163792
P04	T7	9.000000	0.000186596851563
P04	T7	10.000000	0.00265820953064
P04	T7	11.000000	0.00304324086756
P04	T7	12.000000	0.000580328400247
P04	T7	13.000000	0.00238694925793
P04	T7	14.000000	0.000238182328758
P04	T7	15.000000	0.000606239889748
P04	T7	16.000000	0.00100130308419
P04	T7	17.000000	0.00179356185254
P04	T7	18.000000	0.000223307506531
P04	T7	19.000000	0.000879954139236
P04	T7	20.000000	0.00175376434345
P04	T7	21.000000	0.00212555704638
P04	T7	22.000000	0.000982683850452
P04	T7	23.000000	0.000435788329924
P04	T7	24.000000	0.00162427290343
P04	T7	25.000000	0.000894152850378
P04	T7	26.000000	0.000148396022269
P04	T7	27.000000	0.000161090414622
P04	T7	28.000000	1.70725306816e-05
P04	T7	29.000000	0.000523210212123
P04	T7	30.000000	0.000499929592479
P04	T7	31.000000	0.000283526751446
P04	T7	32.000000	4.98372210131e-05
P04	T7	33.000000	0.000890454743057
P04	T7	34.000000	0.00146180007141
P04	T7	35.000000	0.00115677772556
P04	T7	36.000000	0.000832045916468
P04	T7	37.000000	0.000120516291645
P04	T7	38.000000	1.37292418003e-05
P04	T7	39.000000	8.22401216283e-06
P04	T7	40.000000	0.000551223696675
P04	T7	41.000000	0.000358557095751
P04	T7	42.000000	0.000131604261696
P04	T7	43.000000	0.000149010607856
P04	T7	44.000000	0.000113772584882
P04	T7	45.000000	8.54659083416e-06
P04	T7	46.000000	0.00017896539066
P04	T7	47.000000	0.000154405803187
P04	T7	48.000000	0.00020053096523
P04	T7	49.000000	3.73208386009e-05
P04	T7	50.000000	0.000215748106712
P04	T7	51.000000	1.98497982637e-05
P04	T7	52.000000	2.21914815484e-05
P04	T7	53.000000	1.44040031955e-05
P04	T7	54.000000	2.17535616684e-05
P04	T7	55.000000	3.34430806106e-05
P04	T7	56.000000	3.33464195137e-05
P04	T7	57.000000	5.30223369424e-05
P04	T7	58.000000	0.000200947877602
P04	T7	59.000000	0.00013889062393
P04	T7	60.000000	2.20389283641e-05
P04	T7	61.000000	1.52377151608e-05
P04	T7	62.000000	5.75395133637e-05
P04	T7	63.000000	6.30922977507e-06
P04	T7	64.000000	1.23269830965e-06
P04	T7	65.000000	7.25507416064e-05
P04	T7	66.000000	5.94543162151e-05
P04	T7	67.000000	0.000181783078006
P04	T7	68.000000	0.000359188183211
P04	T7	69.000000	0.000205662858207
P04	T7	70.000000	7.71391496528e-05
P04	T7	71.000000	4.9670565204e-05
P04	T7	72.000000	0.000212258601096
P04	T7	73.000000	9.38873636187e-05
P04	T7	74.000000	7.77052264311e-05
P04	T7	75.000000	1.08028543764e-05
P04	T7	76.000000	4.10690227e-05
P04	T7	77.000000	0.000197154673515
P04	T7	78.000000	0.000194880209165
P04	T7	79.000000	0.000192347259144
P04	T7	80.000000	7.48880702304e-05
P04	P7	1.000000	0.406604617834
P04	P7	2.000000	0.10402559489
P04	P7	3.000000	0.00289282226004
P04	P7	4.000000	0.00780764734372
P04	P7	5.000000	0.0146211357787
P04	P7	6.000000	0.000947939697653
P04	P7	7.000000	0.000802936207037
P04	P7	8.000000	0.00306945107877
P04	P7	9.000000	0.00297205941752
P04	P7	10.000000	8.39088606881e-05
P04	P7	11.000000	0.00100509508047
P04	P7	12.000000	6.27165500191e-05
P04	P7	13.000000	0.00125981017482
P04	P7	14.000000	0.00385738024488
P04	P7	15.000000	0.00332117429934
P04	P7	16.000000	0.00154840550385
P04	P7	17.000000	0.0043980400078
P04	P7	18.000000	0.000739757088013
P04	P7	19.000000	0.000303062057355
P04	P7	20.000000	0.00107118627056
P04	P7	21.000000	0.000265965674771
P04	P7	22.000000	0.000420148804551
P04	P7	23.000000	0.000279730127659
P04	P7	24.000000	0.000387726089684
P04	P7	25.000000	0.00268372707069
P04	P7	26.000000	0.00248940382153
P04	P7	27.000000	0.00084060523659
P04	P7	28.000000	0.00211363798007
P04	P7	29.000000	0.000630994501989
P04	P7	30.000000	0.000264397065621
P04	P7	31.000000	0.000509704113938
P04	P7	32.000000	0.000758196692914
P04	P7	33.000000	0.000523431983311
P04	P7	34.000000	0.000178199639777
P04	P7	35.000000	0.000668522145133
P04	P7	36.000000	0.000403742713388
P04	P7	37.000000	0.000131367298309
P04	P7	38.000000	0.000214985746425
P04	P7	39.000000	0.000166981219081
P04	P7	40.000000	0.000282919878373
P04	P7	41.000000	7.14726556907e-05
P04	P7	42.000000	0.000203013201826
P04	P7	43.000000	0.000403833080782
P04	P7	44.000000	0.000251898803981
P04	P7	45.000000	0.000223078604904
P04	P7	46.000000	0.000164745433722
P04	P7	47.000000	0.000355293101165
P04	P7	48.000000	1.71150577444e-06
P04	P7	49.000000	0.000304699206026
P04	P7	50.000000	0.00013402949844
P04	P7	51.000000	0.000109853404865
P04	P7	52.000000	0.000175088149263
P04	P7	53.000000	4.3548643589e-05
P04	P7	54.000000	8.89026978257e-07
P04	P7	55.000000	7.81527851359e-05
P04	P7	56.000000	0.000333954347298
P04	P7	57.000000	0.000466372730443
P04	P7	58.000000	0.000109405940748
P04	P7	59.000000	0.000107412430225
P04	P7	60.000000	0.00023274483101
P04	P7	61.000000	0.000118671821838
P04	P7	62.000000	0.000133562003612
P04	P7	63.000000	0.000116498675197
P04	P7	64.000000	8.09553876024e-06
P04	P7	65.000000	0.000136074697366
P04	P7	66.000000	6.35975766272e-06
P04	P7	67.000000	0.000394084723666
P04	P7	68.000000	0.000387938373024
P04	P7	69.000000	0.000124261146993
P04	P7	70.000000	0.00049842952285
P04	P7	71.000000	0.000201225295314
P04	P7	72.000000	0.000317483005347
P04	P7	73.000000	0.00038514912012
P04	P7	74.000000	0.000129383057356
P04	P7	75.000000	9.30686292122e-05
P04	P7	76.000000	1.15047705549e-05
P04	P7	77.000000	0.000104440463474
P04	P7	78.000000	0.000192836509086
P04	P7	79.000000	1.17743202281e-05
P04	P7	80.000000	1.81072864507e-05
P05	P8	1.000000	2.53947520256
P05	P8	2.000000	0.507710576057
P05	P8	3.000000	0.0241178739816
P05	P8	4.000000	0.0142134837806
P05	P8	5.000000	0.0120373107493
P05	P8	6.000000	0.00972308497876
P05	P8	7.000000	0.01089869719
P05	P8	8.000000	0.000497632776387
P05	P8	9.000000	0.00576214399189
P05	P8	10.000000	0.0024990325328
P05	P8	11.000000	0.0110709508881
P05	P8	12.000000	0.00836604088545
P05	P8	13.000000	0.00726054795086
P05	P8	14.000000	0.00795327778906
P05	P8	15.000000	0.000847726827487
P05	P8	16.000000	8.65039783093e-06
P05	P8	17.000000	0.000967066152953
P05	P8	18.000000	0.00101405498572
P05	P8	19.000000	0.00210583372973
P05	P8	20.000000	0.000846555805765
P05	P8	21.000000	0.00244160857983
P05	P8	22.000000	0.000475670531159
P05	P8	23.000000	0.00054359738715
P05	P8	24.000000	0.000691315799486
P05	P8	25.000000	0.0011124816956
P05	P8	26.000000	0.00228410423733
P05	P8	27.000000	0.00221756054088
P05	P8	28.000000	0.00145993428305
P05	P8	29.000000	8.26865070849e-05
P05	P8	30.000000	0.000416271825088
P05	P8	31.000000	0.000218441447942
P05	P8	32.000000	0.000491481972858
P05	P8	33.000000	0.000121106029837
P05	P8	34.000000	0.000104613201984
P05	P8	35.000000	7.36244037398e-05
P05	P8	36.000000	0.000483228155645
P05	P8	37.000000	0.00122146692593
P05	P8	38.000000	0.000691356137395
P05	P8	39.000000	0.000709582702257
P05	P8	40.000000	0.000325737230014
P05	P8	41.000000	0.000291155418381
P05	P8	42.000000	0.000332757190336
P05	P8	43.000000	0.000154046778334
P05	P8	44.000000	0.000150501917233
P05	P8	45.000000	0.000147687838762
P05	P8	46.000000	0.000321891682688
P05	P8	47.000000	0.000112487665319
P05	P8	48.000000	6.70481967973e-05
P05	P8	49.000000	5.59522195545e-05
P05	P8	50.000000	6.33425588603e-06
P05	P8	51.000000	2.56073999481e-05
P05	P8	52.000000	1.14932308861e-05
P05	P8	53.000000	2.44157236011e-05
P05	P8	54.000000	0.000139632727951
P05	P8	55.000000	4.55594890809e-05
P05	P8	56.000000	0.000226365416893
P05	P8	57.000000	0.000205180433113
P05	P8	58.000000	0.000147877042764
P05	P8	59.000000	0.000289741408778
P05	P8	60.000000	0.000273924320936
P05	P8	61.000000	0.000109488792077
P05	P8	62.000000	7.01502285665e-05
P05	P8	63.000000	1.8999868189e-05
P05	P8	64.000000	0.000317450292641
P05	P8	65.000000	0.000147219616338
P05	P8	66.000000	3.13604577968e-05
P05	P8	67.000000	7.07868530299e-05
P05	P8	68.000000	5.83195323998e-05
P05	P8	69.000000	0.000111629313324
P05	P8	70.000000	0.000136862901854
P05	P8	71.000000	0.000250572629739
P05	P8	72.000000	0.000111273067887
P05	P8	73.000000	1.30672970045e-06
P05	P8	74.000000	6.20805803919e-05
P05	P8	75.000000	7.825884677e-05
P05	P8	76.000000	2.3009681172e-05
P05	P8	77.000000	6.50617439533e-05
P05	P8	78.000000	3.00080791931e-05
P05	P8	79.000000	0.000390087428968
P05	P8	80.000000	0.000289861956844
P05	T8	1.000000	0.185107186437
P05	T8	2.000000	0.0242998488247
P05	T8	3.000000	0.021687887609
P05	T8	4.000000	0.00801249779761
P05	T8	5.000000	0.00062465731753
P05	T8	6.000000	0.00173956749495
P05	T8	7.000000	0.000496528868098
P05	T8	8.000000	5.5603319197e-05
P05	T8	9.000000	8.31256402307e-05
P05	T8	10.000000	2.06958557101e-05
P05	T8	11.000000	0.000633007031865
P05	T8	12.000000	0.00267106643878
P05	T8	13.000000	0.00118488934822
P05	T8	14.000000	0.000139317475259
P05	T8	15.000000	0.00066185957985
P05	T8	16.000000	0.000834434526041
P05	T8	17.000000	0.00189554784447
P05	T8	18.000000	0.00327548920177
P05	T8	19.000000	0.00172644783743
P05	T8	20.000000	0.00154758535791
P05	T8	21.000000	0.00063521170523
P05	T8	22.000000	0.000404724298278
P05	T8	23.000000	0.000829131284263
P05	T8	24.000000	0.000196390377823
P05	T8	25.000000	0.000125039936393
P05	T8	26.000000	0.00065350625664
P05	T8	27.000000	0.000695687020198
P05	T8	28.000000	0.000229789584409
P05	T8	29.000000	7.96819367679e-05
P05	T8	30.000000	0.000487667566631
P05	T8	31.000000	0.00160231918562
P05	T8	32.000000	0.000968469073996
P05	T8	33.000000	3.4685486753e-05
P05	T8	34.000000	5.8549692767e-05
P05	T8	35.000000	4.03284029744e-05
P05	T8	36.000000	0.000334916665452
P05	T8	37.000000	0.000846198177896
P05	T8	38.000000	0.000301428284729
P05	T8	39.000000	0.000151291591465
P05	T8	40.000000	0.00027962247259
P05	T8	41.000000	1.23048785099e-05
P05	T8	42.000000	8.63573077368e-05
P05	T8	43.000000	8.63707828103e-05
P05	T8	44.000000	0.00048276540474
P05	T8	45.000000	0.000612620671745
P05	T8	46.000000	0.000226678268518
P05	T8	47.000000	0.000170525119756
P05	T8	48.000000	3.83815422538e-05
P05	T8	49.000000	7.2346017987e-05
P05	T8	50.000000	3.64391271432e-05
P05	T8	51.000000	0.000122964222101
P05	T8	52.000000	0.000204390569706
P05	T8	53.000000	0.000124703612528
P05	T8	54.000000	6.89732551109e-05
P05	T8	55.000000	9.41182734095e-05
P05	T8	56.000000	9.21670507523e-05
P05	T8	57.000000	5.06330470671e-05
P05	T8	58.000000	1.22772617033e-05
P05	T8	59.000000	0.00016483606305
P05	T8	60.000000	0.0002423224214
P05	T8	61.000000	5.56195336685e-05
P05	T8	62.000000	9.24865389607e-07
P05	T8	63.000000	1.36859966915e-06
P05	T8	64.000000	4.15578761022e-05
P05	T8	65.000000	9.88017200143e-05
P05	T8	66.000000	6.75637857057e-05
P05	T8	67.000000	0.000126447019284
P05	T8	68.000000	4.19723837695e-05
P05	T8	69.000000	4.63848627987e-05
P05	T8	70.000000	0.000106905084976
P05	T8	71.000000	4.65955054096e-05
P05	T8	72.000000	7.92925202404e-05
P05	T8	73.000000	0.000123387711938
P05	T8	74.000000	8.28666670714e-05
P05	T8	75.000000	0.00012780027464
P05	T8	76.000000	7.6495736721e-05
P05	T8	77.000000	2.70846758212e-05
P05	T8	78.000000	2.59597277363e-06
P05	T8	79.000000	3.38664358424e-05
P05	T8	80.000000	4.79094051116e-05
P05	CP6	1.000000	0.0165489986539
P05	CP6	2.000000	0.010106369853
P05	CP6	3.000000	0.0140948370099
P05	CP6	4.000000	0.00194485264365
P05	CP6	5.000000	0.0136411087587
P05	CP6	6.000000	0.00733953947201
P05	CP6	7.000000	0.000328475056449
P05	CP6	8.000000	0.000431794178439
P05	CP6	9.000000	0.0019803554751
P05	CP6	10.000000	0.00260769319721
P05	CP6	11.000000	0.00125700677745
P05	CP6	12.000000	0.0016215913929
P05	CP6	13.000000	0.00447966856882
P05	CP6	14.000000	0.00423703249544
P05	CP6	15.000000	0.00227273441851
P05	CP6	16.000000	0.00142660061829
P05	CP6	17.000000	6.48838467896e-05
P05	CP6	18.000000	0.00101232831366
P05	CP6	19.000000	0.0014041364193
P05	CP6	20.000000	0.000693025474902
P05	CP6	21.000000	0.000358787801815
P05	CP6	22.000000	0.000676585303154
P05	CP6	23.000000	0.000134991700179
P05	CP6	24.000000	0.000318270904245
P05	CP6	25.000000	0.000491387327202
P05	CP6	26.000000	0.000665357743856
P05	CP6	27.000000	0.000650955480523
P05	CP6	28.000000	0.000472792395158
P05	CP6	29.000000	0.000118809221021
P05	CP6	30.000000	0.000168562342878
P05	CP6	31.000000	0.000520029920153
P05	CP6	32.000000	0.0001152148252
P05	CP6	33.000000	0.000131707667606
P05	CP6	34.000000	0.000123990233988
P05	CP6	35.000000	0.000125289996504
P05	CP6	36.000000	9.65569561231e-05
P05	CP6	37.000000	0.000197523870156
P05	CP6	38.000000	0.000458831666037
P05	CP6	39.000000	0.000257647770923
P05	CP6	40.000000	0.000131039967528
P05	CP6	41.000000	0.000136291433591
P05	CP6	42.000000	0.000165473524248
P05	CP6	43.000000	9.12213508855e-05
P05	CP6	44.000000	7.71659106249e-05
P05	CP6	45.000000	4.78804431623e-05
P05	CP6	46.000000	0.000323055399349
P05	CP6	47.000000	0.000379156321287
P05	CP6	48.000000	0.000398085510824
P05	CP6	49.000000	0.000141906450153
P05	CP6	50.000000	3.32938702741e-06
P05	CP6	51.000000	5.32401172677e-05
P05	CP6	52.000000	7.48586826376e-05
P05	CP6	53.000000	5.06376236444e-05
P05	CP6	54.000000	9.64994524111e-06
P05	CP6	55.000000	1.13901969598e-05
P05	CP6	56.000000	3.08068883896e-05
P05	CP6	57.000000	0.000138625371619
P05	CP6	58.000000	5.19972199982e-05
P05	CP6	59.000000	0.000103963022411
P05	CP6	60.000000	0.00013075969764
P05	CP6	61.000000	5.53338468308e-05
P05	CP6	62.000000	7.70976621425e-05
P05	CP6	63.000000	8.52378434502e-05
P05	CP6	64.000000	5.65882546653e-05
P05	CP6	65.000000	5.74140085519e-06
P05	CP6	66.000000	0.000149249186506
P05	CP6	67.000000	0.000144183941302
P05	CP6	68.000000	1.57216818479e-05
P05	CP6	69.000000	1.67356156453e-05
P05	CP6	70.000000	9.55886716838e-05
P05	CP6	71.000000	0.000240264096647
P05	CP6	72.000000	0.00011248820374
P05	CP6	73.000000	0.000132271277835
P05	CP6	74.000000	0.00012469633657
P05	CP6	75.000000	2.42684418481e-05
P05	CP6	76.000000	0.000164753946592
P05	CP6	77.000000	0.000120147502457
P05	CP6	78.000000	9.14734846447e-06
P05	CP6	79.000000	0.000104903941974
P05	CP6	80.000000	0.000130784377689
P05	FC6	1.000000	1.20861017704
P05	FC6	2.000000	0.171615645289
P05	FC6	3.000000	0.085760936141
P05	FC6	4.000000	0.0586086437106
P05	FC6	5.000000	0.00436742184684
P05	FC6	6.000000	0.00641170004383
P05	FC6	7.000000	0.00699861440808
P05	FC6	8.000000	0.00245842291042
P05	FC6	9.000000	0.000236374602537
P05	FC6	10.000000	0.0020923349075
P05	FC6	11.000000	0.00337518216111
P05	FC6	12.000000	0.000187174635357
P05	FC6	13.000000	0.000835416198242
P05	FC6	14.000000	0.00107178930193
P05	FC6	15.000000	0.000668655207846
P05	FC6	16.000000	0.00154585181735
P05	FC6	17.000000	0.00508846715093
P05	FC6	18.000000	0.00490265525877
P05	FC6	19.000000	0.0009316506912
P05	FC6	20.000000	0.00310150231235
P05	FC6	21.000000	0.000592149444856
P05	FC6	22.000000	3.3182950574e-05
P05	FC6	23.000000	0.000727106351405
P05	FC6	24.000000	0.000881418352947
P05	FC6	25.000000	0.000184274540516
P05	FC6	26.000000	0.00132405466866
P05	FC6	27.000000	0.00030547042843
P05	FC6	28.000000	3.76955758838e-05
P05	FC6	29.000000	0.000143388329889
P05	FC6	30.000000	5.44558788533e-05
P05	FC6	31.000000	0.000246955547482
P05	FC6	32.000000	0.000223739043577
P05	FC6	33.000000	4.34064058936e-05
P05	FC6	34.000000	0.000188823774806
P05	FC6	35.000000	4.96855573147e-05
P05	FC6	36.000000	0.000170212908415
P05	FC6	37.000000	4.11594373873e-05
P05	FC6	38.000000	8.74230681802e-06
P05	FC6	39.000000	0.000172646556166
P05	FC6	40.000000	6.06271314609e-05
P05	FC6	41.000000	0.000102737401903
P05	FC6	42.000000	6.55649782857e-05
P05	FC6	43.000000	0.000217702414375
P05	FC6	44.000000	0.000294264347758
P05	FC6	45.000000	0.000538251653779
P05	FC6	46.000000	0.000556265120395
P05	FC6	47.000000	0.000122076788102
P05	FC6	48.000000	0.000238379594521
P05	FC6	49.000000	0.00033212127164
P05	FC6	50.000000	0.000404117541621
P05	FC6	51.000000	0.000231374142459
P05	FC6	52.000000	8.55777325341e-05
P05	FC6	53.000000	0.000149235944264
P05	FC6	54.000000	1.91823728528e-05
P05	FC6	55.000000	0.000231681056903
P05	FC6	56.000000	3.39465914294e-05
P05	FC6	57.000000	5.663517004e-05
P05	FC6	58.000000	2.78094485111e-05
P05	FC6	59.000000	0.000129485488287
P05	FC6	60.000000	0.000248305965215
P05	FC6	61.000000	0.000144763820572
P05	FC6	62.000000	0.000306926085614
P05	FC6	63.000000	8.95759876585e-05
P05	FC6	64.000000	4.42715681856e-05
P05	FC6	65.000000	7.09467931301e-05
P05	FC6	66.000000	2.80246276816e-05
P05	FC6	67.000000	1.83835181815e-05
P05	FC6	68.000000	9.12245304789e-05
P05	FC6	69.000000	0.000338052341249
P05	FC6	70.000000	0.000319837126881
P05	FC6	71.000000	0.000115738286695
P05	FC6	72.000000	4.7100439815e-07
P05	FC6	73.000000	6.36772238067e-05
P05	FC6	74.000000	4.23509163738e-06
P05	FC6	75.000000	5.53199242859e-05
P05	FC6	76.000000	2.52788795478e-05
P05	FC6	77.000000	1.11538665806e-05
P05	FC6	78.000000	4.98507347402e-07
P05	FC6	79.000000	6.48921413813e-05
P05	FC6	80.000000	9.11687020562e-05
P05	F8	1.000000	1.31308531761
P05	F8	2.000000	0.141222447157
P05	F8	3.000000	0.161289989948
P05	F8	4.000000	0.0932767987251
P05	F8	5.000000	0.00673661008477
P05	F8	6.000000	0.0106846354902
P05	F8	7.000000	0.00907542463392
P05	F8	8.000000	0.00378294847906
P05	F8	9.000000	0.00435298494995
P05	F8	10.000000	0.00820758100599
P05	F8	11.000000	0.000614720978774
P05	F8	12.000000	0.00355884828605
P05	F8	13.000000	0.00010249488696
P05	F8	14.000000	0.00368181802332
P05	F8	15.000000	0.00191534671467
P05	F8	16.000000	0.000619068217929
P05	F8	17.000000	0.00404940079898
P05	F8	18.000000	0.00308895064518
P05	F8	19.000000	0.00114043848589
P05	F8	20.000000	0.00399049883708
P05	F8	21.000000	0.00286414683796
P05	F8	22.000000	0.00069364515366
P05	F8	23.000000	0.000404909718782
P05	F8	24.000000	0.00117737601977
P05	F8	25.000000	0.000972352630924
P05	F8	26.000000	0.000296614540275
P05	F8	27.000000	2.08020192076e-05
P05	F8	28.000000	0.00100123381708
P05	F8	29.000000	0.000869039155077
P05	F8	30.000000	0.000732112966944
P05	F8	31.000000	0.00280576548539
P05	F8	32.000000	0.000911098148208
P05	F8	33.000000	0.0027573548723
P05	F8	34.000000	0.00221693259664
P05	F8	35.000000	5.39164611837e-05
P05	F8	36.000000	0.00117755122483
P05	F8	37.000000	0.000778921123128
P05	F8	38.000000	0.000774687039666
P05	F8	39.000000	0.000581033760682
P05	F8	40.000000	3.80785422749e-05
P05	F8	41.000000	0.000476851215353
P05	F8	42.000000	0.00188554404303
P05	F8	43.000000	0.00133311760146
P05	F8	44.000000	0.000931542133912
P05	F8	45.000000	0.00111261149868
P05	F8	46.000000	0.000386645959225
P05	F8	47.000000	0.000107068612124
P05	F8	48.000000	0.000197007349925
P05	F8	49.000000	0.000694262620527
P05	F8	50.000000	0.000522294081748
P05	F8	51.000000	6.88819345669e-05
P05	F8	52.000000	0.00013948562264
P05	F8	53.000000	0.000521695706993
P05	F8	54.000000	0.000281691114651
P05	F8	55.000000	3.18844395224e-05
P05	F8	56.000000	0.000209804798942
P05	F8	57.000000	0.000335267977789
P05	F8	58.000000	6.48608111078e-05
P05	F8	59.000000	0.000112797788461
P05	F8	60.000000	0.000232773192693
P05	F8	61.000000	0.000121100871183
P05	F8	62.000000	8.18317203084e-05
P05	F8	63.000000	4.68408979941e-05
P05	F8	64.000000	0.000242718917434
P05	F8	65.000000	0.000329569389578
P05	F8	66.000000	0.000216134125367
P05	F8	67.000000	0.000137160299346
P05	F8	68.000000	2.6584331863e-05
P05	F8	69.000000	0.000119027616165
P05	F8	70.000000	9.85435181065e-05
P05	F8	71.000000	2.89368417725e-05
P05	F8	72.000000	0.000222337548621
P05	F8	73.000000	0.000418240349973
P05	F8	74.000000	0.000191487808479
P05	F8	75.000000	9.82233759714e-05
P05	F8	76.000000	0.000198643712793
P05	F8	77.000000	0.000243959279032
P05	F8	78.000000	0.000152205451741
P05	F8	79.000000	0.000373241666239
P05	F8	80.000000	0.000491144310217
P05	F4	1.000000	1.25948059559
P05	F4	2.000000	0.177155524492
P05	F4	3.000000	0.0941701903939
P05	F4	4.000000	0.0694205462933
P05	F4	5.000000	0.00419310899451
P05	F4	6.000000	0.00719158956781
P05	F4	7.000000	0.00695995334536
P05	F4	8.000000	0.00105633749627
P05	F4	9.000000	0.000288621202344
P05	F4	10.000000	0.00230109854601
P05	F4	11.000000	0.00270798616111
P05	F4	12.000000	2.15143627429e-05
P05	F4	13.000000	0.000717854767572
P05	F4	14.000000	0.00164990569465
P05	F4	15.000000	0.000899577280506
P05	F4	16.000000	0.00280731124803
P05	F4	17.000000	0.00707108294591
P05	F4	18.000000	0.00531883584335
P05	F4	19.000000	0.000431300519267
P05	F4	20.000000	0.00383847602643
P05	F4	21.000000	0.00156189466361
P05	F4	22.000000	0.000199372705538
P05	F4	23.000000	0.000106613770186
P05	F4	24.000000	0.000144013712998
P05	F4	25.000000	0.000248266820563
P05	F4	26.000000	0.0022413157858
P05	F4	27.000000	0.000830831006169
P05	F4	28.000000	0.00114993110765
P05	F4	29.000000	0.00151446345262
P05	F4	30.000000	0.000561005610507
P05	F4	31.000000	0.000717224262189
P05	F4	32.000000	0.00107697956264
P05	F4	33.000000	0.000716210342944
P05	F4	34.000000	8.07709075161e-05
P05	F4	35.000000	0.000432968809037
P05	F4	36.000000	0.000105135331978
P05	F4	37.000000	4.43556882601e-06
P05	F4	38.000000	6.40002035652e-05
P05	F4	39.000000	0.000430232903454
P05	F4	40.000000	9.83428544714e-05
P05	F4	41.000000	6.33431845927e-05
P05	F4	42.000000	4.41533629782e-05
P05	F4	43.000000	0.000374626048142
P05	F4	44.000000	2.9486580388e-05
P05	F4	45.000000	0.000133482739329
P05	F4	46.000000	0.000123328078189
P05	F4	47.000000	7.25156278349e-05
P05	F4	48.000000	0.000103086829768
P05	F4	49.000000	1.59805495059e-05
P05	F4	50.000000	0.000138974282891
P05	F4	51.000000	5.60137814318e-05
P05	F4	52.000000	1.23088530017e-05
P05	F4	53.000000	2.79897558357e-05
P05	F4	54.000000	7.1787784691e-05
P05	F4	55.000000	0.000148132283357
P05	F4	56.000000	1.97308399947e-05
P05	F4	57.000000	0.000112235691631
P05	F4	58.000000	2.69161737378e-05
P05	F4	59.000000	0.000107763509732
P05	F4	60.000000	0.000135623820825
P05	F4	61.000000	5.52855963178e-05
P05	F4	62.000000	0.000177996480488
P05	F4	63.000000	3.87104882975e-05
P05	F4	64.000000	7.40051546018e-05
P05	F4	65.000000	0.000113037676783
P05	F4	66.000000	1.48512681335e-05
P05	F4	67.000000	2.13523453567e-05
P05	F4	68.000000	4.25324360549e-05
P05	F4	69.000000	0.000206388373044
P05	F4	70.000000	0.000152361011715
P05	F4	71.000000	7.02105826349e-05
P05	F4	72.000000	4.70178783871e-05
P05	F4	73.000000	0.000181439871085
P05	F4	74.000000	0.000105448176328
P05	F4	75.000000	1.27823695948e-05
P05	F4	76.000000	0.000142254764796
P05	F4	77.000000	0.00015941815218
P05	F4	78.000000	0.000132433808176
P05	F4	79.000000	5.35268736712e-05
P05	F4	80.000000	4.41805386799e-05
P05	C4	1.000000	0.0247288420796
P05	C4	2.000000	0.0179690662771
P05	C4	3.000000	0.0155488736928
P05	C4	4.000000	0.00207580556162
P05	C4	5.000000	0.0119353085756
P05	C4	6.000000	0.0075915553607
P05	C4	7.000000	0.000162421652931
P05	C4	8.000000	0.000237038926571
P05	C4	9.000000	0.00423593772575
P05	C4	10.000000	0.00433188304305
P05	C4	11.000000	0.000986749655567
P05	C4	12.000000	0.00250189402141
P05	C4	13.000000	0.00343331974
P05	C4	14.000000	0.00230154301971
P05	C4	15.000000	0.00105898908805
P05	C4	16.000000	0.000782888731919
P05	C4	17.000000	0.000267735420493
P05	C4	18.000000	0.000396365154302
P05	C4	19.000000	3.46077576978e-05
P05	C4	20.000000	2.51633991866e-06
P05	C4	21.000000	0.000132189961732
P05	C4	22.000000	0.00100554677192
P05	C4	23.000000	0.000131659835461
P05	C4	24.000000	0.00043376442045
P05	C4	25.000000	0.000868749746587
P05	C4	26.000000	0.000521107402164
P05	C4	27.000000	0.00027745947591
P05	C4	28.000000	0.00100268702954
P05	C4	29.000000	0.00051927799359
P05	C4	30.000000	0.000762955984101
P05	C4	31.000000	0.000790338264778
P05	C4	32.000000	0.000133296329295
P05	C4	33.000000	0.000255431630649
P05	C4	34.000000	9.99452604447e-05
P05	C4	35.000000	0.00010051181016
P05	C4	36.000000	6.35650649201e-05
P05	C4	37.000000	2.02398750844e-05
P05	C4	38.000000	8.70733128977e-05
P05	C4	39.000000	0.000240571360337
P05	C4	40.000000	0.000245647912379
P05	C4	41.000000	5.73486358917e-05
P05	C4	42.000000	7.22198165022e-05
P05	C4	43.000000	0.000163055185112
P05	C4	44.000000	4.48148020951e-05
P05	C4	45.000000	5.82917491556e-05
P05	C4	46.000000	0.00033706749673
P05	C4	47.000000	0.000666253501549
P05	C4	48.000000	0.000369806453818
P05	C4	49.000000	0.000791304279119
P05	C4	50.000000	0.00013001159823
P05	C4	51.000000	3.83371698263e-05
P05	C4	52.000000	8.19389788376e-06
P05	C4	53.000000	6.51001901133e-05
P05	C4	54.000000	5.66290727875e-05
P05	C4	55.000000	4.63392143502e-06
P05	C4	56.000000	1.21040066006e-05
P05	C4	57.000000	0.000122564088088
P05	C4	58.000000	0.000101371646451
P05	C4	59.000000	0.000189246828086
P05	C4	60.000000	0.000190451974049
P05	C4	61.000000	0.000273935176665
P05	C4	62.000000	8.36358667584e-05
P05	C4	63.000000	9.13040639716e-05
P05	C4	64.000000	9.53370326897e-05
P05	C4	65.000000	1.37145989356e-05
P05	C4	66.000000	0.000152583394083
P05	C4	67.000000	3.27504349116e-05
P05	C4	68.000000	0.000137061928399
P05	C4	69.000000	3.52215611201e-05
P05	C4	70.000000	3.57218814315e-05
P05	C4	71.000000	7.55713745093e-06
P05	C4	72.000000	1.08121275844e-05
P05	C4	73.000000	3.20933795592e-05
P05	C4	74.000000	9.56797230174e-05
P05	C4	75.000000	9.00079176063e-05
P05	C4	76.000000	0.000187330821063
P05	C4	77.000000	4.24529098382e-05
P05	C4	78.000000	0.000143133816891
P05	C4	79.000000	0.000110700340883
P05	C4	80.000000	6.18090371063e-06
P05	P4	1.000000	2.80468678474
P05	P4	2.000000	0.340853661299
P05	P4	3.000000	0.113895103335
P05	P4	4.000000	0.0826738923788
P05	P4	5.000000	0.0405305735767
P05	P4	6.000000	0.0102759692818
P05	P4	7.000000	0.00535666476935
P05	P4	8.000000	0.00484406622127
P05	P4	9.000000	0.0151793286204
P05	P4	10.000000	0.00925043877214
P05	P4	11.000000	0.00391199672595
P05	P4	12.000000	0.00242255837657
P05	P4	13.000000	0.00333663471974
P05	P4	14.000000	0.00149361905642
P05	P4	15.000000	0.00154730421491
P05	P4	16.000000	0.00358147290535
P05	P4	17.000000	0.00310650351457
P05	P4	18.000000	0.000235529238125
P05	P4	19.000000	0.000172910717083
P05	P4	20.000000	0.000590363459196
P05	P4	21.000000	0.000504644063767
P05	P4	22.000000	0.000405267172027
P05	P4	23.000000	0.000373950751964
P05	P4	24.000000	0.000622740422841
P05	P4	25.000000	0.0012507904321
P05	P4	26.000000	0.0011229874799
P05	P4	27.000000	0.000175013425178
P05	P4	28.000000	7.46141959098e-05
P05	P4	29.000000	0.00110653543379
P05	P4	30.000000	0.0009849491762
P05	P4	31.000000	0.000371108268155
P05	P4	32.000000	1.67788202816e-05
P05	P4	33.000000	0.000308034650516
P05	P4	34.000000	0.000377018703148
P05	P4	35.000000	0.00101447768975
P05	P4	36.000000	0.000233113198192
P05	P4	37.000000	1.52334641825e-05
P05	P4	38.000000	7.52075720811e-05
P05	P4	39.000000	0.000548097130377
P05	P4	40.000000	7.95562518761e-05
P05	P4	41.000000	0.000434107118053
P05	P4	42.000000	0.000589478586335
P05	P4	43.000000	0.000223622599151
P05	P4	44.000000	8.79279032233e-05
P05	P4	45.000000	0.00020795391174
P05	P4	46.000000	0.000444091769168
P05	P4	47.000000	0.000191985527636
P05	P4	48.000000	7.2966395237e-06
P05	P4	49.000000	2.47756561293e-05
P05	P4	50.000000	0.000194810534595
P05	P4	51.000000	0.000132890199893
P05	P4	52.000000	0.000219170120545
P05	P4	53.000000	7.82049246482e-05
P05	P4	54.000000	4.28097337135e-06
P05	P4	55.000000	7.45186116546e-05
P05	P4	56.000000	0.000486177945277
P05	P4	57.000000	0.00051883776905
P05	P4	58.000000	0.000119439653645
P05	P4	59.000000	2.8946196835e-05
P05	P4	60.000000	8.80615480128e-05
P05	P4	61.000000	0.000432653992902
P05	P4	62.000000	0.000484683638206
P05	P4	63.000000	0.000150819250848
P05	P4	64.000000	4.59285911347e-05
P05	P4	65.000000	5.7631481468e-05
P05	P4	66.000000	5.93827007833e-06
P05	P4	67.000000	2.86743379547e-05
P05	P4	68.000000	0.000161440300872
P05	P4	69.000000	1.47742193803e-05
P05	P4	70.000000	2.01049315365e-05
P05	P4	71.000000	6.40213911538e-05
P05	P4	72.000000	7.53956192057e-05
P05	P4	73.000000	8.43503730721e-05
P05	P4	74.000000	0.000271304656053
P05	P4	75.000000	0.000270169024589
P05	P4	76.000000	5.30106335646e-05
P05	P4	77.000000	9.33162955334e-05
P05	P4	78.000000	0.000241246350924
P05	P4	79.000000	0.000166675585206
P05	P4	80.000000	0.000129803345772
P05	AF4	1.000000	1.29744243622
P05	AF4	2.000000	0.177021682262
P05	AF4	3.000000	0.0835446864367
P05	AF4	4.000000	0.0659438371658
P05	AF4	5.000000	0.0047598243691
P05	AF4	6.000000	0.00873390771449
P05	AF4	7.000000	0.0065561006777
P05	AF4	8.000000	0.000682605954353
P05	AF4	9.000000	0.000515736988746
P05	AF4	10.000000	0.00240407860838
P05	AF4	11.000000	0.00395362917334
P05	AF4	12.000000	0.000732090789825
P05	AF4	13.000000	0.000276042323094
P05	AF4	14.000000	0.00195715948939
P05	AF4	15.000000	0.00103017594665
P05	AF4	16.000000	0.00208320561796
P05	AF4	17.000000	0.00549892801791
P05	AF4	18.000000	0.00240144878626
P05	AF4	19.000000	0.000859459280036
P05	AF4	20.000000	0.00391191197559
P05	AF4	21.000000	0.00223471876234
P05	AF4	22.000000	0.000464251148514
P05	AF4	23.000000	0.000104193175503
P05	AF4	24.000000	0.000593593285885
P05	AF4	25.000000	5.45754955965e-05
P05	AF4	26.000000	0.00155042135157
P05	AF4	27.000000	0.00132615072653
P05	AF4	28.000000	0.000693334790412
P05	AF4	29.000000	0.000527888711076
P05	AF4	30.000000	0.00036529044155
P05	AF4	31.000000	0.00124536908697
P05	AF4	32.000000	0.00183460640255
P05	AF4	33.000000	0.00163728662301
P05	AF4	34.000000	4.88779296575e-05
P05	AF4	35.000000	0.000863569672219
P05	AF4	36.000000	0.00039120335714
P05	AF4	37.000000	5.77730206714e-05
P05	AF4	38.000000	1.29557538457e-05
P05	AF4	39.000000	0.000131152759423
P05	AF4	40.000000	5.68445575482e-05
P05	AF4	41.000000	0.000264617148787
P05	AF4	42.000000	0.000121612065414
P05	AF4	43.000000	0.000351251626853
P05	AF4	44.000000	9.87822495517e-05
P05	AF4	45.000000	5.20557441632e-05
P05	AF4	46.000000	6.60613804939e-05
P05	AF4	47.000000	0.000129877764266
P05	AF4	48.000000	0.000116687857371
P05	AF4	49.000000	0.000237787608057
P05	AF4	50.000000	0.00019212103507
P05	AF4	51.000000	0.000238627530052
P05	AF4	52.000000	7.72619823692e-05
P05	AF4	53.000000	0.00015975558199
P05	AF4	54.000000	0.000221114154556
P05	AF4	55.000000	3.25284308929e-05
P05	AF4	56.000000	2.83423578367e-05
P05	AF4	57.000000	0.000276302424027
P05	AF4	58.000000	0.000379069941118
P05	AF4	59.000000	0.000204248659429
P05	AF4	60.000000	0.000119119373267
P05	AF4	61.000000	0.000147637038026
P05	AF4	62.000000	0.000370626337826
P05	AF4	63.000000	4.65753837489e-05
P05	AF4	64.000000	0.000128784129629
P05	AF4	65.000000	8.75555488165e-05
P05	AF4	66.000000	5.32500689587e-06
P05	AF4	67.000000	4.04457459808e-05
P05	AF4	68.000000	0.000235464569414
P05	AF4	69.000000	0.000380423152819
P05	AF4	70.000000	9.17569777812e-05
P05	AF4	71.000000	5.19987770531e-05
P05	AF4	72.000000	4.44515608251e-05
P05	AF4	73.000000	3.85008279409e-05
P05	AF4	74.000000	0.000208759607631
P05	AF4	75.000000	0.000346154061845
P05	AF4	76.000000	0.000116603951028
P05	AF4	77.000000	2.18360619328e-05
P05	AF4	78.000000	2.46278323175e-05
P05	AF4	79.000000	1.01313498817e-05
P05	AF4	80.000000	2.30331133935e-05
P05	Fp2	1.000000	5.00504112244
P05	Fp2	2.000000	0.342551469803
P05	Fp2	3.000000	0.357824862003
P05	Fp2	4.000000	0.145319253206
P05	Fp2	5.000000	0.0410363338888
P05	Fp2	6.000000	0.0100275352597
P05	Fp2	7.000000	0.00536734750494
P05	Fp2	8.000000	0.0101543720812
P05	Fp2	9.000000	0.0184527095407
P05	Fp2	10.000000	0.0183020308614
P05	Fp2	11.000000	0.0227847285569
P05	Fp2	12.000000	0.00217691296712
P05	Fp2	13.000000	0.00748621346429
P05	Fp2	14.000000	0.0189209282398
P05	Fp2	15.000000	0.00660316366702
P05	Fp2	16.000000	0.00142472051084
P05	Fp2	17.000000	0.00741779897362
P05	Fp2	18.000000	0.00517674256116
P05	Fp2	19.000000	0.00323532801121
P05	Fp2	20.000000	0.00666243210435
P05	Fp2	21.000000	0.00247879279777
P05	Fp2	22.000000	0.00375204999
P05	Fp2	23.000000	0.00241195922717
P05	Fp2	24.000000	0.000822053116281
P05	Fp2	25.000000	0.00148221990094
P05	Fp2	26.000000	0.00322320009582
P05	Fp2	27.000000	0.00413892604411
P05	Fp2	28.000000	0.00107157521416
P05	Fp2	29.000000	0.000587647489738
P05	Fp2	30.000000	0.000694257614668
P05	Fp2	31.000000	0.00506625464186
P05	Fp2	32.000000	0.00109051924665
P05	Fp2	33.000000	0.000552749086637
P05	Fp2	34.000000	0.000414404494222
P05	Fp2	35.000000	0.00050737534184
P05	Fp2	36.000000	0.000753381638788
P05	Fp2	37.000000	0.000995070906356
P05	Fp2	38.000000	0.00447380403057
P05	Fp2	39.000000	0.00364506244659
P05	Fp2	40.000000	0.000576199614443
P05	Fp2	41.000000	0.00245794537477
P05	Fp2	42.000000	0.00152494991198
P05	Fp2	43.000000	0.0014653444523
P05	Fp2	44.000000	0.00243362411857
P05	Fp2	45.000000	0.00227582338266
P05	Fp2	46.000000	0.00255751912482
P05	Fp2	47.000000	0.000386756961234
P05	Fp2	48.000000	0.000723430945072
P05	Fp2	49.000000	0.000294718251098
P05	Fp2	50.000000	0.00140883633867
P05	Fp2	51.000000	0.000101639030618
P05	Fp2	52.000000	0.000537953863386
P05	Fp2	53.000000	0.000340472062817
P05	Fp2	54.000000	0.000287376489723
P05	Fp2	55.000000	0.000253159727436
P05	Fp2	56.000000	8.6078493041e-05
P05	Fp2	57.000000	0.000171835708898
P05	Fp2	58.000000	0.00102742970921
P05	Fp2	59.000000	0.00104450969957
P05	Fp2	60.000000	5.63116045669e-05
P05	Fp2	61.000000	5.11092075612e-05
P05	Fp2	62.000000	6.71452653478e-05
P05	Fp2	63.000000	5.53972313355e-05
P05	Fp2	64.000000	0.000438841321738
P05	Fp2	65.000000	0.000466095545562
P05	Fp2	66.000000	5.49759315618e-05
P05	Fp2	67.000000	5.04866839037e-05
P05	Fp2	68.000000	4.06011022278e-05
P05	Fp2	69.000000	8.63514942466e-05
P05	Fp2	70.000000	7.43575537854e-06
P05	Fp2	71.000000	0.000243993636104
P05	Fp2	72.000000	0.00103733153082
P05	Fp2	73.000000	0.000945976062212
P05	Fp2	74.000000	0.000627307279501
P05	Fp2	75.000000	0.000473314576084
P05	Fp2	76.000000	0.0002999768476
P05	Fp2	77.000000	0.00178883702029
P05	Fp2	78.000000	0.00299909547903
P05	Fp2	79.000000	0.00154349743389
P05	Fp2	80.000000	0.000183814801858
P05	Fp1	1.000000	4.30088281631
P05	Fp1	2.000000	0.498821973801
P05	Fp1	3.000000	0.222735181451
P05	Fp1	4.000000	0.0867346823215
P05	Fp1	5.000000	0.0331002511084
P05	Fp1	6.000000	0.000781742099207
P05	Fp1	7.000000	0.00734839728102
P05	Fp1	8.000000	0.0171522479504
P05	Fp1	9.000000	0.0235871691257
P05	Fp1	10.000000	0.00709549570456
P05	Fp1	11.000000	0.00559991365299
P05	Fp1	12.000000	0.00390456593595
P05	Fp1	13.000000	0.00151148776058
P05	Fp1	14.000000	0.00625420501456
P05	Fp1	15.000000	0.00565943168476
P05	Fp1	16.000000	0.00523394346237
P05	Fp1	17.000000	0.00876376777887
P05	Fp1	18.000000	0.00167270330712
P05	Fp1	19.000000	0.00149432756007
P05	Fp1	20.000000	0.00399886630476
P05	Fp1	21.000000	0.00535448780283
P05	Fp1	22.000000	0.00302484375425
P05	Fp1	23.000000	0.00303691485897
P05	Fp1	24.000000	0.000665824511088
P05	Fp1	25.000000	0.00155324232765
P05	Fp1	26.000000	0.00317054823972
P05	Fp1	27.000000	0.00243587628938
P05	Fp1	28.000000	0.00331006012857
P05	Fp1	29.000000	0.0033193489071
P05	Fp1	30.000000	0.00767956115305
P05	Fp1	31.000000	0.00808095932007
P05	Fp1	32.000000	0.00210139411502
P05	Fp1	33.000000	0.000883460626937
P05	Fp1	34.000000	0.00121700495947
P05	Fp1	35.000000	0.00295788468793
P05	Fp1	36.000000	0.00199240143411
P05	Fp1	37.000000	0.00012130705727
P05	Fp1	38.000000	0.00106871849857
P05	Fp1	39.000000	0.00131314259488
P05	Fp1	40.000000	0.00109063147102
P05	Fp1	41.000000	0.00235568336211
P05	Fp1	42.000000	0.00311245443299
P05	Fp1	43.000000	0.00134323490784
P05	Fp1	44.000000	0.000511819554958
P05	Fp1	45.000000	0.000547266041394
P05	Fp1	46.000000	0.00128147297073
P05	Fp1	47.000000	0.000380229175789
P05	Fp1	48.000000	0.000272448611213
P05	Fp1	49.000000	0.000158516442752
P05	Fp1	50.000000	0.000202848197659
P05	Fp1	51.000000	9.99936382868e-05
P05	Fp1	52.000000	0.0002863574191
P05	Fp1	53.000000	0.000336671626428
P05	Fp1	54.000000	3.54467192665e-05
P05	Fp1	55.000000	2.9071681638e-05
P05	Fp1	56.000000	0.00018635878223
P05	Fp1	57.000000	3.09047973133e-05
P05	Fp1	58.000000	0.00104695872869
P05	Fp1	59.000000	0.000565528636798
P05	Fp1	60.000000	0.000341389677487
P05	Fp1	61.000000	0.00019847463409
P05	Fp1	62.000000	0.000145458601764
P05	Fp1	63.000000	0.000254455488175
P05	Fp1	64.000000	4.58450776932e-05
P05	Fp1	65.000000	0.000168479178683
P05	Fp1	66.000000	0.000165364937857
P05	Fp1	67.000000	0.000306107540382
P05	Fp1	68.000000	1.65290896348e-06
P05	Fp1	69.000000	0.000150852429215
P05	Fp1	70.000000	0.000289401359623
P05	Fp1	71.000000	0.000264356232947
P05	Fp1	72.000000	0.000261760142166
P05	Fp1	73.000000	0.000516622792929
P05	Fp1	74.000000	4.13684319938e-05
P05	Fp1	75.000000	0.000516592815984
P05	Fp1	76.000000	0.000261003035121
P05	Fp1	77.000000	0.000231302605243
P05	Fp1	78.000000	2.87814345938e-05
P05	Fp1	79.000000	0.000215569496504
P05	Fp1	80.000000	0.000161446485436
P05	AF3	1.000000	1.97075891495
P05	AF3	2.000000	0.234321400523
P05	AF3	3.000000	0.0841759964824
P05	AF3	4.000000	0.0234456062317
P05	AF3	5.000000	0.0334943272173
P05	AF3	6.000000	0.00950950104743
P05	AF3	7.000000	0.00252301385626
P05	AF3	8.000000	0.00425836024806
P05	AF3	9.000000	0.0171307083219
P05	AF3	10.000000	0.00675558298826
P05	AF3	11.000000	0.005199667532
P05	AF3	12.000000	0.00477573042735
P05	AF3	13.000000	0.00214797141962
P05	AF3	14.000000	0.00153041828889
P05	AF3	15.000000	0.00127966539003
P05	AF3	16.000000	0.00705281738192
P05	AF3	17.000000	0.0035977687221
P05	AF3	18.000000	0.00104309245944
P05	AF3	19.000000	0.00209357915446
P05	AF3	20.000000	0.00232117716223
P05	AF3	21.000000	0.00341557106003
P05	AF3	22.000000	0.00350761413574
P05	AF3	23.000000	0.00188416289166
P05	AF3	24.000000	0.00100296339951
P05	AF3	25.000000	0.00064409384504
P05	AF3	26.000000	0.000659885990899
P05	AF3	27.000000	0.00262867170386
P05	AF3	28.000000	0.00419206917286
P05	AF3	29.000000	0.00200029881671
P05	AF3	30.000000	0.000260078639258
P05	AF3	31.000000	0.000566069677006
P05	AF3	32.000000	0.000223809329327
P05	AF3	33.000000	1.09066586447e-05
P05	AF3	34.000000	0.000589858507738
P05	AF3	35.000000	0.0010624557035
P05	AF3	36.000000	0.000214139625314
P05	AF3	37.000000	0.000419707939727
P05	AF3	38.000000	0.000794592546299
P05	AF3	39.000000	0.000134165165946
P05	AF3	40.000000	4.37556036559e-06
P05	AF3	41.000000	0.000693615933415
P05	AF3	42.000000	0.00103981397115
P05	AF3	43.000000	0.000349107664078
P05	AF3	44.000000	0.000486789853312
P05	AF3	45.000000	0.000331911840476
P05	AF3	46.000000	0.000192270163097
P05	AF3	47.000000	0.000532629142981
P05	AF3	48.000000	0.00120558508206
P05	AF3	49.000000	0.00180332665332
P05	AF3	50.000000	7.58954047342e-05
P05	AF3	51.000000	9.52029367909e-05
P05	AF3	52.000000	0.000625000568107
P05	AF3	53.000000	0.000920602644328
P05	AF3	54.000000	0.000368522654753
P05	AF3	55.000000	0.000441871641669
P05	AF3	56.000000	0.00016816011339
P05	AF3	57.000000	0.000150042818859
P05	AF3	58.000000	0.000197123707039
P05	AF3	59.000000	0.000181060255272
P05	AF3	60.000000	0.000323405110976
P05	AF3	61.000000	0.000332597264787
P05	AF3	62.000000	8.57268678374e-05
P05	AF3	63.000000	2.18960431084e-05
P05	AF3	64.000000	0.000113503876491
P05	AF3	65.000000	9.7040196124e-05
P05	AF3	66.000000	0.000171729538124
P05	AF3	67.000000	0.000256826722762
P05	AF3	68.000000	0.000142039993079
P05	AF3	69.000000	0.000448808685178
P05	AF3	70.000000	0.000425632752012
P05	AF3	71.000000	0.000205239542993
P05	AF3	72.000000	0.000128572326503
P05	AF3	73.000000	0.00036710355198
P05	AF3	74.000000	0.000178694623173
P05	AF3	75.000000	0.00052401330322
P05	AF3	76.000000	0.000899859122001
P05	AF3	77.000000	0.000854321348015
P05	AF3	78.000000	0.000303281180095
P05	AF3	79.000000	9.97845636448e-05
P05	AF3	80.000000	5.70240117668e-05
P05	FC2	1.000000	1.22510230541
P05	FC2	2.000000	0.178624883294
P05	FC2	3.000000	0.0596552342176
P05	FC2	4.000000	0.0505932271481
P05	FC2	5.000000	0.00284060626291
P05	FC2	6.000000	0.007363691926
P05	FC2	7.000000	0.00818543508649
P05	FC2	8.000000	0.00209743482992
P05	FC2	9.000000	6.60644363961e-05
P05	FC2	10.000000	0.00160030648112
P05	FC2	11.000000	0.00350429769605
P05	FC2	12.000000	0.000645717722364
P05	FC2	13.000000	0.000402325502364
P05	FC2	14.000000	0.00203502643853
P05	FC2	15.000000	0.00160081998911
P05	FC2	16.000000	0.00193150527775
P05	FC2	17.000000	0.00479812547565
P05	FC2	18.000000	0.00683469558135
P05	FC2	19.000000	0.00193350610789
P05	FC2	20.000000	0.00585991004482
P05	FC2	21.000000	0.00280412333086
P05	FC2	22.000000	0.000191105340491
P05	FC2	23.000000	2.70329892373e-05
P05	FC2	24.000000	0.000774217129219
P05	FC2	25.000000	0.000799699220806
P05	FC2	26.000000	0.00148361828178
P05	FC2	27.000000	0.000316158868372
P05	FC2	28.000000	0.000229173456319
P05	FC2	29.000000	0.000452504085843
P05	FC2	30.000000	0.000817508727778
P05	FC2	31.000000	0.000986979110166
P05	FC2	32.000000	0.000723851728253
P05	FC2	33.000000	0.000780429923907
P05	FC2	34.000000	0.000334199168719
P05	FC2	35.000000	3.08332055283e-05
P05	FC2	36.000000	0.000217359731323
P05	FC2	37.000000	0.0001835898438
P05	FC2	38.000000	0.000252004509093
P05	FC2	39.000000	0.000240955632762
P05	FC2	40.000000	1.39845735703e-06
P05	FC2	41.000000	8.89508519322e-05
P05	FC2	42.000000	2.22796879825e-05
P05	FC2	43.000000	0.000267908559181
P05	FC2	44.000000	5.02288639836e-05
P05	FC2	45.000000	0.00014385508257
P05	FC2	46.000000	0.000226467062021
P05	FC2	47.000000	0.000161752745043
P05	FC2	48.000000	6.02701111347e-05
P05	FC2	49.000000	1.97649364964e-06
P05	FC2	50.000000	0.000249361648457
P05	FC2	51.000000	0.000345934357028
P05	FC2	52.000000	6.82681347826e-05
P05	FC2	53.000000	2.21173504542e-05
P05	FC2	54.000000	1.48250519487e-05
P05	FC2	55.000000	4.15931526732e-06
P05	FC2	56.000000	0.000101785182778
P05	FC2	57.000000	0.000155951842316
P05	FC2	58.000000	0.000201537055545
P05	FC2	59.000000	3.38159188686e-05
P05	FC2	60.000000	3.30099028361e-05
P05	FC2	61.000000	6.69645378366e-05
P05	FC2	62.000000	0.000408602500102
P05	FC2	63.000000	0.000167187303305
P05	FC2	64.000000	4.92459221277e-05
P05	FC2	65.000000	0.000124108890304
P05	FC2	66.000000	0.000199226269615
P05	FC2	67.000000	0.000214704952668
P05	FC2	68.000000	0.000152247041115
P05	FC2	69.000000	0.000112200686999
P05	FC2	70.000000	0.000204793599551
P05	FC2	71.000000	1.28624378704e-05
P05	FC2	72.000000	0.000272713688901
P05	FC2	73.000000	0.000305753666908
P05	FC2	74.000000	8.92588941497e-05
P05	FC2	75.000000	3.00173269352e-07
P05	FC2	76.000000	2.12912109419e-05
P05	FC2	77.000000	1.72746313183e-05
P05	FC2	78.000000	2.32193888223e-05
P05	FC2	79.000000	1.65391393239e-05
P05	FC2	80.000000	7.58148598834e-06
P05	Cz	1.000000	0.526567697525
P05	Cz	2.000000	0.200542762876
P05	Cz	3.000000	0.0285134557635
P05	Cz	4.000000	0.0132996523753
P05	Cz	5.000000	5.82231732551e-05
P05	Cz	6.000000	0.00291545502841
P05	Cz	7.000000	0.00807814113796
P05	Cz	8.000000	0.00208678841591
P05	Cz	9.000000	0.00520623242483
P05	Cz	10.000000	0.00636259512976
P05	Cz	11.000000	0.00209812144749
P05	Cz	12.000000	0.00151674589142
P05	Cz	13.000000	0.00146120495629
P05	Cz	14.000000	0.000216465690755
P05	Cz	15.000000	4.63952383143e-05
P05	Cz	16.000000	0.00197080220096
P05	Cz	17.000000	0.00109361461364
P05	Cz	18.000000	0.000801779620815
P05	Cz	19.000000	0.00113907689229
P05	Cz	20.000000	8.63591994857e-05
P05	Cz	21.000000	0.00243699620478
P05	Cz	22.000000	0.00574883958325
P05	Cz	23.000000	0.0013056343887
P05	Cz	24.000000	0.000481331313495
P05	Cz	25.000000	0.000345124484738
P05	Cz	26.000000	0.000300372572383
P05	Cz	27.000000	0.000142495904583
P05	Cz	28.000000	0.000143883036799
P05	Cz	29.000000	0.000179884475074
P05	Cz	30.000000	7.70561891841e-05
P05	Cz	31.000000	0.000579632702284
P05	Cz	32.000000	0.000143896657391
P05	Cz	33.000000	0.000929937697947
P05	Cz	34.000000	0.00180929177441
P05	Cz	35.000000	0.000461501767859
P05	Cz	36.000000	4.36168511442e-06
P05	Cz	37.000000	8.68985443958e-05
P05	Cz	38.000000	0.00039637539885
P05	Cz	39.000000	0.000329899805365
P05	Cz	40.000000	1.0551176274e-05
P05	Cz	41.000000	4.9979033065e-05
P05	Cz	42.000000	4.09488275182e-05
P05	Cz	43.000000	6.70491281198e-05
P05	Cz	44.000000	0.000151113665197
P05	Cz	45.000000	0.000149968065671
P05	Cz	46.000000	0.000254373735515
P05	Cz	47.000000	0.000138414485264
P05	Cz	48.000000	0.000199722417165
P05	Cz	49.000000	0.000193724408746
P05	Cz	50.000000	7.15393107384e-05
P05	Cz	51.000000	0.000461608578917
P05	Cz	52.000000	0.000514504674356
P05	Cz	53.000000	0.000158785725944
P05	Cz	54.000000	0.000334223557729
P05	Cz	55.000000	0.000409671047237
P05	Cz	56.000000	0.000146646547364
P05	Cz	57.000000	0.000145218291436
P05	Cz	58.000000	5.12860024173e-05
P05	Cz	59.000000	2.15066429519e-05
P05	Cz	60.000000	2.57443789451e-05
P05	Cz	61.000000	0.00014322611969
P05	Cz	62.000000	2.31168778555e-05
P05	Cz	63.000000	9.9772159956e-06
P05	Cz	64.000000	2.48969572567e-05
P05	Cz	65.000000	0.000147359576658
P05	Cz	66.000000	0.000191212733625
P05	Cz	67.000000	0.000144651843584
P05	Cz	68.000000	0.000119807926239
P05	Cz	69.000000	0.000151112311869
P05	Cz	70.000000	0.000143338111229
P05	Cz	71.000000	1.12910247481e-05
P05	Cz	72.000000	2.02017981792e-05
P05	Cz	73.000000	6.17925297774e-06
P05	Cz	74.000000	9.48619635892e-05
P05	Cz	75.000000	0.000131505599711
P05	Cz	76.000000	5.60809021408e-05
P05	Cz	77.000000	6.0058588133e-05
P05	Cz	78.000000	0.000107152882265
P05	Cz	79.000000	0.000120847405924
P05	Cz	80.000000	1.5076139789e-05
P05	CP2	1.000000	0.366892933846
P05	CP2	2.000000	0.0584982484579
P05	CP2	3.000000	0.0910848081112
P05	CP2	4.000000	0.0412773787975
P05	CP2	5.000000	0.0148857589811
P05	CP2	6.000000	0.00874612666667
P05	CP2	7.000000	0.000573107565288
P05	CP2	8.000000	0.00214404915459
P05	CP2	9.000000	0.0115663092583
P05	CP2	10.000000	0.00755434297025
P05	CP2	11.000000	0.00240438198671
P05	CP2	12.000000	0.00197888817638
P05	CP2	13.000000	0.0019478549948
P05	CP2	14.000000	6.50634974591e-05
P05	CP2	15.000000	0.000132544577355
P05	CP2	16.000000	0.00211900449358
P05	CP2	17.000000	0.00020882183162
P05	CP2	18.000000	0.00110707827844
P05	CP2	19.000000	0.000225426498218
P05	CP2	20.000000	0.00200241897255
P05	CP2	21.000000	0.00319703225978
P05	CP2	22.000000	0.00173652300145
P05	CP2	23.000000	6.18508638581e-05
P05	CP2	24.000000	0.000607557361946
P05	CP2	25.000000	0.000114421462058
P05	CP2	26.000000	1.15627153718e-06
P05	CP2	27.000000	0.000300797953969
P05	CP2	28.000000	0.000242613517912
P05	CP2	29.000000	0.000507426564582
P05	CP2	30.000000	0.000649347784929
P05	CP2	31.000000	4.64150580228e-05
P05	CP2	32.000000	0.000379855424399
P05	CP2	33.000000	0.000118066767754
P05	CP2	34.000000	0.000256029306911
P05	CP2	35.000000	0.00059941620566
P05	CP2	36.000000	6.14835880697e-05
P05	CP2	37.000000	1.88392114069e-05
P05	CP2	38.000000	0.000160773081006
P05	CP2	39.000000	0.000273585261311
P05	CP2	40.000000	0.000224477538723
P05	CP2	41.000000	0.000102330566733
P05	CP2	42.000000	0.000234158927924
P05	CP2	43.000000	0.000461215095129
P05	CP2	44.000000	0.00013869733084
P05	CP2	45.000000	1.64833745657e-05
P05	CP2	46.000000	5.65241825825e-05
P05	CP2	47.000000	0.000240065375692
P05	CP2	48.000000	0.000106024461275
P05	CP2	49.000000	4.21012300649e-05
P05	CP2	50.000000	0.000474187516375
P05	CP2	51.000000	0.000248255964834
P05	CP2	52.000000	4.38738925368e-06
P05	CP2	53.000000	2.04833177122e-05
P05	CP2	54.000000	0.000280242704321
P05	CP2	55.000000	0.000333217903972
P05	CP2	56.000000	1.83667652891e-05
P05	CP2	57.000000	0.000155580695719
P05	CP2	58.000000	0.000247637974098
P05	CP2	59.000000	2.88071278192e-05
P05	CP2	60.000000	8.72880555107e-05
P05	CP2	61.000000	0.000182602278073
P05	CP2	62.000000	4.96305838169e-05
P05	CP2	63.000000	0.000279082567431
P05	CP2	64.000000	0.000467263598694
P05	CP2	65.000000	0.000137884635478
P05	CP2	66.000000	0.000198093330255
P05	CP2	67.000000	1.38544000947e-05
P05	CP2	68.000000	3.15220968332e-05
P05	CP2	69.000000	1.11757126433e-05
P05	CP2	70.000000	9.86252052826e-05
P05	CP2	71.000000	7.43299606256e-05
P05	CP2	72.000000	0.000136665126774
P05	CP2	73.000000	0.000236330888583
P05	CP2	74.000000	5.54012221983e-05
P05	CP2	75.000000	3.89975684811e-05
P05	CP2	76.000000	7.12527034921e-05
P05	CP2	77.000000	4.20763644797e-05
P05	CP2	78.000000	1.30783348595e-06
P05	CP2	79.000000	4.90151660415e-06
P05	CP2	80.000000	1.43011948239e-05
P05	PO3	1.000000	1.95583510399
P05	PO3	2.000000	0.259072959423
P05	PO3	3.000000	0.106413908303
P05	PO3	4.000000	0.0844935774803
P05	PO3	5.000000	0.0221416149288
P05	PO3	6.000000	0.00497804908082
P05	PO3	7.000000	0.0041102017276
P05	PO3	8.000000	0.00941477250308
P05	PO3	9.000000	0.0101356441155
P05	PO3	10.000000	0.00217550410889
P05	PO3	11.000000	0.00406914623454
P05	PO3	12.000000	0.00127302762121
P05	PO3	13.000000	0.00157727405895
P05	PO3	14.000000	0.00152050051838
P05	PO3	15.000000	0.00100340729114
P05	PO3	16.000000	0.00224873772822
P05	PO3	17.000000	0.00302713527344
P05	PO3	18.000000	0.000324989669025
P05	PO3	19.000000	0.000969399639871
P05	PO3	20.000000	0.0011040045647
P05	PO3	21.000000	0.000140137708513
P05	PO3	22.000000	0.000265982816927
P05	PO3	23.000000	0.000719701580238
P05	PO3	24.000000	9.69602751866e-07
P05	PO3	25.000000	0.000518177694175
P05	PO3	26.000000	0.000752790539991
P05	PO3	27.000000	0.000267657160293
P05	PO3	28.000000	0.000106830113509
P05	PO3	29.000000	0.000134268193506
P05	PO3	30.000000	0.000118098228995
P05	PO3	31.000000	0.000193364874576
P05	PO3	32.000000	0.000439344381448
P05	PO3	33.000000	0.000632145267446
P05	PO3	34.000000	0.000111814129923
P05	PO3	35.000000	0.000233211496379
P05	PO3	36.000000	0.000535416475032
P05	PO3	37.000000	5.70935014821e-07
P05	PO3	38.000000	0.000499243848026
P05	PO3	39.000000	6.14252421656e-05
P05	PO3	40.000000	5.27871743543e-05
P05	PO3	41.000000	0.000124878424685
P05	PO3	42.000000	7.28914847059e-06
P05	PO3	43.000000	0.000808504642919
P05	PO3	44.000000	0.000962732476182
P05	PO3	45.000000	0.000405874248827
P05	PO3	46.000000	0.000286688184133
P05	PO3	47.000000	0.000190085338545
P05	PO3	48.000000	5.19039749634e-05
P05	PO3	49.000000	2.28215558309e-05
P05	PO3	50.000000	0.000111969951831
P05	PO3	51.000000	0.000346814951627
P05	PO3	52.000000	0.000205868724152
P05	PO3	53.000000	5.65138134334e-06
P05	PO3	54.000000	2.08081619348e-05
P05	PO3	55.000000	3.04734430756e-06
P05	PO3	56.000000	3.58282195521e-05
P05	PO3	57.000000	6.65377374389e-05
P05	PO3	58.000000	2.09205954889e-05
P05	PO3	59.000000	3.06959555019e-05
P05	PO3	60.000000	6.06130561209e-05
P05	PO3	61.000000	2.87309885607e-05
P05	PO3	62.000000	0.00016918485926
P05	PO3	63.000000	6.89574371791e-05
P05	PO3	64.000000	4.91048240292e-06
P05	PO3	65.000000	1.11677343284e-06
P05	PO3	66.000000	5.92817268625e-05
P05	PO3	67.000000	6.25644606771e-05
P05	PO3	68.000000	1.31260485432e-05
P05	PO3	69.000000	2.00744198082e-05
P05	PO3	70.000000	4.49039616797e-05
P05	PO3	71.000000	2.04315892915e-05
P05	PO3	72.000000	6.17386031081e-05
P05	PO3	73.000000	0.000113726928248
P05	PO3	74.000000	5.18906817888e-05
P05	PO3	75.000000	0.000232589067309
P05	PO3	76.000000	0.000164598313859
P05	PO3	77.000000	0.000106648556539
P05	PO3	78.000000	2.03630952456e-05
P05	PO3	79.000000	3.81002573704e-05
P05	PO3	80.000000	9.46455911617e-05
P05	O1	1.000000	3.58801269531
P05	O1	2.000000	0.516293942928
P05	O1	3.000000	0.0904896557331
P05	O1	4.000000	0.0724100098014
P05	O1	5.000000	0.0158247929066
P05	O1	6.000000	0.00898766051978
P05	O1	7.000000	0.0206963270903
P05	O1	8.000000	0.00552054075524
P05	O1	9.000000	0.0124226361513
P05	O1	10.000000	0.0044827000238
P05	O1	11.000000	0.00758639536798
P05	O1	12.000000	0.00417791027576
P05	O1	13.000000	0.00654605869204
P05	O1	14.000000	0.00254244357347
P05	O1	15.000000	0.000970048888121
P05	O1	16.000000	0.0026353537105
P05	O1	17.000000	0.00249171652831
P05	O1	18.000000	0.000620209204499
P05	O1	19.000000	7.62618083172e-06
P05	O1	20.000000	0.00268937693909
P05	O1	21.000000	0.00300471368246
P05	O1	22.000000	0.000612073054072
P05	O1	23.000000	0.00126695726067
P05	O1	24.000000	0.00163128226995
P05	O1	25.000000	0.000196749722818
P05	O1	26.000000	0.000729902472813
P05	O1	27.000000	0.000433315435657
P05	O1	28.000000	0.00145892857108
P05	O1	29.000000	0.000792084087152
P05	O1	30.000000	9.42832048167e-05
P05	O1	31.000000	1.9162598619e-05
P05	O1	32.000000	0.00064147321973
P05	O1	33.000000	0.00137547531631
P05	O1	34.000000	0.00165787362494
P05	O1	35.000000	0.000611975148786
P05	O1	36.000000	6.45216714474e-05
P05	O1	37.000000	1.97258054868e-06
P05	O1	38.000000	0.000399825541535
P05	O1	39.000000	0.0011286160443
P05	O1	40.000000	0.000264136033366
P05	O1	41.000000	9.82716228464e-05
P05	O1	42.000000	0.000458737136796
P05	O1	43.000000	0.000306363479467
P05	O1	44.000000	3.08222411149e-06
P05	O1	45.000000	6.24951790087e-05
P05	O1	46.000000	0.000121962395497
P05	O1	47.000000	0.000198653957341
P05	O1	48.000000	0.000433851033449
P05	O1	49.000000	0.000639530946501
P05	O1	50.000000	9.83333520708e-05
P05	O1	51.000000	0.000228314471315
P05	O1	52.000000	0.00025531774736
P05	O1	53.000000	0.000286197464447
P05	O1	54.000000	0.000381754303817
P05	O1	55.000000	0.000206586162676
P05	O1	56.000000	0.000114257214591
P05	O1	57.000000	0.000615866854787
P05	O1	58.000000	0.000514681916684
P05	O1	59.000000	6.81930905557e-05
P05	O1	60.000000	5.55161605007e-05
P05	O1	61.000000	0.000117216884973
P05	O1	62.000000	0.000245265226113
P05	O1	63.000000	7.9046128576e-07
P05	O1	64.000000	0.000171322622919
P05	O1	65.000000	0.000190417878912
P05	O1	66.000000	0.000137841358082
P05	O1	67.000000	0.000165688164998
P05	O1	68.000000	0.000130999178509
P05	O1	69.000000	0.000105112732854
P05	O1	70.000000	0.000248948665103
P05	O1	71.000000	6.54668328934e-05
P05	O1	72.000000	7.18198236882e-07
P05	O1	73.000000	1.20816584968e-05
P05	O1	74.000000	0.000144685443956
P05	O1	75.000000	0.000445249985205
P05	O1	76.000000	0.000262438727077
P05	O1	77.000000	3.28979440383e-05
P05	O1	78.000000	7.04690410203e-06
P05	O1	79.000000	1.97246044991e-05
P05	O1	80.000000	7.79524052632e-05
P05	Oz	1.000000	4.29748296738
P05	Oz	2.000000	0.679728209972
P05	Oz	3.000000	0.0856393426657
P05	Oz	4.000000	0.106628328562
P05	Oz	5.000000	0.0185130257159
P05	Oz	6.000000	0.00230099167675
P05	Oz	7.000000	0.010936928913
P05	Oz	8.000000	0.00208444753662
P05	Oz	9.000000	0.00492822611704
P05	Oz	10.000000	0.00293039646931
P05	Oz	11.000000	0.00744331395254
P05	Oz	12.000000	0.00350240361877
P05	Oz	13.000000	0.0141690867022
P05	Oz	14.000000	0.00992713030428
P05	Oz	15.000000	0.00278537138365
P05	Oz	16.000000	0.00200562528335
P05	Oz	17.000000	0.00197370955721
P05	Oz	18.000000	0.000349541107425
P05	Oz	19.000000	0.000455177738331
P05	Oz	20.000000	0.00501922518015
P05	Oz	21.000000	0.00506681157276
P05	Oz	22.000000	0.00128202780616
P05	Oz	23.000000	0.001098697423
P05	Oz	24.000000	0.0038547066506
P05	Oz	25.000000	0.000692696776241
P05	Oz	26.000000	0.00206204713322
P05	Oz	27.000000	0.00211585476063
P05	Oz	28.000000	0.00327469874173
P05	Oz	29.000000	0.00143640115857
P05	Oz	30.000000	9.57677548286e-05
P05	Oz	31.000000	0.000200745766051
P05	Oz	32.000000	0.000922365754377
P05	Oz	33.000000	0.0010476881871
P05	Oz	34.000000	0.00020919063536
P05	Oz	35.000000	0.00063227803912
P05	Oz	36.000000	0.000845086702611
P05	Oz	37.000000	0.000458137714304
P05	Oz	38.000000	0.000773477426264
P05	Oz	39.000000	0.00188418547623
P05	Oz	40.000000	0.000618609599769
P05	Oz	41.000000	0.000446431426099
P05	Oz	42.000000	0.0011830071453
P05	Oz	43.000000	0.000825621129479
P05	Oz	44.000000	2.59839507635e-05
P05	Oz	45.000000	9.27463115659e-05
P05	Oz	46.000000	0.000116094808618
P05	Oz	47.000000	3.46421511495e-05
P05	Oz	48.000000	0.000601907435339
P05	Oz	49.000000	0.000942526850849
P05	Oz	50.000000	0.000271030934528
P05	Oz	51.000000	0.000191466591787
P05	Oz	52.000000	0.000489593483508
P05	Oz	53.000000	0.00088136154227
P05	Oz	54.000000	0.000736772897653
P05	Oz	55.000000	0.000241263172938
P05	Oz	56.000000	9.54751958488e-05
P05	Oz	57.000000	0.000334105483489
P05	Oz	58.000000	0.000218164044782
P05	Oz	59.000000	7.87651442806e-05
P05	Oz	60.000000	0.000109232380055
P05	Oz	61.000000	6.26725377515e-05
P05	Oz	62.000000	0.00021309586009
P05	Oz	63.000000	8.26421237434e-05
P05	Oz	64.000000	2.92726745101e-05
P05	Oz	65.000000	4.22688390245e-05
P05	Oz	66.000000	0.000208283352549
P05	Oz	67.000000	8.14244704088e-05
P05	Oz	68.000000	3.63485851267e-05
P05	Oz	69.000000	2.72251854767e-05
P05	Oz	70.000000	4.55264489574e-05
P05	Oz	71.000000	8.3949038526e-05
P05	Oz	72.000000	1.07123905764e-05
P05	Oz	73.000000	2.77702820313e-05
P05	Oz	74.000000	1.86430224858e-05
P05	Oz	75.000000	0.000121228549688
P05	Oz	76.000000	0.000234864681261
P05	Oz	77.000000	0.000161682517501
P05	Oz	78.000000	8.28743795864e-05
P05	Oz	79.000000	3.82366533813e-06
P05	Oz	80.000000	3.66173298971e-05
P05	O2	1.000000	4.47139930725
P05	O2	2.000000	0.585155248642
P05	O2	3.000000	0.111084483564
P05	O2	4.000000	0.10673931241
P05	O2	5.000000	0.0356150120497
P05	O2	6.000000	0.00811814982444
P05	O2	7.000000	0.00869521312416
P05	O2	8.000000	0.00155015056953
P05	O2	9.000000	0.00888369604945
P05	O2	10.000000	0.00504361186177
P05	O2	11.000000	0.00671308208257
P05	O2	12.000000	0.00450408319011
P05	O2	13.000000	0.0065621775575
P05	O2	14.000000	0.00550048053265
P05	O2	15.000000	0.00264848582447
P05	O2	16.000000	0.00061898783315
P05	O2	17.000000	0.00276415655389
P05	O2	18.000000	0.00240690167993
P05	O2	19.000000	0.00070984341437
P05	O2	20.000000	0.000995951588266
P05	O2	21.000000	7.68520403653e-05
P05	O2	22.000000	0.00082323665265
P05	O2	23.000000	0.00090395740699
P05	O2	24.000000	4.65831726615e-05
P05	O2	25.000000	0.000534586200956
P05	O2	26.000000	0.000833988538943
P05	O2	27.000000	0.000149380895891
P05	O2	28.000000	0.000952114642132
P05	O2	29.000000	0.00182984257117
P05	O2	30.000000	0.000309285591356
P05	O2	31.000000	0.000127410748973
P05	O2	32.000000	0.000759940128773
P05	O2	33.000000	0.00151757034473
P05	O2	34.000000	0.00144899787847
P05	O2	35.000000	0.000916993943974
P05	O2	36.000000	0.000399988755817
P05	O2	37.000000	0.000210231737583
P05	O2	38.000000	0.000142944933032
P05	O2	39.000000	0.000103385646071
P05	O2	40.000000	0.000419453688664
P05	O2	41.000000	0.000849238713272
P05	O2	42.000000	0.000318282778608
P05	O2	43.000000	7.05138227204e-05
P05	O2	44.000000	0.00012853257067
P05	O2	45.000000	0.000343476742273
P05	O2	46.000000	0.000470971921459
P05	O2	47.000000	0.000288421084406
P05	O2	48.000000	0.000680933706462
P05	O2	49.000000	0.000488595571369
P05	O2	50.000000	0.000426037760917
P05	O2	51.000000	7.29517182663e-07
P05	O2	52.000000	0.000629422429483
P05	O2	53.000000	0.000648235087283
P05	O2	54.000000	0.000769997248426
P05	O2	55.000000	0.000602918502409
P05	O2	56.000000	0.000161104864674
P05	O2	57.000000	4.49195395049e-05
P05	O2	58.000000	3.58980068995e-05
P05	O2	59.000000	0.000134578644065
P05	O2	60.000000	0.000238061184064
P05	O2	61.000000	0.000144318284583
P05	O2	62.000000	4.9937498261e-06
P05	O2	63.000000	3.19209284498e-05
P05	O2	64.000000	4.32400302088e-05
P05	O2	65.000000	0.000157773785759
P05	O2	66.000000	0.000163109521964
P05	O2	67.000000	0.000231105310377
P05	O2	68.000000	0.000296955753583
P05	O2	69.000000	0.000147541490151
P05	O2	70.000000	7.33480992494e-05
P05	O2	71.000000	0.000213724095374
P05	O2	72.000000	0.000241324014496
P05	O2	73.000000	0.000255139369983
P05	O2	74.000000	0.000234884922975
P05	O2	75.000000	0.000120316108223
P05	O2	76.000000	2.07495377254e-05
P05	O2	77.000000	9.88438114291e-06
P05	O2	78.000000	3.10063223878e-05
P05	O2	79.000000	8.10968867881e-06
P05	O2	80.000000	1.19488813652e-05
P05	PO4	1.000000	4.27621841431
P05	PO4	2.000000	0.553520977497
P05	PO4	3.000000	0.09594296664
P05	PO4	4.000000	0.106500059366
P05	PO4	5.000000	0.0457074977458
P05	PO4	6.000000	0.00632736831903
P05	PO4	7.000000	0.0107146697119
P05	PO4	8.000000	0.00307477754541
P05	PO4	9.000000	0.0125278737396
P05	PO4	10.000000	0.0043707722798
P05	PO4	11.000000	0.00725841615349
P05	PO4	12.000000	0.00419485056773
P05	PO4	13.000000	0.00429725646973
P05	PO4	14.000000	0.00437477324158
P05	PO4	15.000000	0.00152109947521
P05	PO4	16.000000	0.00118619948626
P05	PO4	17.000000	0.000848698487971
P05	PO4	18.000000	0.00369714596309
P05	PO4	19.000000	0.00054288766114
P05	PO4	20.000000	0.00108825962525
P05	PO4	21.000000	3.06891524815e-05
P05	PO4	22.000000	0.000148087376147
P05	PO4	23.000000	0.00210204557516
P05	PO4	24.000000	0.00253806542605
P05	PO4	25.000000	0.000275828118902
P05	PO4	26.000000	0.00089854124235
P05	PO4	27.000000	5.05764473928e-05
P05	PO4	28.000000	0.000251914578257
P05	PO4	29.000000	0.00140960142016
P05	PO4	30.000000	0.000392789166654
P05	PO4	31.000000	0.00023294831044
P05	PO4	32.000000	9.64235732681e-05
P05	PO4	33.000000	0.00120770744979
P05	PO4	34.000000	0.0027315528132
P05	PO4	35.000000	0.00140649569221
P05	PO4	36.000000	6.97716532159e-05
P05	PO4	37.000000	7.74466116127e-06
P05	PO4	38.000000	0.000210466358112
P05	PO4	39.000000	0.000340936909197
P05	PO4	40.000000	0.000551650300622
P05	PO4	41.000000	0.00155572488438
P05	PO4	42.000000	0.00108965439722
P05	PO4	43.000000	0.000895850826055
P05	PO4	44.000000	0.00110559689347
P05	PO4	45.000000	0.00105027039535
P05	PO4	46.000000	0.000335580756655
P05	PO4	47.000000	1.56478690769e-05
P05	PO4	48.000000	2.96551279462e-05
P05	PO4	49.000000	4.99336383655e-05
P05	PO4	50.000000	0.00018522272876
P05	PO4	51.000000	1.78171521839e-05
P05	PO4	52.000000	0.000393237016397
P05	PO4	53.000000	0.000363118975656
P05	PO4	54.000000	0.000130960441311
P05	PO4	55.000000	1.06143706944e-05
P05	PO4	56.000000	0.000131341163069
P05	PO4	57.000000	1.57644008141e-05
P05	PO4	58.000000	0.000171086809132
P05	PO4	59.000000	0.000102944570244
P05	PO4	60.000000	0.000146591788507
P05	PO4	61.000000	1.34541578518e-05
P05	PO4	62.000000	0.000135095018777
P05	PO4	63.000000	4.82835203002e-05
P05	PO4	64.000000	9.39234232646e-05
P05	PO4	65.000000	6.19993516011e-05
P05	PO4	66.000000	8.523202996e-05
P05	PO4	67.000000	3.01709023915e-05
P05	PO4	68.000000	3.90117347706e-05
P05	PO4	69.000000	4.54690780316e-05
P05	PO4	70.000000	6.94093541824e-05
P05	PO4	71.000000	0.000127327992232
P05	PO4	72.000000	2.21037698793e-05
P05	PO4	73.000000	0.000154393419507
P05	PO4	74.000000	0.000282975175651
P05	PO4	75.000000	0.000549972231966
P05	PO4	76.000000	0.000165080913575
P05	PO4	77.000000	1.49686411532e-06
P05	PO4	78.000000	3.68445071217e-05
P05	PO4	79.000000	0.000196250461158
P05	PO4	80.000000	5.37994601473e-05
P05	Pz	1.000000	1.46989631653
P05	Pz	2.000000	0.172419279814
P05	Pz	3.000000	0.195592686534
P05	Pz	4.000000	0.119709350169
P05	Pz	5.000000	0.0167675409466
P05	Pz	6.000000	0.00206869607791
P05	Pz	7.000000	0.00125379161909
P05	Pz	8.000000	0.00138180947397
P05	Pz	9.000000	0.00598722696304
P05	Pz	10.000000	0.0113865155727
P05	Pz	11.000000	0.00924925971776
P05	Pz	12.000000	0.00186674692668
P05	Pz	13.000000	0.00134834647179
P05	Pz	14.000000	0.00184143194929
P05	Pz	15.000000	0.00169238762464
P05	Pz	16.000000	0.00244531687349
P05	Pz	17.000000	0.00147883046884
P05	Pz	18.000000	8.07485630503e-05
P05	Pz	19.000000	0.001137435087
P05	Pz	20.000000	0.000221621536184
P05	Pz	21.000000	0.00119533785619
P05	Pz	22.000000	0.000729652820155
P05	Pz	23.000000	0.000363825500244
P05	Pz	24.000000	0.00258549954742
P05	Pz	25.000000	0.00107401271816
P05	Pz	26.000000	0.000827733136248
P05	Pz	27.000000	0.000641482532956
P05	Pz	28.000000	0.000616561039351
P05	Pz	29.000000	0.000290830590529
P05	Pz	30.000000	5.01224822074e-05
P05	Pz	31.000000	0.000172446263605
P05	Pz	32.000000	0.000356140400982
P05	Pz	33.000000	0.000466351950308
P05	Pz	34.000000	0.000185134325875
P05	Pz	35.000000	7.76591332396e-05
P05	Pz	36.000000	9.9461112768e-06
P05	Pz	37.000000	6.36978074908e-05
P05	Pz	38.000000	0.000429087376688
P05	Pz	39.000000	0.00027228219551
P05	Pz	40.000000	0.000138480012538
P05	Pz	41.000000	0.000372157315724
P05	Pz	42.000000	3.92180772906e-05
P05	Pz	43.000000	0.000112058580271
P05	Pz	44.000000	0.00023201147269
P05	Pz	45.000000	0.000152454274939
P05	Pz	46.000000	0.000177029491169
P05	Pz	47.000000	0.000149485465954
P05	Pz	48.000000	3.57302924385e-05
P05	Pz	49.000000	2.32916008827e-05
P05	Pz	50.000000	0.000111300949357
P05	Pz	51.000000	8.94040276762e-05
P05	Pz	52.000000	0.000526019255631
P05	Pz	53.000000	0.000218523884541
P05	Pz	54.000000	1.35625705298e-05
P05	Pz	55.000000	2.37510048464e-05
P05	Pz	56.000000	1.15369603009e-05
P05	Pz	57.000000	1.04030268631e-05
P05	Pz	58.000000	7.0374335337e-06
P05	Pz	59.000000	5.86212991038e-06
P05	Pz	60.000000	1.28848269014e-05
P05	Pz	61.000000	0.000120110067655
P05	Pz	62.000000	0.000347253808286
P05	Pz	63.000000	0.000126476064906
P05	Pz	64.000000	0.00011112017819
P05	Pz	65.000000	0.000293282122584
P05	Pz	66.000000	4.71282328363e-05
P05	Pz	67.000000	2.37127505898e-06
P05	Pz	68.000000	2.55749000644e-05
P05	Pz	69.000000	8.41082874103e-05
P05	Pz	70.000000	5.23665185028e-05
P05	Pz	71.000000	6.0952934291e-06
P05	Pz	72.000000	2.3439006327e-05
P05	Pz	73.000000	3.37117162417e-05
P05	Pz	74.000000	5.04964627908e-05
P05	Pz	75.000000	0.000189795260667
P05	Pz	76.000000	0.000261471606791
P05	Pz	77.000000	2.65236303676e-05
P05	Pz	78.000000	4.08292908105e-05
P05	Pz	79.000000	4.07820116379e-05
P05	Pz	80.000000	0.000155429748702
P05	CP1	1.000000	0.156603753567
P05	CP1	2.000000	0.048104967922
P05	CP1	3.000000	0.0975203588605
P05	CP1	4.000000	0.0403428412974
P05	CP1	5.000000	0.00357743841596
P05	CP1	6.000000	0.00694995932281
P05	CP1	7.000000	0.000414722599089
P05	CP1	8.000000	0.00637180684134
P05	CP1	9.000000	0.0164025835693
P05	CP1	10.000000	0.0112538347021
P05	CP1	11.000000	0.00198669568636
P05	CP1	12.000000	0.000678955751937
P05	CP1	13.000000	0.000840810709633
P05	CP1	14.000000	0.000810477067716
P05	CP1	15.000000	0.00115791277494
P05	CP1	16.000000	0.000725475663785
P05	CP1	17.000000	0.000100882352854
P05	CP1	18.000000	0.000820752582513
P05	CP1	19.000000	0.000686875311658
P05	CP1	20.000000	0.000574622128624
P05	CP1	21.000000	0.00104272936005
P05	CP1	22.000000	0.00145326333586
P05	CP1	23.000000	0.000349559093593
P05	CP1	24.000000	0.000277930608718
P05	CP1	25.000000	0.000355863652658
P05	CP1	26.000000	0.000821887864731
P05	CP1	27.000000	0.000973211310338
P05	CP1	28.000000	0.000789581739809
P05	CP1	29.000000	0.000408311985666
P05	CP1	30.000000	0.00133705255575
P05	CP1	31.000000	0.00132544222288
P05	CP1	32.000000	0.000317880767398
P05	CP1	33.000000	0.000453710905276
P05	CP1	34.000000	0.000749128812458
P05	CP1	35.000000	0.000135616443004
P05	CP1	36.000000	0.000184360949788
P05	CP1	37.000000	0.000298531638691
P05	CP1	38.000000	0.000448579899967
P05	CP1	39.000000	4.52086169389e-06
P05	CP1	40.000000	0.000167306832736
P05	CP1	41.000000	0.000124304511701
P05	CP1	42.000000	0.000158538328833
P05	CP1	43.000000	2.42054884438e-05
P05	CP1	44.000000	0.00022457029263
P05	CP1	45.000000	0.000572514371015
P05	CP1	46.000000	0.000236904408666
P05	CP1	47.000000	5.82598768233e-05
P05	CP1	48.000000	0.000264665373834
P05	CP1	49.000000	0.000324006890878
P05	CP1	50.000000	0.000107045016193
P05	CP1	51.000000	8.67676208145e-05
P05	CP1	52.000000	2.82912951661e-05
P05	CP1	53.000000	0.00019352939853
P05	CP1	54.000000	0.000512669794261
P05	CP1	55.000000	6.88274085405e-05
P05	CP1	56.000000	0.00019822944887
P05	CP1	57.000000	2.2754069505e-05
P05	CP1	58.000000	3.22285791299e-06
P05	CP1	59.000000	7.01305616531e-05
P05	CP1	60.000000	0.000249274715316
P05	CP1	61.000000	0.000174783490365
P05	CP1	62.000000	0.000257436098764
P05	CP1	63.000000	3.82671569241e-05
P05	CP1	64.000000	5.85424386372e-05
P05	CP1	65.000000	0.000129972890136
P05	CP1	66.000000	0.000192993349629
P05	CP1	67.000000	9.82022829703e-05
P05	CP1	68.000000	0.000119707081467
P05	CP1	69.000000	9.71428380581e-05
P05	CP1	70.000000	2.6965244615e-05
P05	CP1	71.000000	3.00008214253e-05
P05	CP1	72.000000	3.20804938383e-05
P05	CP1	73.000000	9.2626643891e-05
P05	CP1	74.000000	4.62953466922e-05
P05	CP1	75.000000	3.03662181977e-05
P05	CP1	76.000000	9.50863832259e-05
P05	CP1	77.000000	0.000172555402969
P05	CP1	78.000000	3.27415109496e-05
P05	CP1	79.000000	2.47135153586e-06
P05	CP1	80.000000	2.39156033786e-05
P05	FC1	1.000000	1.28516387939
P05	FC1	2.000000	0.2787065804
P05	FC1	3.000000	0.00369730242528
P05	FC1	4.000000	0.0104485964403
P05	FC1	5.000000	0.00316170160659
P05	FC1	6.000000	0.00416732020676
P05	FC1	7.000000	0.00921834073961
P05	FC1	8.000000	0.000205619842745
P05	FC1	9.000000	0.00341239012778
P05	FC1	10.000000	0.00361578003503
P05	FC1	11.000000	0.00488548353314
P05	FC1	12.000000	0.00502609787509
P05	FC1	13.000000	0.00338229769841
P05	FC1	14.000000	0.00216681533493
P05	FC1	15.000000	0.000168749902514
P05	FC1	16.000000	0.000531235767994
P05	FC1	17.000000	0.00044905138202
P05	FC1	18.000000	0.000364761712262
P05	FC1	19.000000	0.000545106187928
P05	FC1	20.000000	0.000221110574785
P05	FC1	21.000000	0.0015241575893
P05	FC1	22.000000	0.00216267956421
P05	FC1	23.000000	0.00180920399725
P05	FC1	24.000000	0.000107345287688
P05	FC1	25.000000	0.000122879369883
P05	FC1	26.000000	0.000308895570925
P05	FC1	27.000000	0.000989792868495
P05	FC1	28.000000	0.000762526702601
P05	FC1	29.000000	0.00188643136062
P05	FC1	30.000000	0.0013773504179
P05	FC1	31.000000	0.00128172151744
P05	FC1	32.000000	0.000907748588361
P05	FC1	33.000000	0.00129258749075
P05	FC1	34.000000	0.000578904291615
P05	FC1	35.000000	1.83897063835e-05
P05	FC1	36.000000	2.87806997221e-05
P05	FC1	37.000000	0.000237982822
P05	FC1	38.000000	0.000647277396638
P05	FC1	39.000000	0.000604907691013
P05	FC1	40.000000	0.000427523889812
P05	FC1	41.000000	0.00062061479548
P05	FC1	42.000000	0.000494055100717
P05	FC1	43.000000	0.000210435318877
P05	FC1	44.000000	0.000335878983606
P05	FC1	45.000000	0.000373104703613
P05	FC1	46.000000	0.000454754859675
P05	FC1	47.000000	0.000809937948361
P05	FC1	48.000000	0.000239370769123
P05	FC1	49.000000	0.000155569490744
P05	FC1	50.000000	0.000285610440187
P05	FC1	51.000000	6.65376719553e-05
P05	FC1	52.000000	6.10787828919e-05
P05	FC1	53.000000	0.000138124174555
P05	FC1	54.000000	0.000174584347405
P05	FC1	55.000000	6.75559713272e-05
P05	FC1	56.000000	2.57123974734e-06
P05	FC1	57.000000	3.66634958482e-05
P05	FC1	58.000000	0.000192013423657
P05	FC1	59.000000	0.000336709461408
P05	FC1	60.000000	8.33661179058e-05
P05	FC1	61.000000	2.45741066465e-05
P05	FC1	62.000000	3.9464168367e-05
P05	FC1	63.000000	0.000289923074888
P05	FC1	64.000000	0.000279026571661
P05	FC1	65.000000	0.000266597955488
P05	FC1	66.000000	0.00012185065134
P05	FC1	67.000000	9.45420033531e-05
P05	FC1	68.000000	0.000253790931311
P05	FC1	69.000000	0.000145210986375
P05	FC1	70.000000	7.05364891473e-06
P05	FC1	71.000000	9.27394867176e-05
P05	FC1	72.000000	0.000224137038458
P05	FC1	73.000000	0.000300736399367
P05	FC1	74.000000	6.05208833804e-06
P05	FC1	75.000000	0.000107540072349
P05	FC1	76.000000	0.000101458797872
P05	FC1	77.000000	7.5577867392e-05
P05	FC1	78.000000	5.74085352127e-05
P05	FC1	79.000000	0.000120522163343
P05	FC1	80.000000	0.000147101338371
P05	P3	1.000000	1.99986815453
P05	P3	2.000000	0.234078213573
P05	P3	3.000000	0.129251554608
P05	P3	4.000000	0.0704807564616
P05	P3	5.000000	0.0229553189129
P05	P3	6.000000	0.00638978322968
P05	P3	7.000000	0.00109262031037
P05	P3	8.000000	0.00474003050476
P05	P3	9.000000	0.00845604855567
P05	P3	10.000000	0.00409326795489
P05	P3	11.000000	0.0024409245234
P05	P3	12.000000	0.000128610743559
P05	P3	13.000000	0.00206694332883
P05	P3	14.000000	0.00107142911293
P05	P3	15.000000	0.000650726549793
P05	P3	16.000000	0.00108507636469
P05	P3	17.000000	0.00307024712674
P05	P3	18.000000	0.000188829013496
P05	P3	19.000000	0.00105233537033
P05	P3	20.000000	0.000598038954195
P05	P3	21.000000	8.45883732836e-06
P05	P3	22.000000	1.61513817147e-05
P05	P3	23.000000	8.13390579424e-05
P05	P3	24.000000	0.000267689698376
P05	P3	25.000000	0.00060898141237
P05	P3	26.000000	0.00127366324887
P05	P3	27.000000	0.000177755660843
P05	P3	28.000000	0.00033571314998
P05	P3	29.000000	0.00021193025168
P05	P3	30.000000	0.000278920837445
P05	P3	31.000000	0.000689691863954
P05	P3	32.000000	0.000373529823264
P05	P3	33.000000	0.000157062328071
P05	P3	34.000000	0.000105721177533
P05	P3	35.000000	0.000446874735644
P05	P3	36.000000	0.000555517734028
P05	P3	37.000000	0.000157843300258
P05	P3	38.000000	0.000631658942439
P05	P3	39.000000	0.000189400001545
P05	P3	40.000000	0.000337410834618
P05	P3	41.000000	0.000487161742058
P05	P3	42.000000	0.000286772061372
P05	P3	43.000000	1.37919187182e-06
P05	P3	44.000000	5.00764099343e-06
P05	P3	45.000000	2.9880668535e-06
P05	P3	46.000000	0.000363349739928
P05	P3	47.000000	0.000380252138712
P05	P3	48.000000	1.68010938069e-05
P05	P3	49.000000	5.73677098146e-05
P05	P3	50.000000	3.28769573343e-07
P05	P3	51.000000	2.75907386822e-05
P05	P3	52.000000	0.00010219097021
P05	P3	53.000000	3.75967351829e-06
P05	P3	54.000000	0.000136964430567
P05	P3	55.000000	0.000118733958516
P05	P3	56.000000	0.000218644112465
P05	P3	57.000000	9.84534417512e-05
P05	P3	58.000000	1.68859023688e-05
P05	P3	59.000000	0.000250363664236
P05	P3	60.000000	0.000328030670062
P05	P3	61.000000	9.29675879888e-05
P05	P3	62.000000	6.49175053695e-05
P05	P3	63.000000	8.2162929175e-05
P05	P3	64.000000	1.33054982143e-06
P05	P3	65.000000	2.20676884055e-05
P05	P3	66.000000	1.42857970786e-05
P05	P3	67.000000	6.23048763373e-05
P05	P3	68.000000	2.11326077988e-05
P05	P3	69.000000	2.47017705988e-05
P05	P3	70.000000	6.98651092534e-06
P05	P3	71.000000	7.15086425771e-05
P05	P3	72.000000	0.000156117894221
P05	P3	73.000000	8.99883598322e-05
P05	P3	74.000000	0.000151440835907
P05	P3	75.000000	0.000258160318481
P05	P3	76.000000	9.73165078904e-05
P05	P3	77.000000	0.000171372943441
P05	P3	78.000000	0.000105541272205
P05	P3	79.000000	1.08366712084e-05
P05	P3	80.000000	5.65758600715e-05
P05	C3	1.000000	0.222750216722
P05	C3	2.000000	0.0585347376764
P05	C3	3.000000	0.0102427946404
P05	C3	4.000000	0.00753620732576
P05	C3	5.000000	0.00582243548706
P05	C3	6.000000	0.00174556870479
P05	C3	7.000000	0.0106587847695
P05	C3	8.000000	0.00434136018157
P05	C3	9.000000	0.000147657541675
P05	C3	10.000000	0.00347368861549
P05	C3	11.000000	0.0122635057196
P05	C3	12.000000	0.0019376790151
P05	C3	13.000000	0.00117563456297
P05	C3	14.000000	0.000178441026947
P05	C3	15.000000	7.22508002582e-06
P05	C3	16.000000	0.00143919757102
P05	C3	17.000000	0.00348054571077
P05	C3	18.000000	0.00155324849766
P05	C3	19.000000	0.000819231325295
P05	C3	20.000000	0.000803510542028
P05	C3	21.000000	0.000671901565511
P05	C3	22.000000	0.0003825261374
P05	C3	23.000000	0.000271101016551
P05	C3	24.000000	0.000118264171761
P05	C3	25.000000	4.33639388575e-06
P05	C3	26.000000	0.000327778863721
P05	C3	27.000000	0.000118255826237
P05	C3	28.000000	0.000616471283138
P05	C3	29.000000	0.000614961085375
P05	C3	30.000000	7.87751469034e-06
P05	C3	31.000000	0.000286177964881
P05	C3	32.000000	0.000409755157307
P05	C3	33.000000	0.000555733335204
P05	C3	34.000000	0.000601565814577
P05	C3	35.000000	0.000411689805333
P05	C3	36.000000	0.000181786541361
P05	C3	37.000000	0.000299838458886
P05	C3	38.000000	0.000546754745301
P05	C3	39.000000	0.000332649273332
P05	C3	40.000000	6.97671202943e-05
P05	C3	41.000000	0.000110160632175
P05	C3	42.000000	9.79233373073e-05
P05	C3	43.000000	6.29148053122e-05
P05	C3	44.000000	0.000152740845806
P05	C3	45.000000	4.5527376642e-06
P05	C3	46.000000	0.000109898239316
P05	C3	47.000000	3.20578510582e-05
P05	C3	48.000000	1.37386277856e-05
P05	C3	49.000000	6.99784641256e-06
P05	C3	50.000000	4.50945008197e-05
P05	C3	51.000000	7.68355093896e-05
P05	C3	52.000000	0.000150290259626
P05	C3	53.000000	0.000158094670041
P05	C3	54.000000	1.80451679626e-05
P05	C3	55.000000	1.2199036064e-05
P05	C3	56.000000	0.000231583078858
P05	C3	57.000000	0.000298779574223
P05	C3	58.000000	6.5026943048e-05
P05	C3	59.000000	0.000337784644216
P05	C3	60.000000	6.39809295535e-05
P05	C3	61.000000	6.0115744418e-05
P05	C3	62.000000	0.000153113200213
P05	C3	63.000000	0.000103836588096
P05	C3	64.000000	2.78092393273e-05
P05	C3	65.000000	6.83982125338e-06
P05	C3	66.000000	0.000114358808787
P05	C3	67.000000	6.07266447332e-05
P05	C3	68.000000	0.000107287836727
P05	C3	69.000000	3.50653463101e-05
P05	C3	70.000000	2.32474540098e-05
P05	C3	71.000000	1.98234592972e-05
P05	C3	72.000000	4.82387622469e-05
P05	C3	73.000000	7.67741003074e-05
P05	C3	74.000000	9.58878808888e-05
P05	C3	75.000000	8.30657445476e-05
P05	C3	76.000000	1.0694084267e-05
P05	C3	77.000000	5.82577085879e-05
P05	C3	78.000000	0.000132221801323
P05	C3	79.000000	9.80238473858e-05
P05	C3	80.000000	0.000166672645719
P05	F3	1.000000	1.95838594437
P05	F3	2.000000	0.248240709305
P05	F3	3.000000	0.0770298913121
P05	F3	4.000000	0.0295599848032
P05	F3	5.000000	0.0265042297542
P05	F3	6.000000	0.00945373531431
P05	F3	7.000000	0.00235808384605
P05	F3	8.000000	0.00514292623848
P05	F3	9.000000	0.021612977609
P05	F3	10.000000	0.0132587850094
P05	F3	11.000000	0.0024019095581
P05	F3	12.000000	0.00332393776625
P05	F3	13.000000	0.00291480054148
P05	F3	14.000000	0.00243399944156
P05	F3	15.000000	0.00246312399395
P05	F3	16.000000	0.00641967635602
P05	F3	17.000000	0.00196243077517
P05	F3	18.000000	0.000631737173535
P05	F3	19.000000	0.00160141242668
P05	F3	20.000000	0.000944289844483
P05	F3	21.000000	0.00152594910469
P05	F3	22.000000	0.00361103657633
P05	F3	23.000000	0.00274019129574
P05	F3	24.000000	0.000993382534944
P05	F3	25.000000	0.00121936853975
P05	F3	26.000000	0.00155329040717
P05	F3	27.000000	0.00254472019151
P05	F3	28.000000	0.00257038720883
P05	F3	29.000000	0.00104186078534
P05	F3	30.000000	0.000123135789181
P05	F3	31.000000	0.000494660926051
P05	F3	32.000000	0.000370216817828
P05	F3	33.000000	0.000121509663586
P05	F3	34.000000	0.000195472952328
P05	F3	35.000000	0.000146775462781
P05	F3	36.000000	0.000263189169345
P05	F3	37.000000	0.000158402792295
P05	F3	38.000000	0.000147585567902
P05	F3	39.000000	0.000409983680584
P05	F3	40.000000	0.000771224382333
P05	F3	41.000000	0.000270523945801
P05	F3	42.000000	0.000143004435813
P05	F3	43.000000	0.000382179394364
P05	F3	44.000000	0.000406506645959
P05	F3	45.000000	0.000313400843879
P05	F3	46.000000	3.24278562402e-06
P05	F3	47.000000	9.82872734312e-05
P05	F3	48.000000	0.000560940767173
P05	F3	49.000000	0.000857502571307
P05	F3	50.000000	0.000166892583366
P05	F3	51.000000	0.000244921859121
P05	F3	52.000000	0.000111364759505
P05	F3	53.000000	0.000150585794472
P05	F3	54.000000	0.000125737162307
P05	F3	55.000000	0.000661144265905
P05	F3	56.000000	0.000766371493228
P05	F3	57.000000	0.000194039545022
P05	F3	58.000000	0.000118093004858
P05	F3	59.000000	0.000290657422738
P05	F3	60.000000	0.000534945866093
P05	F3	61.000000	0.000318689504638
P05	F3	62.000000	4.16353759647e-05
P05	F3	63.000000	3.18758393405e-05
P05	F3	64.000000	3.9665690565e-05
P05	F3	65.000000	2.2950841867e-06
P05	F3	66.000000	0.000238581109443
P05	F3	67.000000	0.000280710170045
P05	F3	68.000000	0.000248352822382
P05	F3	69.000000	3.72807626263e-05
P05	F3	70.000000	2.46174968197e-05
P05	F3	71.000000	7.65271761338e-05
P05	F3	72.000000	0.000254083366599
P05	F3	73.000000	0.000116386574518
P05	F3	74.000000	3.53253199137e-05
P05	F3	75.000000	0.000171164530911
P05	F3	76.000000	0.000892379204743
P05	F3	77.000000	0.000904719578102
P05	F3	78.000000	0.000125500038848
P05	F3	79.000000	2.4106591809e-05
P05	F3	80.000000	0.000202493989491
P05	F7	1.000000	1.07197749615
P05	F7	2.000000	0.0396899469197
P05	F7	3.000000	0.116642273962
P05	F7	4.000000	0.0790366977453
P05	F7	5.000000	0.0164273753762
P05	F7	6.000000	0.0071455235593
P05	F7	7.000000	0.00145711214282
P05	F7	8.000000	0.00250683515333
P05	F7	9.000000	0.0153410239145
P05	F7	10.000000	0.0205759294331
P05	F7	11.000000	0.00685383658856
P05	F7	12.000000	0.0114630162716
P05	F7	13.000000	0.0187612306327
P05	F7	14.000000	0.0129779968411
P05	F7	15.000000	0.00182903872337
P05	F7	16.000000	0.00277956249192
P05	F7	17.000000	0.00048254916328
P05	F7	18.000000	0.000276173639577
P05	F7	19.000000	0.000677585368976
P05	F7	20.000000	0.00372920674272
P05	F7	21.000000	0.000771323917434
P05	F7	22.000000	0.000624497828539
P05	F7	23.000000	0.000334712560289
P05	F7	24.000000	0.00114839256275
P05	F7	25.000000	0.00609417865053
P05	F7	26.000000	0.00376027124003
P05	F7	27.000000	0.000151381856995
P05	F7	28.000000	0.00055197958136
P05	F7	29.000000	0.000366450636648
P05	F7	30.000000	0.000575354672037
P05	F7	31.000000	8.94501354196e-05
P05	F7	32.000000	0.00288131600246
P05	F7	33.000000	0.00168997514993
P05	F7	34.000000	0.00116632017307
P05	F7	35.000000	0.00165005517192
P05	F7	36.000000	0.000803650182206
P05	F7	37.000000	0.000282141350908
P05	F7	38.000000	0.000558654079214
P05	F7	39.000000	0.00120413547847
P05	F7	40.000000	0.0014393448364
P05	F7	41.000000	0.000254750717431
P05	F7	42.000000	0.000195618718863
P05	F7	43.000000	0.00121559028048
P05	F7	44.000000	0.000749197322875
P05	F7	45.000000	6.46519329166e-05
P05	F7	46.000000	0.000309903902235
P05	F7	47.000000	0.000180311428267
P05	F7	48.000000	0.000134801113745
P05	F7	49.000000	0.000101426710899
P05	F7	50.000000	0.000378635828383
P05	F7	51.000000	7.53517670091e-05
P05	F7	52.000000	1.32968243634e-05
P05	F7	53.000000	0.000148075894685
P05	F7	54.000000	0.000346754794009
P05	F7	55.000000	5.34541050001e-06
P05	F7	56.000000	0.000212293496588
P05	F7	57.000000	0.000162269032444
P05	F7	58.000000	1.20479580801e-05
P05	F7	59.000000	4.72781030112e-05
P05	F7	60.000000	0.000110199449409
P05	F7	61.000000	0.000326027075062
P05	F7	62.000000	9.37835065997e-05
P05	F7	63.000000	7.88733668742e-05
P05	F7	64.000000	4.37407434219e-05
P05	F7	65.000000	0.000237101776293
P05	F7	66.000000	0.00135477818549
P05	F7	67.000000	0.00134082441218
P05	F7	68.000000	0.000164265031344
P05	F7	69.000000	7.98364417278e-05
P05	F7	70.000000	8.12235302874e-05
P05	F7	71.000000	3.00162628264e-05
P05	F7	72.000000	1.60354902619e-05
P05	F7	73.000000	3.53792675014e-05
P05	F7	74.000000	0.000233692146139
P05	F7	75.000000	0.000228564604186
P05	F7	76.000000	4.2927575123e-05
P05	F7	77.000000	1.91688450286e-05
P05	F7	78.000000	0.00010809032392
P05	F7	79.000000	2.16692715185e-05
P05	F7	80.000000	9.53127455432e-05
P05	FC5	1.000000	0.425083577633
P05	FC5	2.000000	0.0226762574166
P05	FC5	3.000000	0.0168604385108
P05	FC5	4.000000	0.0212921369821
P05	FC5	5.000000	0.0123719293624
P05	FC5	6.000000	5.3463822951e-06
P05	FC5	7.000000	0.00632494920865
P05	FC5	8.000000	0.00323028163984
P05	FC5	9.000000	0.00640540430322
P05	FC5	10.000000	0.00122514285613
P05	FC5	11.000000	0.0077355960384
P05	FC5	12.000000	0.00522297993302
P05	FC5	13.000000	0.00398930720985
P05	FC5	14.000000	0.000403828307753
P05	FC5	15.000000	0.000138161383802
P05	FC5	16.000000	0.00149824179243
P05	FC5	17.000000	0.00130411994178
P05	FC5	18.000000	0.000267782714218
P05	FC5	19.000000	0.000780251983088
P05	FC5	20.000000	0.000250343466178
P05	FC5	21.000000	0.000145911733853
P05	FC5	22.000000	0.000462145399069
P05	FC5	23.000000	0.000579940737225
P05	FC5	24.000000	4.28095881944e-05
P05	FC5	25.000000	0.000792085193098
P05	FC5	26.000000	0.00138547981624
P05	FC5	27.000000	0.000293726305244
P05	FC5	28.000000	4.47557285952e-05
P05	FC5	29.000000	0.000778320187237
P05	FC5	30.000000	0.000398136588046
P05	FC5	31.000000	0.000317686179187
P05	FC5	32.000000	0.000638935831375
P05	FC5	33.000000	0.000601961626671
P05	FC5	34.000000	8.23347145342e-05
P05	FC5	35.000000	0.000336012279149
P05	FC5	36.000000	0.000435367110185
P05	FC5	37.000000	0.000627753441222
P05	FC5	38.000000	2.25164785661e-05
P05	FC5	39.000000	5.92077049077e-05
P05	FC5	40.000000	0.000234644438024
P05	FC5	41.000000	0.000296489044558
P05	FC5	42.000000	9.65888011706e-06
P05	FC5	43.000000	8.34741804283e-05
P05	FC5	44.000000	4.97403816553e-05
P05	FC5	45.000000	8.98110374692e-05
P05	FC5	46.000000	1.73695680132e-05
P05	FC5	47.000000	0.000138252216857
P05	FC5	48.000000	0.000279771222267
P05	FC5	49.000000	0.000285221118247
P05	FC5	50.000000	0.000143311001011
P05	FC5	51.000000	4.9794500228e-05
P05	FC5	52.000000	2.83104691334e-05
P05	FC5	53.000000	0.00021771316824
P05	FC5	54.000000	0.000250321580097
P05	FC5	55.000000	0.000125182777992
P05	FC5	56.000000	1.26507738969e-05
P05	FC5	57.000000	0.000204653551918
P05	FC5	58.000000	0.000201869523153
P05	FC5	59.000000	0.000229632525588
P05	FC5	60.000000	7.84033254604e-05
P05	FC5	61.000000	0.000103335929452
P05	FC5	62.000000	0.000369141052943
P05	FC5	63.000000	0.000214960920857
P05	FC5	64.000000	7.37590744393e-05
P05	FC5	65.000000	8.59915144247e-06
P05	FC5	66.000000	3.25122600771e-05
P05	FC5	67.000000	0.000185621946002
P05	FC5	68.000000	3.93903883378e-06
P05	FC5	69.000000	0.000366680353181
P05	FC5	70.000000	0.000184222255484
P05	FC5	71.000000	6.39413315184e-07
P05	FC5	72.000000	0.000111988527351
P05	FC5	73.000000	0.000229414363275
P05	FC5	74.000000	0.000153302389663
P05	FC5	75.000000	0.0001031664724
P05	FC5	76.000000	2.96988673654e-05
P05	FC5	77.000000	4.78710244352e-05
P05	FC5	78.000000	4.48027421953e-05
P05	FC5	79.000000	8.68946372066e-05
P05	FC5	80.000000	0.000240766923525
P05	CP5	1.000000	0.129116758704
P05	CP5	2.000000	0.0189606901258
P05	CP5	3.000000	0.0265191439539
P05	CP5	4.000000	0.00188592483755
P05	CP5	5.000000	0.000137663490023
P05	CP5	6.000000	0.00410562986508
P05	CP5	7.000000	0.00451705511659
P05	CP5	8.000000	0.000859697407577
P05	CP5	9.000000	0.000606190296821
P05	CP5	10.000000	0.00602498045191
P05	CP5	11.000000	0.0164324585348
P05	CP5	12.000000	0.00258728093468
P05	CP5	13.000000	0.00146631454118
P05	CP5	14.000000	0.000302554632071
P05	CP5	15.000000	0.000279861909803
P05	CP5	16.000000	0.00026177946711
P05	CP5	17.000000	0.000848317460623
P05	CP5	18.000000	0.000649228459224
P05	CP5	19.000000	0.00148063176312
P05	CP5	20.000000	0.00143767427653
P05	CP5	21.000000	0.000424767902587
P05	CP5	22.000000	0.00118332507554
P05	CP5	23.000000	0.00106438761577
P05	CP5	24.000000	6.79036247675e-06
P05	CP5	25.000000	0.000560867832974
P05	CP5	26.000000	0.000395824521547
P05	CP5	27.000000	0.00044149835594
P05	CP5	28.000000	0.000945440493524
P05	CP5	29.000000	0.000258858228335
P05	CP5	30.000000	0.000387266685721
P05	CP5	31.000000	0.000451847037766
P05	CP5	32.000000	0.000968057254795
P05	CP5	33.000000	0.000717553368304
P05	CP5	34.000000	0.000565875438042
P05	CP5	35.000000	0.000541446555872
P05	CP5	36.000000	0.000140519463457
P05	CP5	37.000000	0.000569939846173
P05	CP5	38.000000	0.000444219767815
P05	CP5	39.000000	0.000282140856143
P05	CP5	40.000000	3.15282086376e-05
P05	CP5	41.000000	0.000104925922642
P05	CP5	42.000000	0.000192612278624
P05	CP5	43.000000	0.000434415327618
P05	CP5	44.000000	0.000636468990706
P05	CP5	45.000000	0.000439341558376
P05	CP5	46.000000	0.000489143363666
P05	CP5	47.000000	8.43465313665e-05
P05	CP5	48.000000	3.50155787601e-05
P05	CP5	49.000000	0.000287629663944
P05	CP5	50.000000	0.000411984336097
P05	CP5	51.000000	0.000324671767885
P05	CP5	52.000000	0.000135437876452
P05	CP5	53.000000	6.51766640658e-06
P05	CP5	54.000000	1.82299954758e-05
P05	CP5	55.000000	0.000159457660629
P05	CP5	56.000000	0.000100133191154
P05	CP5	57.000000	7.08485856649e-07
P05	CP5	58.000000	1.92757652258e-05
P05	CP5	59.000000	4.46492995252e-05
P05	CP5	60.000000	1.43205261338e-05
P05	CP5	61.000000	8.14585018816e-06
P05	CP5	62.000000	6.22420047875e-05
P05	CP5	63.000000	0.000151913875015
P05	CP5	64.000000	4.51036430604e-05
P05	CP5	65.000000	0.000248472730163
P05	CP5	66.000000	0.000211679405766
P05	CP5	67.000000	0.000202994153369
P05	CP5	68.000000	1.5001293832e-05
P05	CP5	69.000000	1.2191044334e-05
P05	CP5	70.000000	1.61753941939e-05
P05	CP5	71.000000	4.8970541684e-05
P05	CP5	72.000000	5.01240465383e-05
P05	CP5	73.000000	0.000119069176435
P05	CP5	74.000000	0.000345456355717
P05	CP5	75.000000	0.000248295255005
P05	CP5	76.000000	0.000109306703962
P05	CP5	77.000000	0.000108825079224
P05	CP5	78.000000	0.000161458548973
P05	CP5	79.000000	0.000207153891097
P05	CP5	80.000000	0.000101382902358
P05	T7	1.000000	0.521604180336
P05	T7	2.000000	0.0335607454181
P05	T7	3.000000	0.0319336429238
P05	T7	4.000000	0.0130065483972
P05	T7	5.000000	0.0155370896682
P05	T7	6.000000	0.00552580971271
P05	T7	7.000000	0.00935456901789
P05	T7	8.000000	0.000544423121028
P05	T7	9.000000	0.00524080777541
P05	T7	10.000000	0.00508179375902
P05	T7	11.000000	0.00196475698613
P05	T7	12.000000	0.00329742231406
P05	T7	13.000000	0.00303132180125
P05	T7	14.000000	0.00291100749746
P05	T7	15.000000	0.0010522804223
P05	T7	16.000000	0.00419325288385
P05	T7	17.000000	0.00357425911352
P05	T7	18.000000	0.00344901136123
P05	T7	19.000000	0.0032261882443
P05	T7	20.000000	0.0115196024999
P05	T7	21.000000	0.00487404828891
P05	T7	22.000000	0.000781214912422
P05	T7	23.000000	0.00123680545948
P05	T7	24.000000	2.61519071501e-05
P05	T7	25.000000	0.000839184445795
P05	T7	26.000000	0.000300256331684
P05	T7	27.000000	1.90643713722e-05
P05	T7	28.000000	0.000212390645174
P05	T7	29.000000	0.000859088962898
P05	T7	30.000000	0.000119884731248
P05	T7	31.000000	0.00100598821882
P05	T7	32.000000	0.000687211635523
P05	T7	33.000000	2.70666732831e-05
P05	T7	34.000000	0.000245161965722
P05	T7	35.000000	0.00031075879815
P05	T7	36.000000	8.05879826657e-05
P05	T7	37.000000	0.000253224076005
P05	T7	38.000000	0.000824712973554
P05	T7	39.000000	0.000218316519749
P05	T7	40.000000	0.00166558870114
P05	T7	41.000000	0.00150117091835
P05	T7	42.000000	0.000282086315565
P05	T7	43.000000	0.000572354067117
P05	T7	44.000000	0.000454816035926
P05	T7	45.000000	0.00105925730895
P05	T7	46.000000	0.000539699802175
P05	T7	47.000000	0.000470361410407
P05	T7	48.000000	0.000116751078167
P05	T7	49.000000	8.79556046129e-06
P05	T7	50.000000	7.1041227784e-05
P05	T7	51.000000	0.000704057165422
P05	T7	52.000000	0.00100406375714
P05	T7	53.000000	0.000578574079555
P05	T7	54.000000	0.000518235960044
P05	T7	55.000000	0.000310217292281
P05	T7	56.000000	9.18140212889e-05
P05	T7	57.000000	0.000350748974597
P05	T7	58.000000	0.000293707387755
P05	T7	59.000000	7.86645250628e-05
P05	T7	60.000000	7.24884157535e-05
P05	T7	61.000000	7.0254514867e-05
P05	T7	62.000000	0.000304771325318
P05	T7	63.000000	0.000154170047608
P05	T7	64.000000	0.000404156482546
P05	T7	65.000000	0.000283033557935
P05	T7	66.000000	0.000251924939221
P05	T7	67.000000	7.49044775148e-05
P05	T7	68.000000	0.000123186255223
P05	T7	69.000000	0.000438502524048
P05	T7	70.000000	0.000219102774281
P05	T7	71.000000	3.23215172102e-05
P05	T7	72.000000	7.69383186707e-05
P05	T7	73.000000	2.66199986072e-05
P05	T7	74.000000	3.64222360076e-05
P05	T7	75.000000	8.35393730085e-05
P05	T7	76.000000	0.000203345422051
P05	T7	77.000000	0.000642341852654
P05	T7	78.000000	0.000719032483175
P05	T7	79.000000	0.000295940844808
P05	T7	80.000000	0.000164226847119
P05	P7	1.000000	1.74199390411
P05	P7	2.000000	0.325831800699
P05	P7	3.000000	0.0235641170293
P05	P7	4.000000	0.00980957783759
P05	P7	5.000000	0.00143094838131
P05	P7	6.000000	0.00137555447873
P05	P7	7.000000	0.00486028939486
P05	P7	8.000000	0.00155200227164
P05	P7	9.000000	0.000203076546313
P05	P7	10.000000	0.00050842174096
P05	P7	11.000000	0.00184601824731
P05	P7	12.000000	3.15101824526e-05
P05	P7	13.000000	0.0028138353955
P05	P7	14.000000	0.00231344206259
P05	P7	15.000000	0.00465162703767
P05	P7	16.000000	0.0066446904093
P05	P7	17.000000	0.00206909049302
P05	P7	18.000000	0.000238746360992
P05	P7	19.000000	0.000618278223556
P05	P7	20.000000	0.000393861264456
P05	P7	21.000000	0.000652890186757
P05	P7	22.000000	7.78866087785e-05
P05	P7	23.000000	0.000243026428507
P05	P7	24.000000	0.00035349992686
P05	P7	25.000000	0.000282326975139
P05	P7	26.000000	0.000379219913157
P05	P7	27.000000	0.000309696450131
P05	P7	28.000000	0.000586123031098
P05	P7	29.000000	0.00147557794116
P05	P7	30.000000	0.00262876250781
P05	P7	31.000000	0.00318607804365
P05	P7	32.000000	0.00100262905471
P05	P7	33.000000	3.96568175347e-05
P05	P7	34.000000	0.000222612303332
P05	P7	35.000000	8.17549880594e-06
P05	P7	36.000000	0.00108698045369
P05	P7	37.000000	0.00158807937987
P05	P7	38.000000	0.000666895066388
P05	P7	39.000000	0.000322464416968
P05	P7	40.000000	0.000184590506251
P05	P7	41.000000	0.000746723613702
P05	P7	42.000000	0.000420955184381
P05	P7	43.000000	0.000418500538217
P05	P7	44.000000	0.000288480543531
P05	P7	45.000000	0.000172978179762
P05	P7	46.000000	0.000230812802329
P05	P7	47.000000	0.000122641955386
P05	P7	48.000000	8.05879244581e-05
P05	P7	49.000000	1.01800678749e-05
P05	P7	50.000000	2.94891378871e-05
P05	P7	51.000000	0.000161346470122
P05	P7	52.000000	0.000233186394325
P05	P7	53.000000	4.43904464191e-05
P05	P7	54.000000	0.000209090518183
P05	P7	55.000000	0.000489433994517
P05	P7	56.000000	0.000383450969821
P05	P7	57.000000	0.000303314591292
P05	P7	58.000000	0.000249564065598
P05	P7	59.000000	0.000783142633736
P05	P7	60.000000	0.00127420795616
P05	P7	61.000000	0.000658928125631
P05	P7	62.000000	3.80555029551e-05
P05	P7	63.000000	2.83821536868e-05
P05	P7	64.000000	4.86671415274e-05
P05	P7	65.000000	0.000338632176863
P05	P7	66.000000	0.000358379998943
P05	P7	67.000000	0.000368123932276
P05	P7	68.000000	8.84492351361e-07
P05	P7	69.000000	9.74806171143e-05
P05	P7	70.000000	6.79920849507e-05
P05	P7	71.000000	0.0002410451998
P05	P7	72.000000	0.000189357320778
P05	P7	73.000000	0.00055638840422
P05	P7	74.000000	0.000284972338704
P05	P7	75.000000	0.00015386652376
P05	P7	76.000000	4.20952674176e-05
P05	P7	77.000000	0.00014753373398
P05	P7	78.000000	0.000190708509763
P05	P7	79.000000	0.000289302173769
P05	P7	80.000000	0.000186248769751
P06	P8	1.000000	1.3487790823
P06	P8	2.000000	0.159809693694
P06	P8	3.000000	0.052094578743
P06	P8	4.000000	0.074333332479
P06	P8	5.000000	0.0513512939215
P06	P8	6.000000	0.0238328259438
P06	P8	7.000000	0.0107626561075
P06	P8	8.000000	0.00793554540724
P06	P8	9.000000	0.00216629728675
P06	P8	10.000000	0.00791442859918
P06	P8	11.000000	0.00719030480832
P06	P8	12.000000	0.00279040262103
P06	P8	13.000000	0.00359824695624
P06	P8	14.000000	0.000565421476495
P06	P8	15.000000	0.00280998600647
P06	P8	16.000000	0.00219077710062
P06	P8	17.000000	0.00133204401936
P06	P8	18.000000	0.00266747479327
P06	P8	19.000000	0.0124139944091
P06	P8	20.000000	0.00450046174228
P06	P8	21.000000	0.00274349050596
P06	P8	22.000000	0.00259719439782
P06	P8	23.000000	0.00133142643608
P06	P8	24.000000	0.00119897467084
P06	P8	25.000000	0.00109088257886
P06	P8	26.000000	0.00110151013359
P06	P8	27.000000	0.000865805486683
P06	P8	28.000000	0.00112746807281
P06	P8	29.000000	0.00208498514257
P06	P8	30.000000	0.00507682142779
P06	P8	31.000000	0.00357516366057
P06	P8	32.000000	0.000317291676765
P06	P8	33.000000	5.19274317412e-06
P06	P8	34.000000	0.000898188503925
P06	P8	35.000000	0.00371858617291
P06	P8	36.000000	0.00546399876475
P06	P8	37.000000	0.0014912923798
P06	P8	38.000000	0.00289194798097
P06	P8	39.000000	0.00118056556676
P06	P8	40.000000	0.000650386733469
P06	P8	41.000000	0.00100890011527
P06	P8	42.000000	8.26632531243e-05
P06	P8	43.000000	6.80315861246e-05
P06	P8	44.000000	0.000736458401661
P06	P8	45.000000	0.00145617267117
P06	P8	46.000000	0.000174467044417
P06	P8	47.000000	0.00042047369061
P06	P8	48.000000	0.000759174232371
P06	P8	49.000000	0.00138854118995
P06	P8	50.000000	0.00254173227586
P06	P8	51.000000	0.000852722325362
P06	P8	52.000000	0.000120533084555
P06	P8	53.000000	0.000193820917048
P06	P8	54.000000	0.000146769569255
P06	P8	55.000000	0.00023567599419
P06	P8	56.000000	0.00020787640824
P06	P8	57.000000	0.000761205679737
P06	P8	58.000000	0.00158247922082
P06	P8	59.000000	0.000475529202959
P06	P8	60.000000	0.000913221680094
P06	P8	61.000000	0.00107033888344
P06	P8	62.000000	0.000364741077647
P06	P8	63.000000	0.000511847028974
P06	P8	64.000000	0.000244129725615
P06	P8	65.000000	0.000104430728243
P06	P8	66.000000	0.000806564697996
P06	P8	67.000000	0.000156891168444
P06	P8	68.000000	0.000635160307866
P06	P8	69.000000	0.000750966719352
P06	P8	70.000000	0.000325877539581
P06	P8	71.000000	0.000199110858375
P06	P8	72.000000	9.47221560637e-05
P06	P8	73.000000	0.000499264278915
P06	P8	74.000000	0.000136876842589
P06	P8	75.000000	0.000464708224172
P06	P8	76.000000	0.000493143568747
P06	P8	77.000000	8.57420491229e-06
P06	P8	78.000000	9.75811708486e-05
P06	P8	79.000000	0.000278901250567
P06	P8	80.000000	0.000233624770772
P06	T8	1.000000	0.357446789742
P06	T8	2.000000	0.209084182978
P06	T8	3.000000	0.124089404941
P06	T8	4.000000	0.00107716897037
P06	T8	5.000000	0.0148618817329
P06	T8	6.000000	0.0285139195621
P06	T8	7.000000	0.0718127563596
P06	T8	8.000000	0.00167892640457
P06	T8	9.000000	0.00829341076314
P06	T8	10.000000	0.0172777529806
P06	T8	11.000000	0.0438091084361
P06	T8	12.000000	0.0248402915895
P06	T8	13.000000	0.00875769928098
P06	T8	14.000000	0.0086254812777
P06	T8	15.000000	0.0106383888051
P06	T8	16.000000	0.00306277070194
P06	T8	17.000000	0.0150869805366
P06	T8	18.000000	0.0066533125937
P06	T8	19.000000	0.00184653478209
P06	T8	20.000000	0.00235747522675
P06	T8	21.000000	0.00399215286598
P06	T8	22.000000	0.00735368160531
P06	T8	23.000000	0.0160507094115
P06	T8	24.000000	0.00140504376031
P06	T8	25.000000	0.0015491922386
P06	T8	26.000000	0.000593400909565
P06	T8	27.000000	0.000795721134637
P06	T8	28.000000	0.00888274423778
P06	T8	29.000000	0.00957597047091
P06	T8	30.000000	0.00772281736135
P06	T8	31.000000	0.00928771775216
P06	T8	32.000000	0.000881683954503
P06	T8	33.000000	0.00685417978093
P06	T8	34.000000	0.0022801051382
P06	T8	35.000000	0.00242266408168
P06	T8	36.000000	0.0178731381893
P06	T8	37.000000	0.0128320995718
P06	T8	38.000000	0.00421377504244
P06	T8	39.000000	0.00394717557356
P06	T8	40.000000	0.00533505342901
P06	T8	41.000000	0.00550559023395
P06	T8	42.000000	0.00317598762922
P06	T8	43.000000	0.000129867607029
P06	T8	44.000000	0.00124323333148
P06	T8	45.000000	0.00181769800838
P06	T8	46.000000	0.00439476640895
P06	T8	47.000000	0.000873289594892
P06	T8	48.000000	0.000603364314884
P06	T8	49.000000	5.74665364184e-06
P06	T8	50.000000	0.000852255558129
P06	T8	51.000000	0.00346021424048
P06	T8	52.000000	0.000241790272412
P06	T8	53.000000	0.00121578609105
P06	T8	54.000000	0.00269201118499
P06	T8	55.000000	0.0021964549087
P06	T8	56.000000	0.000368732697098
P06	T8	57.000000	0.000601848820224
P06	T8	58.000000	0.00147466396447
P06	T8	59.000000	0.00327633973211
P06	T8	60.000000	0.00318154529668
P06	T8	61.000000	0.00178160029463
P06	T8	62.000000	0.000298362167086
P06	T8	63.000000	2.74372105196e-05
P06	T8	64.000000	0.000637658056803
P06	T8	65.000000	0.000946591317188
P06	T8	66.000000	0.000262023968389
P06	T8	67.000000	0.000848634575959
P06	T8	68.000000	0.00214677350596
P06	T8	69.000000	0.000726505066268
P06	T8	70.000000	0.00187758135144
P06	T8	71.000000	0.000183756579645
P06	T8	72.000000	0.00012223777594
P06	T8	73.000000	0.000718269846402
P06	T8	74.000000	0.000403917743824
P06	T8	75.000000	0.0022653315682
P06	T8	76.000000	0.000835387734696
P06	T8	77.000000	0.000152082095155
P06	T8	78.000000	8.91318195499e-05
P06	T8	79.000000	0.000209912832361
P06	T8	80.000000	0.000329373637214
P06	CP6	1.000000	0.19209459424
P06	CP6	2.000000	0.0169613715261
P06	CP6	3.000000	0.0163270793855
P06	CP6	4.000000	0.0174086336046
P06	CP6	5.000000	0.00479821534827
P06	CP6	6.000000	0.00199005496688
P06	CP6	7.000000	0.0128304241225
P06	CP6	8.000000	0.0102937407792
P06	CP6	9.000000	0.00199258048087
P06	CP6	10.000000	0.00598225323483
P06	CP6	11.000000	0.00505304802209
P06	CP6	12.000000	0.0015701422235
P06	CP6	13.000000	0.00185567815788
P06	CP6	14.000000	0.00141940545291
P06	CP6	15.000000	0.00155077676754
P06	CP6	16.000000	0.00321959308349
P06	CP6	17.000000	0.00400634855032
P06	CP6	18.000000	0.0023192288354
P06	CP6	19.000000	0.00187348469626
P06	CP6	20.000000	0.00164473964833
P06	CP6	21.000000	0.000899682345334
P06	CP6	22.000000	0.000153913089889
P06	CP6	23.000000	0.00127879169304
P06	CP6	24.000000	0.000877905054949
P06	CP6	25.000000	0.000163177144714
P06	CP6	26.000000	0.000671208428685
P06	CP6	27.000000	0.0013276952086
P06	CP6	28.000000	0.000208658151678
P06	CP6	29.000000	0.00141313520726
P06	CP6	30.000000	0.000415160320699
P06	CP6	31.000000	0.00116565986536
P06	CP6	32.000000	0.000195100248675
P06	CP6	33.000000	0.0020296969451
P06	CP6	34.000000	0.0043754405342
P06	CP6	35.000000	0.00248988019302
P06	CP6	36.000000	0.000694116810337
P06	CP6	37.000000	2.52996724157e-05
P06	CP6	38.000000	0.000390202971175
P06	CP6	39.000000	0.000460464623757
P06	CP6	40.000000	0.000241132904193
P06	CP6	41.000000	6.74994953442e-05
P06	CP6	42.000000	9.62660633377e-05
P06	CP6	43.000000	8.31823581393e-06
P06	CP6	44.000000	0.000101875906694
P06	CP6	45.000000	0.000424961792305
P06	CP6	46.000000	0.000317268655635
P06	CP6	47.000000	0.000206047479878
P06	CP6	48.000000	0.00036371088936
P06	CP6	49.000000	0.000355095078703
P06	CP6	50.000000	4.180475662e-05
P06	CP6	51.000000	7.68241661717e-05
P06	CP6	52.000000	0.000109277454612
P06	CP6	53.000000	8.04538212833e-05
P06	CP6	54.000000	8.03455259302e-05
P06	CP6	55.000000	0.000775245425757
P06	CP6	56.000000	0.00030503529706
P06	CP6	57.000000	6.41742226435e-05
P06	CP6	58.000000	4.55014087493e-05
P06	CP6	59.000000	4.69689694e-05
P06	CP6	60.000000	8.75917612575e-05
P06	CP6	61.000000	0.000581250817049
P06	CP6	62.000000	0.00126412999816
P06	CP6	63.000000	0.000744727789424
P06	CP6	64.000000	7.33337801648e-05
P06	CP6	65.000000	7.27042206563e-05
P06	CP6	66.000000	5.26717303728e-05
P06	CP6	67.000000	4.54317778349e-05
P06	CP6	68.000000	8.41033324832e-05
P06	CP6	69.000000	7.92931678006e-05
P06	CP6	70.000000	0.00024354258494
P06	CP6	71.000000	0.000149231753312
P06	CP6	72.000000	0.000187591213034
P06	CP6	73.000000	0.000332996947691
P06	CP6	74.000000	0.000280868523987
P06	CP6	75.000000	6.71077650622e-05
P06	CP6	76.000000	2.8192951504e-05
P06	CP6	77.000000	0.000127722261823
P06	CP6	78.000000	0.000227974582231
P06	CP6	79.000000	0.000339463935234
P06	CP6	80.000000	2.76133978332e-05
P06	FC6	1.000000	0.591913998127
P06	FC6	2.000000	0.182750999928
P06	FC6	3.000000	0.05225982517
P06	FC6	4.000000	0.0333186984062
P06	FC6	5.000000	0.036938123405
P06	FC6	6.000000	0.027558837086
P06	FC6	7.000000	0.0288247298449
P06	FC6	8.000000	0.0157331246883
P06	FC6	9.000000	0.0092859659344
P06	FC6	10.000000	0.00202335068025
P06	FC6	11.000000	0.00109603686724
P06	FC6	12.000000	0.000135939539177
P06	FC6	13.000000	0.000842283305246
P06	FC6	14.000000	0.00590136833489
P06	FC6	15.000000	0.00331458752044
P06	FC6	16.000000	0.00323503091931
P06	FC6	17.000000	0.00447866693139
P06	FC6	18.000000	0.000266307848506
P06	FC6	19.000000	0.00147453078534
P06	FC6	20.000000	0.00532420771196
P06	FC6	21.000000	0.0178009513766
P06	FC6	22.000000	0.00368963717483
P06	FC6	23.000000	0.00244559394196
P06	FC6	24.000000	0.0018280640943
P06	FC6	25.000000	0.000556980783585
P06	FC6	26.000000	0.00307353097014
P06	FC6	27.000000	0.00578653626144
P06	FC6	28.000000	0.00169989373535
P06	FC6	29.000000	0.00229311082512
P06	FC6	30.000000	0.0044018086046
P06	FC6	31.000000	0.00416549900547
P06	FC6	32.000000	0.00127692148089
P06	FC6	33.000000	0.00195675995201
P06	FC6	34.000000	0.00296254153363
P06	FC6	35.000000	2.87878283416e-05
P06	FC6	36.000000	0.00289128092118
P06	FC6	37.000000	0.00210054661147
P06	FC6	38.000000	0.000681573990732
P06	FC6	39.000000	0.000446683989139
P06	FC6	40.000000	0.000562916742638
P06	FC6	41.000000	0.000868133094627
P06	FC6	42.000000	0.00113500701264
P06	FC6	43.000000	0.000754921522457
P06	FC6	44.000000	0.0010244846344
P06	FC6	45.000000	0.000622993684374
P06	FC6	46.000000	4.57390051452e-05
P06	FC6	47.000000	0.000487966986839
P06	FC6	48.000000	0.000492661260068
P06	FC6	49.000000	0.00112678308506
P06	FC6	50.000000	0.00145231862552
P06	FC6	51.000000	0.00103056512307
P06	FC6	52.000000	0.000335427816026
P06	FC6	53.000000	2.81420088868e-05
P06	FC6	54.000000	0.000343159481417
P06	FC6	55.000000	0.000834064790979
P06	FC6	56.000000	3.54558796971e-05
P06	FC6	57.000000	0.000248275144259
P06	FC6	58.000000	2.17335345951e-05
P06	FC6	59.000000	0.000504021707457
P06	FC6	60.000000	0.00156642717775
P06	FC6	61.000000	0.00172744388692
P06	FC6	62.000000	0.000914963253308
P06	FC6	63.000000	0.000461326708319
P06	FC6	64.000000	0.000143645360367
P06	FC6	65.000000	0.000230337769608
P06	FC6	66.000000	0.000208981015021
P06	FC6	67.000000	4.07012303185e-05
P06	FC6	68.000000	0.000229764729738
P06	FC6	69.000000	6.3629458964e-06
P06	FC6	70.000000	0.000228588120081
P06	FC6	71.000000	0.000238409993472
P06	FC6	72.000000	3.28580063069e-06
P06	FC6	73.000000	0.000265316310106
P06	FC6	74.000000	0.000504177995026
P06	FC6	75.000000	1.91952040041e-05
P06	FC6	76.000000	0.000538525579032
P06	FC6	77.000000	0.000470747443615
P06	FC6	78.000000	2.06146305572e-05
P06	FC6	79.000000	0.000479252048535
P06	FC6	80.000000	9.45133942878e-05
P06	F8	1.000000	0.822491765022
P06	F8	2.000000	0.0638555288315
P06	F8	3.000000	0.102125443518
P06	F8	4.000000	0.0386586785316
P06	F8	5.000000	0.0894610583782
P06	F8	6.000000	0.056146685034
P06	F8	7.000000	0.0806286558509
P06	F8	8.000000	0.0160794053227
P06	F8	9.000000	0.00924699753523
P06	F8	10.000000	0.00430654315278
P06	F8	11.000000	0.00167100701947
P06	F8	12.000000	0.000352808623575
P06	F8	13.000000	0.00194819329772
P06	F8	14.000000	0.00109268561937
P06	F8	15.000000	0.00409520929679
P06	F8	16.000000	0.00621238583699
P06	F8	17.000000	0.00932991597801
P06	F8	18.000000	0.00250699464232
P06	F8	19.000000	0.00607283879071
P06	F8	20.000000	0.0003466285998
P06	F8	21.000000	0.00238964403979
P06	F8	22.000000	0.00229274015874
P06	F8	23.000000	0.000132182278321
P06	F8	24.000000	0.00769878318533
P06	F8	25.000000	0.0128830578178
P06	F8	26.000000	0.0151546578854
P06	F8	27.000000	0.0214171465486
P06	F8	28.000000	0.00565580511466
P06	F8	29.000000	0.00184302101843
P06	F8	30.000000	0.00451599340886
P06	F8	31.000000	0.0032118873205
P06	F8	32.000000	0.000846013135742
P06	F8	33.000000	0.00268333894201
P06	F8	34.000000	0.00571462884545
P06	F8	35.000000	0.00258348020725
P06	F8	36.000000	0.0054956371896
P06	F8	37.000000	0.0058615365997
P06	F8	38.000000	0.00747441826388
P06	F8	39.000000	0.00488322461024
P06	F8	40.000000	0.000535750528798
P06	F8	41.000000	0.000533623911906
P06	F8	42.000000	0.00182291900273
P06	F8	43.000000	0.00112297595479
P06	F8	44.000000	0.00085787451826
P06	F8	45.000000	7.58483001846e-05
P06	F8	46.000000	0.000558018335141
P06	F8	47.000000	0.000871332129464
P06	F8	48.000000	0.00188178790268
P06	F8	49.000000	0.00117112044245
P06	F8	50.000000	0.00143100414425
P06	F8	51.000000	0.00114180892706
P06	F8	52.000000	0.000178997870535
P06	F8	53.000000	0.000641970778815
P06	F8	54.000000	0.00143015419599
P06	F8	55.000000	8.43401357997e-05
P06	F8	56.000000	0.00225972756743
P06	F8	57.000000	0.00228601461276
P06	F8	58.000000	0.00168948131613
P06	F8	59.000000	0.000462546187919
P06	F8	60.000000	0.000402454781579
P06	F8	61.000000	0.000585474190302
P06	F8	62.000000	0.000746086006984
P06	F8	63.000000	0.00020825235697
P06	F8	64.000000	5.92971227888e-05
P06	F8	65.000000	5.59446925763e-06
P06	F8	66.000000	0.000147827289766
P06	F8	67.000000	0.000113088906801
P06	F8	68.000000	6.41086226096e-05
P06	F8	69.000000	0.000167876874912
P06	F8	70.000000	0.00031981014763
P06	F8	71.000000	0.000768174766563
P06	F8	72.000000	0.000622736348305
P06	F8	73.000000	0.000231204423471
P06	F8	74.000000	4.19911600602e-07
P06	F8	75.000000	0.000750839477405
P06	F8	76.000000	0.0020711645484
P06	F8	77.000000	0.00130784884095
P06	F8	78.000000	0.00121623952873
P06	F8	79.000000	0.000401074707042
P06	F8	80.000000	0.00181375967804
P06	F4	1.000000	1.86503171921
P06	F4	2.000000	0.346363037825
P06	F4	3.000000	0.0927671194077
P06	F4	4.000000	0.109960697591
P06	F4	5.000000	0.0864886194468
P06	F4	6.000000	0.0270021744072
P06	F4	7.000000	0.0787989646196
P06	F4	8.000000	0.0539617203176
P06	F4	9.000000	0.00667413603514
P06	F4	10.000000	0.00239653955214
P06	F4	11.000000	0.00397272082046
P06	F4	12.000000	0.000580716819968
P06	F4	13.000000	0.000121233955724
P06	F4	14.000000	0.00170505291317
P06	F4	15.000000	0.00410272600129
P06	F4	16.000000	0.000818459957372
P06	F4	17.000000	0.00215272721834
P06	F4	18.000000	0.000644021143671
P06	F4	19.000000	0.00418075034395
P06	F4	20.000000	0.00112549646292
P06	F4	21.000000	0.000341025239322
P06	F4	22.000000	0.000341939390637
P06	F4	23.000000	0.00168279907666
P06	F4	24.000000	0.000937378907111
P06	F4	25.000000	0.000557810999453
P06	F4	26.000000	0.000992922694422
P06	F4	27.000000	0.00333538767882
P06	F4	28.000000	0.000326554989442
P06	F4	29.000000	0.00188875524327
P06	F4	30.000000	0.00277051329613
P06	F4	31.000000	0.00203010276891
P06	F4	32.000000	0.00048525389866
P06	F4	33.000000	9.33857063501e-06
P06	F4	34.000000	0.00010702185682
P06	F4	35.000000	0.000711480213795
P06	F4	36.000000	0.000778688059654
P06	F4	37.000000	0.00351668149233
P06	F4	38.000000	0.00224184524268
P06	F4	39.000000	0.000250209122896
P06	F4	40.000000	0.000499256595504
P06	F4	41.000000	0.00223266449757
P06	F4	42.000000	0.00118600716814
P06	F4	43.000000	0.000652241695207
P06	F4	44.000000	0.000856813217979
P06	F4	45.000000	0.000178917864105
P06	F4	46.000000	0.000196821260033
P06	F4	47.000000	0.000381421967177
P06	F4	48.000000	0.000317375204759
P06	F4	49.000000	8.11768259155e-05
P06	F4	50.000000	2.40242206928e-05
P06	F4	51.000000	1.58207039931e-05
P06	F4	52.000000	5.79102925258e-05
P06	F4	53.000000	0.00040095532313
P06	F4	54.000000	0.000114287693577
P06	F4	55.000000	0.000210457292269
P06	F4	56.000000	0.000208224388189
P06	F4	57.000000	5.43703681615e-05
P06	F4	58.000000	0.000211764549022
P06	F4	59.000000	0.000443069526227
P06	F4	60.000000	0.000170167550095
P06	F4	61.000000	8.00984780653e-05
P06	F4	62.000000	0.000572613964323
P06	F4	63.000000	0.000623170810286
P06	F4	64.000000	6.38377605355e-05
P06	F4	65.000000	0.000231608806644
P06	F4	66.000000	9.20051315916e-05
P06	F4	67.000000	4.94279556733e-05
P06	F4	68.000000	7.68583850004e-05
P06	F4	69.000000	0.000121789140394
P06	F4	70.000000	0.000881287152879
P06	F4	71.000000	0.00122236576863
P06	F4	72.000000	0.00041472891462
P06	F4	73.000000	0.000151282089064
P06	F4	74.000000	0.000110718632641
P06	F4	75.000000	0.000312630087137
P06	F4	76.000000	0.000191106533748
P06	F4	77.000000	0.000110898938146
P06	F4	78.000000	0.000195215267013
P06	F4	79.000000	6.95665221428e-05
P06	F4	80.000000	2.04971238418e-05
P06	C4	1.000000	0.396334290504
P06	C4	2.000000	0.18038392067
P06	C4	3.000000	0.010958568193
P06	C4	4.000000	0.00231081922539
P06	C4	5.000000	0.00862549711019
P06	C4	6.000000	0.00866586063057
P06	C4	7.000000	0.0059224111028
P06	C4	8.000000	0.00125016295351
P06	C4	9.000000	0.000606438959949
P06	C4	10.000000	3.26236622641e-05
P06	C4	11.000000	0.000308857735945
P06	C4	12.000000	0.000296085810987
P06	C4	13.000000	0.00287060346454
P06	C4	14.000000	0.00327921868302
P06	C4	15.000000	0.000284506677417
P06	C4	16.000000	0.000932839640882
P06	C4	17.000000	0.00186845869757
P06	C4	18.000000	0.000696751580108
P06	C4	19.000000	0.00037776530371
P06	C4	20.000000	0.000622229534201
P06	C4	21.000000	0.00218355818652
P06	C4	22.000000	0.000393611117033
P06	C4	23.000000	0.00209180847742
P06	C4	24.000000	0.000765561009757
P06	C4	25.000000	0.00104723370168
P06	C4	26.000000	0.00587021233514
P06	C4	27.000000	0.00524472398683
P06	C4	28.000000	0.000278495135717
P06	C4	29.000000	0.000131034161313
P06	C4	30.000000	0.000778679852374
P06	C4	31.000000	0.00100845447741
P06	C4	32.000000	0.000408640451496
P06	C4	33.000000	0.000547920761164
P06	C4	34.000000	0.000138153423904
P06	C4	35.000000	3.96311443183e-05
P06	C4	36.000000	0.000172147076228
P06	C4	37.000000	0.000233697835938
P06	C4	38.000000	0.000573668046854
P06	C4	39.000000	1.91135732166e-05
P06	C4	40.000000	0.000176942965481
P06	C4	41.000000	0.000323939224472
P06	C4	42.000000	0.000287641858449
P06	C4	43.000000	0.000443781726062
P06	C4	44.000000	4.93301085953e-05
P06	C4	45.000000	0.000228774239076
P06	C4	46.000000	6.5090454882e-05
P06	C4	47.000000	0.00022431180696
P06	C4	48.000000	0.000246323877946
P06	C4	49.000000	0.000391500012483
P06	C4	50.000000	0.000722873955965
P06	C4	51.000000	0.000438984134234
P06	C4	52.000000	5.23699891346e-05
P06	C4	53.000000	3.06411529891e-05
P06	C4	54.000000	5.42103953194e-05
P06	C4	55.000000	2.95448662655e-05
P06	C4	56.000000	1.75044369826e-05
P06	C4	57.000000	0.000123527046526
P06	C4	58.000000	0.000310877279844
P06	C4	59.000000	0.000432503875345
P06	C4	60.000000	0.000327638874296
P06	C4	61.000000	0.000314331089612
P06	C4	62.000000	0.000224202420213
P06	C4	63.000000	0.000283222965663
P06	C4	64.000000	6.7276887421e-05
P06	C4	65.000000	0.000121450590086
P06	C4	66.000000	0.000144400255522
P06	C4	67.000000	2.14074261748e-05
P06	C4	68.000000	2.35391489696e-05
P06	C4	69.000000	3.8750407839e-05
P06	C4	70.000000	3.03431061184e-05
P06	C4	71.000000	5.16040017828e-05
P06	C4	72.000000	0.000126673956402
P06	C4	73.000000	0.000262903922703
P06	C4	74.000000	0.000296008249279
P06	C4	75.000000	0.000100755169115
P06	C4	76.000000	2.80882773041e-06
P06	C4	77.000000	1.13247424451e-05
P06	C4	78.000000	2.50770372077e-05
P06	C4	79.000000	5.95797901042e-05
P06	C4	80.000000	2.34498770624e-06
P06	P4	1.000000	2.41523122787
P06	P4	2.000000	0.330258995295
P06	P4	3.000000	0.379441410303
P06	P4	4.000000	0.249474391341
P06	P4	5.000000	0.142745733261
P06	P4	6.000000	0.175701618195
P06	P4	7.000000	0.130487650633
P06	P4	8.000000	0.0834141373634
P06	P4	9.000000	0.0365473739803
P06	P4	10.000000	0.000701788230799
P06	P4	11.000000	0.000234768056544
P06	P4	12.000000	0.000904327142052
P06	P4	13.000000	0.00159484974574
P06	P4	14.000000	0.00458924751729
P06	P4	15.000000	0.00363625958562
P06	P4	16.000000	0.00126238935627
P06	P4	17.000000	0.000661031634081
P06	P4	18.000000	0.00420595612377
P06	P4	19.000000	0.00261702458374
P06	P4	20.000000	0.000138178002089
P06	P4	21.000000	0.000269393116469
P06	P4	22.000000	0.00145339011215
P06	P4	23.000000	0.000259457272477
P06	P4	24.000000	0.000389178196201
P06	P4	25.000000	0.000288477225695
P06	P4	26.000000	0.000163459713804
P06	P4	27.000000	0.000399102049414
P06	P4	28.000000	0.00020306056831
P06	P4	29.000000	0.000387954205507
P06	P4	30.000000	0.000182670293725
P06	P4	31.000000	0.000145457699546
P06	P4	32.000000	6.1276850829e-06
P06	P4	33.000000	0.000138510455145
P06	P4	34.000000	1.85447388503e-05
P06	P4	35.000000	0.00029236858245
P06	P4	36.000000	0.000495089741889
P06	P4	37.000000	0.000127933657495
P06	P4	38.000000	0.00087020045612
P06	P4	39.000000	0.000276847131317
P06	P4	40.000000	0.000106855070044
P06	P4	41.000000	9.72466805251e-05
P06	P4	42.000000	0.000202451134101
P06	P4	43.000000	0.000171589272213
P06	P4	44.000000	9.22178369365e-05
P06	P4	45.000000	1.97853350983e-05
P06	P4	46.000000	3.75456729671e-05
P06	P4	47.000000	0.000256890023593
P06	P4	48.000000	0.000500509107951
P06	P4	49.000000	0.000276180740912
P06	P4	50.000000	6.64537656121e-05
P06	P4	51.000000	0.000191676299437
P06	P4	52.000000	0.00021810567705
P06	P4	53.000000	0.000229520330322
P06	P4	54.000000	3.42145758623e-05
P06	P4	55.000000	2.89801369036e-06
P06	P4	56.000000	0.000535338593181
P06	P4	57.000000	0.00101917702705
P06	P4	58.000000	0.000267293071374
P06	P4	59.000000	4.74196785945e-05
P06	P4	60.000000	2.38531774812e-05
P06	P4	61.000000	0.000219630630454
P06	P4	62.000000	0.000433415174484
P06	P4	63.000000	1.68573969859e-05
P06	P4	64.000000	8.23151640361e-05
P06	P4	65.000000	7.46094372062e-07
P06	P4	66.000000	7.58417809266e-05
P06	P4	67.000000	5.05862517457e-05
P06	P4	68.000000	5.82299217058e-05
P06	P4	69.000000	0.000147721075336
P06	P4	70.000000	3.01330019283e-05
P06	P4	71.000000	6.24161145879e-07
P06	P4	72.000000	2.33051814575e-05
P06	P4	73.000000	1.24624675664e-05
P06	P4	74.000000	0.000213630919461
P06	P4	75.000000	2.53802390944e-05
P06	P4	76.000000	0.000283779867459
P06	P4	77.000000	4.06208819186e-05
P06	P4	78.000000	5.19885288668e-05
P06	P4	79.000000	3.9901042328e-06
P06	P4	80.000000	0.000123802790768
P06	AF4	1.000000	1.7978413105
P06	AF4	2.000000	0.342826545238
P06	AF4	3.000000	0.0836173892021
P06	AF4	4.000000	0.115182965994
P06	AF4	5.000000	0.110430859029
P06	AF4	6.000000	0.0288177467883
P06	AF4	7.000000	0.0729051753879
P06	AF4	8.000000	0.0861123725772
P06	AF4	9.000000	0.0198763627559
P06	AF4	10.000000	0.00604526046664
P06	AF4	11.000000	0.0043187844567
P06	AF4	12.000000	0.00278135552071
P06	AF4	13.000000	0.00156903418247
P06	AF4	14.000000	0.00360852666199
P06	AF4	15.000000	0.0109622254968
P06	AF4	16.000000	0.00405173748732
P06	AF4	17.000000	0.001133474987
P06	AF4	18.000000	0.000126650731545
P06	AF4	19.000000	0.00242627854459
P06	AF4	20.000000	0.00243612960912
P06	AF4	21.000000	0.00254025775939
P06	AF4	22.000000	0.00225971546024
P06	AF4	23.000000	0.00108393502887
P06	AF4	24.000000	0.00117195292842
P06	AF4	25.000000	0.00113804999273
P06	AF4	26.000000	0.00229949411005
P06	AF4	27.000000	0.00715032033622
P06	AF4	28.000000	0.00183303677477
P06	AF4	29.000000	0.00266308151186
P06	AF4	30.000000	0.00488475244492
P06	AF4	31.000000	0.00454210164025
P06	AF4	32.000000	0.000477824913105
P06	AF4	33.000000	0.000413027300965
P06	AF4	34.000000	0.000647711392958
P06	AF4	35.000000	0.00119403307326
P06	AF4	36.000000	0.0011393741006
P06	AF4	37.000000	0.00176144414581
P06	AF4	38.000000	0.000721499149222
P06	AF4	39.000000	0.000333940726705
P06	AF4	40.000000	0.00245066802017
P06	AF4	41.000000	0.00129608763382
P06	AF4	42.000000	0.000120648204756
P06	AF4	43.000000	7.75553271524e-05
P06	AF4	44.000000	0.000180073315278
P06	AF4	45.000000	0.000755500223022
P06	AF4	46.000000	0.00102609780151
P06	AF4	47.000000	0.000902130850591
P06	AF4	48.000000	0.000819293491077
P06	AF4	49.000000	0.000684599566739
P06	AF4	50.000000	0.000125894221128
P06	AF4	51.000000	0.000899611623026
P06	AF4	52.000000	0.000798120803665
P06	AF4	53.000000	0.00096614897484
P06	AF4	54.000000	0.000670157605782
P06	AF4	55.000000	0.000409132422647
P06	AF4	56.000000	0.000927810033318
P06	AF4	57.000000	0.000158117778483
P06	AF4	58.000000	0.000328879104927
P06	AF4	59.000000	0.000633810530417
P06	AF4	60.000000	0.000803703791462
P06	AF4	61.000000	4.04062775488e-05
P06	AF4	62.000000	0.000563573674299
P06	AF4	63.000000	0.000833496218547
P06	AF4	64.000000	0.000656728050672
P06	AF4	65.000000	0.000798200548161
P06	AF4	66.000000	0.000219895344344
P06	AF4	67.000000	0.000133138266392
P06	AF4	68.000000	0.000648082525004
P06	AF4	69.000000	0.000548957614228
P06	AF4	70.000000	0.000210851663724
P06	AF4	71.000000	4.20857104473e-05
P06	AF4	72.000000	7.80178743298e-05
P06	AF4	73.000000	0.000205507865758
P06	AF4	74.000000	7.8502787801e-05
P06	AF4	75.000000	3.60945959983e-05
P06	AF4	76.000000	0.000301939493511
P06	AF4	77.000000	0.000167986232555
P06	AF4	78.000000	6.99125303072e-05
P06	AF4	79.000000	0.00041357887676
P06	AF4	80.000000	0.000691781460773
P06	Fp2	1.000000	2.11120700836
P06	Fp2	2.000000	0.444737941027
P06	Fp2	3.000000	0.0472761392593
P06	Fp2	4.000000	0.143512621522
P06	Fp2	5.000000	0.132837370038
P06	Fp2	6.000000	0.0236056037247
P06	Fp2	7.000000	0.0830010995269
P06	Fp2	8.000000	0.0620557703078
P06	Fp2	9.000000	0.0179906338453
P06	Fp2	10.000000	0.0066835754551
P06	Fp2	11.000000	0.007488893345
P06	Fp2	12.000000	0.0001604740537
P06	Fp2	13.000000	0.000776842876803
P06	Fp2	14.000000	0.0015367831802
P06	Fp2	15.000000	0.000796588486992
P06	Fp2	16.000000	0.00554557796568
P06	Fp2	17.000000	0.0010126294801
P06	Fp2	18.000000	0.00186020229012
P06	Fp2	19.000000	0.00859871599823
P06	Fp2	20.000000	0.00158400740474
P06	Fp2	21.000000	0.00496159028262
P06	Fp2	22.000000	0.00483782868832
P06	Fp2	23.000000	0.00573159568012
P06	Fp2	24.000000	0.0021767062135
P06	Fp2	25.000000	0.000581365486141
P06	Fp2	26.000000	0.00528976554051
P06	Fp2	27.000000	0.0140281300992
P06	Fp2	28.000000	0.00388336461037
P06	Fp2	29.000000	0.00370176509023
P06	Fp2	30.000000	0.00411584740505
P06	Fp2	31.000000	0.000471958162962
P06	Fp2	32.000000	0.00209536519833
P06	Fp2	33.000000	0.00025060941698
P06	Fp2	34.000000	0.00138781953137
P06	Fp2	35.000000	0.00238830363378
P06	Fp2	36.000000	0.000341016653692
P06	Fp2	37.000000	0.000799343397375
P06	Fp2	38.000000	0.000238200547756
P06	Fp2	39.000000	7.22686163499e-05
P06	Fp2	40.000000	6.99856245774e-05
P06	Fp2	41.000000	0.000981071498245
P06	Fp2	42.000000	0.000336037221132
P06	Fp2	43.000000	0.000641203892883
P06	Fp2	44.000000	0.000192442079424
P06	Fp2	45.000000	0.00022412573162
P06	Fp2	46.000000	0.000255301856669
P06	Fp2	47.000000	8.32395812722e-07
P06	Fp2	48.000000	0.000364977808204
P06	Fp2	49.000000	0.00141094392166
P06	Fp2	50.000000	0.000785083742812
P06	Fp2	51.000000	0.000416583265178
P06	Fp2	52.000000	7.65902368585e-05
P06	Fp2	53.000000	0.000143662298797
P06	Fp2	54.000000	0.000162320662639
P06	Fp2	55.000000	0.00116523669567
P06	Fp2	56.000000	0.00225639296696
P06	Fp2	57.000000	0.00150223495439
P06	Fp2	58.000000	0.00106068281457
P06	Fp2	59.000000	0.000786900462117
P06	Fp2	60.000000	0.00023688035435
P06	Fp2	61.000000	0.000201593909878
P06	Fp2	62.000000	2.3342188797e-05
P06	Fp2	63.000000	0.00101181806531
P06	Fp2	64.000000	0.000940623925999
P06	Fp2	65.000000	0.000294959521852
P06	Fp2	66.000000	0.000115248090879
P06	Fp2	67.000000	0.000854047713801
P06	Fp2	68.000000	0.00228850916028
P06	Fp2	69.000000	0.000762406969443
P06	Fp2	70.000000	0.000588906987105
P06	Fp2	71.000000	0.000757409317885
P06	Fp2	72.000000	0.000288613140583
P06	Fp2	73.000000	4.6021581511e-05
P06	Fp2	74.000000	6.73497925163e-05
P06	Fp2	75.000000	0.000206795637496
P06	Fp2	76.000000	0.000103430873423
P06	Fp2	77.000000	8.15020539449e-05
P06	Fp2	78.000000	0.000162395517691
P06	Fp2	79.000000	4.52843705716e-05
P06	Fp2	80.000000	4.98362787766e-05
P06	Fp1	1.000000	1.91600263119
P06	Fp1	2.000000	0.0758230909705
P06	Fp1	3.000000	0.212322533131
P06	Fp1	4.000000	0.193393185735
P06	Fp1	5.000000	0.0224387329072
P06	Fp1	6.000000	0.0941571593285
P06	Fp1	7.000000	0.0664882585406
P06	Fp1	8.000000	0.0603209882975
P06	Fp1	9.000000	0.0140460133553
P06	Fp1	10.000000	0.000898266211152
P06	Fp1	11.000000	1.8088174329e-05
P06	Fp1	12.000000	0.00306577119045
P06	Fp1	13.000000	0.0094330040738
P06	Fp1	14.000000	0.00869864039123
P06	Fp1	15.000000	0.00227785808966
P06	Fp1	16.000000	0.00161264499184
P06	Fp1	17.000000	0.0037318021059
P06	Fp1	18.000000	0.00469071185216
P06	Fp1	19.000000	0.00675104185939
P06	Fp1	20.000000	0.00192481430713
P06	Fp1	21.000000	0.00430818321183
P06	Fp1	22.000000	0.00512207858264
P06	Fp1	23.000000	0.000970040622633
P06	Fp1	24.000000	0.0139932455495
P06	Fp1	25.000000	0.0100921783596
P06	Fp1	26.000000	0.00175354303792
P06	Fp1	27.000000	0.00596830016002
P06	Fp1	28.000000	0.00313213700429
P06	Fp1	29.000000	0.00752421794459
P06	Fp1	30.000000	0.0108746774495
P06	Fp1	31.000000	0.00470047304407
P06	Fp1	32.000000	0.000234754130361
P06	Fp1	33.000000	0.000248879310675
P06	Fp1	34.000000	0.00109329982661
P06	Fp1	35.000000	0.00395089155063
P06	Fp1	36.000000	0.00941774155945
P06	Fp1	37.000000	0.00282886368223
P06	Fp1	38.000000	0.00010970911535
P06	Fp1	39.000000	0.000320196239045
P06	Fp1	40.000000	0.0031470193062
P06	Fp1	41.000000	0.00539766205475
P06	Fp1	42.000000	0.00185006461106
P06	Fp1	43.000000	0.000389337161323
P06	Fp1	44.000000	0.000444845500169
P06	Fp1	45.000000	0.000530777790118
P06	Fp1	46.000000	0.000370445952285
P06	Fp1	47.000000	0.000776491884608
P06	Fp1	48.000000	0.00250545726158
P06	Fp1	49.000000	0.00207581138238
P06	Fp1	50.000000	0.000525945681147
P06	Fp1	51.000000	0.000320720981108
P06	Fp1	52.000000	0.000834651524201
P06	Fp1	53.000000	0.00198106840253
P06	Fp1	54.000000	0.000362827035133
P06	Fp1	55.000000	0.000287399772787
P06	Fp1	56.000000	6.81228048052e-05
P06	Fp1	57.000000	0.000477923545986
P06	Fp1	58.000000	0.0020840021316
P06	Fp1	59.000000	0.00193153065629
P06	Fp1	60.000000	0.00242204335518
P06	Fp1	61.000000	0.000459454866359
P06	Fp1	62.000000	0.000237437096075
P06	Fp1	63.000000	0.000587888760492
P06	Fp1	64.000000	0.000568986695725
P06	Fp1	65.000000	0.000713805842679
P06	Fp1	66.000000	0.00127653370146
P06	Fp1	67.000000	0.000606374000199
P06	Fp1	68.000000	0.000550866592675
P06	Fp1	69.000000	0.00132208201103
P06	Fp1	70.000000	0.000611055525951
P06	Fp1	71.000000	6.3232575485e-05
P06	Fp1	72.000000	6.8468900281e-05
P06	Fp1	73.000000	7.45513307265e-06
P06	Fp1	74.000000	8.86183552211e-05
P06	Fp1	75.000000	0.000855591206346
P06	Fp1	76.000000	0.000779963447712
P06	Fp1	77.000000	5.34082319064e-05
P06	Fp1	78.000000	0.000205953678233
P06	Fp1	79.000000	0.000159425326274
P06	Fp1	80.000000	1.58364618983e-05
P06	AF3	1.000000	1.4944716692
P06	AF3	2.000000	0.163642838597
P06	AF3	3.000000	0.178950086236
P06	AF3	4.000000	0.239715337753
P06	AF3	5.000000	0.0473939180374
P06	AF3	6.000000	0.0461964122951
P06	AF3	7.000000	0.0335938893259
P06	AF3	8.000000	0.0430266819894
P06	AF3	9.000000	0.0197949577123
P06	AF3	10.000000	0.00516960769892
P06	AF3	11.000000	0.00291672628373
P06	AF3	12.000000	0.000630144379102
P06	AF3	13.000000	0.00197657640092
P06	AF3	14.000000	0.00289304065518
P06	AF3	15.000000	0.00346018048003
P06	AF3	16.000000	0.000809058954474
P06	AF3	17.000000	0.00164434034377
P06	AF3	18.000000	0.00252301269211
P06	AF3	19.000000	0.000468492013169
P06	AF3	20.000000	0.000368372129742
P06	AF3	21.000000	0.000208484183531
P06	AF3	22.000000	0.000721557822544
P06	AF3	23.000000	0.000698118761647
P06	AF3	24.000000	0.00049204856623
P06	AF3	25.000000	0.000819881388452
P06	AF3	26.000000	0.00106800242793
P06	AF3	27.000000	6.01952706347e-05
P06	AF3	28.000000	0.00173042470124
P06	AF3	29.000000	0.00094530970091
P06	AF3	30.000000	0.000271340366453
P06	AF3	31.000000	0.000730012019631
P06	AF3	32.000000	0.00106944958679
P06	AF3	33.000000	0.00113357056398
P06	AF3	34.000000	0.00078551354818
P06	AF3	35.000000	0.000237481333897
P06	AF3	36.000000	4.51824780612e-06
P06	AF3	37.000000	5.93063418819e-07
P06	AF3	38.000000	0.000114185677376
P06	AF3	39.000000	7.4089570262e-05
P06	AF3	40.000000	0.000592597003561
P06	AF3	41.000000	0.000944035185967
P06	AF3	42.000000	0.000124608865008
P06	AF3	43.000000	0.000206396987778
P06	AF3	44.000000	0.000835064216517
P06	AF3	45.000000	7.10874446668e-05
P06	AF3	46.000000	0.000350771268131
P06	AF3	47.000000	0.000623620231636
P06	AF3	48.000000	0.000144557605381
P06	AF3	49.000000	0.000283684552414
P06	AF3	50.000000	0.0007238368853
P06	AF3	51.000000	0.000269413052592
P06	AF3	52.000000	0.000298282888252
P06	AF3	53.000000	0.000265876966296
P06	AF3	54.000000	0.00023529092141
P06	AF3	55.000000	0.000512253784109
P06	AF3	56.000000	0.000113329115266
P06	AF3	57.000000	0.000257138570305
P06	AF3	58.000000	0.000200550159207
P06	AF3	59.000000	6.56566044199e-05
P06	AF3	60.000000	1.71472420334e-05
P06	AF3	61.000000	0.000119144795462
P06	AF3	62.000000	0.000168488157215
P06	AF3	63.000000	0.000464271113742
P06	AF3	64.000000	0.000446220044978
P06	AF3	65.000000	7.07289291313e-05
P06	AF3	66.000000	0.000115536742669
P06	AF3	67.000000	0.000121579192637
P06	AF3	68.000000	0.0006617665058
P06	AF3	69.000000	0.00024033356749
P06	AF3	70.000000	2.80028853012e-05
P06	AF3	71.000000	6.23846935923e-05
P06	AF3	72.000000	0.0001513431489
P06	AF3	73.000000	4.00337885367e-05
P06	AF3	74.000000	0.000112689376692
P06	AF3	75.000000	0.000155147645273
P06	AF3	76.000000	3.51319104084e-05
P06	AF3	77.000000	1.69631439348e-05
P06	AF3	78.000000	6.03975531703e-05
P06	AF3	79.000000	0.000144623525557
P06	AF3	80.000000	9.14158154046e-05
P06	FC2	1.000000	1.02574396133
P06	FC2	2.000000	0.26610198617
P06	FC2	3.000000	0.0605173781514
P06	FC2	4.000000	0.0411512963474
P06	FC2	5.000000	0.015510616824
P06	FC2	6.000000	0.0748136341572
P06	FC2	7.000000	0.0618123300374
P06	FC2	8.000000	0.00811682548374
P06	FC2	9.000000	0.0164213459939
P06	FC2	10.000000	0.00705802766606
P06	FC2	11.000000	0.00081159506226
P06	FC2	12.000000	0.000331565184752
P06	FC2	13.000000	0.000942191458307
P06	FC2	14.000000	0.00517738377675
P06	FC2	15.000000	0.00428208708763
P06	FC2	16.000000	6.21174112894e-05
P06	FC2	17.000000	9.74477370619e-05
P06	FC2	18.000000	0.0018954963889
P06	FC2	19.000000	0.003586351173
P06	FC2	20.000000	0.00440140673891
P06	FC2	21.000000	0.00374501943588
P06	FC2	22.000000	8.44889927976e-06
P06	FC2	23.000000	0.00101086753421
P06	FC2	24.000000	7.85455085861e-06
P06	FC2	25.000000	0.000526651798282
P06	FC2	26.000000	0.00227129878476
P06	FC2	27.000000	0.004706654232
P06	FC2	28.000000	0.00443400116637
P06	FC2	29.000000	0.00381900230423
P06	FC2	30.000000	0.00143125944305
P06	FC2	31.000000	0.000212405298953
P06	FC2	32.000000	0.000147213009768
P06	FC2	33.000000	0.00104895909317
P06	FC2	34.000000	0.000314321921906
P06	FC2	35.000000	0.000517197826412
P06	FC2	36.000000	0.000262962421402
P06	FC2	37.000000	0.00041534358752
P06	FC2	38.000000	0.000561640830711
P06	FC2	39.000000	0.000614905904513
P06	FC2	40.000000	0.0012700536754
P06	FC2	41.000000	0.0012597568566
P06	FC2	42.000000	0.000163702265127
P06	FC2	43.000000	3.32539784722e-05
P06	FC2	44.000000	0.000335042976076
P06	FC2	45.000000	0.000505474454258
P06	FC2	46.000000	0.000104619335616
P06	FC2	47.000000	0.000139525087434
P06	FC2	48.000000	1.43422439578e-05
P06	FC2	49.000000	0.000229338111239
P06	FC2	50.000000	0.000417109375121
P06	FC2	51.000000	0.000261894601863
P06	FC2	52.000000	8.48853451316e-05
P06	FC2	53.000000	2.47082025453e-05
P06	FC2	54.000000	0.000191449347767
P06	FC2	55.000000	1.36492135425e-05
P06	FC2	56.000000	1.19938385978e-05
P06	FC2	57.000000	3.99244072469e-06
P06	FC2	58.000000	3.78837121673e-08
P06	FC2	59.000000	7.55302680773e-05
P06	FC2	60.000000	0.00017039506929
P06	FC2	61.000000	0.00010454893345
P06	FC2	62.000000	4.93651605211e-05
P06	FC2	63.000000	0.000104502767499
P06	FC2	64.000000	2.53952821367e-05
P06	FC2	65.000000	0.000301194610074
P06	FC2	66.000000	0.00014075859508
P06	FC2	67.000000	8.66632544785e-05
P06	FC2	68.000000	1.74074666575e-05
P06	FC2	69.000000	2.78138431895e-05
P06	FC2	70.000000	7.76807137299e-05
P06	FC2	71.000000	9.45513311308e-05
P06	FC2	72.000000	6.17651166976e-05
P06	FC2	73.000000	7.25828476789e-06
P06	FC2	74.000000	9.99636722554e-06
P06	FC2	75.000000	5.6402654991e-06
P06	FC2	76.000000	0.000193601328647
P06	FC2	77.000000	0.000126329920022
P06	FC2	78.000000	9.16041790333e-06
P06	FC2	79.000000	9.05869965209e-05
P06	FC2	80.000000	2.89461131615e-05
P06	Cz	1.000000	0.955291450024
P06	Cz	2.000000	0.236990377307
P06	Cz	3.000000	0.0638158172369
P06	Cz	4.000000	0.0340010784566
P06	Cz	5.000000	0.0180129613727
P06	Cz	6.000000	0.0707928240299
P06	Cz	7.000000	0.0532372929156
P06	Cz	8.000000	0.00509655522183
P06	Cz	9.000000	0.0100184725598
P06	Cz	10.000000	0.00333560118452
P06	Cz	11.000000	0.000882557942532
P06	Cz	12.000000	0.000314106699079
P06	Cz	13.000000	0.000514772138558
P06	Cz	14.000000	0.00576982926577
P06	Cz	15.000000	0.00422306032851
P06	Cz	16.000000	6.92540052114e-05
P06	Cz	17.000000	6.58901772113e-05
P06	Cz	18.000000	0.00186203757767
P06	Cz	19.000000	0.00490910885856
P06	Cz	20.000000	0.00655258772895
P06	Cz	21.000000	0.00308014615439
P06	Cz	22.000000	0.000137843497214
P06	Cz	23.000000	0.00153632229194
P06	Cz	24.000000	3.77596370527e-05
P06	Cz	25.000000	0.000529237091541
P06	Cz	26.000000	0.00180402211845
P06	Cz	27.000000	0.00221040053293
P06	Cz	28.000000	0.00313591118902
P06	Cz	29.000000	0.00239949813113
P06	Cz	30.000000	0.00134029926267
P06	Cz	31.000000	0.000530244433321
P06	Cz	32.000000	0.000147860424477
P06	Cz	33.000000	0.000479310983792
P06	Cz	34.000000	0.000133990630275
P06	Cz	35.000000	2.81356478808e-05
P06	Cz	36.000000	5.80824198551e-05
P06	Cz	37.000000	0.000222544622375
P06	Cz	38.000000	0.00140926253516
P06	Cz	39.000000	0.000866532966029
P06	Cz	40.000000	0.000201982693397
P06	Cz	41.000000	0.000130068743601
P06	Cz	42.000000	0.000297130696708
P06	Cz	43.000000	6.92178673489e-06
P06	Cz	44.000000	0.000447376776719
P06	Cz	45.000000	0.000168928992935
P06	Cz	46.000000	0.000119790420285
P06	Cz	47.000000	0.000146172125824
P06	Cz	48.000000	7.64541327953e-05
P06	Cz	49.000000	4.47481988886e-06
P06	Cz	50.000000	0.000263929599896
P06	Cz	51.000000	0.000357696670108
P06	Cz	52.000000	0.000196021283045
P06	Cz	53.000000	7.24977508071e-05
P06	Cz	54.000000	0.000105141225504
P06	Cz	55.000000	2.32998554566e-05
P06	Cz	56.000000	0.000211624137592
P06	Cz	57.000000	0.000300555722788
P06	Cz	58.000000	0.000201442162506
P06	Cz	59.000000	1.29057634695e-05
P06	Cz	60.000000	0.00029095436912
P06	Cz	61.000000	0.000176086032297
P06	Cz	62.000000	2.45476257987e-05
P06	Cz	63.000000	0.000203847041121
P06	Cz	64.000000	0.000128616433358
P06	Cz	65.000000	0.000256869534496
P06	Cz	66.000000	0.000360623933375
P06	Cz	67.000000	0.00011644748156
P06	Cz	68.000000	1.51135270698e-06
P06	Cz	69.000000	0.000110224587843
P06	Cz	70.000000	0.000152010310558
P06	Cz	71.000000	2.04664302146e-05
P06	Cz	72.000000	3.25677065121e-05
P06	Cz	73.000000	2.56763687503e-05
P06	Cz	74.000000	3.91467037844e-05
P06	Cz	75.000000	4.77430148749e-06
P06	Cz	76.000000	1.61603875313e-05
P06	Cz	77.000000	2.59705871031e-06
P06	Cz	78.000000	4.80080552734e-06
P06	Cz	79.000000	1.7106924588e-06
P06	Cz	80.000000	2.50776975008e-05
P06	CP2	1.000000	0.0430073626339
P06	CP2	2.000000	0.0448725260794
P06	CP2	3.000000	0.0075106266886
P06	CP2	4.000000	5.59753534617e-05
P06	CP2	5.000000	0.00324128963985
P06	CP2	6.000000	0.00195023033302
P06	CP2	7.000000	0.00136213807855
P06	CP2	8.000000	0.00154550990555
P06	CP2	9.000000	0.000496988301165
P06	CP2	10.000000	0.00111393234693
P06	CP2	11.000000	0.000917004479561
P06	CP2	12.000000	0.000277228828054
P06	CP2	13.000000	5.68145042052e-05
P06	CP2	14.000000	0.00196939543821
P06	CP2	15.000000	0.00242934143171
P06	CP2	16.000000	0.000427834049333
P06	CP2	17.000000	0.000886155350599
P06	CP2	18.000000	0.000420596275944
P06	CP2	19.000000	0.00039524587919
P06	CP2	20.000000	0.000196675973712
P06	CP2	21.000000	0.0014108173782
P06	CP2	22.000000	0.000440989766503
P06	CP2	23.000000	0.000622167368419
P06	CP2	24.000000	0.0023051626049
P06	CP2	25.000000	0.00260867225006
P06	CP2	26.000000	0.000422404002165
P06	CP2	27.000000	0.000371102039935
P06	CP2	28.000000	0.000305684894556
P06	CP2	29.000000	0.000232056190725
P06	CP2	30.000000	6.42856975901e-05
P06	CP2	31.000000	7.5267504144e-05
P06	CP2	32.000000	0.000284355075564
P06	CP2	33.000000	3.81458376069e-05
P06	CP2	34.000000	5.27253978362e-05
P06	CP2	35.000000	5.99587838224e-05
P06	CP2	36.000000	0.000506638432853
P06	CP2	37.000000	0.000863626424689
P06	CP2	38.000000	0.000941506121308
P06	CP2	39.000000	0.00103720196057
P06	CP2	40.000000	0.000276343373116
P06	CP2	41.000000	0.000242604524828
P06	CP2	42.000000	0.000726088765077
P06	CP2	43.000000	0.000441356154624
P06	CP2	44.000000	6.46350308671e-05
P06	CP2	45.000000	5.85689340369e-05
P06	CP2	46.000000	0.000220979723963
P06	CP2	47.000000	0.000126718892716
P06	CP2	48.000000	6.69064102112e-05
P06	CP2	49.000000	0.000245122093474
P06	CP2	50.000000	0.000148859107867
P06	CP2	51.000000	0.000168487953488
P06	CP2	52.000000	7.33856213628e-05
P06	CP2	53.000000	7.47355488784e-06
P06	CP2	54.000000	0.000309641560307
P06	CP2	55.000000	0.000353444251232
P06	CP2	56.000000	7.85453012213e-05
P06	CP2	57.000000	0.000103915161162
P06	CP2	58.000000	0.000231307625654
P06	CP2	59.000000	0.000233695827774
P06	CP2	60.000000	0.000332012830768
P06	CP2	61.000000	0.000344277563272
P06	CP2	62.000000	5.39819084224e-05
P06	CP2	63.000000	0.000117447096272
P06	CP2	64.000000	8.05940944701e-05
P06	CP2	65.000000	0.000108502317744
P06	CP2	66.000000	0.000132309098262
P06	CP2	67.000000	9.38249067985e-05
P06	CP2	68.000000	8.44792739372e-05
P06	CP2	69.000000	0.000264925300144
P06	CP2	70.000000	9.90073604044e-05
P06	CP2	71.000000	4.30043337474e-06
P06	CP2	72.000000	5.39452157682e-05
P06	CP2	73.000000	0.00013475814194
P06	CP2	74.000000	1.58135553647e-05
P06	CP2	75.000000	7.070065476e-05
P06	CP2	76.000000	0.000207309625694
P06	CP2	77.000000	0.000158340466442
P06	CP2	78.000000	6.64980543661e-05
P06	CP2	79.000000	0.000107152474811
P06	CP2	80.000000	0.00024397035304
P06	PO3	1.000000	2.42605853081
P06	PO3	2.000000	0.343770802021
P06	PO3	3.000000	0.408780217171
P06	PO3	4.000000	0.258371382952
P06	PO3	5.000000	0.144859313965
P06	PO3	6.000000	0.180106624961
P06	PO3	7.000000	0.125312417746
P06	PO3	8.000000	0.0944000482559
P06	PO3	9.000000	0.0335196964443
P06	PO3	10.000000	8.61611915752e-05
P06	PO3	11.000000	0.00238414574414
P06	PO3	12.000000	0.00326371612027
P06	PO3	13.000000	0.00247285002843
P06	PO3	14.000000	0.00318423728459
P06	PO3	15.000000	0.00194585381541
P06	PO3	16.000000	0.00203704321757
P06	PO3	17.000000	0.000742219388485
P06	PO3	18.000000	0.0020049305167
P06	PO3	19.000000	0.00100201903842
P06	PO3	20.000000	0.0004023295769
P06	PO3	21.000000	9.77460804279e-05
P06	PO3	22.000000	0.000135550813866
P06	PO3	23.000000	0.00100542930886
P06	PO3	24.000000	0.0014273552224
P06	PO3	25.000000	0.000166300014826
P06	PO3	26.000000	7.30584797566e-05
P06	PO3	27.000000	7.91885177023e-05
P06	PO3	28.000000	6.85389886712e-06
P06	PO3	29.000000	0.000312668154947
P06	PO3	30.000000	0.000298288534395
P06	PO3	31.000000	0.000702637189534
P06	PO3	32.000000	0.000145109690493
P06	PO3	33.000000	3.98040792788e-05
P06	PO3	34.000000	0.000520456756931
P06	PO3	35.000000	0.000375292816898
P06	PO3	36.000000	0.00021204938821
P06	PO3	37.000000	0.000258972489974
P06	PO3	38.000000	0.000204791373108
P06	PO3	39.000000	0.000392884074245
P06	PO3	40.000000	0.000350800342858
P06	PO3	41.000000	0.000243688176852
P06	PO3	42.000000	0.000125904174638
P06	PO3	43.000000	0.000195646716747
P06	PO3	44.000000	6.62502643536e-05
P06	PO3	45.000000	6.97114228387e-05
P06	PO3	46.000000	0.000189850426978
P06	PO3	47.000000	0.000258248503087
P06	PO3	48.000000	5.1067028835e-05
P06	PO3	49.000000	1.10430455607e-05
P06	PO3	50.000000	7.99501431175e-05
P06	PO3	51.000000	2.92189070024e-05
P06	PO3	52.000000	1.92871029867e-05
P06	PO3	53.000000	6.0773378209e-05
P06	PO3	54.000000	8.45890735945e-06
P06	PO3	55.000000	0.000248524476774
P06	PO3	56.000000	0.00105225539301
P06	PO3	57.000000	0.000464798416942
P06	PO3	58.000000	1.7439646399e-05
P06	PO3	59.000000	0.000284106470644
P06	PO3	60.000000	0.000137927389005
P06	PO3	61.000000	3.75396630261e-05
P06	PO3	62.000000	1.68068288531e-06
P06	PO3	63.000000	2.52819772868e-05
P06	PO3	64.000000	7.72890489316e-05
P06	PO3	65.000000	0.000141503696796
P06	PO3	66.000000	0.000227578857448
P06	PO3	67.000000	0.000573526835069
P06	PO3	68.000000	0.000226770396694
P06	PO3	69.000000	0.000181390714715
P06	PO3	70.000000	0.000136299640872
P06	PO3	71.000000	2.66657434622e-06
P06	PO3	72.000000	5.75184139961e-06
P06	PO3	73.000000	0.000117916635645
P06	PO3	74.000000	0.000439360388555
P06	PO3	75.000000	9.00844097487e-05
P06	PO3	76.000000	7.31994514354e-05
P06	PO3	77.000000	6.46942789899e-05
P06	PO3	78.000000	6.54446012049e-06
P06	PO3	79.000000	0.000137266746606
P06	PO3	80.000000	0.000138136791065
P06	O1	1.000000	2.43907618523
P06	O1	2.000000	0.358743935823
P06	O1	3.000000	0.441823810339
P06	O1	4.000000	0.25695079565
P06	O1	5.000000	0.138316988945
P06	O1	6.000000	0.192202270031
P06	O1	7.000000	0.130854830146
P06	O1	8.000000	0.104672335088
P06	O1	9.000000	0.0438930206001
P06	O1	10.000000	0.000392872432712
P06	O1	11.000000	0.0017263967311
P06	O1	12.000000	0.00243109883741
P06	O1	13.000000	0.00168395368382
P06	O1	14.000000	0.00490385992453
P06	O1	15.000000	0.00584364775568
P06	O1	16.000000	0.00122177263256
P06	O1	17.000000	0.000125349717564
P06	O1	18.000000	0.00132645736448
P06	O1	19.000000	0.000763007672504
P06	O1	20.000000	0.000309349881718
P06	O1	21.000000	0.00039872614434
P06	O1	22.000000	0.000910961593036
P06	O1	23.000000	0.000217469918425
P06	O1	24.000000	8.10797864688e-05
P06	O1	25.000000	4.90127204102e-05
P06	O1	26.000000	6.33849485894e-05
P06	O1	27.000000	0.00107501528692
P06	O1	28.000000	0.000601125298999
P06	O1	29.000000	0.000141765849548
P06	O1	30.000000	0.000585773144849
P06	O1	31.000000	0.000563697190955
P06	O1	32.000000	1.06999978016e-05
P06	O1	33.000000	0.000236493782722
P06	O1	34.000000	0.000170863859239
P06	O1	35.000000	3.13095224556e-05
P06	O1	36.000000	0.000282790977508
P06	O1	37.000000	0.000271911296295
P06	O1	38.000000	6.1200039454e-06
P06	O1	39.000000	0.000147164289956
P06	O1	40.000000	0.000181896597496
P06	O1	41.000000	0.000553253339604
P06	O1	42.000000	0.000715175352525
P06	O1	43.000000	6.5906191594e-05
P06	O1	44.000000	9.75318689598e-05
P06	O1	45.000000	2.32787642744e-05
P06	O1	46.000000	0.000624023785349
P06	O1	47.000000	0.000915473909117
P06	O1	48.000000	0.000450889929198
P06	O1	49.000000	0.000166861078469
P06	O1	50.000000	0.0001635584631
P06	O1	51.000000	4.35708279838e-05
P06	O1	52.000000	0.000247749791015
P06	O1	53.000000	0.000417935749283
P06	O1	54.000000	0.000106140134449
P06	O1	55.000000	0.000493560859468
P06	O1	56.000000	0.00112494511995
P06	O1	57.000000	0.000785671407357
P06	O1	58.000000	8.02943686722e-05
P06	O1	59.000000	0.000239262866671
P06	O1	60.000000	0.000340031838277
P06	O1	61.000000	4.5564789616e-05
P06	O1	62.000000	3.07246773446e-05
P06	O1	63.000000	0.000252264813753
P06	O1	64.000000	0.000689352746122
P06	O1	65.000000	0.000552885001525
P06	O1	66.000000	0.000231016616453
P06	O1	67.000000	0.00029598432593
P06	O1	68.000000	0.000100064375147
P06	O1	69.000000	8.58686253196e-05
P06	O1	70.000000	6.7836845119e-05
P06	O1	71.000000	1.4053135601e-05
P06	O1	72.000000	2.97081696772e-05
P06	O1	73.000000	3.7818801502e-05
P06	O1	74.000000	0.000108824438939
P06	O1	75.000000	6.92609173711e-05
P06	O1	76.000000	1.45475951285e-05
P06	O1	77.000000	4.10769898735e-05
P06	O1	78.000000	1.66752106452e-05
P06	O1	79.000000	0.000129074789584
P06	O1	80.000000	0.000450906722108
P06	Oz	1.000000	2.39844608307
P06	Oz	2.000000	0.336319476366
P06	Oz	3.000000	0.434516072273
P06	Oz	4.000000	0.265239387751
P06	Oz	5.000000	0.131363511086
P06	Oz	6.000000	0.188256964087
P06	Oz	7.000000	0.127204194665
P06	Oz	8.000000	0.101947955787
P06	Oz	9.000000	0.0403595976532
P06	Oz	10.000000	0.00058821606217
P06	Oz	11.000000	0.000762478623074
P06	Oz	12.000000	0.00214126938954
P06	Oz	13.000000	0.00127113598865
P06	Oz	14.000000	0.00244500045665
P06	Oz	15.000000	0.0029049559962
P06	Oz	16.000000	0.000673181028105
P06	Oz	17.000000	3.72689974029e-05
P06	Oz	18.000000	0.00241217203438
P06	Oz	19.000000	0.00164655176923
P06	Oz	20.000000	0.000331699033268
P06	Oz	21.000000	0.000144272926264
P06	Oz	22.000000	0.000667774875183
P06	Oz	23.000000	0.000278418912785
P06	Oz	24.000000	0.000307788315695
P06	Oz	25.000000	0.00102470756974
P06	Oz	26.000000	0.000538546999451
P06	Oz	27.000000	7.55641667638e-05
P06	Oz	28.000000	0.000110126442451
P06	Oz	29.000000	0.00121208454948
P06	Oz	30.000000	0.000105559025542
P06	Oz	31.000000	0.00101548619568
P06	Oz	32.000000	0.000469124235678
P06	Oz	33.000000	0.000110879955173
P06	Oz	34.000000	3.67412030755e-05
P06	Oz	35.000000	0.000244427006692
P06	Oz	36.000000	4.51206178695e-05
P06	Oz	37.000000	0.000161475210916
P06	Oz	38.000000	0.000176534100319
P06	Oz	39.000000	0.000201578208362
P06	Oz	40.000000	0.000105301973235
P06	Oz	41.000000	5.54079779249e-05
P06	Oz	42.000000	8.94143013284e-05
P06	Oz	43.000000	6.33040035609e-05
P06	Oz	44.000000	0.000215234802454
P06	Oz	45.000000	0.000333209056407
P06	Oz	46.000000	0.000753039552364
P06	Oz	47.000000	0.00074864452472
P06	Oz	48.000000	0.000744359800592
P06	Oz	49.000000	0.000406671490055
P06	Oz	50.000000	0.00031527414103
P06	Oz	51.000000	0.0001435023878
P06	Oz	52.000000	4.30042382504e-06
P06	Oz	53.000000	4.25476428063e-05
P06	Oz	54.000000	3.12334996124e-05
P06	Oz	55.000000	0.000295370467938
P06	Oz	56.000000	0.0008312878781
P06	Oz	57.000000	0.000468141195597
P06	Oz	58.000000	2.74259291473e-05
P06	Oz	59.000000	8.63201494212e-05
P06	Oz	60.000000	2.78169318335e-05
P06	Oz	61.000000	0.000272260804195
P06	Oz	62.000000	0.000556058599614
P06	Oz	63.000000	0.00018263347738
P06	Oz	64.000000	3.94977942051e-05
P06	Oz	65.000000	0.0002472132619
P06	Oz	66.000000	0.000325910950778
P06	Oz	67.000000	0.000433208653703
P06	Oz	68.000000	8.34024685901e-05
P06	Oz	69.000000	0.000116110684758
P06	Oz	70.000000	9.21131140785e-05
P06	Oz	71.000000	4.63668620796e-05
P06	Oz	72.000000	7.91893544374e-05
P06	Oz	73.000000	3.35906152031e-05
P06	Oz	74.000000	0.000114592083264
P06	Oz	75.000000	1.31655349378e-06
P06	Oz	76.000000	0.00015765990247
P06	Oz	77.000000	2.78703482763e-05
P06	Oz	78.000000	0.000144412886584
P06	Oz	79.000000	0.000171845167642
P06	Oz	80.000000	3.45949160874e-06
P06	O2	1.000000	2.46234083176
P06	O2	2.000000	0.33731558919
P06	O2	3.000000	0.417552798986
P06	O2	4.000000	0.259019881487
P06	O2	5.000000	0.150693252683
P06	O2	6.000000	0.202927961946
P06	O2	7.000000	0.114212475717
P06	O2	8.000000	0.0951959565282
P06	O2	9.000000	0.0416515693069
P06	O2	10.000000	0.000710485212039
P06	O2	11.000000	0.00121007510461
P06	O2	12.000000	0.00212016445585
P06	O2	13.000000	0.00223190104589
P06	O2	14.000000	0.00305482302792
P06	O2	15.000000	0.0024516414851
P06	O2	16.000000	0.000758551876061
P06	O2	17.000000	0.00107851380017
P06	O2	18.000000	0.00117008201778
P06	O2	19.000000	0.00340052507818
P06	O2	20.000000	0.000283561035758
P06	O2	21.000000	0.000445063866209
P06	O2	22.000000	0.00072775199078
P06	O2	23.000000	0.000239146014792
P06	O2	24.000000	4.13504858443e-05
P06	O2	25.000000	0.000753935077228
P06	O2	26.000000	0.000460998504423
P06	O2	27.000000	0.000166428551893
P06	O2	28.000000	5.44378890481e-05
P06	O2	29.000000	0.000618882651906
P06	O2	30.000000	0.000667525862809
P06	O2	31.000000	0.000838046369608
P06	O2	32.000000	5.03690098412e-05
P06	O2	33.000000	0.000194489315618
P06	O2	34.000000	0.000273277895758
P06	O2	35.000000	4.05484752264e-05
P06	O2	36.000000	2.79322148344e-06
P06	O2	37.000000	0.000225257317652
P06	O2	38.000000	0.000496062100865
P06	O2	39.000000	0.000211805425351
P06	O2	40.000000	0.00020412808226
P06	O2	41.000000	0.000744896067772
P06	O2	42.000000	0.000584300665651
P06	O2	43.000000	0.000134112822707
P06	O2	44.000000	0.000149449129822
P06	O2	45.000000	6.06627963862e-06
P06	O2	46.000000	3.06033471134e-05
P06	O2	47.000000	0.000386401137803
P06	O2	48.000000	0.000663448241539
P06	O2	49.000000	0.00022558242199
P06	O2	50.000000	3.60435515177e-05
P06	O2	51.000000	8.95302673598e-06
P06	O2	52.000000	1.60185627465e-05
P06	O2	53.000000	3.89128290408e-05
P06	O2	54.000000	0.000228699151194
P06	O2	55.000000	0.000134565707413
P06	O2	56.000000	0.000502597307786
P06	O2	57.000000	0.000448738981504
P06	O2	58.000000	0.000134630710818
P06	O2	59.000000	1.24055595734e-05
P06	O2	60.000000	0.000124147161841
P06	O2	61.000000	0.000223900467972
P06	O2	62.000000	0.000209896592423
P06	O2	63.000000	7.0715926995e-05
P06	O2	64.000000	0.000225504074479
P06	O2	65.000000	0.000141000855365
P06	O2	66.000000	3.79213415727e-05
P06	O2	67.000000	0.000126315979287
P06	O2	68.000000	0.000114923241199
P06	O2	69.000000	0.000139695010148
P06	O2	70.000000	1.79617672984e-05
P06	O2	71.000000	0.000112554291263
P06	O2	72.000000	0.000102436169982
P06	O2	73.000000	0.000178716145456
P06	O2	74.000000	0.000267061521299
P06	O2	75.000000	0.000279526168015
P06	O2	76.000000	0.000210088386666
P06	O2	77.000000	1.88359936146e-05
P06	O2	78.000000	0.000169334438397
P06	O2	79.000000	0.000162258191267
P06	O2	80.000000	1.17791805678e-05
P06	PO4	1.000000	2.37010097504
P06	PO4	2.000000	0.330638259649
P06	PO4	3.000000	0.391211569309
P06	PO4	4.000000	0.25392511487
P06	PO4	5.000000	0.145386084914
P06	PO4	6.000000	0.203974723816
P06	PO4	7.000000	0.121165327728
P06	PO4	8.000000	0.0934029072523
P06	PO4	9.000000	0.0455019287765
P06	PO4	10.000000	0.0014595980756
P06	PO4	11.000000	0.00150114798453
P06	PO4	12.000000	0.00258603575639
P06	PO4	13.000000	0.000970092136413
P06	PO4	14.000000	0.0021315284539
P06	PO4	15.000000	0.00260383891873
P06	PO4	16.000000	0.000676499155816
P06	PO4	17.000000	1.83008069143e-05
P06	PO4	18.000000	0.00146682187915
P06	PO4	19.000000	0.00136099930387
P06	PO4	20.000000	0.000185862925719
P06	PO4	21.000000	0.000161921372637
P06	PO4	22.000000	0.00130212737713
P06	PO4	23.000000	0.000992369023152
P06	PO4	24.000000	0.00018865421589
P06	PO4	25.000000	0.000349643494701
P06	PO4	26.000000	0.000538919761311
P06	PO4	27.000000	0.000418291718233
P06	PO4	28.000000	0.000315992481774
P06	PO4	29.000000	0.000266622751951
P06	PO4	30.000000	0.000335294054821
P06	PO4	31.000000	0.000944620522205
P06	PO4	32.000000	0.000325731089106
P06	PO4	33.000000	4.72794927191e-05
P06	PO4	34.000000	2.18163404497e-05
P06	PO4	35.000000	0.000335084536346
P06	PO4	36.000000	0.000108255750092
P06	PO4	37.000000	0.000327046436723
P06	PO4	38.000000	0.000591667427216
P06	PO4	39.000000	0.000285197922494
P06	PO4	40.000000	0.000122660014313
P06	PO4	41.000000	0.000230900099268
P06	PO4	42.000000	0.000329302740283
P06	PO4	43.000000	3.18928068737e-05
P06	PO4	44.000000	0.000328826135956
P06	PO4	45.000000	1.87097684829e-05
P06	PO4	46.000000	0.000103586011392
P06	PO4	47.000000	0.000594504352193
P06	PO4	48.000000	0.000784055271652
P06	PO4	49.000000	0.00027481932193
P06	PO4	50.000000	5.79116858717e-05
P06	PO4	51.000000	0.000303790002363
P06	PO4	52.000000	0.00102941226214
P06	PO4	53.000000	0.000716614769772
P06	PO4	54.000000	0.000209391859244
P06	PO4	55.000000	0.000186616103747
P06	PO4	56.000000	0.000517085543834
P06	PO4	57.000000	0.000277028186247
P06	PO4	58.000000	4.88957921334e-05
P06	PO4	59.000000	0.00022387894569
P06	PO4	60.000000	0.000191233062651
P06	PO4	61.000000	0.000112118716061
P06	PO4	62.000000	8.79836807144e-05
P06	PO4	63.000000	0.000133914189064
P06	PO4	64.000000	0.000226000338444
P06	PO4	65.000000	0.000137769486173
P06	PO4	66.000000	4.97287364851e-05
P06	PO4	67.000000	0.000133259425638
P06	PO4	68.000000	8.13173101051e-05
P06	PO4	69.000000	7.3427472671e-05
P06	PO4	70.000000	4.72460196761e-05
P06	PO4	71.000000	7.97392640379e-05
P06	PO4	72.000000	4.62108982902e-05
P06	PO4	73.000000	0.00014681922039
P06	PO4	74.000000	0.000153925037012
P06	PO4	75.000000	2.53329999396e-05
P06	PO4	76.000000	7.62411800679e-05
P06	PO4	77.000000	4.82970644953e-05
P06	PO4	78.000000	8.67212384037e-06
P06	PO4	79.000000	7.62183626648e-05
P06	PO4	80.000000	6.07271031186e-05
P06	Pz	1.000000	0.132295906544
P06	Pz	2.000000	0.0183505173773
P06	Pz	3.000000	0.0309773683548
P06	Pz	4.000000	0.0258991513401
P06	Pz	5.000000	0.0272045154124
P06	Pz	6.000000	0.0152890384197
P06	Pz	7.000000	0.0359152555466
P06	Pz	8.000000	0.0366820655763
P06	Pz	9.000000	0.00174012989737
P06	Pz	10.000000	0.00135317340028
P06	Pz	11.000000	0.0042681042105
P06	Pz	12.000000	0.00582538545132
P06	Pz	13.000000	0.00230060121976
P06	Pz	14.000000	0.00531725445762
P06	Pz	15.000000	0.00211218371987
P06	Pz	16.000000	0.0010121994419
P06	Pz	17.000000	0.000301623280393
P06	Pz	18.000000	8.94885451999e-05
P06	Pz	19.000000	0.000645064050332
P06	Pz	20.000000	8.05775489425e-05
P06	Pz	21.000000	0.001142095658
P06	Pz	22.000000	0.00176699319854
P06	Pz	23.000000	0.0010431468254
P06	Pz	24.000000	0.000851352058817
P06	Pz	25.000000	0.00292418105528
P06	Pz	26.000000	0.00127775396686
P06	Pz	27.000000	0.00111482362263
P06	Pz	28.000000	0.000852608936839
P06	Pz	29.000000	0.00082398095401
P06	Pz	30.000000	0.000156365465955
P06	Pz	31.000000	0.000110063127067
P06	Pz	32.000000	0.00025104128872
P06	Pz	33.000000	0.000496466702316
P06	Pz	34.000000	0.000465254328446
P06	Pz	35.000000	0.000174661385245
P06	Pz	36.000000	3.48836292687e-05
P06	Pz	37.000000	9.21045211726e-05
P06	Pz	38.000000	4.8939469707e-05
P06	Pz	39.000000	7.05100683263e-06
P06	Pz	40.000000	0.000309947907226
P06	Pz	41.000000	0.000811504898593
P06	Pz	42.000000	0.000725412217434
P06	Pz	43.000000	0.000232812468312
P06	Pz	44.000000	7.29681632947e-05
P06	Pz	45.000000	3.68780347344e-05
P06	Pz	46.000000	0.000123804522445
P06	Pz	47.000000	0.000604059488978
P06	Pz	48.000000	0.000770719838329
P06	Pz	49.000000	5.77469509153e-05
P06	Pz	50.000000	0.000208952333196
P06	Pz	51.000000	6.2888917455e-05
P06	Pz	52.000000	8.41988003231e-05
P06	Pz	53.000000	1.33635330712e-05
P06	Pz	54.000000	0.000217000415432
P06	Pz	55.000000	2.03423824132e-05
P06	Pz	56.000000	0.00023833294108
P06	Pz	57.000000	0.000502361101098
P06	Pz	58.000000	0.000288365932647
P06	Pz	59.000000	5.07435215695e-05
P06	Pz	60.000000	3.78882468794e-05
P06	Pz	61.000000	0.000403743266361
P06	Pz	62.000000	0.000325644214172
P06	Pz	63.000000	0.000107834617666
P06	Pz	64.000000	0.000466907717055
P06	Pz	65.000000	0.000278141786112
P06	Pz	66.000000	3.64785555576e-05
P06	Pz	67.000000	0.000114044356451
P06	Pz	68.000000	0.000245166593231
P06	Pz	69.000000	0.000124663900351
P06	Pz	70.000000	0.000330125301844
P06	Pz	71.000000	0.000202554510906
P06	Pz	72.000000	6.19163474767e-05
P06	Pz	73.000000	6.00694074819e-05
P06	Pz	74.000000	0.000174145461642
P06	Pz	75.000000	0.000325168890413
P06	Pz	76.000000	0.000115146329335
P06	Pz	77.000000	0.000139713680255
P06	Pz	78.000000	5.24229071743e-05
P06	Pz	79.000000	7.15309215593e-06
P06	Pz	80.000000	5.32791636942e-05
P06	CP1	1.000000	0.021197296679
P06	CP1	2.000000	0.00757598597556
P06	CP1	3.000000	0.00649126525968
P06	CP1	4.000000	0.002320836531
P06	CP1	5.000000	0.0111633883789
P06	CP1	6.000000	0.00489398976788
P06	CP1	7.000000	0.00303890183568
P06	CP1	8.000000	0.00453044800088
P06	CP1	9.000000	0.00395104661584
P06	CP1	10.000000	0.00148343166802
P06	CP1	11.000000	0.00616599572822
P06	CP1	12.000000	0.00204872060567
P06	CP1	13.000000	0.000266515009571
P06	CP1	14.000000	0.000644112180453
P06	CP1	15.000000	0.000849662174005
P06	CP1	16.000000	0.0029516867362
P06	CP1	17.000000	0.000403334212024
P06	CP1	18.000000	0.000341986364219
P06	CP1	19.000000	0.000404147285735
P06	CP1	20.000000	0.000147437734995
P06	CP1	21.000000	0.000629683781881
P06	CP1	22.000000	0.000500604743138
P06	CP1	23.000000	0.00279801129363
P06	CP1	24.000000	0.00253652012907
P06	CP1	25.000000	0.000358946621418
P06	CP1	26.000000	0.000492683495395
P06	CP1	27.000000	0.00129793887027
P06	CP1	28.000000	0.00190399843268
P06	CP1	29.000000	0.00140899862163
P06	CP1	30.000000	0.000447115744464
P06	CP1	31.000000	0.00117020483594
P06	CP1	32.000000	0.00113378488459
P06	CP1	33.000000	0.000371674454072
P06	CP1	34.000000	0.000844585418236
P06	CP1	35.000000	0.00118273112457
P06	CP1	36.000000	4.96015964018e-05
P06	CP1	37.000000	0.0011674297275
P06	CP1	38.000000	0.000789022771642
P06	CP1	39.000000	0.00220968364738
P06	CP1	40.000000	0.00124400935601
P06	CP1	41.000000	0.000151019849
P06	CP1	42.000000	0.000324121036101
P06	CP1	43.000000	0.000103417369246
P06	CP1	44.000000	2.54555507126e-05
P06	CP1	45.000000	0.000236331979977
P06	CP1	46.000000	0.000217758046347
P06	CP1	47.000000	5.60527732887e-05
P06	CP1	48.000000	0.000323768588714
P06	CP1	49.000000	0.000550543016288
P06	CP1	50.000000	4.65026569145e-05
P06	CP1	51.000000	0.000291115808068
P06	CP1	52.000000	0.000587287475355
P06	CP1	53.000000	0.000176133573405
P06	CP1	54.000000	0.00015438059927
P06	CP1	55.000000	0.000157612055773
P06	CP1	56.000000	4.37632697867e-05
P06	CP1	57.000000	7.88356737758e-06
P06	CP1	58.000000	8.98633588804e-05
P06	CP1	59.000000	0.000273179903161
P06	CP1	60.000000	0.000201198054128
P06	CP1	61.000000	0.000136038855999
P06	CP1	62.000000	1.31318238346e-05
P06	CP1	63.000000	0.000119791067846
P06	CP1	64.000000	8.81757387106e-06
P06	CP1	65.000000	0.000151769578224
P06	CP1	66.000000	7.0018992119e-05
P06	CP1	67.000000	5.06330216012e-05
P06	CP1	68.000000	3.79443481506e-05
P06	CP1	69.000000	2.73631976597e-05
P06	CP1	70.000000	2.35861516558e-05
P06	CP1	71.000000	1.99223559321e-05
P06	CP1	72.000000	2.52376230492e-05
P06	CP1	73.000000	1.32899021992e-05
P06	CP1	74.000000	1.85745957424e-05
P06	CP1	75.000000	5.55213091502e-06
P06	CP1	76.000000	5.36775805813e-05
P06	CP1	77.000000	2.66194383585e-05
P06	CP1	78.000000	8.85845074663e-05
P06	CP1	79.000000	1.45181611515e-05
P06	CP1	80.000000	3.35878721671e-05
P06	FC1	1.000000	1.50801765919
P06	FC1	2.000000	0.169126927853
P06	FC1	3.000000	0.164326250553
P06	FC1	4.000000	0.212235704064
P06	FC1	5.000000	0.0548746027052
P06	FC1	6.000000	0.0375482663512
P06	FC1	7.000000	0.0317368619144
P06	FC1	8.000000	0.0514064691961
P06	FC1	9.000000	0.0149494931102
P06	FC1	10.000000	0.00262537109666
P06	FC1	11.000000	0.00345832831226
P06	FC1	12.000000	0.00186660070904
P06	FC1	13.000000	0.00197699014097
P06	FC1	14.000000	0.00229821191169
P06	FC1	15.000000	0.00228910380974
P06	FC1	16.000000	0.000969439046457
P06	FC1	17.000000	0.00177359767258
P06	FC1	18.000000	0.000904045940842
P06	FC1	19.000000	0.000495649757795
P06	FC1	20.000000	0.000171285952092
P06	FC1	21.000000	0.000652501767036
P06	FC1	22.000000	0.000785077863839
P06	FC1	23.000000	0.00217014481314
P06	FC1	24.000000	0.000886296969838
P06	FC1	25.000000	0.000201923001441
P06	FC1	26.000000	9.09952286747e-05
P06	FC1	27.000000	6.27883491688e-05
P06	FC1	28.000000	0.00101899635047
P06	FC1	29.000000	0.00117986660916
P06	FC1	30.000000	0.000759490183555
P06	FC1	31.000000	0.000791318889242
P06	FC1	32.000000	0.000213657040149
P06	FC1	33.000000	0.000310351751978
P06	FC1	34.000000	0.000338904908858
P06	FC1	35.000000	1.02190069811e-05
P06	FC1	36.000000	7.70175120124e-06
P06	FC1	37.000000	5.16764448548e-05
P06	FC1	38.000000	8.60386353452e-05
P06	FC1	39.000000	2.99558250845e-05
P06	FC1	40.000000	0.00109822675586
P06	FC1	41.000000	0.00239115953445
P06	FC1	42.000000	0.000710765423719
P06	FC1	43.000000	0.000485997734359
P06	FC1	44.000000	0.00057445699349
P06	FC1	45.000000	0.00024193203717
P06	FC1	46.000000	0.000391990644857
P06	FC1	47.000000	0.000511802034453
P06	FC1	48.000000	0.000417352770455
P06	FC1	49.000000	0.000405491882702
P06	FC1	50.000000	3.87830659747e-05
P06	FC1	51.000000	9.82672790997e-05
P06	FC1	52.000000	0.000328331632772
P06	FC1	53.000000	0.000230579200434
P06	FC1	54.000000	8.76548147062e-05
P06	FC1	55.000000	2.04563220905e-05
P06	FC1	56.000000	2.25845615205e-05
P06	FC1	57.000000	6.47635388304e-05
P06	FC1	58.000000	0.000145350975799
P06	FC1	59.000000	0.000199930975214
P06	FC1	60.000000	0.000211623409996
P06	FC1	61.000000	7.24873534637e-05
P06	FC1	62.000000	6.24854583293e-05
P06	FC1	63.000000	7.11505417712e-05
P06	FC1	64.000000	3.00545834762e-05
P06	FC1	65.000000	4.50416628155e-05
P06	FC1	66.000000	5.82909451623e-05
P06	FC1	67.000000	3.52814276994e-05
P06	FC1	68.000000	0.000557183346245
P06	FC1	69.000000	0.000203881369089
P06	FC1	70.000000	0.000106971150672
P06	FC1	71.000000	0.000282729131868
P06	FC1	72.000000	0.000202955518034
P06	FC1	73.000000	4.30809996033e-05
P06	FC1	74.000000	1.17984163808e-05
P06	FC1	75.000000	9.10101789486e-06
P06	FC1	76.000000	6.54225441394e-05
P06	FC1	77.000000	0.00037791399518
P06	FC1	78.000000	6.3446641434e-05
P06	FC1	79.000000	8.24430317152e-05
P06	FC1	80.000000	5.94631492277e-05
P06	P3	1.000000	2.42538666725
P06	P3	2.000000	0.348583698273
P06	P3	3.000000	0.418510198593
P06	P3	4.000000	0.235528275371
P06	P3	5.000000	0.14672061801
P06	P3	6.000000	0.184162661433
P06	P3	7.000000	0.127915531397
P06	P3	8.000000	0.0810527577996
P06	P3	9.000000	0.0343319401145
P06	P3	10.000000	0.00016080639034
P06	P3	11.000000	0.00200339104049
P06	P3	12.000000	0.00337261008099
P06	P3	13.000000	0.00416607549414
P06	P3	14.000000	0.00376582844183
P06	P3	15.000000	0.00537646841258
P06	P3	16.000000	0.00224506668746
P06	P3	17.000000	0.000163250500918
P06	P3	18.000000	0.00154137006029
P06	P3	19.000000	0.000549938296899
P06	P3	20.000000	0.00089157599723
P06	P3	21.000000	0.000277859915514
P06	P3	22.000000	0.000637486518826
P06	P3	23.000000	0.000210787256947
P06	P3	24.000000	0.000190099017345
P06	P3	25.000000	0.000124535683426
P06	P3	26.000000	3.78039949283e-05
P06	P3	27.000000	0.00019865273498
P06	P3	28.000000	4.28744860983e-05
P06	P3	29.000000	2.21040795623e-06
P06	P3	30.000000	0.000837673724163
P06	P3	31.000000	0.000250682118349
P06	P3	32.000000	0.000447144760983
P06	P3	33.000000	0.000439338415163
P06	P3	34.000000	0.000441130861873
P06	P3	35.000000	5.85751731705e-05
P06	P3	36.000000	0.000551611476112
P06	P3	37.000000	4.3718930101e-05
P06	P3	38.000000	0.000241628251388
P06	P3	39.000000	0.000174158776645
P06	P3	40.000000	0.000186110715731
P06	P3	41.000000	0.000431936350651
P06	P3	42.000000	0.00036412285408
P06	P3	43.000000	0.000236175881582
P06	P3	44.000000	0.000311001727823
P06	P3	45.000000	7.50268809497e-05
P06	P3	46.000000	0.000630585826002
P06	P3	47.000000	0.0012235873146
P06	P3	48.000000	0.000727287610061
P06	P3	49.000000	0.000257155770669
P06	P3	50.000000	7.91575803305e-05
P06	P3	51.000000	3.43783431163e-05
P06	P3	52.000000	0.000440206757048
P06	P3	53.000000	0.000369028450223
P06	P3	54.000000	0.000211452832446
P06	P3	55.000000	0.000493800733238
P06	P3	56.000000	0.000428280443884
P06	P3	57.000000	7.45963625377e-05
P06	P3	58.000000	0.000127706240164
P06	P3	59.000000	0.000580882420763
P06	P3	60.000000	0.000304699264234
P06	P3	61.000000	0.000150053820107
P06	P3	62.000000	5.44861104572e-05
P06	P3	63.000000	4.34884314018e-05
P06	P3	64.000000	0.000285847287159
P06	P3	65.000000	0.000235869374592
P06	P3	66.000000	4.58054782939e-05
P06	P3	67.000000	9.77899107966e-05
P06	P3	68.000000	9.8268246802e-06
P06	P3	69.000000	0.000169579696376
P06	P3	70.000000	9.35854404815e-05
P06	P3	71.000000	4.69580345452e-06
P06	P3	72.000000	1.97449553525e-05
P06	P3	73.000000	5.27841511939e-05
P06	P3	74.000000	0.000406272098189
P06	P3	75.000000	0.000196080145543
P06	P3	76.000000	4.36367299699e-05
P06	P3	77.000000	0.000123569843709
P06	P3	78.000000	0.00020603244775
P06	P3	79.000000	0.000130901069497
P06	P3	80.000000	0.000206592842005
P06	C3	1.000000	0.133402764797
P06	C3	2.000000	0.00106263381895
P06	C3	3.000000	0.0522111393511
P06	C3	4.000000	0.043301448226
P06	C3	5.000000	0.00963327940553
P06	C3	6.000000	0.00758067099378
P06	C3	7.000000	0.00748083461076
P06	C3	8.000000	0.00399680621922
P06	C3	9.000000	0.00433639995754
P06	C3	10.000000	0.0086481468752
P06	C3	11.000000	0.00323157291859
P06	C3	12.000000	0.00388738955371
P06	C3	13.000000	0.00403896393254
P06	C3	14.000000	0.00421905703843
P06	C3	15.000000	0.0004340634041
P06	C3	16.000000	0.000854267156683
P06	C3	17.000000	0.00281359325163
P06	C3	18.000000	0.00324040441774
P06	C3	19.000000	0.000606943387538
P06	C3	20.000000	0.000937805511057
P06	C3	21.000000	3.23249696521e-05
P06	C3	22.000000	0.000543510192074
P06	C3	23.000000	0.00216250796802
P06	C3	24.000000	0.0072418753989
P06	C3	25.000000	0.00441351067275
P06	C3	26.000000	0.000345021602698
P06	C3	27.000000	5.43288369954e-05
P06	C3	28.000000	0.00200343993492
P06	C3	29.000000	0.00711520761251
P06	C3	30.000000	0.00634972844273
P06	C3	31.000000	0.00313600944355
P06	C3	32.000000	0.0017559833359
P06	C3	33.000000	0.000846730486955
P06	C3	34.000000	1.70252242242e-05
P06	C3	35.000000	0.000540285895113
P06	C3	36.000000	9.89419204416e-05
P06	C3	37.000000	0.000795403670054
P06	C3	38.000000	0.000832257501315
P06	C3	39.000000	0.000376434123609
P06	C3	40.000000	0.000574217468966
P06	C3	41.000000	0.000163809294463
P06	C3	42.000000	0.000491838727612
P06	C3	43.000000	0.000170951330801
P06	C3	44.000000	0.00011894130148
P06	C3	45.000000	0.000185181605048
P06	C3	46.000000	3.62439059245e-05
P06	C3	47.000000	0.000135033857077
P06	C3	48.000000	0.000359389756341
P06	C3	49.000000	0.000211805425351
P06	C3	50.000000	0.000233651080634
P06	C3	51.000000	0.000924296386074
P06	C3	52.000000	0.000608149624895
P06	C3	53.000000	0.000153246248374
P06	C3	54.000000	2.4227438189e-05
P06	C3	55.000000	2.66386305157e-05
P06	C3	56.000000	0.000218272994971
P06	C3	57.000000	0.000143190394738
P06	C3	58.000000	0.0002245088981
P06	C3	59.000000	0.000104770246253
P06	C3	60.000000	0.000267915776931
P06	C3	61.000000	9.034715913e-05
P06	C3	62.000000	0.000824966118671
P06	C3	63.000000	0.000212840270251
P06	C3	64.000000	4.50207553513e-05
P06	C3	65.000000	1.12197722046e-05
P06	C3	66.000000	0.000469471880933
P06	C3	67.000000	0.000518825137988
P06	C3	68.000000	0.000111120745714
P06	C3	69.000000	0.00013305208995
P06	C3	70.000000	0.000127322782646
P06	C3	71.000000	1.69991562871e-05
P06	C3	72.000000	0.000119152973639
P06	C3	73.000000	1.75453624252e-05
P06	C3	74.000000	0.000256235274719
P06	C3	75.000000	0.000183146476047
P06	C3	76.000000	3.43859719578e-05
P06	C3	77.000000	0.000114853894047
P06	C3	78.000000	1.61417556228e-05
P06	C3	79.000000	3.06957917928e-06
P06	C3	80.000000	7.89405294199e-06
P06	F3	1.000000	1.5373800993
P06	F3	2.000000	0.17125415802
P06	F3	3.000000	0.172621905804
P06	F3	4.000000	0.225537449121
P06	F3	5.000000	0.0504640564322
P06	F3	6.000000	0.056843906641
P06	F3	7.000000	0.0274664293975
P06	F3	8.000000	0.0424693375826
P06	F3	9.000000	0.0175557602197
P06	F3	10.000000	0.00244880840182
P06	F3	11.000000	0.00174525252078
P06	F3	12.000000	0.0011986909667
P06	F3	13.000000	0.000378890370484
P06	F3	14.000000	0.0025012108963
P06	F3	15.000000	0.00442141108215
P06	F3	16.000000	0.000359508558176
P06	F3	17.000000	0.000796089414507
P06	F3	18.000000	0.00259427446872
P06	F3	19.000000	0.00115829240531
P06	F3	20.000000	0.00120217818767
P06	F3	21.000000	0.00158633140381
P06	F3	22.000000	0.000233531478443
P06	F3	23.000000	0.00156219687779
P06	F3	24.000000	0.000933898612857
P06	F3	25.000000	0.000756034627557
P06	F3	26.000000	0.00163257541135
P06	F3	27.000000	0.00036257278407
P06	F3	28.000000	0.00073803687701
P06	F3	29.000000	0.000986791332252
P06	F3	30.000000	4.73507861898e-06
P06	F3	31.000000	0.000449828163255
P06	F3	32.000000	7.85322263255e-05
P06	F3	33.000000	0.000501315575093
P06	F3	34.000000	0.000861556036398
P06	F3	35.000000	0.000116868344776
P06	F3	36.000000	0.00013909790141
P06	F3	37.000000	8.84769106051e-05
P06	F3	38.000000	0.000107103711343
P06	F3	39.000000	0.000443537137471
P06	F3	40.000000	0.000590553681832
P06	F3	41.000000	0.00142750586383
P06	F3	42.000000	0.000771538412664
P06	F3	43.000000	0.000720448675565
P06	F3	44.000000	0.00122306030244
P06	F3	45.000000	0.00101197022013
P06	F3	46.000000	0.00074701977428
P06	F3	47.000000	0.000615910917986
P06	F3	48.000000	0.000146479811519
P06	F3	49.000000	7.15651185601e-05
P06	F3	50.000000	0.000125206512166
P06	F3	51.000000	2.09013851418e-05
P06	F3	52.000000	3.5901530282e-06
P06	F3	53.000000	1.89236288861e-05
P06	F3	54.000000	6.97390350979e-05
P06	F3	55.000000	0.000137300856295
P06	F3	56.000000	0.00011909892055
P06	F3	57.000000	4.44514225819e-05
P06	F3	58.000000	3.06361253024e-05
P06	F3	59.000000	0.00012924153998
P06	F3	60.000000	0.000110158667667
P06	F3	61.000000	2.3680355298e-05
P06	F3	62.000000	0.000229220589972
P06	F3	63.000000	0.000549788528588
P06	F3	64.000000	0.000320610270137
P06	F3	65.000000	7.62211493566e-06
P06	F3	66.000000	1.95444426936e-05
P06	F3	67.000000	0.000169366947375
P06	F3	68.000000	0.000609376234934
P06	F3	69.000000	0.000249052973231
P06	F3	70.000000	5.4205487686e-05
P06	F3	71.000000	6.12385556451e-05
P06	F3	72.000000	9.17746292544e-05
P06	F3	73.000000	0.000164771234267
P06	F3	74.000000	0.000198691384867
P06	F3	75.000000	0.00015514541883
P06	F3	76.000000	5.50960212422e-05
P06	F3	77.000000	0.000137393770274
P06	F3	78.000000	0.000147731596371
P06	F3	79.000000	0.00012019159476
P06	F3	80.000000	3.83964834327e-05
P06	F7	1.000000	0.80077368021
P06	F7	2.000000	0.0236623305827
P06	F7	3.000000	0.120333597064
P06	F7	4.000000	0.0642778128386
P06	F7	5.000000	0.0735492482781
P06	F7	6.000000	0.0470123104751
P06	F7	7.000000	0.0340879559517
P06	F7	8.000000	0.00882189720869
P06	F7	9.000000	0.00883812550455
P06	F7	10.000000	0.0145140755922
P06	F7	11.000000	0.0085717625916
P06	F7	12.000000	0.00235721026547
P06	F7	13.000000	0.000301742256852
P06	F7	14.000000	0.0109450537711
P06	F7	15.000000	0.00272607035004
P06	F7	16.000000	0.00863768626004
P06	F7	17.000000	0.00488023785874
P06	F7	18.000000	0.00284505309537
P06	F7	19.000000	0.00550759490579
P06	F7	20.000000	0.00962229538709
P06	F7	21.000000	0.010600624606
P06	F7	22.000000	0.00540863350034
P06	F7	23.000000	0.00424187118188
P06	F7	24.000000	0.00512363575399
P06	F7	25.000000	0.0265627559274
P06	F7	26.000000	0.0218112226576
P06	F7	27.000000	0.0115572791547
P06	F7	28.000000	0.0205491147935
P06	F7	29.000000	0.0253503452986
P06	F7	30.000000	0.000558569096029
P06	F7	31.000000	0.00588300824165
P06	F7	32.000000	0.00661568064243
P06	F7	33.000000	0.00435353955254
P06	F7	34.000000	0.00175036152359
P06	F7	35.000000	0.00200254749507
P06	F7	36.000000	0.00347222317941
P06	F7	37.000000	0.00110669690184
P06	F7	38.000000	0.00145028764382
P06	F7	39.000000	0.00161655945703
P06	F7	40.000000	0.00128253502771
P06	F7	41.000000	0.000174243890797
P06	F7	42.000000	8.88381910045e-05
P06	F7	43.000000	0.00254884315655
P06	F7	44.000000	0.00297238118947
P06	F7	45.000000	0.00119822158013
P06	F7	46.000000	0.000133413544972
P06	F7	47.000000	0.000821854628157
P06	F7	48.000000	0.000421262753662
P06	F7	49.000000	0.000210098965908
P06	F7	50.000000	0.00345389335416
P06	F7	51.000000	0.000986500643194
P06	F7	52.000000	0.000207182383747
P06	F7	53.000000	1.89531383512e-05
P06	F7	54.000000	0.00195490103215
P06	F7	55.000000	0.00283870054409
P06	F7	56.000000	0.000836239603814
P06	F7	57.000000	0.000166269295732
P06	F7	58.000000	0.000399932847358
P06	F7	59.000000	0.000233132494031
P06	F7	60.000000	0.000294384139124
P06	F7	61.000000	0.000106518331449
P06	F7	62.000000	6.03646149102e-05
P06	F7	63.000000	0.00100767717231
P06	F7	64.000000	0.000192972482182
P06	F7	65.000000	0.000468985759653
P06	F7	66.000000	0.000637389603071
P06	F7	67.000000	8.4440870296e-08
P06	F7	68.000000	0.00121281528845
P06	F7	69.000000	0.0021303948015
P06	F7	70.000000	0.000969681481365
P06	F7	71.000000	0.00106615037657
P06	F7	72.000000	0.000802544469479
P06	F7	73.000000	0.000150399588165
P06	F7	74.000000	0.00104701903183
P06	F7	75.000000	0.00111154827755
P06	F7	76.000000	0.000335731892847
P06	F7	77.000000	0.000862512446474
P06	F7	78.000000	0.00055000197608
P06	F7	79.000000	0.000458368624095
P06	F7	80.000000	7.17062794138e-05
P06	FC5	1.000000	0.21434147656
P06	FC5	2.000000	0.0221879705787
P06	FC5	3.000000	0.101656332612
P06	FC5	4.000000	0.0534540899098
P06	FC5	5.000000	0.0266619101167
P06	FC5	6.000000	0.0238373912871
P06	FC5	7.000000	0.0239446163177
P06	FC5	8.000000	0.0168552696705
P06	FC5	9.000000	0.0103722745553
P06	FC5	10.000000	0.0102685578167
P06	FC5	11.000000	0.00218599499203
P06	FC5	12.000000	0.00327541842125
P06	FC5	13.000000	0.00398007873446
P06	FC5	14.000000	0.0106689184904
P06	FC5	15.000000	0.0141411712393
P06	FC5	16.000000	0.0199348088354
P06	FC5	17.000000	0.0153421247378
P06	FC5	18.000000	0.0133849168196
P06	FC5	19.000000	0.00379834556952
P06	FC5	20.000000	0.00318725220859
P06	FC5	21.000000	0.0024132328108
P06	FC5	22.000000	0.0105021996424
P06	FC5	23.000000	0.012691391632
P06	FC5	24.000000	0.0086276633665
P06	FC5	25.000000	0.000582838023547
P06	FC5	26.000000	0.00111423968337
P06	FC5	27.000000	0.000959747529123
P06	FC5	28.000000	0.00336109893396
P06	FC5	29.000000	0.0100086145103
P06	FC5	30.000000	0.00514510879293
P06	FC5	31.000000	0.00514262774959
P06	FC5	32.000000	0.00287020625547
P06	FC5	33.000000	0.0082544721663
P06	FC5	34.000000	0.0110924206674
P06	FC5	35.000000	0.00151562562678
P06	FC5	36.000000	0.00201923935674
P06	FC5	37.000000	0.000189222002518
P06	FC5	38.000000	0.00578279839829
P06	FC5	39.000000	0.000997925642878
P06	FC5	40.000000	0.00131644704379
P06	FC5	41.000000	0.00185934896581
P06	FC5	42.000000	0.00422769924626
P06	FC5	43.000000	0.000399146927521
P06	FC5	44.000000	0.000325206114212
P06	FC5	45.000000	1.72991076397e-06
P06	FC5	46.000000	0.000894373515621
P06	FC5	47.000000	0.000727598497178
P06	FC5	48.000000	0.00128034106456
P06	FC5	49.000000	0.00102793739643
P06	FC5	50.000000	2.86585436697e-05
P06	FC5	51.000000	8.10290293884e-05
P06	FC5	52.000000	1.78261761903e-05
P06	FC5	53.000000	0.00048204662744
P06	FC5	54.000000	0.000527475262061
P06	FC5	55.000000	8.23900118121e-05
P06	FC5	56.000000	0.000118958887469
P06	FC5	57.000000	0.000173095773789
P06	FC5	58.000000	0.000136912654852
P06	FC5	59.000000	5.89921510254e-05
P06	FC5	60.000000	0.000143571116496
P06	FC5	61.000000	0.00023642956512
P06	FC5	62.000000	1.31177748699e-05
P06	FC5	63.000000	8.11730133137e-05
P06	FC5	64.000000	5.50781078346e-05
P06	FC5	65.000000	8.50662399898e-06
P06	FC5	66.000000	4.33021814388e-05
P06	FC5	67.000000	0.000210164813325
P06	FC5	68.000000	0.000655350391753
P06	FC5	69.000000	9.10583767109e-05
P06	FC5	70.000000	0.000251453340752
P06	FC5	71.000000	0.000372616428649
P06	FC5	72.000000	0.000349911104422
P06	FC5	73.000000	0.000921223196201
P06	FC5	74.000000	7.47344020056e-05
P06	FC5	75.000000	0.00138523627538
P06	FC5	76.000000	0.00161236093845
P06	FC5	77.000000	0.000673693371937
P06	FC5	78.000000	9.97658935376e-05
P06	FC5	79.000000	0.000143514553201
P06	FC5	80.000000	1.57443628268e-05
P06	CP5	1.000000	0.413394540548
P06	CP5	2.000000	0.124111622572
P06	CP5	3.000000	0.00947934947908
P06	CP5	4.000000	0.000454264896689
P06	CP5	5.000000	0.00621953280643
P06	CP5	6.000000	0.0144064724445
P06	CP5	7.000000	0.017609288916
P06	CP5	8.000000	0.00976733490825
P06	CP5	9.000000	0.00734508223832
P06	CP5	10.000000	0.00172586820554
P06	CP5	11.000000	0.00312821916305
P06	CP5	12.000000	0.000595946388785
P06	CP5	13.000000	0.0010163258994
P06	CP5	14.000000	0.00193026289344
P06	CP5	15.000000	0.00355491042137
P06	CP5	16.000000	0.00554895028472
P06	CP5	17.000000	0.00801774673164
P06	CP5	18.000000	0.000657767872326
P06	CP5	19.000000	0.00117192824837
P06	CP5	20.000000	0.000532881764229
P06	CP5	21.000000	0.000654288800433
P06	CP5	22.000000	0.00301945349202
P06	CP5	23.000000	0.00730109633878
P06	CP5	24.000000	0.00103815307375
P06	CP5	25.000000	0.00044652048382
P06	CP5	26.000000	0.000610344111919
P06	CP5	27.000000	0.00021341489628
P06	CP5	28.000000	0.000505767122377
P06	CP5	29.000000	0.000425831385655
P06	CP5	30.000000	2.11357510125e-05
P06	CP5	31.000000	6.081988613e-05
P06	CP5	32.000000	0.000172917396412
P06	CP5	33.000000	0.00061977567384
P06	CP5	34.000000	0.00118080095854
P06	CP5	35.000000	0.000946082291193
P06	CP5	36.000000	0.000606017012615
P06	CP5	37.000000	0.000324248685502
P06	CP5	38.000000	0.00042180143646
P06	CP5	39.000000	0.00131866289303
P06	CP5	40.000000	0.000534478691407
P06	CP5	41.000000	0.000357422861271
P06	CP5	42.000000	0.000400441873353
P06	CP5	43.000000	0.000119169577374
P06	CP5	44.000000	0.000435835303506
P06	CP5	45.000000	0.000501462491229
P06	CP5	46.000000	0.000323078798829
P06	CP5	47.000000	0.000812198908534
P06	CP5	48.000000	0.000196910550585
P06	CP5	49.000000	9.51866968535e-05
P06	CP5	50.000000	0.000250096258242
P06	CP5	51.000000	0.000250153971137
P06	CP5	52.000000	9.68916647253e-05
P06	CP5	53.000000	0.000212461251067
P06	CP5	54.000000	5.33132297278e-05
P06	CP5	55.000000	1.27817975226e-05
P06	CP5	56.000000	4.80597809656e-05
P06	CP5	57.000000	0.000223694383749
P06	CP5	58.000000	6.57701093587e-05
P06	CP5	59.000000	4.80937887914e-05
P06	CP5	60.000000	0.000163599659572
P06	CP5	61.000000	0.000149814688484
P06	CP5	62.000000	0.000763477466535
P06	CP5	63.000000	0.00122318672948
P06	CP5	64.000000	0.000233249054872
P06	CP5	65.000000	0.00069241062738
P06	CP5	66.000000	0.000684178899974
P06	CP5	67.000000	6.28863053862e-05
P06	CP5	68.000000	0.000467782170745
P06	CP5	69.000000	9.93210051092e-05
P06	CP5	70.000000	0.000462834868813
P06	CP5	71.000000	0.000205096075661
P06	CP5	72.000000	4.13962225139e-05
P06	CP5	73.000000	0.000106985316961
P06	CP5	74.000000	2.52078480116e-05
P06	CP5	75.000000	5.35590479558e-05
P06	CP5	76.000000	2.13201274164e-05
P06	CP5	77.000000	0.000305191701045
P06	CP5	78.000000	6.14095042692e-05
P06	CP5	79.000000	0.000260479166172
P06	CP5	80.000000	0.000208682802622
P06	T7	1.000000	0.130680128932
P06	T7	2.000000	0.0970451384783
P06	T7	3.000000	0.0452607832849
P06	T7	4.000000	0.005209016148
P06	T7	5.000000	0.0116652110592
P06	T7	6.000000	0.00112965225708
P06	T7	7.000000	0.0124968597665
P06	T7	8.000000	0.0118776205927
P06	T7	9.000000	0.00942863337696
P06	T7	10.000000	0.00726529583335
P06	T7	11.000000	0.000291345088044
P06	T7	12.000000	4.26263395639e-05
P06	T7	13.000000	0.00347203272395
P06	T7	14.000000	0.0111681064591
P06	T7	15.000000	0.0022745130118
P06	T7	16.000000	0.00143271451816
P06	T7	17.000000	0.000319778744597
P06	T7	18.000000	0.00423956010491
P06	T7	19.000000	0.0100947106257
P06	T7	20.000000	0.00600961176679
P06	T7	21.000000	0.00950301066041
P06	T7	22.000000	0.0330979563296
P06	T7	23.000000	0.0175962653011
P06	T7	24.000000	0.00262321648188
P06	T7	25.000000	0.00192643038463
P06	T7	26.000000	0.00234556943178
P06	T7	27.000000	0.000636443437543
P06	T7	28.000000	0.000731296138838
P06	T7	29.000000	0.00267140520737
P06	T7	30.000000	0.001586668659
P06	T7	31.000000	0.00415058154613
P06	T7	32.000000	0.00244042393751
P06	T7	33.000000	0.00246377987787
P06	T7	34.000000	0.000796276959591
P06	T7	35.000000	0.00460565788671
P06	T7	36.000000	0.00492003466934
P06	T7	37.000000	0.00260170944966
P06	T7	38.000000	0.00100034417119
P06	T7	39.000000	0.000660184537992
P06	T7	40.000000	0.00137481046841
P06	T7	41.000000	7.38087474019e-05
P06	T7	42.000000	0.000386120460462
P06	T7	43.000000	0.000964423117694
P06	T7	44.000000	0.000573146389797
P06	T7	45.000000	0.00346933305264
P06	T7	46.000000	0.00293635227717
P06	T7	47.000000	0.000291007076157
P06	T7	48.000000	0.000803204078693
P06	T7	49.000000	0.00289539038204
P06	T7	50.000000	0.00102777557913
P06	T7	51.000000	0.000628232664894
P06	T7	52.000000	0.000566384522244
P06	T7	53.000000	2.25252661039e-05
P06	T7	54.000000	0.000918797159102
P06	T7	55.000000	0.000764186261222
P06	T7	56.000000	0.000146658305312
P06	T7	57.000000	8.54951285874e-05
P06	T7	58.000000	0.000774797343183
P06	T7	59.000000	0.000221324458835
P06	T7	60.000000	3.08267931359e-06
P06	T7	61.000000	0.000405777769629
P06	T7	62.000000	0.000593557022512
P06	T7	63.000000	0.000422146666097
P06	T7	64.000000	0.000345481414115
P06	T7	65.000000	0.000301648222376
P06	T7	66.000000	0.000552318175323
P06	T7	67.000000	1.31009855977e-05
P06	T7	68.000000	0.000719936506357
P06	T7	69.000000	0.000107371612103
P06	T7	70.000000	0.000275107333437
P06	T7	71.000000	0.000521712296177
P06	T7	72.000000	0.000235183222685
P06	T7	73.000000	0.000338010984706
P06	T7	74.000000	0.00222154823132
P06	T7	75.000000	0.00146565795876
P06	T7	76.000000	0.000792488048319
P06	T7	77.000000	0.000287030852633
P06	T7	78.000000	0.000426706392318
P06	T7	79.000000	0.000314541655825
P06	T7	80.000000	0.000372652226361
P06	P7	1.000000	2.2295229435
P06	P7	2.000000	0.628793239594
P06	P7	3.000000	0.0627863183618
P06	P7	4.000000	0.0212823431939
P06	P7	5.000000	0.020035116002
P06	P7	6.000000	0.0168452188373
P06	P7	7.000000	0.0427999608219
P06	P7	8.000000	0.0399833619595
P06	P7	9.000000	0.030002059415
P06	P7	10.000000	0.000296429847367
P06	P7	11.000000	0.00631566299126
P06	P7	12.000000	0.00589315174147
P06	P7	13.000000	0.0151883736253
P06	P7	14.000000	0.0129760354757
P06	P7	15.000000	0.00175169564318
P06	P7	16.000000	0.0216129068285
P06	P7	17.000000	0.0126096168533
P06	P7	18.000000	0.00907608307898
P06	P7	19.000000	0.00607314240187
P06	P7	20.000000	0.00247645680793
P06	P7	21.000000	0.00126725225709
P06	P7	22.000000	0.000828386750072
P06	P7	23.000000	0.00859832763672
P06	P7	24.000000	0.00608778372407
P06	P7	25.000000	0.00130272225942
P06	P7	26.000000	0.000873995246366
P06	P7	27.000000	0.000346698128851
P06	P7	28.000000	0.000545403570868
P06	P7	29.000000	0.00464121345431
P06	P7	30.000000	0.00611694157124
P06	P7	31.000000	0.00112052587792
P06	P7	32.000000	0.000177781053935
P06	P7	33.000000	0.00106619519647
P06	P7	34.000000	0.00309334462509
P06	P7	35.000000	0.00635839812458
P06	P7	36.000000	0.00597105175257
P06	P7	37.000000	0.000826059782412
P06	P7	38.000000	0.00144400505815
P06	P7	39.000000	0.00220237043686
P06	P7	40.000000	0.00156024459284
P06	P7	41.000000	0.00324359675869
P06	P7	42.000000	0.00151375890709
P06	P7	43.000000	0.00141118618194
P06	P7	44.000000	0.00131872447673
P06	P7	45.000000	0.00099319871515
P06	P7	46.000000	0.0012322072871
P06	P7	47.000000	0.00116990879178
P06	P7	48.000000	0.000969961984083
P06	P7	49.000000	4.71221283078e-05
P06	P7	50.000000	0.00339779979549
P06	P7	51.000000	0.00157602166291
P06	P7	52.000000	0.00119741691742
P06	P7	53.000000	0.000910838251002
P06	P7	54.000000	0.000148045583046
P06	P7	55.000000	2.99781404465e-05
P06	P7	56.000000	0.000697185809258
P06	P7	57.000000	0.00176208280027
P06	P7	58.000000	0.000986304832622
P06	P7	59.000000	0.000141208351124
P06	P7	60.000000	0.00040617963532
P06	P7	61.000000	0.000277740909951
P06	P7	62.000000	2.88811679638e-05
P06	P7	63.000000	7.01680692146e-05
P06	P7	64.000000	0.000124490150483
P06	P7	65.000000	0.00126787007321
P06	P7	66.000000	0.00094786338741
P06	P7	67.000000	0.000968541542534
P06	P7	68.000000	0.000732398941182
P06	P7	69.000000	0.000403095793445
P06	P7	70.000000	0.000637120916508
P06	P7	71.000000	0.000485048163682
P06	P7	72.000000	7.40848190617e-05
P06	P7	73.000000	3.13042005473e-06
P06	P7	74.000000	6.46836924716e-05
P06	P7	75.000000	7.22111872165e-05
P06	P7	76.000000	8.70700605446e-05
P06	P7	77.000000	0.000198055044166
P06	P7	78.000000	0.000102516511106
P06	P7	79.000000	3.20242797898e-05
P06	P7	80.000000	2.45196179094e-06
P07	P8	1.000000	1.69169235229
P07	P8	2.000000	0.262434244156
P07	P8	3.000000	0.079597838223
P07	P8	4.000000	0.06781257689
P07	P8	5.000000	0.0313270278275
P07	P8	6.000000	0.0159034579992
P07	P8	7.000000	0.00871106050909
P07	P8	8.000000	0.0103967292234
P07	P8	9.000000	0.0202010422945
P07	P8	10.000000	0.011456659995
P07	P8	11.000000	0.0123747307807
P07	P8	12.000000	0.00236668018624
P07	P8	13.000000	0.00256736320443
P07	P8	14.000000	0.0107667557895
P07	P8	15.000000	0.00245224731043
P07	P8	16.000000	0.0025376835838
P07	P8	17.000000	0.00107175158337
P07	P8	18.000000	0.000255199760431
P07	P8	19.000000	0.00216406770051
P07	P8	20.000000	0.00339553225785
P07	P8	21.000000	0.00168643158395
P07	P8	22.000000	0.000259687076323
P07	P8	23.000000	0.000518098822795
P07	P8	24.000000	0.00105497264303
P07	P8	25.000000	4.07132574765e-05
P07	P8	26.000000	0.000176281420863
P07	P8	27.000000	0.000391152687371
P07	P8	28.000000	0.000327688438119
P07	P8	29.000000	0.000236704552663
P07	P8	30.000000	0.000103686666989
P07	P8	31.000000	0.000117716343084
P07	P8	32.000000	0.000806886237115
P07	P8	33.000000	6.46370099275e-05
P07	P8	34.000000	0.000241967965849
P07	P8	35.000000	0.000204615324037
P07	P8	36.000000	0.000366035586921
P07	P8	37.000000	0.000497878936585
P07	P8	38.000000	0.000341049191775
P07	P8	39.000000	4.89582998853e-05
P07	P8	40.000000	1.412214624e-05
P07	P8	41.000000	0.000154816778377
P07	P8	42.000000	0.000399124866817
P07	P8	43.000000	0.000235331564909
P07	P8	44.000000	0.000262524321442
P07	P8	45.000000	0.000386271043681
P07	P8	46.000000	0.000178217786015
P07	P8	47.000000	0.000122931276564
P07	P8	48.000000	3.34527030645e-05
P07	P8	49.000000	0.000165729274158
P07	P8	50.000000	1.3846031834e-05
P07	P8	51.000000	0.000122842990095
P07	P8	52.000000	8.28566553537e-05
P07	P8	53.000000	6.11103605479e-05
P07	P8	54.000000	0.000149037849042
P07	P8	55.000000	0.00012165759108
P07	P8	56.000000	0.00013866808149
P07	P8	57.000000	4.76435816381e-05
P07	P8	58.000000	8.62801152834e-06
P07	P8	59.000000	7.56171866669e-05
P07	P8	60.000000	0.000174297005287
P07	P8	61.000000	0.000381534569897
P07	P8	62.000000	0.000508860859554
P07	P8	63.000000	0.000398527161451
P07	P8	64.000000	0.000215657462832
P07	P8	65.000000	3.5502584069e-05
P07	P8	66.000000	0.000506132375449
P07	P8	67.000000	0.000191265222384
P07	P8	68.000000	0.000179509283043
P07	P8	69.000000	7.74291693233e-05
P07	P8	70.000000	6.30002396065e-05
P07	P8	71.000000	8.85559438757e-06
P07	P8	72.000000	4.27658051194e-05
P07	P8	73.000000	0.000240642373683
P07	P8	74.000000	6.16673059994e-05
P07	P8	75.000000	2.89382278424e-05
P07	P8	76.000000	2.32912498177e-05
P07	P8	77.000000	5.74791192776e-05
P07	P8	78.000000	0.00010909242701
P07	P8	79.000000	6.94467744324e-05
P07	P8	80.000000	0.00018370768521
P07	T8	1.000000	0.0754999965429
P07	T8	2.000000	0.000630666909274
P07	T8	3.000000	0.00749067915604
P07	T8	4.000000	0.00294155534357
P07	T8	5.000000	0.0103231035173
P07	T8	6.000000	0.00165851204656
P07	T8	7.000000	0.00199449225329
P07	T8	8.000000	0.0045208199881
P07	T8	9.000000	0.00378395640291
P07	T8	10.000000	0.00359839107841
P07	T8	11.000000	0.00112431962043
P07	T8	12.000000	0.00717475963756
P07	T8	13.000000	0.0104800863191
P07	T8	14.000000	0.0018238745397
P07	T8	15.000000	0.00314496341161
P07	T8	16.000000	0.00275198370218
P07	T8	17.000000	0.00196167826653
P07	T8	18.000000	0.000648196437396
P07	T8	19.000000	0.0021322411485
P07	T8	20.000000	0.00114973494783
P07	T8	21.000000	0.00136851146817
P07	T8	22.000000	0.000527684518602
P07	T8	23.000000	0.000397490395699
P07	T8	24.000000	0.000202734503546
P07	T8	25.000000	0.000292592507321
P07	T8	26.000000	0.000249511591392
P07	T8	27.000000	0.00106530194171
P07	T8	28.000000	0.00154720619321
P07	T8	29.000000	0.00119145493954
P07	T8	30.000000	0.00325133651495
P07	T8	31.000000	0.00252178288065
P07	T8	32.000000	0.0015438637929
P07	T8	33.000000	0.00122051686049
P07	T8	34.000000	0.00224774936214
P07	T8	35.000000	0.00150086707436
P07	T8	36.000000	0.00040135384188
P07	T8	37.000000	0.000218328917981
P07	T8	38.000000	0.000157836315338
P07	T8	39.000000	0.000259219086729
P07	T8	40.000000	0.00103231205139
P07	T8	41.000000	0.000804777664598
P07	T8	42.000000	0.000109661275928
P07	T8	43.000000	0.000245147733949
P07	T8	44.000000	0.000252498401096
P07	T8	45.000000	9.91522247205e-05
P07	T8	46.000000	1.04975251816e-05
P07	T8	47.000000	0.000271384255029
P07	T8	48.000000	0.000106221610622
P07	T8	49.000000	4.71533239761e-05
P07	T8	50.000000	6.38955634713e-06
P07	T8	51.000000	6.32782030152e-05
P07	T8	52.000000	0.000305128778564
P07	T8	53.000000	0.000580693595111
P07	T8	54.000000	0.000898242054973
P07	T8	55.000000	0.000220659843762
P07	T8	56.000000	6.17398836766e-05
P07	T8	57.000000	4.66497403977e-05
P07	T8	58.000000	0.00015929035726
P07	T8	59.000000	3.4769949707e-05
P07	T8	60.000000	1.13284340841e-05
P07	T8	61.000000	0.000137191615067
P07	T8	62.000000	4.67342142656e-05
P07	T8	63.000000	0.000131979279104
P07	T8	64.000000	0.00029586837627
P07	T8	65.000000	0.000208153083804
P07	T8	66.000000	0.000183171476237
P07	T8	67.000000	0.000102457386674
P07	T8	68.000000	1.19644946608e-05
P07	T8	69.000000	7.87541357568e-05
P07	T8	70.000000	0.000111112873128
P07	T8	71.000000	0.000158194670803
P07	T8	72.000000	0.000248208438279
P07	T8	73.000000	6.93526380928e-05
P07	T8	74.000000	6.26499968348e-06
P07	T8	75.000000	0.000117747258628
P07	T8	76.000000	0.000397467432776
P07	T8	77.000000	0.000258744577877
P07	T8	78.000000	0.000287504517473
P07	T8	79.000000	0.000171540857991
P07	T8	80.000000	4.39178402303e-05
P07	CP6	1.000000	0.0935831218958
P07	CP6	2.000000	0.0123853553087
P07	CP6	3.000000	0.0199194531888
P07	CP6	4.000000	0.0244717951864
P07	CP6	5.000000	0.00777461891994
P07	CP6	6.000000	0.000189582642633
P07	CP6	7.000000	0.00249073700979
P07	CP6	8.000000	0.00358535419218
P07	CP6	9.000000	0.00878952257335
P07	CP6	10.000000	0.00635991757736
P07	CP6	11.000000	0.01064668037
P07	CP6	12.000000	0.00555855501443
P07	CP6	13.000000	0.00146401417442
P07	CP6	14.000000	0.000457485730294
P07	CP6	15.000000	0.00172760500573
P07	CP6	16.000000	0.00351029448211
P07	CP6	17.000000	0.00345391477458
P07	CP6	18.000000	0.00115982454736
P07	CP6	19.000000	0.000475684239063
P07	CP6	20.000000	0.000655168027151
P07	CP6	21.000000	0.000997245078906
P07	CP6	22.000000	0.000141960103065
P07	CP6	23.000000	0.000815887120552
P07	CP6	24.000000	0.000797112239525
P07	CP6	25.000000	0.00028010213282
P07	CP6	26.000000	0.000720659503713
P07	CP6	27.000000	0.000360892096069
P07	CP6	28.000000	2.00567592401e-05
P07	CP6	29.000000	8.42091540108e-05
P07	CP6	30.000000	7.12199152986e-06
P07	CP6	31.000000	3.36571138178e-05
P07	CP6	32.000000	5.62688001082e-05
P07	CP6	33.000000	0.00014875290799
P07	CP6	34.000000	3.86089304811e-05
P07	CP6	35.000000	0.000134964953759
P07	CP6	36.000000	0.000309225375531
P07	CP6	37.000000	8.31459601613e-06
P07	CP6	38.000000	0.000347622903064
P07	CP6	39.000000	2.56919411186e-05
P07	CP6	40.000000	0.000103893857158
P07	CP6	41.000000	6.76990821376e-05
P07	CP6	42.000000	9.01411185623e-05
P07	CP6	43.000000	0.000108423773781
P07	CP6	44.000000	5.13240847795e-05
P07	CP6	45.000000	8.49491843837e-05
P07	CP6	46.000000	0.000143066659803
P07	CP6	47.000000	0.00010830971587
P07	CP6	48.000000	0.000106368781417
P07	CP6	49.000000	7.25566205801e-05
P07	CP6	50.000000	1.09574484668e-05
P07	CP6	51.000000	2.44005132117e-05
P07	CP6	52.000000	1.2946611605e-05
P07	CP6	53.000000	4.49575090897e-05
P07	CP6	54.000000	5.20623798366e-05
P07	CP6	55.000000	7.03930927557e-05
P07	CP6	56.000000	3.61328602594e-05
P07	CP6	57.000000	4.4250054998e-06
P07	CP6	58.000000	2.37297736021e-05
P07	CP6	59.000000	1.76411288066e-06
P07	CP6	60.000000	2.03963882086e-05
P07	CP6	61.000000	0.000146714737639
P07	CP6	62.000000	0.000268776289886
P07	CP6	63.000000	0.000136245362228
P07	CP6	64.000000	7.93187282397e-05
P07	CP6	65.000000	8.75335608725e-05
P07	CP6	66.000000	1.87148489204e-05
P07	CP6	67.000000	0.000141334632644
P07	CP6	68.000000	3.85105049645e-05
P07	CP6	69.000000	0.000105375605926
P07	CP6	70.000000	0.000193133644643
P07	CP6	71.000000	3.94033158955e-05
P07	CP6	72.000000	3.19686614603e-06
P07	CP6	73.000000	6.9002075179e-05
P07	CP6	74.000000	0.000114790484076
P07	CP6	75.000000	1.08375388663e-05
P07	CP6	76.000000	3.14631470246e-05
P07	CP6	77.000000	2.19341491174e-05
P07	CP6	78.000000	9.48673005041e-06
P07	CP6	79.000000	2.03713861993e-05
P07	CP6	80.000000	6.70709596307e-06
P07	FC6	1.000000	0.0708513483405
P07	FC6	2.000000	0.00039238051977
P07	FC6	3.000000	0.00960810016841
P07	FC6	4.000000	0.00332524999976
P07	FC6	5.000000	0.00953612010926
P07	FC6	6.000000	0.00123689044267
P07	FC6	7.000000	0.00167908635922
P07	FC6	8.000000	0.00292951613665
P07	FC6	9.000000	0.00318676163442
P07	FC6	10.000000	0.00289077823982
P07	FC6	11.000000	9.98652903945e-05
P07	FC6	12.000000	0.00289413658902
P07	FC6	13.000000	0.00781579595059
P07	FC6	14.000000	0.00160578172654
P07	FC6	15.000000	0.00292662438005
P07	FC6	16.000000	0.000921909755562
P07	FC6	17.000000	0.00181357352994
P07	FC6	18.000000	0.000532704638317
P07	FC6	19.000000	0.00157999701332
P07	FC6	20.000000	0.000583853630815
P07	FC6	21.000000	8.10302299215e-05
P07	FC6	22.000000	6.63594109938e-05
P07	FC6	23.000000	0.000655157025903
P07	FC6	24.000000	0.000415194575908
P07	FC6	25.000000	0.000280495849438
P07	FC6	26.000000	0.000437844078988
P07	FC6	27.000000	0.00240265741013
P07	FC6	28.000000	0.00265967543237
P07	FC6	29.000000	0.00246508186683
P07	FC6	30.000000	0.00503859017044
P07	FC6	31.000000	0.00243989890441
P07	FC6	32.000000	0.000822045607492
P07	FC6	33.000000	0.000998981180601
P07	FC6	34.000000	0.00204922095872
P07	FC6	35.000000	0.00160391617101
P07	FC6	36.000000	0.000887479283847
P07	FC6	37.000000	0.000663061917294
P07	FC6	38.000000	0.000254364393186
P07	FC6	39.000000	0.000100011639006
P07	FC6	40.000000	0.000235310624703
P07	FC6	41.000000	0.000156989466632
P07	FC6	42.000000	0.000201921298867
P07	FC6	43.000000	0.000311282405164
P07	FC6	44.000000	0.00061022414593
P07	FC6	45.000000	0.000333088508341
P07	FC6	46.000000	0.000375000643544
P07	FC6	47.000000	0.000840174383484
P07	FC6	48.000000	0.000134514659294
P07	FC6	49.000000	2.79202795355e-05
P07	FC6	50.000000	7.32065309421e-05
P07	FC6	51.000000	0.000153683373355
P07	FC6	52.000000	0.000268801435595
P07	FC6	53.000000	0.000296984188026
P07	FC6	54.000000	0.000484075018903
P07	FC6	55.000000	0.000179647962796
P07	FC6	56.000000	0.000290980417049
P07	FC6	57.000000	0.000150362349814
P07	FC6	58.000000	4.1624676669e-05
P07	FC6	59.000000	5.59083237022e-05
P07	FC6	60.000000	1.89708898688e-05
P07	FC6	61.000000	1.37868310048e-05
P07	FC6	62.000000	3.35004915542e-05
P07	FC6	63.000000	0.000382680736948
P07	FC6	64.000000	0.000621841812972
P07	FC6	65.000000	0.000282454711851
P07	FC6	66.000000	5.51579942112e-05
P07	FC6	67.000000	0.000209250545595
P07	FC6	68.000000	0.000121790981211
P07	FC6	69.000000	7.00812961441e-05
P07	FC6	70.000000	4.01958750444e-05
P07	FC6	71.000000	1.58980328706e-05
P07	FC6	72.000000	3.0638770113e-05
P07	FC6	73.000000	3.60964877473e-05
P07	FC6	74.000000	0.000686697778292
P07	FC6	75.000000	0.000698605028447
P07	FC6	76.000000	0.000229406199651
P07	FC6	77.000000	2.2495545636e-05
P07	FC6	78.000000	5.39870188732e-06
P07	FC6	79.000000	0.000124163008877
P07	FC6	80.000000	0.000214568150113
P07	F8	1.000000	0.277454644442
P07	F8	2.000000	0.0666007623076
P07	F8	3.000000	0.000724428275134
P07	F8	4.000000	0.0200149845332
P07	F8	5.000000	0.0453207939863
P07	F8	6.000000	0.0078977253288
P07	F8	7.000000	0.00460313213989
P07	F8	8.000000	0.00792094506323
P07	F8	9.000000	0.000582660199143
P07	F8	10.000000	0.00259054731578
P07	F8	11.000000	0.0097342999652
P07	F8	12.000000	0.00710860779509
P07	F8	13.000000	0.00142252829392
P07	F8	14.000000	0.00861325766891
P07	F8	15.000000	0.0155840925872
P07	F8	16.000000	0.0240453220904
P07	F8	17.000000	0.0129052354023
P07	F8	18.000000	8.79417930264e-05
P07	F8	19.000000	0.00292918435298
P07	F8	20.000000	0.0044281068258
P07	F8	21.000000	0.00126010307577
P07	F8	22.000000	0.00127616233658
P07	F8	23.000000	0.00277764629573
P07	F8	24.000000	0.0014843220124
P07	F8	25.000000	0.00139147008304
P07	F8	26.000000	0.00146998185664
P07	F8	27.000000	0.00135919603053
P07	F8	28.000000	0.00143218389712
P07	F8	29.000000	0.00169411569368
P07	F8	30.000000	0.00259436829947
P07	F8	31.000000	0.0045975856483
P07	F8	32.000000	0.00411392655224
P07	F8	33.000000	0.00294602173381
P07	F8	34.000000	0.00103247642983
P07	F8	35.000000	0.000245815812377
P07	F8	36.000000	1.34568936119e-05
P07	F8	37.000000	0.000798227149062
P07	F8	38.000000	0.000496464490425
P07	F8	39.000000	0.000362060411135
P07	F8	40.000000	0.00130112806801
P07	F8	41.000000	0.000123663368868
P07	F8	42.000000	0.000923915824387
P07	F8	43.000000	0.000364385545254
P07	F8	44.000000	0.000350196933141
P07	F8	45.000000	8.15344537841e-05
P07	F8	46.000000	0.000583938090131
P07	F8	47.000000	0.00112232088577
P07	F8	48.000000	3.61959137081e-05
P07	F8	49.000000	0.000353988521965
P07	F8	50.000000	0.000322736537782
P07	F8	51.000000	7.60978582548e-05
P07	F8	52.000000	2.69130323431e-05
P07	F8	53.000000	4.30610725743e-06
P07	F8	54.000000	0.00024683601805
P07	F8	55.000000	0.000320060935337
P07	F8	56.000000	0.000553047750145
P07	F8	57.000000	0.000268938601948
P07	F8	58.000000	0.000215048421524
P07	F8	59.000000	0.000273762911092
P07	F8	60.000000	2.49763106694e-05
P07	F8	61.000000	0.000182478965144
P07	F8	62.000000	0.000675002054777
P07	F8	63.000000	0.00146159261931
P07	F8	64.000000	0.00126736832317
P07	F8	65.000000	0.000775151071139
P07	F8	66.000000	0.00038765676436
P07	F8	67.000000	0.00022732692014
P07	F8	68.000000	0.000339775870088
P07	F8	69.000000	0.000215055479202
P07	F8	70.000000	0.000623508996796
P07	F8	71.000000	0.00057076162193
P07	F8	72.000000	0.00038394035073
P07	F8	73.000000	0.000380979530746
P07	F8	74.000000	0.000509754871018
P07	F8	75.000000	0.000455349509139
P07	F8	76.000000	0.000306235859171
P07	F8	77.000000	0.000540847657248
P07	F8	78.000000	0.000498572771903
P07	F8	79.000000	9.96358066914e-05
P07	F8	80.000000	1.95485517906e-05
P07	F4	1.000000	0.576681911945
P07	F4	2.000000	0.20027038455
P07	F4	3.000000	0.00251997984014
P07	F4	4.000000	0.0202798824757
P07	F4	5.000000	0.0060347057879
P07	F4	6.000000	0.0153654711321
P07	F4	7.000000	0.0132836177945
P07	F4	8.000000	0.00472213281319
P07	F4	9.000000	0.00435175420716
P07	F4	10.000000	0.0116375572979
P07	F4	11.000000	0.00969168264419
P07	F4	12.000000	0.00573849398643
P07	F4	13.000000	0.00397379603237
P07	F4	14.000000	0.000505409494508
P07	F4	15.000000	0.00301704765297
P07	F4	16.000000	0.000282022665488
P07	F4	17.000000	0.00295697664842
P07	F4	18.000000	0.00111299881246
P07	F4	19.000000	0.00191839260515
P07	F4	20.000000	0.00439315056428
P07	F4	21.000000	0.00643850350752
P07	F4	22.000000	0.00209013163112
P07	F4	23.000000	9.39883975661e-05
P07	F4	24.000000	0.000463798060082
P07	F4	25.000000	0.00111308309715
P07	F4	26.000000	0.000396727875341
P07	F4	27.000000	0.000156856214744
P07	F4	28.000000	0.000193147876416
P07	F4	29.000000	0.00109404197428
P07	F4	30.000000	0.00161515921354
P07	F4	31.000000	0.000314026983688
P07	F4	32.000000	0.00205657887273
P07	F4	33.000000	0.00213272403926
P07	F4	34.000000	0.000953598006163
P07	F4	35.000000	0.000383941893233
P07	F4	36.000000	0.000117797710118
P07	F4	37.000000	1.16319670269e-05
P07	F4	38.000000	2.93589037028e-05
P07	F4	39.000000	0.000943981751334
P07	F4	40.000000	0.00222733756527
P07	F4	41.000000	0.000365527637769
P07	F4	42.000000	9.11752158572e-06
P07	F4	43.000000	3.59105397365e-05
P07	F4	44.000000	0.000109124499431
P07	F4	45.000000	0.000123981008073
P07	F4	46.000000	4.00694916607e-05
P07	F4	47.000000	1.65860292327e-05
P07	F4	48.000000	2.64338796114e-05
P07	F4	49.000000	0.000397497613449
P07	F4	50.000000	0.000938331650104
P07	F4	51.000000	0.000104196820757
P07	F4	52.000000	0.000340996659361
P07	F4	53.000000	0.000177530295332
P07	F4	54.000000	9.24242194742e-05
P07	F4	55.000000	0.000441987678641
P07	F4	56.000000	0.000548309646547
P07	F4	57.000000	0.000342710700352
P07	F4	58.000000	0.000312295305775
P07	F4	59.000000	0.000461280229501
P07	F4	60.000000	0.000434420420788
P07	F4	61.000000	0.000203187693842
P07	F4	62.000000	2.3288104785e-05
P07	F4	63.000000	0.000316038553137
P07	F4	64.000000	0.000200932074222
P07	F4	65.000000	5.87316135352e-05
P07	F4	66.000000	0.000222121467232
P07	F4	67.000000	0.00026314277784
P07	F4	68.000000	0.000144421006553
P07	F4	69.000000	0.000151681466377
P07	F4	70.000000	1.42802946357e-05
P07	F4	71.000000	0.000327845074935
P07	F4	72.000000	0.000109389657155
P07	F4	73.000000	3.91681423935e-05
P07	F4	74.000000	0.000105568993604
P07	F4	75.000000	0.000334117212333
P07	F4	76.000000	0.000444446282927
P07	F4	77.000000	0.000202294599148
P07	F4	78.000000	7.83929936006e-05
P07	F4	79.000000	0.000279262516415
P07	F4	80.000000	8.28853662824e-05
P07	C4	1.000000	0.0869392976165
P07	C4	2.000000	0.0175855476409
P07	C4	3.000000	0.02136070095
P07	C4	4.000000	0.0240646935999
P07	C4	5.000000	0.00749132130295
P07	C4	6.000000	4.41381889686e-05
P07	C4	7.000000	0.00130625907332
P07	C4	8.000000	0.00382453110069
P07	C4	9.000000	0.00651515182108
P07	C4	10.000000	0.00593412667513
P07	C4	11.000000	0.00919498782605
P07	C4	12.000000	0.00381082808599
P07	C4	13.000000	0.00151497323532
P07	C4	14.000000	0.00141044904012
P07	C4	15.000000	0.000867926573846
P07	C4	16.000000	0.00339078553952
P07	C4	17.000000	0.00265954970382
P07	C4	18.000000	0.00112214032561
P07	C4	19.000000	0.000175418681465
P07	C4	20.000000	0.000167454330949
P07	C4	21.000000	0.000525551964529
P07	C4	22.000000	8.88754366315e-05
P07	C4	23.000000	0.00021939924045
P07	C4	24.000000	0.000359894416761
P07	C4	25.000000	0.000420148426201
P07	C4	26.000000	0.000475721841212
P07	C4	27.000000	0.000394534261432
P07	C4	28.000000	6.44194224151e-05
P07	C4	29.000000	5.82829379709e-05
P07	C4	30.000000	1.2404249901e-05
P07	C4	31.000000	0.000106735387817
P07	C4	32.000000	0.000314107252052
P07	C4	33.000000	0.000445395620773
P07	C4	34.000000	0.000149323925143
P07	C4	35.000000	0.000554174708668
P07	C4	36.000000	0.000276526727248
P07	C4	37.000000	7.46469304431e-05
P07	C4	38.000000	0.000235797066125
P07	C4	39.000000	1.77244180577e-06
P07	C4	40.000000	0.000393728580093
P07	C4	41.000000	0.000297270016745
P07	C4	42.000000	0.000301259249682
P07	C4	43.000000	0.000526178628206
P07	C4	44.000000	8.76579142641e-05
P07	C4	45.000000	4.0326835915e-06
P07	C4	46.000000	4.2694126023e-05
P07	C4	47.000000	0.000137719456689
P07	C4	48.000000	0.000335183896823
P07	C4	49.000000	0.000166727346368
P07	C4	50.000000	3.8592814235e-05
P07	C4	51.000000	7.94178631622e-05
P07	C4	52.000000	8.50924989209e-05
P07	C4	53.000000	0.000102910540591
P07	C4	54.000000	0.000293455843348
P07	C4	55.000000	0.000341151520843
P07	C4	56.000000	0.000337920879247
P07	C4	57.000000	0.000137570445077
P07	C4	58.000000	7.90946978668e-06
P07	C4	59.000000	3.82404687116e-06
P07	C4	60.000000	2.07986267924e-05
P07	C4	61.000000	5.05720745423e-05
P07	C4	62.000000	0.0003232738527
P07	C4	63.000000	0.000163896707818
P07	C4	64.000000	3.40514052368e-05
P07	C4	65.000000	6.72309834044e-05
P07	C4	66.000000	4.98648441862e-05
P07	C4	67.000000	0.000410718173953
P07	C4	68.000000	6.00774437771e-05
P07	C4	69.000000	0.000202988740057
P07	C4	70.000000	0.000429437292041
P07	C4	71.000000	9.01380408322e-05
P07	C4	72.000000	5.23776325281e-05
P07	C4	73.000000	2.79871910607e-05
P07	C4	74.000000	2.05419273698e-05
P07	C4	75.000000	2.48127016675e-05
P07	C4	76.000000	4.76071727462e-05
P07	C4	77.000000	3.39504149451e-05
P07	C4	78.000000	4.68668768008e-05
P07	C4	79.000000	2.58464478975e-05
P07	C4	80.000000	1.22958299471e-05
P07	P4	1.000000	0.81240439415
P07	P4	2.000000	0.127258166671
P07	P4	3.000000	0.0464132539928
P07	P4	4.000000	0.0556553155184
P07	P4	5.000000	0.0255830679089
P07	P4	6.000000	0.00583150424063
P07	P4	7.000000	0.00930855795741
P07	P4	8.000000	0.00323391403072
P07	P4	9.000000	0.00799537822604
P07	P4	10.000000	0.0118034482002
P07	P4	11.000000	0.0152045125142
P07	P4	12.000000	0.00105764472391
P07	P4	13.000000	0.000989969586954
P07	P4	14.000000	0.000931436778046
P07	P4	15.000000	0.00103572884109
P07	P4	16.000000	0.000252735306276
P07	P4	17.000000	0.00126756168902
P07	P4	18.000000	0.0026656279806
P07	P4	19.000000	0.00139583123382
P07	P4	20.000000	0.00220498396084
P07	P4	21.000000	0.00266168778762
P07	P4	22.000000	0.000830552307889
P07	P4	23.000000	0.000446388759883
P07	P4	24.000000	0.000456489418866
P07	P4	25.000000	0.000246098265052
P07	P4	26.000000	0.000478469242807
P07	P4	27.000000	0.000826391275041
P07	P4	28.000000	0.000445642275736
P07	P4	29.000000	0.000246890529525
P07	P4	30.000000	4.68594953418e-05
P07	P4	31.000000	1.40081044719e-06
P07	P4	32.000000	0.000335099699441
P07	P4	33.000000	0.00077894720016
P07	P4	34.000000	0.00043684465345
P07	P4	35.000000	0.000126038794406
P07	P4	36.000000	0.000177047419129
P07	P4	37.000000	5.60210719414e-05
P07	P4	38.000000	9.09964728635e-05
P07	P4	39.000000	0.000248978496529
P07	P4	40.000000	0.000550079974346
P07	P4	41.000000	0.000485544209369
P07	P4	42.000000	0.000472145708045
P07	P4	43.000000	0.000104113292764
P07	P4	44.000000	5.88121338296e-06
P07	P4	45.000000	0.000110723463877
P07	P4	46.000000	0.000276745908195
P07	P4	47.000000	9.55037685344e-05
P07	P4	48.000000	3.65406376659e-05
P07	P4	49.000000	9.28416338866e-05
P07	P4	50.000000	5.20628855156e-05
P07	P4	51.000000	9.21825849218e-05
P07	P4	52.000000	0.000103723323264
P07	P4	53.000000	1.6012114429e-05
P07	P4	54.000000	0.0002875753853
P07	P4	55.000000	3.59195364581e-05
P07	P4	56.000000	2.99498733511e-05
P07	P4	57.000000	3.35199511028e-05
P07	P4	58.000000	8.44045280246e-05
P07	P4	59.000000	5.00426576764e-05
P07	P4	60.000000	0.00024038371339
P07	P4	61.000000	0.000226206364459
P07	P4	62.000000	0.00011401296797
P07	P4	63.000000	0.000147960890899
P07	P4	64.000000	3.42192797689e-05
P07	P4	65.000000	2.08066876439e-06
P07	P4	66.000000	0.000111738925625
P07	P4	67.000000	5.34590326424e-05
P07	P4	68.000000	4.57170935988e-05
P07	P4	69.000000	0.00015338769299
P07	P4	70.000000	0.00010420907347
P07	P4	71.000000	7.36919682822e-05
P07	P4	72.000000	6.09957533015e-05
P07	P4	73.000000	8.31425495562e-06
P07	P4	74.000000	2.17475899262e-05
P07	P4	75.000000	3.64791085303e-05
P07	P4	76.000000	3.1849827792e-05
P07	P4	77.000000	5.609890286e-05
P07	P4	78.000000	6.97178547853e-05
P07	P4	79.000000	2.75146721833e-05
P07	P4	80.000000	2.5688612368e-05
P07	AF4	1.000000	0.512938737869
P07	AF4	2.000000	0.120332233608
P07	AF4	3.000000	0.0258696842939
P07	AF4	4.000000	0.0415435917675
P07	AF4	5.000000	0.0236539896578
P07	AF4	6.000000	0.0219412315637
P07	AF4	7.000000	0.00490796286613
P07	AF4	8.000000	0.00296150473878
P07	AF4	9.000000	0.00720091164112
P07	AF4	10.000000	0.0155156636611
P07	AF4	11.000000	0.0188819523901
P07	AF4	12.000000	0.00815318059176
P07	AF4	13.000000	0.00342884589918
P07	AF4	14.000000	0.00177131989039
P07	AF4	15.000000	0.000117108807899
P07	AF4	16.000000	0.00203536846675
P07	AF4	17.000000	0.00195201707538
P07	AF4	18.000000	0.000315201963531
P07	AF4	19.000000	0.000833982776385
P07	AF4	20.000000	0.0021657824982
P07	AF4	21.000000	0.00509327836335
P07	AF4	22.000000	0.00425164448097
P07	AF4	23.000000	0.00122242665384
P07	AF4	24.000000	0.000372908136342
P07	AF4	25.000000	0.000902279629372
P07	AF4	26.000000	0.00130912708119
P07	AF4	27.000000	0.00363298645243
P07	AF4	28.000000	9.5522380434e-05
P07	AF4	29.000000	0.000435232679592
P07	AF4	30.000000	0.000696942966897
P07	AF4	31.000000	0.00109595502727
P07	AF4	32.000000	0.00275288359262
P07	AF4	33.000000	0.00094197737053
P07	AF4	34.000000	0.000536295585334
P07	AF4	35.000000	0.00214871717617
P07	AF4	36.000000	0.00145614694338
P07	AF4	37.000000	0.000556243699975
P07	AF4	38.000000	0.000783004448749
P07	AF4	39.000000	0.000748256046791
P07	AF4	40.000000	2.56458897638e-05
P07	AF4	41.000000	0.000304325600155
P07	AF4	42.000000	0.000713999557775
P07	AF4	43.000000	0.000745838100556
P07	AF4	44.000000	0.000159158691531
P07	AF4	45.000000	0.000343428371707
P07	AF4	46.000000	0.000414353533415
P07	AF4	47.000000	0.000507265038323
P07	AF4	48.000000	0.000518552144058
P07	AF4	49.000000	0.000383474223781
P07	AF4	50.000000	0.000149631479871
P07	AF4	51.000000	3.10543000523e-05
P07	AF4	52.000000	0.000448160775704
P07	AF4	53.000000	3.64882289432e-05
P07	AF4	54.000000	0.000102002413769
P07	AF4	55.000000	1.60310373758e-05
P07	AF4	56.000000	0.000161995456438
P07	AF4	57.000000	0.000497841159813
P07	AF4	58.000000	0.000130059503135
P07	AF4	59.000000	0.000330575072439
P07	AF4	60.000000	1.24981511362e-07
P07	AF4	61.000000	0.000356336327968
P07	AF4	62.000000	0.000299892592011
P07	AF4	63.000000	0.000190573628061
P07	AF4	64.000000	0.00026627862826
P07	AF4	65.000000	0.000148825827637
P07	AF4	66.000000	1.31932401928e-05
P07	AF4	67.000000	0.000510866637342
P07	AF4	68.000000	0.000900044688024
P07	AF4	69.000000	0.000364751758752
P07	AF4	70.000000	0.000156694411999
P07	AF4	71.000000	3.62567698176e-05
P07	AF4	72.000000	0.000275536178378
P07	AF4	73.000000	5.71323835175e-05
P07	AF4	74.000000	0.000284280366031
P07	AF4	75.000000	0.000496185442898
P07	AF4	76.000000	0.000126292638015
P07	AF4	77.000000	0.000122396158986
P07	AF4	78.000000	0.000431186548667
P07	AF4	79.000000	0.000121067379951
P07	AF4	80.000000	0.000342022831319
P07	Fp2	1.000000	1.0914760828
P07	Fp2	2.000000	0.182580798864
P07	Fp2	3.000000	0.0637858137488
P07	Fp2	4.000000	0.0757875517011
P07	Fp2	5.000000	0.0246189795434
P07	Fp2	6.000000	0.0100466590375
P07	Fp2	7.000000	0.0352244190872
P07	Fp2	8.000000	0.00586153334007
P07	Fp2	9.000000	0.0101100718603
P07	Fp2	10.000000	0.0363991223276
P07	Fp2	11.000000	0.0532481782138
P07	Fp2	12.000000	0.00852367561311
P07	Fp2	13.000000	0.00133439782076
P07	Fp2	14.000000	0.00623708823696
P07	Fp2	15.000000	0.00346550764516
P07	Fp2	16.000000	0.00793389417231
P07	Fp2	17.000000	0.00846540369093
P07	Fp2	18.000000	0.0109572811052
P07	Fp2	19.000000	0.00512600038201
P07	Fp2	20.000000	0.00329007697292
P07	Fp2	21.000000	0.00276662525721
P07	Fp2	22.000000	0.000296697253361
P07	Fp2	23.000000	0.00661893608049
P07	Fp2	24.000000	0.00343807949685
P07	Fp2	25.000000	0.000546372146346
P07	Fp2	26.000000	0.0021614767611
P07	Fp2	27.000000	1.81683881237e-05
P07	Fp2	28.000000	0.00216635898687
P07	Fp2	29.000000	0.000937598757446
P07	Fp2	30.000000	9.88255487755e-05
P07	Fp2	31.000000	0.000822063419037
P07	Fp2	32.000000	0.00459712091833
P07	Fp2	33.000000	0.00169443432242
P07	Fp2	34.000000	0.00048126684851
P07	Fp2	35.000000	0.00024268181005
P07	Fp2	36.000000	0.000569772557355
P07	Fp2	37.000000	0.000624877866358
P07	Fp2	38.000000	0.000359013414709
P07	Fp2	39.000000	0.00107294530608
P07	Fp2	40.000000	0.00117505702656
P07	Fp2	41.000000	0.00283943209797
P07	Fp2	42.000000	0.00199745851569
P07	Fp2	43.000000	2.55386839854e-05
P07	Fp2	44.000000	0.00082377664512
P07	Fp2	45.000000	0.00389819126576
P07	Fp2	46.000000	0.00252137123607
P07	Fp2	47.000000	0.000523532216903
P07	Fp2	48.000000	0.000334758806275
P07	Fp2	49.000000	2.5206762075e-05
P07	Fp2	50.000000	0.000220297224587
P07	Fp2	51.000000	0.000148088525748
P07	Fp2	52.000000	0.00165618443862
P07	Fp2	53.000000	0.000676945259329
P07	Fp2	54.000000	6.21023500571e-05
P07	Fp2	55.000000	0.000166363737662
P07	Fp2	56.000000	8.20917739475e-06
P07	Fp2	57.000000	0.000751453102566
P07	Fp2	58.000000	0.00101882114541
P07	Fp2	59.000000	0.000593743927311
P07	Fp2	60.000000	0.00145445810631
P07	Fp2	61.000000	0.00175811711233
P07	Fp2	62.000000	0.000305861874949
P07	Fp2	63.000000	0.000394742965
P07	Fp2	64.000000	0.000153654880705
P07	Fp2	65.000000	0.000419286428951
P07	Fp2	66.000000	0.000177322304808
P07	Fp2	67.000000	0.000678173324559
P07	Fp2	68.000000	0.000904970802367
P07	Fp2	69.000000	0.000297921680612
P07	Fp2	70.000000	0.000499070330989
P07	Fp2	71.000000	0.00121007382404
P07	Fp2	72.000000	0.000236885956838
P07	Fp2	73.000000	3.52950955858e-05
P07	Fp2	74.000000	8.63910681801e-05
P07	Fp2	75.000000	8.39260101202e-05
P07	Fp2	76.000000	8.27834446682e-06
P07	Fp2	77.000000	5.36984089194e-06
P07	Fp2	78.000000	8.28068878036e-05
P07	Fp2	79.000000	0.000252785801422
P07	Fp2	80.000000	0.000119754113257
P07	Fp1	1.000000	1.5505181551
P07	Fp1	2.000000	0.245224878192
P07	Fp1	3.000000	0.104495070875
P07	Fp1	4.000000	0.0893260464072
P07	Fp1	5.000000	0.0469131805003
P07	Fp1	6.000000	0.0225646551698
P07	Fp1	7.000000	0.00351954414509
P07	Fp1	8.000000	0.0067979702726
P07	Fp1	9.000000	0.0267378445715
P07	Fp1	10.000000	0.069222137332
P07	Fp1	11.000000	0.0581028982997
P07	Fp1	12.000000	0.00384187023155
P07	Fp1	13.000000	0.00550522236153
P07	Fp1	14.000000	0.00319432257675
P07	Fp1	15.000000	0.000911038252525
P07	Fp1	16.000000	0.000695647206157
P07	Fp1	17.000000	0.000310633040499
P07	Fp1	18.000000	0.000427013088483
P07	Fp1	19.000000	0.000370309775462
P07	Fp1	20.000000	0.000334971497068
P07	Fp1	21.000000	0.000912698043976
P07	Fp1	22.000000	2.70276541414e-05
P07	Fp1	23.000000	0.00272877700627
P07	Fp1	24.000000	0.00468120910227
P07	Fp1	25.000000	0.00220310571603
P07	Fp1	26.000000	0.00210174708627
P07	Fp1	27.000000	0.00121218361892
P07	Fp1	28.000000	0.000145986909047
P07	Fp1	29.000000	8.57503837324e-05
P07	Fp1	30.000000	0.00038718606811
P07	Fp1	31.000000	0.00144427327905
P07	Fp1	32.000000	0.00161963363644
P07	Fp1	33.000000	0.00023364496883
P07	Fp1	34.000000	0.000338642887073
P07	Fp1	35.000000	0.000656617397908
P07	Fp1	36.000000	0.000389131018892
P07	Fp1	37.000000	0.000313639873639
P07	Fp1	38.000000	0.000601511681452
P07	Fp1	39.000000	3.11486985538e-07
P07	Fp1	40.000000	0.00111480266787
P07	Fp1	41.000000	0.00216876971535
P07	Fp1	42.000000	0.000745916855522
P07	Fp1	43.000000	0.000278153165709
P07	Fp1	44.000000	0.000543673872016
P07	Fp1	45.000000	0.000450510648079
P07	Fp1	46.000000	0.000765309901908
P07	Fp1	47.000000	0.000854601152241
P07	Fp1	48.000000	6.41980805085e-05
P07	Fp1	49.000000	0.000131128646899
P07	Fp1	50.000000	3.44869840774e-05
P07	Fp1	51.000000	0.000525109062437
P07	Fp1	52.000000	0.000479670678033
P07	Fp1	53.000000	0.000485641794512
P07	Fp1	54.000000	0.000409764325013
P07	Fp1	55.000000	0.000374539173208
P07	Fp1	56.000000	0.000641352962703
P07	Fp1	57.000000	0.000246286101174
P07	Fp1	58.000000	8.45700124046e-05
P07	Fp1	59.000000	0.000385054416256
P07	Fp1	60.000000	0.000683334015775
P07	Fp1	61.000000	0.00042816484347
P07	Fp1	62.000000	0.000246987299761
P07	Fp1	63.000000	0.000416764814872
P07	Fp1	64.000000	0.000564435496926
P07	Fp1	65.000000	0.000511428399477
P07	Fp1	66.000000	5.99605846219e-05
P07	Fp1	67.000000	0.000165600140463
P07	Fp1	68.000000	9.27267319639e-05
P07	Fp1	69.000000	6.9066787546e-05
P07	Fp1	70.000000	0.000399034557631
P07	Fp1	71.000000	0.000513974926434
P07	Fp1	72.000000	0.000292710639769
P07	Fp1	73.000000	1.10047703856e-05
P07	Fp1	74.000000	5.53481149836e-05
P07	Fp1	75.000000	0.000255133694736
P07	Fp1	76.000000	0.000682617945131
P07	Fp1	77.000000	0.000288745883154
P07	Fp1	78.000000	0.000322044041241
P07	Fp1	79.000000	0.000956725794822
P07	Fp1	80.000000	0.000269376178039
P07	AF3	1.000000	0.932904362679
P07	AF3	2.000000	0.0441630259156
P07	AF3	3.000000	0.113024242222
P07	AF3	4.000000	0.0811968520284
P07	AF3	5.000000	0.0723384395242
P07	AF3	6.000000	0.0236382801086
P07	AF3	7.000000	0.000660987920128
P07	AF3	8.000000	0.00100450334139
P07	AF3	9.000000	0.0164643544704
P07	AF3	10.000000	0.030359774828
P07	AF3	11.000000	0.0298126488924
P07	AF3	12.000000	0.00658458471298
P07	AF3	13.000000	0.00131152907852
P07	AF3	14.000000	0.00339996325783
P07	AF3	15.000000	0.0091515481472
P07	AF3	16.000000	0.0102523816749
P07	AF3	17.000000	0.00310354400426
P07	AF3	18.000000	0.000561526452657
P07	AF3	19.000000	0.00125240790658
P07	AF3	20.000000	0.00398452067748
P07	AF3	21.000000	0.00755444308743
P07	AF3	22.000000	0.00392760243267
P07	AF3	23.000000	0.000482363859192
P07	AF3	24.000000	0.00248320866376
P07	AF3	25.000000	0.00320995994844
P07	AF3	26.000000	0.000915442942642
P07	AF3	27.000000	0.00176731718238
P07	AF3	28.000000	0.00044314796105
P07	AF3	29.000000	0.000470118015073
P07	AF3	30.000000	0.00125221896451
P07	AF3	31.000000	0.00115447991993
P07	AF3	32.000000	0.00441865902394
P07	AF3	33.000000	0.00390301435255
P07	AF3	34.000000	0.000498741224874
P07	AF3	35.000000	0.00159716547932
P07	AF3	36.000000	0.00131762807723
P07	AF3	37.000000	0.000925014086533
P07	AF3	38.000000	0.000612827308942
P07	AF3	39.000000	4.63789401692e-05
P07	AF3	40.000000	2.41448324232e-05
P07	AF3	41.000000	0.000450674764579
P07	AF3	42.000000	0.00050006469246
P07	AF3	43.000000	5.52379569854e-05
P07	AF3	44.000000	0.000130798187456
P07	AF3	45.000000	0.000770976243075
P07	AF3	46.000000	0.000569557829294
P07	AF3	47.000000	0.00021226159879
P07	AF3	48.000000	0.000300691463053
P07	AF3	49.000000	0.00033340844675
P07	AF3	50.000000	0.000169107501279
P07	AF3	51.000000	0.000189206373761
P07	AF3	52.000000	0.000389003515011
P07	AF3	53.000000	0.000131469379994
P07	AF3	54.000000	1.58710827236e-06
P07	AF3	55.000000	1.99308669835e-05
P07	AF3	56.000000	2.65275539277e-05
P07	AF3	57.000000	7.16702124919e-05
P07	AF3	58.000000	0.000345397216734
P07	AF3	59.000000	0.000500980764627
P07	AF3	60.000000	6.44975034447e-06
P07	AF3	61.000000	0.000169400474988
P07	AF3	62.000000	0.000499151821714
P07	AF3	63.000000	0.000971939181909
P07	AF3	64.000000	0.000823266978841
P07	AF3	65.000000	0.000299516221276
P07	AF3	66.000000	0.000390012894059
P07	AF3	67.000000	0.000484471966047
P07	AF3	68.000000	3.62237478839e-05
P07	AF3	69.000000	0.000117736388347
P07	AF3	70.000000	0.000140404954436
P07	AF3	71.000000	7.71682171035e-05
P07	AF3	72.000000	5.97754988121e-05
P07	AF3	73.000000	6.61353942633e-06
P07	AF3	74.000000	6.39996069367e-05
P07	AF3	75.000000	5.88198527112e-05
P07	AF3	76.000000	9.07592475414e-05
P07	AF3	77.000000	9.90400149021e-05
P07	AF3	78.000000	0.000397633149987
P07	AF3	79.000000	6.41460937914e-05
P07	AF3	80.000000	0.00012927390344
P07	FC2	1.000000	0.6027161479
P07	FC2	2.000000	0.213972687721
P07	FC2	3.000000	0.0226794853806
P07	FC2	4.000000	0.00432036537677
P07	FC2	5.000000	0.00275601865724
P07	FC2	6.000000	0.0143454764038
P07	FC2	7.000000	0.0100408671424
P07	FC2	8.000000	0.000837133033201
P07	FC2	9.000000	0.0118892164901
P07	FC2	10.000000	0.0099825039506
P07	FC2	11.000000	0.00355264428072
P07	FC2	12.000000	5.19027817063e-05
P07	FC2	13.000000	0.000799410277978
P07	FC2	14.000000	0.00470106722787
P07	FC2	15.000000	0.00614989828318
P07	FC2	16.000000	0.00193707772996
P07	FC2	17.000000	0.000125552614918
P07	FC2	18.000000	0.000706389546394
P07	FC2	19.000000	0.000355910975486
P07	FC2	20.000000	0.00124976795632
P07	FC2	21.000000	0.00110428163316
P07	FC2	22.000000	0.000979703152552
P07	FC2	23.000000	0.000960705103353
P07	FC2	24.000000	0.000952862377744
P07	FC2	25.000000	0.000664301041979
P07	FC2	26.000000	0.000290606054477
P07	FC2	27.000000	0.000712689419743
P07	FC2	28.000000	0.000632991897874
P07	FC2	29.000000	0.00049571407726
P07	FC2	30.000000	0.000341198669048
P07	FC2	31.000000	0.000441981479526
P07	FC2	32.000000	0.000369537126971
P07	FC2	33.000000	0.00111925171223
P07	FC2	34.000000	0.000380830140784
P07	FC2	35.000000	0.000186071149074
P07	FC2	36.000000	0.000957739830483
P07	FC2	37.000000	0.000232889899053
P07	FC2	38.000000	6.79990407662e-05
P07	FC2	39.000000	0.000466979749035
P07	FC2	40.000000	0.000293629651424
P07	FC2	41.000000	2.08289784496e-05
P07	FC2	42.000000	6.34503448964e-05
P07	FC2	43.000000	0.000107255604235
P07	FC2	44.000000	3.53002383235e-06
P07	FC2	45.000000	0.000116000206617
P07	FC2	46.000000	2.74639569398e-05
P07	FC2	47.000000	1.97702647711e-05
P07	FC2	48.000000	7.76417800807e-05
P07	FC2	49.000000	8.78609425854e-05
P07	FC2	50.000000	4.49951085102e-06
P07	FC2	51.000000	0.000256850966252
P07	FC2	52.000000	7.99993358669e-05
P07	FC2	53.000000	0.000110550616228
P07	FC2	54.000000	0.000214884727029
P07	FC2	55.000000	8.06803946034e-05
P07	FC2	56.000000	0.000112698231533
P07	FC2	57.000000	4.87230390718e-05
P07	FC2	58.000000	1.75039385795e-05
P07	FC2	59.000000	2.93968241749e-05
P07	FC2	60.000000	7.3310926382e-05
P07	FC2	61.000000	2.07544544537e-05
P07	FC2	62.000000	0.000178179179784
P07	FC2	63.000000	0.000200544818654
P07	FC2	64.000000	6.96497809258e-05
P07	FC2	65.000000	4.08112791774e-05
P07	FC2	66.000000	8.06200914667e-05
P07	FC2	67.000000	2.94977944577e-05
P07	FC2	68.000000	9.88213869277e-05
P07	FC2	69.000000	0.000365839339793
P07	FC2	70.000000	0.000181208088179
P07	FC2	71.000000	7.44616409065e-05
P07	FC2	72.000000	6.11626455793e-05
P07	FC2	73.000000	4.13833868151e-06
P07	FC2	74.000000	0.000145218888065
P07	FC2	75.000000	0.000318353355397
P07	FC2	76.000000	0.000172156098415
P07	FC2	77.000000	5.57923231099e-05
P07	FC2	78.000000	1.80770439329e-05
P07	FC2	79.000000	3.0835319194e-05
P07	FC2	80.000000	0.00012229316053
P07	Cz	1.000000	0.684432029724
P07	Cz	2.000000	0.152380853891
P07	Cz	3.000000	0.0272157844156
P07	Cz	4.000000	0.0175961591303
P07	Cz	5.000000	0.003268038854
P07	Cz	6.000000	0.00215449882671
P07	Cz	7.000000	0.000498171546496
P07	Cz	8.000000	0.00429663201794
P07	Cz	9.000000	0.00431496324018
P07	Cz	10.000000	0.00160214619245
P07	Cz	11.000000	0.000538786815014
P07	Cz	12.000000	0.000329245114699
P07	Cz	13.000000	0.00166747381445
P07	Cz	14.000000	0.00490015652031
P07	Cz	15.000000	0.00358872511424
P07	Cz	16.000000	0.00159252760932
P07	Cz	17.000000	0.000590719282627
P07	Cz	18.000000	0.00100455479696
P07	Cz	19.000000	0.00107101141475
P07	Cz	20.000000	0.000581899657845
P07	Cz	21.000000	0.000750953098759
P07	Cz	22.000000	0.000954032992013
P07	Cz	23.000000	0.000109875021735
P07	Cz	24.000000	0.000255423219642
P07	Cz	25.000000	0.000137657654705
P07	Cz	26.000000	0.000926855253056
P07	Cz	27.000000	0.000563864887226
P07	Cz	28.000000	0.000258716056123
P07	Cz	29.000000	0.000582232605666
P07	Cz	30.000000	0.0011650682427
P07	Cz	31.000000	0.0010952904122
P07	Cz	32.000000	0.000405264960136
P07	Cz	33.000000	0.000402859528549
P07	Cz	34.000000	0.000606451416388
P07	Cz	35.000000	0.00159990368411
P07	Cz	36.000000	0.000792330887634
P07	Cz	37.000000	8.80399893504e-05
P07	Cz	38.000000	0.00138582405634
P07	Cz	39.000000	0.00098433252424
P07	Cz	40.000000	0.000127722640173
P07	Cz	41.000000	4.1780884203e-05
P07	Cz	42.000000	0.000157747635967
P07	Cz	43.000000	2.62094035861e-05
P07	Cz	44.000000	9.35329881031e-05
P07	Cz	45.000000	8.35408500279e-05
P07	Cz	46.000000	0.000246865354711
P07	Cz	47.000000	0.000193540545297
P07	Cz	48.000000	9.33505216381e-05
P07	Cz	49.000000	4.55520785181e-05
P07	Cz	50.000000	1.9792252715e-05
P07	Cz	51.000000	9.83468416962e-05
P07	Cz	52.000000	9.55087016337e-05
P07	Cz	53.000000	0.000223333103349
P07	Cz	54.000000	0.000461686315248
P07	Cz	55.000000	0.00027574194246
P07	Cz	56.000000	0.000155102577992
P07	Cz	57.000000	4.12782246713e-05
P07	Cz	58.000000	0.000426667538704
P07	Cz	59.000000	0.000305467721773
P07	Cz	60.000000	0.00015158324095
P07	Cz	61.000000	0.00018282183737
P07	Cz	62.000000	5.31924488314e-05
P07	Cz	63.000000	2.79462419712e-05
P07	Cz	64.000000	1.74647921085e-05
P07	Cz	65.000000	9.25565764192e-05
P07	Cz	66.000000	5.55489459657e-05
P07	Cz	67.000000	2.08793044294e-05
P07	Cz	68.000000	2.09178087971e-05
P07	Cz	69.000000	1.23912172967e-06
P07	Cz	70.000000	1.34447682285e-05
P07	Cz	71.000000	8.56592942e-06
P07	Cz	72.000000	3.65087216778e-05
P07	Cz	73.000000	6.43088642391e-05
P07	Cz	74.000000	0.00013096955081
P07	Cz	75.000000	0.000102743884781
P07	Cz	76.000000	0.000209179968806
P07	Cz	77.000000	2.84247726086e-05
P07	Cz	78.000000	1.66754689417e-05
P07	Cz	79.000000	1.11870767796e-05
P07	Cz	80.000000	0.000110919609142
P07	CP2	1.000000	0.168514534831
P07	CP2	2.000000	0.0204587206244
P07	CP2	3.000000	0.0131989195943
P07	CP2	4.000000	0.012626231648
P07	CP2	5.000000	0.00303245522082
P07	CP2	6.000000	0.00121677329298
P07	CP2	7.000000	0.00175687123556
P07	CP2	8.000000	0.000830640201457
P07	CP2	9.000000	0.00982007011771
P07	CP2	10.000000	0.00873365998268
P07	CP2	11.000000	0.0119873741642
P07	CP2	12.000000	0.00485249049962
P07	CP2	13.000000	5.18945089425e-05
P07	CP2	14.000000	0.00224668812007
P07	CP2	15.000000	0.000497179920785
P07	CP2	16.000000	0.000245786766754
P07	CP2	17.000000	0.000680546916556
P07	CP2	18.000000	0.00267495261505
P07	CP2	19.000000	0.00164508982562
P07	CP2	20.000000	0.0020172954537
P07	CP2	21.000000	0.00120430905372
P07	CP2	22.000000	1.07792802737e-05
P07	CP2	23.000000	0.000686175655574
P07	CP2	24.000000	0.000307740177959
P07	CP2	25.000000	0.000265364011284
P07	CP2	26.000000	1.11376275527e-05
P07	CP2	27.000000	0.000112430687295
P07	CP2	28.000000	1.97173212655e-05
P07	CP2	29.000000	5.96960053372e-05
P07	CP2	30.000000	0.000120261916891
P07	CP2	31.000000	0.000159161470947
P07	CP2	32.000000	0.000345153035596
P07	CP2	33.000000	0.000485826574732
P07	CP2	34.000000	0.000135958500323
P07	CP2	35.000000	0.000675880059134
P07	CP2	36.000000	0.00107690982986
P07	CP2	37.000000	5.20137618878e-05
P07	CP2	38.000000	4.36151967733e-05
P07	CP2	39.000000	1.2375325241e-05
P07	CP2	40.000000	5.9041321947e-05
P07	CP2	41.000000	7.04613921698e-06
P07	CP2	42.000000	0.000101861834992
P07	CP2	43.000000	0.000252569210716
P07	CP2	44.000000	0.000141134485602
P07	CP2	45.000000	5.36390762136e-05
P07	CP2	46.000000	0.00027677489561
P07	CP2	47.000000	0.000119777505461
P07	CP2	48.000000	1.68497501818e-06
P07	CP2	49.000000	3.34223186655e-05
P07	CP2	50.000000	4.97354585605e-06
P07	CP2	51.000000	9.45903593674e-05
P07	CP2	52.000000	0.000177140333108
P07	CP2	53.000000	2.50011930802e-06
P07	CP2	54.000000	0.000117062038044
P07	CP2	55.000000	7.97400862211e-05
P07	CP2	56.000000	4.53040302091e-05
P07	CP2	57.000000	4.61862873635e-05
P07	CP2	58.000000	0.000187560217455
P07	CP2	59.000000	8.07931282907e-05
P07	CP2	60.000000	6.49896392133e-05
P07	CP2	61.000000	4.47936508863e-05
P07	CP2	62.000000	1.70606435859e-05
P07	CP2	63.000000	5.97544249104e-06
P07	CP2	64.000000	1.68152234892e-06
P07	CP2	65.000000	0.00012398500985
P07	CP2	66.000000	0.000276600039797
P07	CP2	67.000000	0.000237755215494
P07	CP2	68.000000	0.000163925767993
P07	CP2	69.000000	3.25610453729e-05
P07	CP2	70.000000	2.12740833376e-05
P07	CP2	71.000000	2.78548068309e-05
P07	CP2	72.000000	9.92013010546e-05
P07	CP2	73.000000	6.55078838463e-05
P07	CP2	74.000000	1.25005783502e-06
P07	CP2	75.000000	3.76379307454e-06
P07	CP2	76.000000	8.27915573609e-05
P07	CP2	77.000000	0.00022144029208
P07	CP2	78.000000	0.000137346360134
P07	CP2	79.000000	1.92993429664e-05
P07	CP2	80.000000	5.06974101881e-05
P07	PO3	1.000000	0.701239585876
P07	PO3	2.000000	0.0962737128139
P07	PO3	3.000000	0.0590364858508
P07	PO3	4.000000	0.0550899654627
P07	PO3	5.000000	0.0218540076166
P07	PO3	6.000000	0.0010582205141
P07	PO3	7.000000	0.00938812736422
P07	PO3	8.000000	0.00479513034225
P07	PO3	9.000000	0.00527439825237
P07	PO3	10.000000	0.0108097624034
P07	PO3	11.000000	0.0167245734483
P07	PO3	12.000000	0.00356243737042
P07	PO3	13.000000	0.000474891188787
P07	PO3	14.000000	0.00112972117495
P07	PO3	15.000000	0.00154339440633
P07	PO3	16.000000	0.00010585081327
P07	PO3	17.000000	0.000163856369909
P07	PO3	18.000000	0.000427036662586
P07	PO3	19.000000	0.000960719014984
P07	PO3	20.000000	0.00129788159393
P07	PO3	21.000000	0.00109032809269
P07	PO3	22.000000	0.000668885943014
P07	PO3	23.000000	0.00126450171228
P07	PO3	24.000000	0.000885392189957
P07	PO3	25.000000	0.000364145729691
P07	PO3	26.000000	5.88831680943e-05
P07	PO3	27.000000	0.000210003228858
P07	PO3	28.000000	2.41950328927e-05
P07	PO3	29.000000	0.000169580947841
P07	PO3	30.000000	0.000217705382966
P07	PO3	31.000000	0.000258291052887
P07	PO3	32.000000	0.000208627956454
P07	PO3	33.000000	0.000323079671944
P07	PO3	34.000000	6.97401719663e-06
P07	PO3	35.000000	0.000642405764665
P07	PO3	36.000000	0.000374758674297
P07	PO3	37.000000	1.45141711982e-05
P07	PO3	38.000000	6.07324909652e-05
P07	PO3	39.000000	0.00030438072281
P07	PO3	40.000000	5.72094686504e-05
P07	PO3	41.000000	0.00016254359798
P07	PO3	42.000000	0.000155328700203
P07	PO3	43.000000	0.000105693565274
P07	PO3	44.000000	0.000347628752934
P07	PO3	45.000000	8.83043903741e-05
P07	PO3	46.000000	0.000112416215416
P07	PO3	47.000000	1.71018618857e-05
P07	PO3	48.000000	2.39848268393e-05
P07	PO3	49.000000	1.90317332454e-05
P07	PO3	50.000000	4.54877881566e-05
P07	PO3	51.000000	5.0872353313e-05
P07	PO3	52.000000	0.000136991162435
P07	PO3	53.000000	3.20906401612e-05
P07	PO3	54.000000	0.000409807631513
P07	PO3	55.000000	0.00013184848649
P07	PO3	56.000000	1.02010681076e-05
P07	PO3	57.000000	1.90441260202e-05
P07	PO3	58.000000	2.8025408028e-05
P07	PO3	59.000000	0.000284394074697
P07	PO3	60.000000	0.000158438808285
P07	PO3	61.000000	2.33281953115e-05
P07	PO3	62.000000	0.000155695321155
P07	PO3	63.000000	0.000506439828314
P07	PO3	64.000000	0.000242887123022
P07	PO3	65.000000	5.8383943724e-06
P07	PO3	66.000000	0.000112488858576
P07	PO3	67.000000	0.000107618587208
P07	PO3	68.000000	7.1449772804e-05
P07	PO3	69.000000	1.57177091751e-05
P07	PO3	70.000000	4.25273428846e-05
P07	PO3	71.000000	6.83433681843e-05
P07	PO3	72.000000	0.000240588895394
P07	PO3	73.000000	0.000624101317953
P07	PO3	74.000000	0.00040879563312
P07	PO3	75.000000	5.71698074054e-05
P07	PO3	76.000000	7.74973159423e-06
P07	PO3	77.000000	6.69588698656e-05
P07	PO3	78.000000	0.000131038716063
P07	PO3	79.000000	0.000124568628962
P07	PO3	80.000000	0.000139054871397
P07	O1	1.000000	0.799844682217
P07	O1	2.000000	0.118954226375
P07	O1	3.000000	0.0511397570372
P07	O1	4.000000	0.0536527372897
P07	O1	5.000000	0.026365308091
P07	O1	6.000000	0.00376034597866
P07	O1	7.000000	0.0086519299075
P07	O1	8.000000	0.00339894276112
P07	O1	9.000000	0.00421617785469
P07	O1	10.000000	0.0114457393065
P07	O1	11.000000	0.0174813196063
P07	O1	12.000000	0.00274939206429
P07	O1	13.000000	0.000480203801999
P07	O1	14.000000	0.000519926601555
P07	O1	15.000000	0.00066913862247
P07	O1	16.000000	2.13878774957e-05
P07	O1	17.000000	0.000581318628974
P07	O1	18.000000	0.000133049470605
P07	O1	19.000000	0.00222803861834
P07	O1	20.000000	0.0021842950955
P07	O1	21.000000	0.00207140017301
P07	O1	22.000000	0.00129955797456
P07	O1	23.000000	0.00134581397288
P07	O1	24.000000	0.000923162559047
P07	O1	25.000000	0.000329644506564
P07	O1	26.000000	9.54450933932e-06
P07	O1	27.000000	0.000434221699834
P07	O1	28.000000	0.000625797256362
P07	O1	29.000000	0.000127640611026
P07	O1	30.000000	4.3921663746e-06
P07	O1	31.000000	0.00015371821064
P07	O1	32.000000	0.000274779245956
P07	O1	33.000000	0.000233113009017
P07	O1	34.000000	0.000229634650168
P07	O1	35.000000	0.000373973685782
P07	O1	36.000000	0.000279801141005
P07	O1	37.000000	7.96377353254e-05
P07	O1	38.000000	0.000129759995616
P07	O1	39.000000	0.000392506859498
P07	O1	40.000000	0.000726920960005
P07	O1	41.000000	0.000801100686658
P07	O1	42.000000	0.00114811165258
P07	O1	43.000000	0.000207101940759
P07	O1	44.000000	0.000272173638223
P07	O1	45.000000	0.000191430255654
P07	O1	46.000000	0.000157856280566
P07	O1	47.000000	4.62395037175e-05
P07	O1	48.000000	7.68302124925e-05
P07	O1	49.000000	5.71617920286e-06
P07	O1	50.000000	3.11326657538e-05
P07	O1	51.000000	0.000165051678778
P07	O1	52.000000	0.00044013839215
P07	O1	53.000000	0.000105037135654
P07	O1	54.000000	0.000294267490972
P07	O1	55.000000	7.96387903392e-05
P07	O1	56.000000	9.86719260254e-06
P07	O1	57.000000	2.4403549105e-05
P07	O1	58.000000	0.000252235797234
P07	O1	59.000000	0.000263704190729
P07	O1	60.000000	6.58484641463e-05
P07	O1	61.000000	0.000292890937999
P07	O1	62.000000	0.000375902513042
P07	O1	63.000000	0.000453944376204
P07	O1	64.000000	6.97359137121e-05
P07	O1	65.000000	6.78497599438e-05
P07	O1	66.000000	2.6240315492e-05
P07	O1	67.000000	9.18761652429e-05
P07	O1	68.000000	0.000112699679448
P07	O1	69.000000	1.41413929668e-05
P07	O1	70.000000	6.44348692731e-05
P07	O1	71.000000	5.00946916873e-05
P07	O1	72.000000	9.09364007384e-06
P07	O1	73.000000	3.31111114065e-05
P07	O1	74.000000	5.50857112103e-05
P07	O1	75.000000	0.000112013760372
P07	O1	76.000000	9.91533161141e-05
P07	O1	77.000000	2.64663012786e-05
P07	O1	78.000000	7.12602559361e-05
P07	O1	79.000000	0.000119065734907
P07	O1	80.000000	4.07092993555e-05
P07	Oz	1.000000	0.858395814896
P07	Oz	2.000000	0.132431671023
P07	Oz	3.000000	0.0571242719889
P07	Oz	4.000000	0.0563519634306
P07	Oz	5.000000	0.0270235091448
P07	Oz	6.000000	0.00516261020675
P07	Oz	7.000000	0.00764271197841
P07	Oz	8.000000	0.00279427645728
P07	Oz	9.000000	0.00692055001855
P07	Oz	10.000000	0.0135540291667
P07	Oz	11.000000	0.0163775179535
P07	Oz	12.000000	0.00131995405536
P07	Oz	13.000000	0.00101529015228
P07	Oz	14.000000	0.00203647417948
P07	Oz	15.000000	0.00275573204271
P07	Oz	16.000000	2.37815911532e-05
P07	Oz	17.000000	0.000191673636436
P07	Oz	18.000000	0.000530217424966
P07	Oz	19.000000	0.0027792265173
P07	Oz	20.000000	0.00413568597287
P07	Oz	21.000000	0.00387909729034
P07	Oz	22.000000	0.00263698818162
P07	Oz	23.000000	0.00130989844911
P07	Oz	24.000000	0.000709632702637
P07	Oz	25.000000	0.00048743057414
P07	Oz	26.000000	2.2962469302e-05
P07	Oz	27.000000	0.000316790450597
P07	Oz	28.000000	0.000688148313202
P07	Oz	29.000000	0.000254463171586
P07	Oz	30.000000	2.19187113544e-05
P07	Oz	31.000000	3.39109590186e-07
P07	Oz	32.000000	0.000219164663577
P07	Oz	33.000000	0.000387498090276
P07	Oz	34.000000	0.000186940233107
P07	Oz	35.000000	0.000165317993378
P07	Oz	36.000000	0.000320910301525
P07	Oz	37.000000	1.64753109857e-05
P07	Oz	38.000000	0.000138190778671
P07	Oz	39.000000	0.00034235676867
P07	Oz	40.000000	0.000695964845363
P07	Oz	41.000000	0.000279599975329
P07	Oz	42.000000	0.000211124817724
P07	Oz	43.000000	8.42864174047e-05
P07	Oz	44.000000	8.62206507009e-05
P07	Oz	45.000000	6.54050818412e-05
P07	Oz	46.000000	0.000202915020054
P07	Oz	47.000000	7.45470897527e-05
P07	Oz	48.000000	2.21184018301e-05
P07	Oz	49.000000	9.70555047388e-05
P07	Oz	50.000000	0.000170814470039
P07	Oz	51.000000	5.87411595916e-05
P07	Oz	52.000000	4.17877818109e-05
P07	Oz	53.000000	3.93242953578e-05
P07	Oz	54.000000	6.11836876487e-05
P07	Oz	55.000000	3.5845565435e-05
P07	Oz	56.000000	1.74843353307e-05
P07	Oz	57.000000	1.06943625724e-05
P07	Oz	58.000000	0.000117854622658
P07	Oz	59.000000	0.000187973288121
P07	Oz	60.000000	8.33706581034e-05
P07	Oz	61.000000	1.70548482856e-05
P07	Oz	62.000000	3.31531045958e-05
P07	Oz	63.000000	0.000188182661077
P07	Oz	64.000000	0.000113707879791
P07	Oz	65.000000	1.6159568986e-05
P07	Oz	66.000000	0.000157566348207
P07	Oz	67.000000	0.000193760119146
P07	Oz	68.000000	4.68312027806e-05
P07	Oz	69.000000	3.49844140146e-06
P07	Oz	70.000000	2.53696343862e-05
P07	Oz	71.000000	5.82363645663e-05
P07	Oz	72.000000	2.61498621512e-06
P07	Oz	73.000000	1.99160949705e-05
P07	Oz	74.000000	2.2024343707e-05
P07	Oz	75.000000	3.59695295629e-05
P07	Oz	76.000000	5.97638609179e-05
P07	Oz	77.000000	0.00011283060303
P07	Oz	78.000000	0.000139683281304
P07	Oz	79.000000	4.02577607019e-05
P07	Oz	80.000000	1.06407233034e-05
P07	O2	1.000000	0.895219743252
P07	O2	2.000000	0.139962092042
P07	O2	3.000000	0.0580409765244
P07	O2	4.000000	0.0587246455252
P07	O2	5.000000	0.0260052382946
P07	O2	6.000000	0.00646032299846
P07	O2	7.000000	0.00854812934995
P07	O2	8.000000	0.00382203259505
P07	O2	9.000000	0.00522098178044
P07	O2	10.000000	0.0105698499829
P07	O2	11.000000	0.0164138413966
P07	O2	12.000000	0.00330371665768
P07	O2	13.000000	0.000694998074323
P07	O2	14.000000	0.00048682425404
P07	O2	15.000000	0.00104260048829
P07	O2	16.000000	8.35324535728e-05
P07	O2	17.000000	0.00172314676456
P07	O2	18.000000	0.00185424764641
P07	O2	19.000000	0.00270853145048
P07	O2	20.000000	0.00426024897024
P07	O2	21.000000	0.0029642530717
P07	O2	22.000000	0.00114324176684
P07	O2	23.000000	0.000482310540974
P07	O2	24.000000	6.45329928375e-05
P07	O2	25.000000	6.83484904584e-06
P07	O2	26.000000	0.000178820351721
P07	O2	27.000000	0.000475664739497
P07	O2	28.000000	0.000792843056843
P07	O2	29.000000	0.000162385069416
P07	O2	30.000000	0.00021021712746
P07	O2	31.000000	0.000146378864883
P07	O2	32.000000	0.000227922035265
P07	O2	33.000000	0.000485553580802
P07	O2	34.000000	0.000126123894006
P07	O2	35.000000	0.000288759183604
P07	O2	36.000000	0.000466210505692
P07	O2	37.000000	0.000189097147086
P07	O2	38.000000	5.09667443112e-05
P07	O2	39.000000	0.000137575494591
P07	O2	40.000000	0.000258003245108
P07	O2	41.000000	0.000126447834191
P07	O2	42.000000	6.17535915808e-05
P07	O2	43.000000	0.000116135415738
P07	O2	44.000000	8.01999267424e-05
P07	O2	45.000000	3.08586822939e-05
P07	O2	46.000000	0.0002725723607
P07	O2	47.000000	0.000209875666769
P07	O2	48.000000	0.000169577804627
P07	O2	49.000000	0.000306039029965
P07	O2	50.000000	0.000142999386298
P07	O2	51.000000	0.000257570878603
P07	O2	52.000000	0.000608620350249
P07	O2	53.000000	0.000137555573019
P07	O2	54.000000	0.00019247738237
P07	O2	55.000000	0.000150077044964
P07	O2	56.000000	6.28758789389e-05
P07	O2	57.000000	4.45163896075e-05
P07	O2	58.000000	6.36404729448e-05
P07	O2	59.000000	1.24362768474e-05
P07	O2	60.000000	6.06459689152e-05
P07	O2	61.000000	8.97970312508e-05
P07	O2	62.000000	0.000145388694364
P07	O2	63.000000	0.00031594678876
P07	O2	64.000000	6.77905845805e-05
P07	O2	65.000000	3.54112526111e-05
P07	O2	66.000000	2.24014474952e-05
P07	O2	67.000000	2.55763879977e-05
P07	O2	68.000000	3.77226842829e-06
P07	O2	69.000000	3.479654697e-05
P07	O2	70.000000	5.46676517388e-08
P07	O2	71.000000	6.25151369604e-05
P07	O2	72.000000	0.00018657403416
P07	O2	73.000000	0.000262722373009
P07	O2	74.000000	2.22430244321e-05
P07	O2	75.000000	1.31854303618e-05
P07	O2	76.000000	1.68297151504e-06
P07	O2	77.000000	3.79412740585e-05
P07	O2	78.000000	2.09253594221e-05
P07	O2	79.000000	2.99954790535e-05
P07	O2	80.000000	2.65724956989e-05
P07	PO4	1.000000	0.857424259186
P07	PO4	2.000000	0.129441916943
P07	PO4	3.000000	0.0599518530071
P07	PO4	4.000000	0.0688401460648
P07	PO4	5.000000	0.0312664024532
P07	PO4	6.000000	0.00448976969346
P07	PO4	7.000000	0.0083224689588
P07	PO4	8.000000	0.00246804044582
P07	PO4	9.000000	0.00563262356445
P07	PO4	10.000000	0.00968240667135
P07	PO4	11.000000	0.0156083283946
P07	PO4	12.000000	0.00225281598978
P07	PO4	13.000000	0.000429191015428
P07	PO4	14.000000	0.00161738647148
P07	PO4	15.000000	0.00242073787376
P07	PO4	16.000000	0.00018325750716
P07	PO4	17.000000	0.000253810721915
P07	PO4	18.000000	0.0006932427641
P07	PO4	19.000000	0.00167542602867
P07	PO4	20.000000	0.0023079328239
P07	PO4	21.000000	0.00145153608173
P07	PO4	22.000000	0.000597498030402
P07	PO4	23.000000	0.000682178419083
P07	PO4	24.000000	0.000199531437829
P07	PO4	25.000000	0.000462014548248
P07	PO4	26.000000	0.000288947107038
P07	PO4	27.000000	0.000291026895866
P07	PO4	28.000000	0.000535279628821
P07	PO4	29.000000	0.000446094054496
P07	PO4	30.000000	0.00047152035404
P07	PO4	31.000000	5.21613837918e-05
P07	PO4	32.000000	0.000307795475237
P07	PO4	33.000000	0.000303498003632
P07	PO4	34.000000	0.000105178725789
P07	PO4	35.000000	0.000267566239927
P07	PO4	36.000000	0.000275481812423
P07	PO4	37.000000	4.22212979174e-05
P07	PO4	38.000000	5.13719787705e-05
P07	PO4	39.000000	0.000335509190336
P07	PO4	40.000000	0.000253984966548
P07	PO4	41.000000	0.000198434907361
P07	PO4	42.000000	0.000446151010692
P07	PO4	43.000000	0.000356590171577
P07	PO4	44.000000	0.000525422161445
P07	PO4	45.000000	0.000166989178979
P07	PO4	46.000000	9.85887745628e-05
P07	PO4	47.000000	3.94586604671e-05
P07	PO4	48.000000	3.92726133214e-06
P07	PO4	49.000000	2.73955465673e-05
P07	PO4	50.000000	0.000109848813736
P07	PO4	51.000000	1.49190589127e-06
P07	PO4	52.000000	6.24333843007e-05
P07	PO4	53.000000	3.64706320397e-05
P07	PO4	54.000000	5.94272823946e-05
P07	PO4	55.000000	1.95311768039e-05
P07	PO4	56.000000	1.43389715959e-05
P07	PO4	57.000000	0.000164659839356
P07	PO4	58.000000	0.00013647704327
P07	PO4	59.000000	3.69268855138e-06
P07	PO4	60.000000	4.83576914121e-05
P07	PO4	61.000000	0.000125529244542
P07	PO4	62.000000	0.000343102612533
P07	PO4	63.000000	0.000355307449354
P07	PO4	64.000000	5.81368040002e-05
P07	PO4	65.000000	7.64061132941e-06
P07	PO4	66.000000	6.488479994e-05
P07	PO4	67.000000	0.000152721113409
P07	PO4	68.000000	8.16093670437e-05
P07	PO4	69.000000	1.33618141263e-05
P07	PO4	70.000000	2.47087555181e-05
P07	PO4	71.000000	7.84589356044e-05
P07	PO4	72.000000	5.48840871488e-05
P07	PO4	73.000000	2.74853264273e-05
P07	PO4	74.000000	7.57767047617e-05
P07	PO4	75.000000	6.67248605168e-06
P07	PO4	76.000000	8.0991347204e-05
P07	PO4	77.000000	1.57068316184e-05
P07	PO4	78.000000	4.212609565e-05
P07	PO4	79.000000	9.37653312576e-05
P07	PO4	80.000000	0.000189224767382
P07	Pz	1.000000	0.683674633503
P07	Pz	2.000000	0.106498606503
P07	Pz	3.000000	0.0415733344853
P07	Pz	4.000000	0.0482488051057
P07	Pz	5.000000	0.0270082894713
P07	Pz	6.000000	0.00301865325309
P07	Pz	7.000000	0.00640690280125
P07	Pz	8.000000	0.00449886731803
P07	Pz	9.000000	0.00316408858635
P07	Pz	10.000000	0.0129912625998
P07	Pz	11.000000	0.0185913126916
P07	Pz	12.000000	0.00222291564569
P07	Pz	13.000000	0.000586660113186
P07	Pz	14.000000	0.00124427047558
P07	Pz	15.000000	0.00139592087362
P07	Pz	16.000000	0.000669479195494
P07	Pz	17.000000	0.00104857201222
P07	Pz	18.000000	0.00138766563032
P07	Pz	19.000000	0.00163880130276
P07	Pz	20.000000	0.00112105254084
P07	Pz	21.000000	0.00240429467522
P07	Pz	22.000000	0.00193964957725
P07	Pz	23.000000	0.00176769506652
P07	Pz	24.000000	0.000853236531839
P07	Pz	25.000000	0.000279360305285
P07	Pz	26.000000	4.72585852549e-05
P07	Pz	27.000000	0.000293625111226
P07	Pz	28.000000	0.000566554546822
P07	Pz	29.000000	0.000343999068718
P07	Pz	30.000000	0.000903029285837
P07	Pz	31.000000	0.00103720708285
P07	Pz	32.000000	0.000199941161554
P07	Pz	33.000000	0.00112245453056
P07	Pz	34.000000	0.000574449135456
P07	Pz	35.000000	0.000193658823264
P07	Pz	36.000000	0.000472498679301
P07	Pz	37.000000	0.000163585049449
P07	Pz	38.000000	0.000149680912727
P07	Pz	39.000000	0.000172346393811
P07	Pz	40.000000	0.000212649509194
P07	Pz	41.000000	0.000209859848837
P07	Pz	42.000000	0.000392081739847
P07	Pz	43.000000	0.000135262933327
P07	Pz	44.000000	5.80033629376e-05
P07	Pz	45.000000	0.000695173512213
P07	Pz	46.000000	0.000557864259463
P07	Pz	47.000000	2.15880518226e-05
P07	Pz	48.000000	0.000108930929855
P07	Pz	49.000000	0.000215274805669
P07	Pz	50.000000	0.000123988007545
P07	Pz	51.000000	0.000104358172393
P07	Pz	52.000000	7.28065715521e-05
P07	Pz	53.000000	6.73585382174e-05
P07	Pz	54.000000	0.000401091761887
P07	Pz	55.000000	0.000373522110749
P07	Pz	56.000000	0.00033449291368
P07	Pz	57.000000	0.000160568524734
P07	Pz	58.000000	0.000139093404869
P07	Pz	59.000000	0.000385756342439
P07	Pz	60.000000	0.000123899997561
P07	Pz	61.000000	3.97314749989e-07
P07	Pz	62.000000	5.32648082299e-05
P07	Pz	63.000000	0.000423814519309
P07	Pz	64.000000	0.000232425169088
P07	Pz	65.000000	3.23476997437e-05
P07	Pz	66.000000	8.87917703949e-05
P07	Pz	67.000000	4.9962389312e-05
P07	Pz	68.000000	9.58415039349e-05
P07	Pz	69.000000	8.77956990735e-05
P07	Pz	70.000000	0.000300974148558
P07	Pz	71.000000	7.15750720701e-05
P07	Pz	72.000000	5.25869436387e-05
P07	Pz	73.000000	4.0511629777e-05
P07	Pz	74.000000	0.000100904304418
P07	Pz	75.000000	1.15824495879e-05
P07	Pz	76.000000	3.94302260247e-05
P07	Pz	77.000000	3.945849312e-05
P07	Pz	78.000000	2.7372427212e-05
P07	Pz	79.000000	8.50998185342e-06
P07	Pz	80.000000	3.68496839656e-05
P07	CP1	1.000000	0.120949044824
P07	CP1	2.000000	0.0271675251424
P07	CP1	3.000000	0.0063771950081
P07	CP1	4.000000	0.00593634834513
P07	CP1	5.000000	0.000855965074152
P07	CP1	6.000000	0.000326609442709
P07	CP1	7.000000	0.00196493114345
P07	CP1	8.000000	0.00431968225166
P07	CP1	9.000000	0.00117382593453
P07	CP1	10.000000	0.00231490028091
P07	CP1	11.000000	0.00496597262099
P07	CP1	12.000000	0.00218160054646
P07	CP1	13.000000	0.00180451804772
P07	CP1	14.000000	0.00227128039114
P07	CP1	15.000000	0.00123673013877
P07	CP1	16.000000	0.000286489288555
P07	CP1	17.000000	2.94678975479e-05
P07	CP1	18.000000	0.000479298847495
P07	CP1	19.000000	0.000379660486942
P07	CP1	20.000000	0.000743112643249
P07	CP1	21.000000	0.000674855953548
P07	CP1	22.000000	1.75963177753e-05
P07	CP1	23.000000	0.000123326419271
P07	CP1	24.000000	7.08470033715e-05
P07	CP1	25.000000	6.35374744888e-05
P07	CP1	26.000000	0.00014319033653
P07	CP1	27.000000	0.0001028038605
P07	CP1	28.000000	0.000292794487905
P07	CP1	29.000000	0.000787541968748
P07	CP1	30.000000	0.000310648872983
P07	CP1	31.000000	0.000285756512312
P07	CP1	32.000000	9.37369622989e-05
P07	CP1	33.000000	4.18708077632e-05
P07	CP1	34.000000	8.47764822538e-05
P07	CP1	35.000000	0.000193737607333
P07	CP1	36.000000	0.000387883745134
P07	CP1	37.000000	0.000310060248012
P07	CP1	38.000000	0.000103215374111
P07	CP1	39.000000	0.000163917749887
P07	CP1	40.000000	5.91924208493e-06
P07	CP1	41.000000	2.61540990323e-05
P07	CP1	42.000000	0.000263492576778
P07	CP1	43.000000	0.000166828787769
P07	CP1	44.000000	9.64044229477e-05
P07	CP1	45.000000	0.000359508383553
P07	CP1	46.000000	0.000182139512617
P07	CP1	47.000000	5.8803580032e-05
P07	CP1	48.000000	5.24556671735e-05
P07	CP1	49.000000	6.55185649521e-05
P07	CP1	50.000000	0.000141374373925
P07	CP1	51.000000	0.000249518634519
P07	CP1	52.000000	0.000175370718352
P07	CP1	53.000000	0.000151885396917
P07	CP1	54.000000	0.000100078934338
P07	CP1	55.000000	2.43773502007e-05
P07	CP1	56.000000	2.08016808756e-05
P07	CP1	57.000000	2.15124182432e-05
P07	CP1	58.000000	7.38620437915e-05
P07	CP1	59.000000	0.000145405283547
P07	CP1	60.000000	0.000148887891555
P07	CP1	61.000000	1.84783784789e-05
P07	CP1	62.000000	5.02022658111e-06
P07	CP1	63.000000	5.29444378117e-06
P07	CP1	64.000000	2.78734423773e-05
P07	CP1	65.000000	0.000120858283481
P07	CP1	66.000000	9.82667552307e-05
P07	CP1	67.000000	1.66630593412e-06
P07	CP1	68.000000	4.05927676184e-05
P07	CP1	69.000000	6.74913389958e-05
P07	CP1	70.000000	1.33470830406e-05
P07	CP1	71.000000	3.33366770064e-05
P07	CP1	72.000000	2.77159924735e-05
P07	CP1	73.000000	3.00427163893e-05
P07	CP1	74.000000	5.22030932188e-05
P07	CP1	75.000000	9.94721995085e-06
P07	CP1	76.000000	1.04974360511e-05
P07	CP1	77.000000	1.89111015061e-05
P07	CP1	78.000000	1.38407403938e-05
P07	CP1	79.000000	7.83328214311e-05
P07	CP1	80.000000	0.000149646904902
P07	FC1	1.000000	0.648065209389
P07	FC1	2.000000	0.114784635603
P07	FC1	3.000000	0.0363180786371
P07	FC1	4.000000	0.0264086574316
P07	FC1	5.000000	0.00637452257797
P07	FC1	6.000000	0.00220797560178
P07	FC1	7.000000	0.000686339219101
P07	FC1	8.000000	0.00167820812203
P07	FC1	9.000000	0.00337461219169
P07	FC1	10.000000	0.00249661202542
P07	FC1	11.000000	0.00177198229358
P07	FC1	12.000000	0.00162073946558
P07	FC1	13.000000	0.00176960858516
P07	FC1	14.000000	0.00554143777117
P07	FC1	15.000000	0.00418965425342
P07	FC1	16.000000	0.00291007128544
P07	FC1	17.000000	0.000292942859232
P07	FC1	18.000000	0.000336889992468
P07	FC1	19.000000	0.00072309828829
P07	FC1	20.000000	0.000669397530146
P07	FC1	21.000000	0.000417687988374
P07	FC1	22.000000	0.000675380346365
P07	FC1	23.000000	0.00030843866989
P07	FC1	24.000000	0.00108609325252
P07	FC1	25.000000	0.000159068047651
P07	FC1	26.000000	0.000327282818034
P07	FC1	27.000000	0.000222267175559
P07	FC1	28.000000	0.000153919143486
P07	FC1	29.000000	0.000479650188936
P07	FC1	30.000000	0.000812143087387
P07	FC1	31.000000	0.000941166072153
P07	FC1	32.000000	0.000118817748444
P07	FC1	33.000000	0.000330364622641
P07	FC1	34.000000	0.000312395452056
P07	FC1	35.000000	0.000498078938108
P07	FC1	36.000000	7.16248177923e-05
P07	FC1	37.000000	0.000126529979752
P07	FC1	38.000000	0.000495991378557
P07	FC1	39.000000	0.000601503823418
P07	FC1	40.000000	0.000139836265589
P07	FC1	41.000000	6.47519627819e-05
P07	FC1	42.000000	4.17447008658e-05
P07	FC1	43.000000	3.67267894035e-05
P07	FC1	44.000000	0.000290308205876
P07	FC1	45.000000	0.000123403820908
P07	FC1	46.000000	2.07803568628e-05
P07	FC1	47.000000	0.000104040322185
P07	FC1	48.000000	0.00012057818094
P07	FC1	49.000000	0.000375178031391
P07	FC1	50.000000	7.29556777515e-05
P07	FC1	51.000000	7.78723115218e-05
P07	FC1	52.000000	0.000673705944791
P07	FC1	53.000000	0.000399667973397
P07	FC1	54.000000	7.15623318683e-05
P07	FC1	55.000000	0.000157870075782
P07	FC1	56.000000	0.00011216456187
P07	FC1	57.000000	1.75634613697e-05
P07	FC1	58.000000	6.94741611369e-05
P07	FC1	59.000000	5.92592878093e-05
P07	FC1	60.000000	8.63855457283e-05
P07	FC1	61.000000	9.19960002648e-05
P07	FC1	62.000000	0.000208251469303
P07	FC1	63.000000	8.79964354681e-05
P07	FC1	64.000000	4.65266384708e-05
P07	FC1	65.000000	0.000116442875878
P07	FC1	66.000000	7.68156751292e-05
P07	FC1	67.000000	0.000124318394228
P07	FC1	68.000000	0.000278308900306
P07	FC1	69.000000	0.000631765695289
P07	FC1	70.000000	0.000679832417518
P07	FC1	71.000000	0.000335140910465
P07	FC1	72.000000	4.89781232318e-05
P07	FC1	73.000000	1.3333786228e-05
P07	FC1	74.000000	0.000132890534587
P07	FC1	75.000000	0.000301966269035
P07	FC1	76.000000	0.000100467012089
P07	FC1	77.000000	1.18529151223e-05
P07	FC1	78.000000	3.54413859895e-05
P07	FC1	79.000000	5.92798141952e-06
P07	FC1	80.000000	3.49627771357e-05
P07	P3	1.000000	0.728867948055
P07	P3	2.000000	0.106441825628
P07	P3	3.000000	0.0490476004779
P07	P3	4.000000	0.0454416684806
P07	P3	5.000000	0.0219259988517
P07	P3	6.000000	0.00356255983934
P07	P3	7.000000	0.00985511112958
P07	P3	8.000000	0.00738548766822
P07	P3	9.000000	0.00172948278487
P07	P3	10.000000	0.00884028151631
P07	P3	11.000000	0.0141802029684
P07	P3	12.000000	0.00355173205025
P07	P3	13.000000	2.94178989861e-05
P07	P3	14.000000	0.000786878459621
P07	P3	15.000000	0.00144770613406
P07	P3	16.000000	0.000405717670219
P07	P3	17.000000	0.000355810538167
P07	P3	18.000000	0.000583328539506
P07	P3	19.000000	0.00224200566299
P07	P3	20.000000	0.00174068496563
P07	P3	21.000000	0.00125053117517
P07	P3	22.000000	0.00137397891376
P07	P3	23.000000	0.00338147417642
P07	P3	24.000000	0.00305081601255
P07	P3	25.000000	0.00194249546621
P07	P3	26.000000	0.000221807247726
P07	P3	27.000000	8.26506875455e-05
P07	P3	28.000000	0.000435344583821
P07	P3	29.000000	0.000112914727652
P07	P3	30.000000	3.85012353945e-05
P07	P3	31.000000	0.000185791301192
P07	P3	32.000000	0.000194852167624
P07	P3	33.000000	0.00120555772446
P07	P3	34.000000	0.000404501799494
P07	P3	35.000000	0.000648679560982
P07	P3	36.000000	0.000594255048782
P07	P3	37.000000	1.40256779559e-05
P07	P3	38.000000	4.4773962145e-05
P07	P3	39.000000	0.000237244530581
P07	P3	40.000000	0.000708937935997
P07	P3	41.000000	0.00021408572502
P07	P3	42.000000	0.000202025170438
P07	P3	43.000000	5.15828469361e-05
P07	P3	44.000000	1.85620265256e-05
P07	P3	45.000000	0.000501607137267
P07	P3	46.000000	0.00112604233436
P07	P3	47.000000	0.000472254934721
P07	P3	48.000000	0.000296527316095
P07	P3	49.000000	0.000182605916052
P07	P3	50.000000	5.33964775968e-05
P07	P3	51.000000	0.000101532124972
P07	P3	52.000000	0.000214956511627
P07	P3	53.000000	0.000127115097712
P07	P3	54.000000	8.79992512637e-05
P07	P3	55.000000	2.54244077951e-05
P07	P3	56.000000	3.53733994416e-05
P07	P3	57.000000	3.29282897837e-06
P07	P3	58.000000	9.80952027021e-05
P07	P3	59.000000	0.000366951222531
P07	P3	60.000000	0.000167777456227
P07	P3	61.000000	3.70048983314e-05
P07	P3	62.000000	0.000142726290505
P07	P3	63.000000	4.44793549832e-05
P07	P3	64.000000	4.3208333409e-06
P07	P3	65.000000	5.42628331459e-05
P07	P3	66.000000	9.37241638894e-05
P07	P3	67.000000	0.000126207101857
P07	P3	68.000000	8.16752799437e-05
P07	P3	69.000000	2.97089645755e-05
P07	P3	70.000000	6.88368090778e-05
P07	P3	71.000000	3.2918414945e-05
P07	P3	72.000000	0.000114923517685
P07	P3	73.000000	0.000288668117719
P07	P3	74.000000	4.44175748271e-05
P07	P3	75.000000	7.26605503587e-05
P07	P3	76.000000	3.26002191287e-05
P07	P3	77.000000	3.30693837896e-05
P07	P3	78.000000	2.14425508602e-05
P07	P3	79.000000	2.2929683837e-05
P07	P3	80.000000	0.000100140598079
P07	C3	1.000000	0.199337810278
P07	C3	2.000000	0.0450110323727
P07	C3	3.000000	0.0168220177293
P07	C3	4.000000	0.00879292748868
P07	C3	5.000000	0.00694544287398
P07	C3	6.000000	0.00150123983622
P07	C3	7.000000	0.000229482087889
P07	C3	8.000000	0.000180639472092
P07	C3	9.000000	0.00222185254097
P07	C3	10.000000	0.00194762775209
P07	C3	11.000000	0.000172229483724
P07	C3	12.000000	1.63180757227e-05
P07	C3	13.000000	0.000668900669552
P07	C3	14.000000	0.00375850521959
P07	C3	15.000000	0.00147670088336
P07	C3	16.000000	0.000205662159715
P07	C3	17.000000	0.000290105119348
P07	C3	18.000000	4.63964388473e-05
P07	C3	19.000000	0.000633512798231
P07	C3	20.000000	8.31564248074e-05
P07	C3	21.000000	0.000918591278605
P07	C3	22.000000	0.000502235197928
P07	C3	23.000000	0.000136008602567
P07	C3	24.000000	0.000310052739223
P07	C3	25.000000	0.000993967754766
P07	C3	26.000000	0.000299512321362
P07	C3	27.000000	0.000162879921845
P07	C3	28.000000	0.000167931531905
P07	C3	29.000000	8.77147249412e-05
P07	C3	30.000000	0.000208370460314
P07	C3	31.000000	0.000120374868857
P07	C3	32.000000	0.000409713305999
P07	C3	33.000000	0.000132966815727
P07	C3	34.000000	9.4805349363e-05
P07	C3	35.000000	8.18507178337e-05
P07	C3	36.000000	3.02007028949e-05
P07	C3	37.000000	0.000115470335004
P07	C3	38.000000	0.000297158170724
P07	C3	39.000000	0.000173731983523
P07	C3	40.000000	0.000131364475237
P07	C3	41.000000	3.01622276311e-05
P07	C3	42.000000	1.18945627037e-05
P07	C3	43.000000	1.86361849046e-05
P07	C3	44.000000	2.89554755e-05
P07	C3	45.000000	4.82668583572e-05
P07	C3	46.000000	4.81738879898e-06
P07	C3	47.000000	3.89254673792e-05
P07	C3	48.000000	9.41883336054e-05
P07	C3	49.000000	0.000114235990623
P07	C3	50.000000	0.000113251488074
P07	C3	51.000000	2.24817777053e-05
P07	C3	52.000000	4.87905890623e-05
P07	C3	53.000000	0.000186461402336
P07	C3	54.000000	0.000114749032946
P07	C3	55.000000	1.26942404677e-05
P07	C3	56.000000	7.74648196966e-06
P07	C3	57.000000	2.68951498583e-05
P07	C3	58.000000	7.73492938606e-05
P07	C3	59.000000	9.57841184572e-05
P07	C3	60.000000	6.35699834675e-05
P07	C3	61.000000	3.84935701732e-05
P07	C3	62.000000	3.96597570216e-05
P07	C3	63.000000	7.43142891224e-06
P07	C3	64.000000	3.82472098863e-05
P07	C3	65.000000	2.67908017122e-05
P07	C3	66.000000	1.34623023769e-05
P07	C3	67.000000	3.32219569827e-05
P07	C3	68.000000	6.44147803541e-05
P07	C3	69.000000	4.2385305278e-05
P07	C3	70.000000	6.30568174529e-05
P07	C3	71.000000	5.53105928702e-05
P07	C3	72.000000	1.59391547641e-05
P07	C3	73.000000	6.93231631885e-05
P07	C3	74.000000	2.24084906222e-05
P07	C3	75.000000	1.80776187335e-05
P07	C3	76.000000	1.18588177429e-05
P07	C3	77.000000	3.74938667846e-06
P07	C3	78.000000	4.55046165371e-06
P07	C3	79.000000	1.947245255e-05
P07	C3	80.000000	2.07990922263e-08
P07	F3	1.000000	0.89954829216
P07	F3	2.000000	0.0478980839252
P07	F3	3.000000	0.0987076684833
P07	F3	4.000000	0.0781471133232
P07	F3	5.000000	0.0641382858157
P07	F3	6.000000	0.0202387794852
P07	F3	7.000000	0.0020605083555
P07	F3	8.000000	0.00171355775092
P07	F3	9.000000	0.017030602321
P07	F3	10.000000	0.028817133978
P07	F3	11.000000	0.0245210882276
P07	F3	12.000000	0.00780670205131
P07	F3	13.000000	0.00205583730713
P07	F3	14.000000	0.00885209813714
P07	F3	15.000000	0.0129146240652
P07	F3	16.000000	0.0116983139887
P07	F3	17.000000	0.00533666089177
P07	F3	18.000000	0.000153562737978
P07	F3	19.000000	0.00101193320006
P07	F3	20.000000	0.00446746777743
P07	F3	21.000000	0.00866104941815
P07	F3	22.000000	0.00419968832284
P07	F3	23.000000	0.000382051075576
P07	F3	24.000000	0.00115692766849
P07	F3	25.000000	0.00237043946981
P07	F3	26.000000	0.000660988211166
P07	F3	27.000000	0.000539541244507
P07	F3	28.000000	2.36706127907e-05
P07	F3	29.000000	0.000181283321581
P07	F3	30.000000	0.00126573874149
P07	F3	31.000000	0.00333386193961
P07	F3	32.000000	0.00458032870665
P07	F3	33.000000	0.00429046759382
P07	F3	34.000000	0.00137236854061
P07	F3	35.000000	0.000772670551669
P07	F3	36.000000	0.0012789866887
P07	F3	37.000000	0.000742883246858
P07	F3	38.000000	0.000332826923113
P07	F3	39.000000	0.000315852550557
P07	F3	40.000000	0.000355526572093
P07	F3	41.000000	0.000982114346698
P07	F3	42.000000	0.000616959296167
P07	F3	43.000000	4.20964315708e-05
P07	F3	44.000000	0.000448540551588
P07	F3	45.000000	0.000809602672234
P07	F3	46.000000	0.000175786743057
P07	F3	47.000000	0.000269081967417
P07	F3	48.000000	0.000383940059692
P07	F3	49.000000	0.000758383481298
P07	F3	50.000000	0.000813093793113
P07	F3	51.000000	0.000761700328439
P07	F3	52.000000	0.000381381832995
P07	F3	53.000000	3.23256026604e-05
P07	F3	54.000000	0.000218685047003
P07	F3	55.000000	0.000957022246439
P07	F3	56.000000	0.00102519418579
P07	F3	57.000000	0.000172613086761
P07	F3	58.000000	1.40824759001e-05
P07	F3	59.000000	1.34601550599e-05
P07	F3	60.000000	7.42891425034e-05
P07	F3	61.000000	0.000188892707229
P07	F3	62.000000	0.00028151893639
P07	F3	63.000000	0.000130585569423
P07	F3	64.000000	1.89751954167e-05
P07	F3	65.000000	0.000122768193251
P07	F3	66.000000	5.11227408424e-05
P07	F3	67.000000	0.000118795069284
P07	F3	68.000000	1.18001362353e-05
P07	F3	69.000000	0.000386191939469
P07	F3	70.000000	0.000331237213686
P07	F3	71.000000	3.93509581045e-05
P07	F3	72.000000	9.04069838725e-06
P07	F3	73.000000	8.45363501867e-06
P07	F3	74.000000	1.29962872961e-05
P07	F3	75.000000	9.28141344048e-06
P07	F3	76.000000	2.12507857213e-05
P07	F3	77.000000	2.9441089282e-05
P07	F3	78.000000	0.000315986806527
P07	F3	79.000000	0.000349794863723
P07	F3	80.000000	0.000323111598846
P07	F7	1.000000	0.98496979475
P07	F7	2.000000	0.15039896965
P07	F7	3.000000	0.109863072634
P07	F7	4.000000	0.172659263015
P07	F7	5.000000	0.0414491929114
P07	F7	6.000000	0.0134040173143
P07	F7	7.000000	0.00588573003188
P07	F7	8.000000	0.00224554445595
P07	F7	9.000000	0.028655199334
P07	F7	10.000000	0.0392440333962
P07	F7	11.000000	0.0444390065968
P07	F7	12.000000	0.0105184605345
P07	F7	13.000000	0.000754950684495
P07	F7	14.000000	0.00216803560033
P07	F7	15.000000	0.000771153019741
P07	F7	16.000000	0.00125191523694
P07	F7	17.000000	0.00402248464525
P07	F7	18.000000	0.000375790230464
P07	F7	19.000000	0.00258379243314
P07	F7	20.000000	0.000219318448217
P07	F7	21.000000	0.00269639678299
P07	F7	22.000000	9.20428428799e-05
P07	F7	23.000000	0.00393218034878
P07	F7	24.000000	0.00248070107773
P07	F7	25.000000	0.00165783753619
P07	F7	26.000000	0.00210240390152
P07	F7	27.000000	0.00171915546525
P07	F7	28.000000	0.00147107953671
P07	F7	29.000000	0.00259591173381
P07	F7	30.000000	0.00278065656312
P07	F7	31.000000	8.64151570568e-06
P07	F7	32.000000	0.00120201252867
P07	F7	33.000000	0.0017869946314
P07	F7	34.000000	0.000841438595671
P07	F7	35.000000	0.000634502037428
P07	F7	36.000000	0.003259310266
P07	F7	37.000000	0.00466950889677
P07	F7	38.000000	0.00321853160858
P07	F7	39.000000	0.00123520602938
P07	F7	40.000000	0.00029274795088
P07	F7	41.000000	0.00107812252827
P07	F7	42.000000	0.0020151741337
P07	F7	43.000000	0.000969858490862
P07	F7	44.000000	0.000271923898254
P07	F7	45.000000	0.00118515209761
P07	F7	46.000000	0.000946569954976
P07	F7	47.000000	0.00141843885649
P07	F7	48.000000	0.00221158098429
P07	F7	49.000000	0.000904238433577
P07	F7	50.000000	0.000266984308837
P07	F7	51.000000	0.000138682793477
P07	F7	52.000000	0.000152815759066
P07	F7	53.000000	0.000790785998106
P07	F7	54.000000	0.00065301178256
P07	F7	55.000000	0.000530270277523
P07	F7	56.000000	0.000790358521044
P07	F7	57.000000	0.000571173732169
P07	F7	58.000000	0.00123862049077
P07	F7	59.000000	0.000862693123054
P07	F7	60.000000	0.000836748047732
P07	F7	61.000000	0.000291632342851
P07	F7	62.000000	2.87932616629e-05
P07	F7	63.000000	0.000286551134195
P07	F7	64.000000	0.000150316001964
P07	F7	65.000000	0.00065049919067
P07	F7	66.000000	0.00112402846571
P07	F7	67.000000	0.000325240194798
P07	F7	68.000000	0.00046937877778
P07	F7	69.000000	0.000261970242718
P07	F7	70.000000	0.000383438193239
P07	F7	71.000000	0.000148801511386
P07	F7	72.000000	0.000211520557059
P07	F7	73.000000	8.134770178e-05
P07	F7	74.000000	0.000292298180284
P07	F7	75.000000	0.000213557461393
P07	F7	76.000000	0.000302240514429
P07	F7	77.000000	0.000127141058329
P07	F7	78.000000	0.000217678199988
P07	F7	79.000000	1.5782774426e-05
P07	F7	80.000000	0.000622752238996
P07	FC5	1.000000	0.0963959768414
P07	FC5	2.000000	0.00355580821633
P07	FC5	3.000000	0.0327148549259
P07	FC5	4.000000	0.0264163576066
P07	FC5	5.000000	0.00715553667396
P07	FC5	6.000000	0.00357418763451
P07	FC5	7.000000	0.00299783074297
P07	FC5	8.000000	0.000168436919921
P07	FC5	9.000000	0.00521148880944
P07	FC5	10.000000	0.0115460064262
P07	FC5	11.000000	0.0106396684423
P07	FC5	12.000000	0.00247865077108
P07	FC5	13.000000	0.00450918031856
P07	FC5	14.000000	0.00603241520002
P07	FC5	15.000000	0.000343844207237
P07	FC5	16.000000	0.000367395638023
P07	FC5	17.000000	0.000282056833385
P07	FC5	18.000000	0.00045234488789
P07	FC5	19.000000	0.000791035126895
P07	FC5	20.000000	0.000128233456053
P07	FC5	21.000000	0.00196191878058
P07	FC5	22.000000	0.000542014429811
P07	FC5	23.000000	9.98264295049e-05
P07	FC5	24.000000	0.00016083844821
P07	FC5	25.000000	0.0004843735951
P07	FC5	26.000000	0.000797593093012
P07	FC5	27.000000	2.68485873676e-05
P07	FC5	28.000000	0.000718761701137
P07	FC5	29.000000	0.00101333332714
P07	FC5	30.000000	0.000562534725759
P07	FC5	31.000000	0.000601734325755
P07	FC5	32.000000	0.00120802782476
P07	FC5	33.000000	0.000891541014425
P07	FC5	34.000000	4.39711911895e-05
P07	FC5	35.000000	0.000696220318787
P07	FC5	36.000000	0.00133594253566
P07	FC5	37.000000	0.000864730216563
P07	FC5	38.000000	0.000343752122717
P07	FC5	39.000000	0.000288771087071
P07	FC5	40.000000	0.000143670593388
P07	FC5	41.000000	0.000238104199525
P07	FC5	42.000000	6.29570204183e-05
P07	FC5	43.000000	2.14310275624e-05
P07	FC5	44.000000	9.38831653912e-05
P07	FC5	45.000000	0.000105499180791
P07	FC5	46.000000	0.000264787027845
P07	FC5	47.000000	0.000130075379275
P07	FC5	48.000000	0.000114246948215
P07	FC5	49.000000	1.26329068735e-05
P07	FC5	50.000000	5.45692637388e-06
P07	FC5	51.000000	1.1380633623e-05
P07	FC5	52.000000	0.000398084783228
P07	FC5	53.000000	0.000530359393451
P07	FC5	54.000000	4.82085597469e-05
P07	FC5	55.000000	2.11308961298e-05
P07	FC5	56.000000	5.74597215746e-05
P07	FC5	57.000000	4.10586699218e-06
P07	FC5	58.000000	5.79839434067e-05
P07	FC5	59.000000	7.15338246664e-05
P07	FC5	60.000000	9.51762831392e-06
P07	FC5	61.000000	2.34521121456e-05
P07	FC5	62.000000	0.000121692661196
P07	FC5	63.000000	0.000120401498862
P07	FC5	64.000000	2.88499268208e-05
P07	FC5	65.000000	2.59307744273e-05
P07	FC5	66.000000	8.53607198223e-05
P07	FC5	67.000000	5.41139934285e-06
P07	FC5	68.000000	0.00012621829228
P07	FC5	69.000000	0.000246218609391
P07	FC5	70.000000	0.000150955034769
P07	FC5	71.000000	0.000296624057228
P07	FC5	72.000000	0.000120085394883
P07	FC5	73.000000	5.78831641178e-05
P07	FC5	74.000000	0.000163255550433
P07	FC5	75.000000	0.000111789275252
P07	FC5	76.000000	6.21142607997e-05
P07	FC5	77.000000	4.99336128996e-05
P07	FC5	78.000000	5.99632730882e-05
P07	FC5	79.000000	3.22343112202e-05
P07	FC5	80.000000	2.40546087298e-05
P07	CP5	1.000000	0.00616110209376
P07	CP5	2.000000	0.0110669499263
P07	CP5	3.000000	0.00406090263277
P07	CP5	4.000000	0.000378980883397
P07	CP5	5.000000	0.00197068694979
P07	CP5	6.000000	0.00552885886282
P07	CP5	7.000000	0.00124759937171
P07	CP5	8.000000	0.000932575727347
P07	CP5	9.000000	0.00136917934287
P07	CP5	10.000000	0.00207594106905
P07	CP5	11.000000	0.000462779629743
P07	CP5	12.000000	0.000114907437819
P07	CP5	13.000000	0.00199273577891
P07	CP5	14.000000	0.00187802466098
P07	CP5	15.000000	8.08172626421e-05
P07	CP5	16.000000	0.000338557962095
P07	CP5	17.000000	0.000368881184841
P07	CP5	18.000000	0.000106674706331
P07	CP5	19.000000	0.000181656330824
P07	CP5	20.000000	5.78389699513e-05
P07	CP5	21.000000	1.06688630694e-05
P07	CP5	22.000000	0.000796665262897
P07	CP5	23.000000	0.00107608828694
P07	CP5	24.000000	0.000271174620138
P07	CP5	25.000000	0.000143052719068
P07	CP5	26.000000	0.00037878236617
P07	CP5	27.000000	0.000211591104744
P07	CP5	28.000000	0.000175525536179
P07	CP5	29.000000	0.000235797095229
P07	CP5	30.000000	0.000263864843873
P07	CP5	31.000000	0.00016612764739
P07	CP5	32.000000	0.000181825031177
P07	CP5	33.000000	2.48479263973e-05
P07	CP5	34.000000	4.35356378148e-05
P07	CP5	35.000000	3.60068297596e-05
P07	CP5	36.000000	2.62074900093e-05
P07	CP5	37.000000	9.08023648662e-05
P07	CP5	38.000000	6.23946616543e-05
P07	CP5	39.000000	7.50577819417e-05
P07	CP5	40.000000	2.77998697129e-05
P07	CP5	41.000000	4.6802986617e-05
P07	CP5	42.000000	3.60009944416e-05
P07	CP5	43.000000	1.52369748321e-05
P07	CP5	44.000000	0.000115493749036
P07	CP5	45.000000	9.1492816864e-05
P07	CP5	46.000000	7.36815200071e-05
P07	CP5	47.000000	0.000100172845123
P07	CP5	48.000000	3.3302425436e-05
P07	CP5	49.000000	4.00669814553e-05
P07	CP5	50.000000	2.74067957662e-07
P07	CP5	51.000000	3.89210181311e-05
P07	CP5	52.000000	1.39717249112e-05
P07	CP5	53.000000	6.27548724879e-05
P07	CP5	54.000000	5.56666709599e-05
P07	CP5	55.000000	7.03330515535e-05
P07	CP5	56.000000	5.04441559315e-05
P07	CP5	57.000000	2.15633899643e-05
P07	CP5	58.000000	1.50723180923e-05
P07	CP5	59.000000	6.28721227258e-06
P07	CP5	60.000000	1.11991369067e-06
P07	CP5	61.000000	1.3320749531e-05
P07	CP5	62.000000	4.45341102022e-05
P07	CP5	63.000000	7.82490533311e-05
P07	CP5	64.000000	8.59164083522e-06
P07	CP5	65.000000	2.10153484659e-05
P07	CP5	66.000000	0.000156169742695
P07	CP5	67.000000	0.000153744433192
P07	CP5	68.000000	4.97555811307e-05
P07	CP5	69.000000	1.56532696565e-05
P07	CP5	70.000000	4.28811108577e-05
P07	CP5	71.000000	2.69112751994e-05
P07	CP5	72.000000	3.83508768209e-06
P07	CP5	73.000000	4.13470206695e-06
P07	CP5	74.000000	1.27906032503e-05
P07	CP5	75.000000	6.18549893261e-06
P07	CP5	76.000000	1.58035745699e-05
P07	CP5	77.000000	7.17244474799e-05
P07	CP5	78.000000	0.000139593306812
P07	CP5	79.000000	4.33908826381e-05
P07	CP5	80.000000	1.95819739019e-05
P07	T7	1.000000	0.054575920105
P07	T7	2.000000	0.00417538452893
P07	T7	3.000000	0.0211636591703
P07	T7	4.000000	0.0133086210117
P07	T7	5.000000	0.00382884824648
P07	T7	6.000000	0.00403763214126
P07	T7	7.000000	0.00335646444
P07	T7	8.000000	0.00117618276272
P07	T7	9.000000	0.00412956112996
P07	T7	10.000000	0.00737160723656
P07	T7	11.000000	0.00664083007723
P07	T7	12.000000	0.000770340906456
P07	T7	13.000000	0.00550475344062
P07	T7	14.000000	0.00719213066623
P07	T7	15.000000	0.000674693961628
P07	T7	16.000000	0.000296771497233
P07	T7	17.000000	0.00188964884728
P07	T7	18.000000	0.00178098771721
P07	T7	19.000000	0.000128425905132
P07	T7	20.000000	0.001633630367
P07	T7	21.000000	0.00301576848142
P07	T7	22.000000	0.00123498716857
P07	T7	23.000000	0.000294400379062
P07	T7	24.000000	4.25300022471e-05
P07	T7	25.000000	0.000340700673405
P07	T7	26.000000	0.000824678572826
P07	T7	27.000000	0.000399709009798
P07	T7	28.000000	0.000908134039491
P07	T7	29.000000	0.000861053937115
P07	T7	30.000000	0.00013987487182
P07	T7	31.000000	0.000904691347387
P07	T7	32.000000	0.00127697782591
P07	T7	33.000000	6.64289036649e-05
P07	T7	34.000000	0.00032018989441
P07	T7	35.000000	0.00093453360023
P07	T7	36.000000	0.000889610615559
P07	T7	37.000000	0.000846275943331
P07	T7	38.000000	0.00113743450493
P07	T7	39.000000	0.000622079649474
P07	T7	40.000000	0.000424682861194
P07	T7	41.000000	0.000141031952808
P07	T7	42.000000	8.74675151863e-07
P07	T7	43.000000	6.02656546107e-05
P07	T7	44.000000	2.29760462389e-05
P07	T7	45.000000	7.81593371357e-06
P07	T7	46.000000	0.000117329014756
P07	T7	47.000000	5.92849501118e-05
P07	T7	48.000000	3.96812429244e-05
P07	T7	49.000000	0.000282050779788
P07	T7	50.000000	0.000264361937298
P07	T7	51.000000	5.39139909961e-05
P07	T7	52.000000	1.04547452793e-05
P07	T7	53.000000	3.56345735781e-05
P07	T7	54.000000	1.05303888631e-05
P07	T7	55.000000	8.25877286843e-05
P07	T7	56.000000	0.000287386559648
P07	T7	57.000000	0.000199688147404
P07	T7	58.000000	3.98441043217e-05
P07	T7	59.000000	0.000128344283439
P07	T7	60.000000	0.000387068517739
P07	T7	61.000000	0.000136151254992
P07	T7	62.000000	7.60057519074e-05
P07	T7	63.000000	8.32532241475e-05
P07	T7	64.000000	8.01884962129e-05
P07	T7	65.000000	7.87760218373e-05
P07	T7	66.000000	6.01408901275e-05
P07	T7	67.000000	0.000124122714624
P07	T7	68.000000	1.09775755845e-05
P07	T7	69.000000	5.77847422392e-05
P07	T7	70.000000	7.74723448558e-05
P07	T7	71.000000	1.44054229168e-05
P07	T7	72.000000	1.1068904314e-05
P07	T7	73.000000	0.000104321312392
P07	T7	74.000000	0.000366546155419
P07	T7	75.000000	2.86530921585e-05
P07	T7	76.000000	6.31252305539e-06
P07	T7	77.000000	6.48447239655e-05
P07	T7	78.000000	0.000103570855572
P07	T7	79.000000	8.5239757027e-05
P07	T7	80.000000	0.000207348668482
P07	P7	1.000000	0.0209093727171
P07	P7	2.000000	0.0125412298366
P07	P7	3.000000	0.00139425613452
P07	P7	4.000000	5.16505751875e-05
P07	P7	5.000000	0.0066828224808
P07	P7	6.000000	0.0119539117441
P07	P7	7.000000	0.00200344296172
P07	P7	8.000000	0.00255681807175
P07	P7	9.000000	0.00293111149222
P07	P7	10.000000	0.000855077058077
P07	P7	11.000000	0.000213450432057
P07	P7	12.000000	0.00071284500882
P07	P7	13.000000	0.00072106521111
P07	P7	14.000000	0.000420865340857
P07	P7	15.000000	0.00070940022124
P07	P7	16.000000	0.000829736411106
P07	P7	17.000000	0.00199644360691
P07	P7	18.000000	0.000341713690432
P07	P7	19.000000	7.80286427471e-05
P07	P7	20.000000	0.000303398846881
P07	P7	21.000000	0.000572579971049
P07	P7	22.000000	0.00187662849203
P07	P7	23.000000	0.00118571158964
P07	P7	24.000000	0.000535493949428
P07	P7	25.000000	7.34939530957e-05
P07	P7	26.000000	0.000125280464999
P07	P7	27.000000	0.000311102630803
P07	P7	28.000000	0.000103945792944
P07	P7	29.000000	8.71183365234e-05
P07	P7	30.000000	0.000126978513435
P07	P7	31.000000	0.000823961687274
P07	P7	32.000000	0.000558582309168
P07	P7	33.000000	0.000116047885967
P07	P7	34.000000	9.22122053453e-05
P07	P7	35.000000	0.000264070666162
P07	P7	36.000000	0.000178395974217
P07	P7	37.000000	7.72754356149e-06
P07	P7	38.000000	5.08506709593e-05
P07	P7	39.000000	0.000148512292071
P07	P7	40.000000	0.000111545501568
P07	P7	41.000000	0.000130277054268
P07	P7	42.000000	3.61716192856e-05
P07	P7	43.000000	0.000272870587651
P07	P7	44.000000	9.37443692237e-05
P07	P7	45.000000	0.00010669088806
P07	P7	46.000000	0.000138922623591
P07	P7	47.000000	0.000148244827869
P07	P7	48.000000	7.39421011531e-05
P07	P7	49.000000	2.69830252364e-06
P07	P7	50.000000	0.000105828607047
P07	P7	51.000000	0.000223374227062
P07	P7	52.000000	6.73288668622e-05
P07	P7	53.000000	1.23523332149e-05
P07	P7	54.000000	6.0808397393e-06
P07	P7	55.000000	4.78068068333e-05
P07	P7	56.000000	5.66037670069e-05
P07	P7	57.000000	5.25429459231e-05
P07	P7	58.000000	7.40014875191e-05
P07	P7	59.000000	0.00012757415243
P07	P7	60.000000	5.90920681134e-05
P07	P7	61.000000	4.01061261073e-05
P07	P7	62.000000	1.60175077326e-05
P07	P7	63.000000	0.000125238264445
P07	P7	64.000000	2.64295631496e-05
P07	P7	65.000000	1.57968934218e-05
P07	P7	66.000000	7.07127765054e-05
P07	P7	67.000000	0.000137110269861
P07	P7	68.000000	4.64162949356e-05
P07	P7	69.000000	1.82007770491e-05
P07	P7	70.000000	6.29601299806e-06
P07	P7	71.000000	6.63305763737e-05
P07	P7	72.000000	2.06895874726e-05
P07	P7	73.000000	4.31446233051e-06
P07	P7	74.000000	1.90881346498e-05
P07	P7	75.000000	8.99149526958e-05
P07	P7	76.000000	7.8063683759e-05
P07	P7	77.000000	1.29917125378e-05
P07	P7	78.000000	1.53387318278e-05
P07	P7	79.000000	9.25836793613e-05
P07	P7	80.000000	9.97298193397e-05
melina	P8	1.000000	1.31801939011
melina	P8	2.000000	0.256059259176
melina	P8	3.000000	0.0189319308847
melina	P8	4.000000	0.0173187945038
melina	P8	5.000000	0.0127020459622
melina	P8	6.000000	0.00874567124993
melina	P8	7.000000	0.000852714350913
melina	P8	8.000000	0.00434567872435
melina	P8	9.000000	0.00246933870949
melina	P8	10.000000	0.00162155460566
melina	P8	11.000000	0.000451063067885
melina	P8	12.000000	0.00820704549551
melina	P8	13.000000	0.00768518727273
melina	P8	14.000000	0.000134331232402
melina	P8	15.000000	0.000961914774962
melina	P8	16.000000	0.00249253027141
melina	P8	17.000000	0.00506611494347
melina	P8	18.000000	0.000637936405838
melina	P8	19.000000	0.000117951349239
melina	P8	20.000000	0.00539473677054
melina	P8	21.000000	0.0121971899644
melina	P8	22.000000	0.00583778182045
melina	P8	23.000000	0.00204770779237
melina	P8	24.000000	0.000963265250903
melina	P8	25.000000	0.00129847042263
melina	P8	26.000000	0.00256294105202
melina	P8	27.000000	0.0033109029755
melina	P8	28.000000	0.00126148376148
melina	P8	29.000000	0.00180493935477
melina	P8	30.000000	0.000276674953056
melina	P8	31.000000	0.000221384834731
melina	P8	32.000000	0.000653769006021
melina	P8	33.000000	0.000357377924956
melina	P8	34.000000	0.000308951071929
melina	P8	35.000000	0.000816055748146
melina	P8	36.000000	0.00173921405803
melina	P8	37.000000	0.00136735592969
melina	P8	38.000000	0.000796713051386
melina	P8	39.000000	0.000136311165988
melina	P8	40.000000	0.000446247024229
melina	P8	41.000000	0.000403419224313
melina	P8	42.000000	4.14103014919e-05
melina	P8	43.000000	1.82866551768e-05
melina	P8	44.000000	0.000241257061134
melina	P8	45.000000	8.77447528183e-05
melina	P8	46.000000	0.000394547125325
melina	P8	47.000000	0.000969804881606
melina	P8	48.000000	0.000587498478126
melina	P8	49.000000	7.46689511288e-06
melina	P8	50.000000	0.000290993833914
melina	P8	51.000000	0.000656473101117
melina	P8	52.000000	0.00045686782687
melina	P8	53.000000	0.00038541117101
melina	P8	54.000000	0.000405545462854
melina	P8	55.000000	1.13996213713e-06
melina	P8	56.000000	8.97284626262e-05
melina	P8	57.000000	4.25026446464e-05
melina	P8	58.000000	7.82074639574e-05
melina	P8	59.000000	0.000220764864935
melina	P8	60.000000	0.000198016088689
melina	P8	61.000000	0.00039326158003
melina	P8	62.000000	0.00021795349312
melina	P8	63.000000	9.45117353695e-05
melina	P8	64.000000	0.000114641741675
melina	P8	65.000000	0.000199635396712
melina	P8	66.000000	8.67419075803e-05
melina	P8	67.000000	0.000347425811924
melina	P8	68.000000	0.000160549534485
melina	P8	69.000000	1.7281534781e-07
melina	P8	70.000000	4.39251343778e-05
melina	P8	71.000000	0.000434394722106
melina	P8	72.000000	0.000256090657786
melina	P8	73.000000	8.67851576913e-06
melina	P8	74.000000	0.000210511600017
melina	P8	75.000000	7.68961399444e-05
melina	P8	76.000000	6.50617585052e-05
melina	P8	77.000000	0.000184109449037
melina	P8	78.000000	0.00071466335794
melina	P8	79.000000	0.000288698473014
melina	P8	80.000000	0.000256040220847
melina	T8	1.000000	0.24814927578
melina	T8	2.000000	0.0655020773411
melina	T8	3.000000	0.00509121548384
melina	T8	4.000000	0.00627228943631
melina	T8	5.000000	0.000791798811406
melina	T8	6.000000	0.0100415758789
melina	T8	7.000000	0.00318372319452
melina	T8	8.000000	0.00024275877513
melina	T8	9.000000	0.00236942619085
melina	T8	10.000000	0.00194789702073
melina	T8	11.000000	0.0147815719247
melina	T8	12.000000	0.00813594181091
melina	T8	13.000000	0.00077916495502
melina	T8	14.000000	0.00215714192018
melina	T8	15.000000	0.00470345420763
melina	T8	16.000000	0.00619887048379
melina	T8	17.000000	0.000237779531744
melina	T8	18.000000	0.00361633324064
melina	T8	19.000000	0.00603902153671
melina	T8	20.000000	0.00801476743072
melina	T8	21.000000	0.00635417085141
melina	T8	22.000000	0.0065816026181
melina	T8	23.000000	0.00347699015401
melina	T8	24.000000	0.00274402787909
melina	T8	25.000000	0.0020618471317
melina	T8	26.000000	7.65952572692e-05
melina	T8	27.000000	0.0023514193017
melina	T8	28.000000	0.000949165318161
melina	T8	29.000000	0.000438301969552
melina	T8	30.000000	0.000791400845628
melina	T8	31.000000	0.000779902504291
melina	T8	32.000000	0.000263657886535
melina	T8	33.000000	0.000189658123418
melina	T8	34.000000	0.00143148424104
melina	T8	35.000000	0.00325486157089
melina	T8	36.000000	0.000290439609671
melina	T8	37.000000	0.00303006661125
melina	T8	38.000000	0.00238062860444
melina	T8	39.000000	0.000777295033913
melina	T8	40.000000	0.00077634426998
melina	T8	41.000000	0.00053525774274
melina	T8	42.000000	0.000523519876879
melina	T8	43.000000	0.000725644349586
melina	T8	44.000000	0.000312224583467
melina	T8	45.000000	0.000804560142569
melina	T8	46.000000	0.000930936657824
melina	T8	47.000000	0.000758226553444
melina	T8	48.000000	6.16985698798e-06
melina	T8	49.000000	0.000337330711773
melina	T8	50.000000	0.000478084461065
melina	T8	51.000000	0.000201512899366
melina	T8	52.000000	0.000120498778415
melina	T8	53.000000	2.30539299082e-05
melina	T8	54.000000	1.90881328308e-05
melina	T8	55.000000	0.000203681120183
melina	T8	56.000000	0.000323894200847
melina	T8	57.000000	8.21805515443e-05
melina	T8	58.000000	0.000252124824328
melina	T8	59.000000	0.000552645477001
melina	T8	60.000000	0.00125989923254
melina	T8	61.000000	0.00150242482778
melina	T8	62.000000	0.000689897453412
melina	T8	63.000000	0.000686542596668
melina	T8	64.000000	0.000989409862086
melina	T8	65.000000	0.000601335603278
melina	T8	66.000000	0.000104650222056
melina	T8	67.000000	0.00030112452805
melina	T8	68.000000	5.38062486157e-05
melina	T8	69.000000	5.85171765124e-05
melina	T8	70.000000	6.14462333033e-05
melina	T8	71.000000	2.56530183833e-05
melina	T8	72.000000	0.000204838943318
melina	T8	73.000000	0.000313718832331
melina	T8	74.000000	0.000294378172839
melina	T8	75.000000	0.000419829244493
melina	T8	76.000000	0.000154285531607
melina	T8	77.000000	0.000453296554042
melina	T8	78.000000	0.000213397433981
melina	T8	79.000000	2.81038264802e-05
melina	T8	80.000000	0.000285095360596
melina	CP6	1.000000	0.211450502276
melina	CP6	2.000000	0.0387131758034
melina	CP6	3.000000	0.00200118287466
melina	CP6	4.000000	0.0058619370684
melina	CP6	5.000000	0.000169177801581
melina	CP6	6.000000	0.00136958481744
melina	CP6	7.000000	0.000171830077306
melina	CP6	8.000000	0.00195290043484
melina	CP6	9.000000	0.00084021280054
melina	CP6	10.000000	0.000680978118908
melina	CP6	11.000000	0.0013303977903
melina	CP6	12.000000	0.000282728520688
melina	CP6	13.000000	0.000965419923887
melina	CP6	14.000000	0.000759406306315
melina	CP6	15.000000	0.00173129420727
melina	CP6	16.000000	0.000840531953145
melina	CP6	17.000000	0.000479262089357
melina	CP6	18.000000	0.000315670884447
melina	CP6	19.000000	0.00131334317848
melina	CP6	20.000000	0.00126146513503
melina	CP6	21.000000	2.60662291112e-05
melina	CP6	22.000000	0.000674853334203
melina	CP6	23.000000	0.00173475407064
melina	CP6	24.000000	0.00187681266107
melina	CP6	25.000000	0.000774371728767
melina	CP6	26.000000	0.000836347986478
melina	CP6	27.000000	0.000148749633809
melina	CP6	28.000000	0.00022068436374
melina	CP6	29.000000	0.000319506129017
melina	CP6	30.000000	0.000636219105218
melina	CP6	31.000000	6.82658792357e-05
melina	CP6	32.000000	0.000393701047869
melina	CP6	33.000000	0.000240521971136
melina	CP6	34.000000	0.000530470628291
melina	CP6	35.000000	0.000946207146626
melina	CP6	36.000000	0.00027686113026
melina	CP6	37.000000	5.84488188906e-05
melina	CP6	38.000000	0.000216639920836
melina	CP6	39.000000	5.18702909176e-05
melina	CP6	40.000000	0.000829005031846
melina	CP6	41.000000	0.00136911147274
melina	CP6	42.000000	0.000392911984818
melina	CP6	43.000000	0.00010859255417
melina	CP6	44.000000	0.000409263418987
melina	CP6	45.000000	8.42141525936e-05
melina	CP6	46.000000	7.93659855844e-05
melina	CP6	47.000000	0.000106260340544
melina	CP6	48.000000	0.000225682117161
melina	CP6	49.000000	0.000354964256985
melina	CP6	50.000000	0.000286047550617
melina	CP6	51.000000	0.000228975521168
melina	CP6	52.000000	0.000124917642097
melina	CP6	53.000000	8.68738643476e-05
melina	CP6	54.000000	0.000199971269467
melina	CP6	55.000000	0.000209826277569
melina	CP6	56.000000	0.00012648946722
melina	CP6	57.000000	0.000324711611029
melina	CP6	58.000000	0.00016616533685
melina	CP6	59.000000	1.04723985714e-05
melina	CP6	60.000000	6.84797341819e-05
melina	CP6	61.000000	0.000276724225841
melina	CP6	62.000000	0.000210246056668
melina	CP6	63.000000	2.0662571842e-05
melina	CP6	64.000000	1.95677876036e-05
melina	CP6	65.000000	3.80833007512e-05
melina	CP6	66.000000	5.21411711816e-05
melina	CP6	67.000000	3.75817899112e-06
melina	CP6	68.000000	3.66354652215e-05
melina	CP6	69.000000	0.000109051543404
melina	CP6	70.000000	7.49829923734e-05
melina	CP6	71.000000	0.000118163727166
melina	CP6	72.000000	3.5264158214e-05
melina	CP6	73.000000	3.94095150114e-06
melina	CP6	74.000000	4.04187849199e-05
melina	CP6	75.000000	3.11606017931e-05
melina	CP6	76.000000	0.00010362129251
melina	CP6	77.000000	0.000383832695661
melina	CP6	78.000000	0.000114038404718
melina	CP6	79.000000	9.84941070783e-05
melina	CP6	80.000000	0.00010752378148
melina	FC6	1.000000	0.611407160759
melina	FC6	2.000000	0.183652684093
melina	FC6	3.000000	0.00873407255858
melina	FC6	4.000000	0.00569934677333
melina	FC6	5.000000	0.0065514119342
melina	FC6	6.000000	0.00229948526248
melina	FC6	7.000000	0.00641848240048
melina	FC6	8.000000	0.0116400513798
melina	FC6	9.000000	0.0058244401589
melina	FC6	10.000000	0.0059032975696
melina	FC6	11.000000	0.00288799405098
melina	FC6	12.000000	0.000741559953894
melina	FC6	13.000000	0.000124235448311
melina	FC6	14.000000	0.00116464623716
melina	FC6	15.000000	0.00102426845115
melina	FC6	16.000000	0.00173452578019
melina	FC6	17.000000	0.000401877594413
melina	FC6	18.000000	0.000353694747901
melina	FC6	19.000000	0.0020200307481
melina	FC6	20.000000	0.000229783530813
melina	FC6	21.000000	0.00061423308216
melina	FC6	22.000000	0.00223865848966
melina	FC6	23.000000	0.000524578674231
melina	FC6	24.000000	0.000243705580942
melina	FC6	25.000000	0.0017243946204
melina	FC6	26.000000	0.00143820163794
melina	FC6	27.000000	0.00118389481213
melina	FC6	28.000000	0.00144741474651
melina	FC6	29.000000	0.000592695374507
melina	FC6	30.000000	0.00052813347429
melina	FC6	31.000000	0.000943463062868
melina	FC6	32.000000	0.0012021525763
melina	FC6	33.000000	0.000172351952642
melina	FC6	34.000000	0.000732827582397
melina	FC6	35.000000	0.00207647541538
melina	FC6	36.000000	0.00196182401851
melina	FC6	37.000000	0.000256182829617
melina	FC6	38.000000	0.000148141858517
melina	FC6	39.000000	0.000408294203226
melina	FC6	40.000000	0.000953863200266
melina	FC6	41.000000	0.000707329134457
melina	FC6	42.000000	0.000361696293112
melina	FC6	43.000000	0.000292755605187
melina	FC6	44.000000	6.83190883137e-05
melina	FC6	45.000000	0.000241932473728
melina	FC6	46.000000	0.000713413406629
melina	FC6	47.000000	0.00125708198175
melina	FC6	48.000000	0.00138163031079
melina	FC6	49.000000	0.000322352338117
melina	FC6	50.000000	0.000314865494147
melina	FC6	51.000000	0.000644866318908
melina	FC6	52.000000	0.000232358230278
melina	FC6	53.000000	9.81658104138e-06
melina	FC6	54.000000	8.69405484991e-05
melina	FC6	55.000000	0.000172376283444
melina	FC6	56.000000	0.000309601804474
melina	FC6	57.000000	9.67715823208e-05
melina	FC6	58.000000	0.000122100813314
melina	FC6	59.000000	0.000127421051729
melina	FC6	60.000000	0.000155527552124
melina	FC6	61.000000	0.000223104754696
melina	FC6	62.000000	0.000425887323217
melina	FC6	63.000000	0.000435065594502
melina	FC6	64.000000	9.60057514021e-05
melina	FC6	65.000000	0.000774538726546
melina	FC6	66.000000	0.000415123737184
melina	FC6	67.000000	6.24649910606e-05
melina	FC6	68.000000	0.000154131223098
melina	FC6	69.000000	0.000160106021212
melina	FC6	70.000000	0.000125937382109
melina	FC6	71.000000	3.85840939998e-05
melina	FC6	72.000000	0.000108975291369
melina	FC6	73.000000	1.39553239933e-05
melina	FC6	74.000000	2.76382907032e-05
melina	FC6	75.000000	8.42427180032e-05
melina	FC6	76.000000	0.000107973130071
melina	FC6	77.000000	0.000252548459684
melina	FC6	78.000000	0.000101372999779
melina	FC6	79.000000	4.28959501733e-05
melina	FC6	80.000000	0.000101693098259
melina	F8	1.000000	1.66148900986
melina	F8	2.000000	0.361285984516
melina	F8	3.000000	0.00549116497859
melina	F8	4.000000	0.000450296793133
melina	F8	5.000000	0.000674674462061
melina	F8	6.000000	0.00683636125177
melina	F8	7.000000	0.0123877478763
melina	F8	8.000000	0.0207541510463
melina	F8	9.000000	0.00677879480645
melina	F8	10.000000	0.000275781290838
melina	F8	11.000000	0.0011335775489
melina	F8	12.000000	0.00116742192768
melina	F8	13.000000	0.00249183643609
melina	F8	14.000000	0.00127539341338
melina	F8	15.000000	0.000181226918357
melina	F8	16.000000	0.00215023010969
melina	F8	17.000000	0.00464921491221
melina	F8	18.000000	0.00495026540011
melina	F8	19.000000	0.00152965832967
melina	F8	20.000000	0.0016710574273
melina	F8	21.000000	0.00143837626092
melina	F8	22.000000	0.00110005412716
melina	F8	23.000000	0.000181091934792
melina	F8	24.000000	0.000890350493137
melina	F8	25.000000	0.000472430547234
melina	F8	26.000000	0.000184075586731
melina	F8	27.000000	0.000978895346634
melina	F8	28.000000	0.00426567532122
melina	F8	29.000000	0.000184301359695
melina	F8	30.000000	0.00156946061179
melina	F8	31.000000	0.00293070613407
melina	F8	32.000000	0.00452615460381
melina	F8	33.000000	0.0034248130396
melina	F8	34.000000	0.00100221845787
melina	F8	35.000000	0.00171898305416
melina	F8	36.000000	0.00156891101506
melina	F8	37.000000	0.00256683980115
melina	F8	38.000000	0.00259956601076
melina	F8	39.000000	0.00125176040456
melina	F8	40.000000	0.000154592577019
melina	F8	41.000000	0.00281608127989
melina	F8	42.000000	0.00225795060396
melina	F8	43.000000	0.000884794455487
melina	F8	44.000000	0.000783849391155
melina	F8	45.000000	0.00106564059388
melina	F8	46.000000	0.000211407066672
melina	F8	47.000000	0.000252532277955
melina	F8	48.000000	0.0013380801538
melina	F8	49.000000	0.000731936946977
melina	F8	50.000000	0.00160554330796
melina	F8	51.000000	0.000778611749411
melina	F8	52.000000	3.24306347466e-05
melina	F8	53.000000	5.65508125874e-05
melina	F8	54.000000	0.000133663474116
melina	F8	55.000000	0.000147367594764
melina	F8	56.000000	0.00033774014446
melina	F8	57.000000	9.13161202334e-05
melina	F8	58.000000	4.88138175569e-05
melina	F8	59.000000	1.26886225189e-05
melina	F8	60.000000	9.27162273001e-06
melina	F8	61.000000	0.000166084428201
melina	F8	62.000000	0.000376429758035
melina	F8	63.000000	0.000294164812658
melina	F8	64.000000	7.75664229877e-05
melina	F8	65.000000	0.000113274523756
melina	F8	66.000000	0.000236856372794
melina	F8	67.000000	0.000684074708261
melina	F8	68.000000	0.000114956812467
melina	F8	69.000000	0.000110153574497
melina	F8	70.000000	0.000208241661312
melina	F8	71.000000	0.000245713919867
melina	F8	72.000000	0.000334189884597
melina	F8	73.000000	0.000761902774684
melina	F8	74.000000	0.000561541120987
melina	F8	75.000000	0.000531251775101
melina	F8	76.000000	0.000263469410129
melina	F8	77.000000	0.000434588466305
melina	F8	78.000000	0.000681733130477
melina	F8	79.000000	0.000164271172252
melina	F8	80.000000	0.00039426604053
melina	F4	1.000000	0.609635829926
melina	F4	2.000000	0.0892997980118
melina	F4	3.000000	0.000350882939529
melina	F4	4.000000	0.0135330464691
melina	F4	5.000000	0.00728039909154
melina	F4	6.000000	0.000602811342105
melina	F4	7.000000	0.00170558819082
melina	F4	8.000000	0.0035442141816
melina	F4	9.000000	0.00893155764788
melina	F4	10.000000	0.0146888075396
melina	F4	11.000000	0.00782601721585
melina	F4	12.000000	0.00254986737855
melina	F4	13.000000	0.00343276839703
melina	F4	14.000000	0.000132623594254
melina	F4	15.000000	0.00221394491382
melina	F4	16.000000	0.000959476456046
melina	F4	17.000000	0.00202527572401
melina	F4	18.000000	0.00700000533834
melina	F4	19.000000	0.00139938399661
melina	F4	20.000000	0.00101793627255
melina	F4	21.000000	0.000249976990744
melina	F4	22.000000	0.000313384196488
melina	F4	23.000000	0.000209747391636
melina	F4	24.000000	0.000700818665791
melina	F4	25.000000	0.00173503078986
melina	F4	26.000000	0.00138033938129
melina	F4	27.000000	0.000585853937082
melina	F4	28.000000	0.000221380643779
melina	F4	29.000000	0.000704410136677
melina	F4	30.000000	0.000749702332541
melina	F4	31.000000	0.000274426303804
melina	F4	32.000000	0.000583689718042
melina	F4	33.000000	0.000767077202909
melina	F4	34.000000	0.00095969956601
melina	F4	35.000000	0.000253179547144
melina	F4	36.000000	0.000105852159322
melina	F4	37.000000	0.000310277682729
melina	F4	38.000000	0.000358689867426
melina	F4	39.000000	0.000475681212265
melina	F4	40.000000	0.000890444207471
melina	F4	41.000000	0.00112773885485
melina	F4	42.000000	9.78378666332e-05
melina	F4	43.000000	0.000326052395394
melina	F4	44.000000	0.000252960686339
melina	F4	45.000000	6.13288793829e-05
melina	F4	46.000000	6.79660442984e-05
melina	F4	47.000000	0.000295735342661
melina	F4	48.000000	0.000514501938596
melina	F4	49.000000	1.6803980543e-05
melina	F4	50.000000	0.000247636664426
melina	F4	51.000000	1.82422263606e-05
melina	F4	52.000000	0.000413296511397
melina	F4	53.000000	0.000654965057038
melina	F4	54.000000	0.000361372280167
melina	F4	55.000000	0.000823333684821
melina	F4	56.000000	0.000335479184287
melina	F4	57.000000	8.8980239525e-05
melina	F4	58.000000	9.22255640035e-05
melina	F4	59.000000	3.59262739948e-05
melina	F4	60.000000	0.000115987561003
melina	F4	61.000000	0.000113367328595
melina	F4	62.000000	0.000439569732407
melina	F4	63.000000	0.000329683185555
melina	F4	64.000000	0.000211746359128
melina	F4	65.000000	0.000159711024025
melina	F4	66.000000	6.23451269348e-05
melina	F4	67.000000	0.000496639579069
melina	F4	68.000000	0.000352581962943
melina	F4	69.000000	2.17587057705e-05
melina	F4	70.000000	3.99045929953e-05
melina	F4	71.000000	0.000136768983793
melina	F4	72.000000	4.46618505521e-05
melina	F4	73.000000	2.46197560045e-05
melina	F4	74.000000	0.000147472295794
melina	F4	75.000000	0.000340326339938
melina	F4	76.000000	0.000385882129194
melina	F4	77.000000	5.64974070585e-05
melina	F4	78.000000	0.000167066056747
melina	F4	79.000000	0.000516513071489
melina	F4	80.000000	0.000264213769697
melina	C4	1.000000	0.210045024753
melina	C4	2.000000	0.0428093746305
melina	C4	3.000000	0.0037703725975
melina	C4	4.000000	0.00806959252805
melina	C4	5.000000	0.000296466867439
melina	C4	6.000000	0.002350585768
melina	C4	7.000000	0.000229026511079
melina	C4	8.000000	0.0019766127225
melina	C4	9.000000	0.000597097794525
melina	C4	10.000000	0.00106329738628
melina	C4	11.000000	0.00098194507882
melina	C4	12.000000	4.51882078778e-06
melina	C4	13.000000	0.000234513310716
melina	C4	14.000000	0.00211400305852
melina	C4	15.000000	0.00349296815693
melina	C4	16.000000	0.00144854246173
melina	C4	17.000000	8.20095883682e-05
melina	C4	18.000000	3.09379465762e-05
melina	C4	19.000000	6.38992642052e-05
melina	C4	20.000000	0.000456408364698
melina	C4	21.000000	0.000625545915682
melina	C4	22.000000	0.00164530205075
melina	C4	23.000000	0.00132855435368
melina	C4	24.000000	0.00131265621167
melina	C4	25.000000	0.000531638390385
melina	C4	26.000000	0.000328256806824
melina	C4	27.000000	0.000125733131426
melina	C4	28.000000	0.000550460477825
melina	C4	29.000000	0.000609105220065
melina	C4	30.000000	0.00129652046598
melina	C4	31.000000	8.02366048447e-05
melina	C4	32.000000	0.00128124805633
melina	C4	33.000000	0.00130416930187
melina	C4	34.000000	0.000648120476399
melina	C4	35.000000	0.000734559958801
melina	C4	36.000000	0.000439502036897
melina	C4	37.000000	0.000391512236092
melina	C4	38.000000	2.53079706454e-05
melina	C4	39.000000	5.26471958437e-05
melina	C4	40.000000	0.000738669652492
melina	C4	41.000000	0.000673980102874
melina	C4	42.000000	0.00013906530512
melina	C4	43.000000	0.000165491306689
melina	C4	44.000000	0.000126339917188
melina	C4	45.000000	2.8063357604e-05
melina	C4	46.000000	5.62098102819e-05
melina	C4	47.000000	6.8831795943e-05
melina	C4	48.000000	9.95982554741e-05
melina	C4	49.000000	0.000424093595939
melina	C4	50.000000	0.000120679833344
melina	C4	51.000000	0.000387417007005
melina	C4	52.000000	0.000420761702117
melina	C4	53.000000	0.000211102611502
melina	C4	54.000000	4.95886633871e-05
melina	C4	55.000000	0.000212825019844
melina	C4	56.000000	2.18451123146e-06
melina	C4	57.000000	0.00010773492977
melina	C4	58.000000	6.85750819684e-06
melina	C4	59.000000	9.70364362729e-06
melina	C4	60.000000	3.11844087264e-05
melina	C4	61.000000	9.05158158275e-05
melina	C4	62.000000	0.000213334715227
melina	C4	63.000000	3.02654352708e-05
melina	C4	64.000000	5.14843959536e-05
melina	C4	65.000000	6.05254062975e-05
melina	C4	66.000000	9.93254870991e-05
melina	C4	67.000000	0.000209250720218
melina	C4	68.000000	3.78508302674e-05
melina	C4	69.000000	1.67904672708e-05
melina	C4	70.000000	3.60331832781e-05
melina	C4	71.000000	5.5070649978e-05
melina	C4	72.000000	0.000170439874637
melina	C4	73.000000	0.000408402673202
melina	C4	74.000000	0.000123892546981
melina	C4	75.000000	3.27869679495e-06
melina	C4	76.000000	8.01269270596e-05
melina	C4	77.000000	0.00031738015241
melina	C4	78.000000	0.000205023752642
melina	C4	79.000000	6.46234548185e-05
melina	C4	80.000000	5.70550182601e-05
melina	P4	1.000000	1.02086663246
melina	P4	2.000000	0.134906873107
melina	P4	3.000000	0.0029951275792
melina	P4	4.000000	0.00416226917878
melina	P4	5.000000	0.00403564609587
melina	P4	6.000000	0.00155839580111
melina	P4	7.000000	0.00226636487059
melina	P4	8.000000	0.000882263062522
melina	P4	9.000000	0.000345364096574
melina	P4	10.000000	0.00310450047255
melina	P4	11.000000	0.00268813199364
melina	P4	12.000000	0.000655011332128
melina	P4	13.000000	0.000153109824168
melina	P4	14.000000	0.00239084241912
melina	P4	15.000000	0.00227685202844
melina	P4	16.000000	0.000720525509678
melina	P4	17.000000	0.00284667569213
melina	P4	18.000000	0.00311907753348
melina	P4	19.000000	0.000745732802898
melina	P4	20.000000	7.58787355153e-05
melina	P4	21.000000	0.000217223030631
melina	P4	22.000000	0.000421987846494
melina	P4	23.000000	4.9453927204e-05
melina	P4	24.000000	0.00258239428513
melina	P4	25.000000	0.00123379367869
melina	P4	26.000000	4.91263090225e-05
melina	P4	27.000000	0.000857907987665
melina	P4	28.000000	0.000399974174798
melina	P4	29.000000	2.87852599286e-05
melina	P4	30.000000	0.000590396812186
melina	P4	31.000000	0.000372431764845
melina	P4	32.000000	0.000778520246968
melina	P4	33.000000	0.000431050051702
melina	P4	34.000000	3.92616711906e-05
melina	P4	35.000000	0.000381862395443
melina	P4	36.000000	0.000157003480126
melina	P4	37.000000	4.69649012302e-06
melina	P4	38.000000	1.67288235389e-05
melina	P4	39.000000	8.40301436256e-06
melina	P4	40.000000	3.50290792994e-05
melina	P4	41.000000	0.00018803072453
melina	P4	42.000000	0.000221648719162
melina	P4	43.000000	3.77637252313e-06
melina	P4	44.000000	1.07380674308e-06
melina	P4	45.000000	2.85904502562e-06
melina	P4	46.000000	6.42467348371e-05
melina	P4	47.000000	5.9400084865e-05
melina	P4	48.000000	5.60292173759e-05
melina	P4	49.000000	0.000202093608095
melina	P4	50.000000	0.000243231435888
melina	P4	51.000000	0.000165897872648
melina	P4	52.000000	8.05737045084e-07
melina	P4	53.000000	5.65671552977e-06
melina	P4	54.000000	0.000174105312908
melina	P4	55.000000	0.000397921045078
melina	P4	56.000000	0.000234509760048
melina	P4	57.000000	4.7151621402e-05
melina	P4	58.000000	0.000103437654616
melina	P4	59.000000	0.000145821759361
melina	P4	60.000000	4.42751297669e-05
melina	P4	61.000000	1.53991422849e-05
melina	P4	62.000000	0.00025360591826
melina	P4	63.000000	0.00014433292381
melina	P4	64.000000	0.000156606911332
melina	P4	65.000000	0.000292448035907
melina	P4	66.000000	0.000227593700401
melina	P4	67.000000	0.000168848084286
melina	P4	68.000000	0.000127296094433
melina	P4	69.000000	4.18474410253e-05
melina	P4	70.000000	4.12539156969e-06
melina	P4	71.000000	8.35334321891e-06
melina	P4	72.000000	1.04641758298e-05
melina	P4	73.000000	9.47779772105e-05
melina	P4	74.000000	7.9684832599e-07
melina	P4	75.000000	0.000190413149539
melina	P4	76.000000	0.000218060376938
melina	P4	77.000000	6.72550449963e-05
melina	P4	78.000000	3.87112086173e-05
melina	P4	79.000000	9.81496850727e-05
melina	P4	80.000000	0.000101956167782
melina	AF4	1.000000	0.591193854809
melina	AF4	2.000000	0.0938249155879
melina	AF4	3.000000	0.00177976826672
melina	AF4	4.000000	0.0205866508186
melina	AF4	5.000000	0.00776566378772
melina	AF4	6.000000	0.000355596304871
melina	AF4	7.000000	0.00350189069286
melina	AF4	8.000000	0.0034131873399
melina	AF4	9.000000	0.00637773657218
melina	AF4	10.000000	0.0141791850328
melina	AF4	11.000000	0.00927798915654
melina	AF4	12.000000	0.00315328501165
melina	AF4	13.000000	0.00552673405036
melina	AF4	14.000000	0.000271243596217
melina	AF4	15.000000	0.00297822221182
melina	AF4	16.000000	0.000991538167
melina	AF4	17.000000	0.00269309408031
melina	AF4	18.000000	0.00761336134747
melina	AF4	19.000000	0.000688506755978
melina	AF4	20.000000	0.000825911702123
melina	AF4	21.000000	0.0024332983885
melina	AF4	22.000000	0.00462863361463
melina	AF4	23.000000	0.00293402629904
melina	AF4	24.000000	0.00117698893882
melina	AF4	25.000000	0.000312289310386
melina	AF4	26.000000	0.000842924171593
melina	AF4	27.000000	0.000778429093771
melina	AF4	28.000000	8.55465550558e-05
melina	AF4	29.000000	0.00064579694299
melina	AF4	30.000000	0.00160174723715
melina	AF4	31.000000	0.000663890619762
melina	AF4	32.000000	0.000840379507281
melina	AF4	33.000000	0.000698705611285
melina	AF4	34.000000	0.000636627722997
melina	AF4	35.000000	0.000453913060483
melina	AF4	36.000000	0.000755067972932
melina	AF4	37.000000	0.000670259352773
melina	AF4	38.000000	0.000339518592227
melina	AF4	39.000000	0.000479653215734
melina	AF4	40.000000	0.000689953216352
melina	AF4	41.000000	0.00100691977423
melina	AF4	42.000000	0.000135915368446
melina	AF4	43.000000	0.000140995631227
melina	AF4	44.000000	0.000291854667012
melina	AF4	45.000000	0.000388195563573
melina	AF4	46.000000	0.000122873563669
melina	AF4	47.000000	8.49316929816e-05
melina	AF4	48.000000	0.000620886683464
melina	AF4	49.000000	0.000297914084513
melina	AF4	50.000000	0.000126045735669
melina	AF4	51.000000	2.13369839912e-05
melina	AF4	52.000000	0.000311658688588
melina	AF4	53.000000	0.000586791720707
melina	AF4	54.000000	0.000253162463196
melina	AF4	55.000000	0.000821400259156
melina	AF4	56.000000	0.000298886036035
melina	AF4	57.000000	0.000288935669232
melina	AF4	58.000000	0.00072688178625
melina	AF4	59.000000	0.000762784329709
melina	AF4	60.000000	0.000520581146702
melina	AF4	61.000000	0.000418752839323
melina	AF4	62.000000	0.000389984896174
melina	AF4	63.000000	0.000257708103163
melina	AF4	64.000000	0.000126952741994
melina	AF4	65.000000	2.92609274766e-05
melina	AF4	66.000000	2.00582926482e-05
melina	AF4	67.000000	5.75502144784e-06
melina	AF4	68.000000	7.3795854405e-05
melina	AF4	69.000000	5.55094520678e-05
melina	AF4	70.000000	0.000207795237657
melina	AF4	71.000000	7.69835387473e-05
melina	AF4	72.000000	4.68142388854e-05
melina	AF4	73.000000	0.000140065414598
melina	AF4	74.000000	0.000478154688608
melina	AF4	75.000000	0.000224891977268
melina	AF4	76.000000	0.000196004402824
melina	AF4	77.000000	0.000183294672752
melina	AF4	78.000000	0.000378722586902
melina	AF4	79.000000	0.000404896913096
melina	AF4	80.000000	1.24186644825e-05
melina	Fp2	1.000000	1.81489896774
melina	Fp2	2.000000	0.328953504562
melina	Fp2	3.000000	0.00893537607044
melina	Fp2	4.000000	0.0375780127943
melina	Fp2	5.000000	0.00605707895011
melina	Fp2	6.000000	0.0202778764069
melina	Fp2	7.000000	0.023091332987
melina	Fp2	8.000000	0.0220490898937
melina	Fp2	9.000000	0.0129472389817
melina	Fp2	10.000000	0.00518137216568
melina	Fp2	11.000000	0.0123179079965
melina	Fp2	12.000000	0.016340514645
melina	Fp2	13.000000	0.0122021315619
melina	Fp2	14.000000	0.000524956325535
melina	Fp2	15.000000	0.00151808059309
melina	Fp2	16.000000	0.00996241439134
melina	Fp2	17.000000	0.0404990315437
melina	Fp2	18.000000	0.00778626278043
melina	Fp2	19.000000	0.00565463257954
melina	Fp2	20.000000	0.0108672846109
melina	Fp2	21.000000	0.0119106024504
melina	Fp2	22.000000	0.0072685610503
melina	Fp2	23.000000	0.00401284871623
melina	Fp2	24.000000	0.00812140200287
melina	Fp2	25.000000	0.0170408356935
melina	Fp2	26.000000	0.0104851881042
melina	Fp2	27.000000	0.00773024652153
melina	Fp2	28.000000	0.0101706301793
melina	Fp2	29.000000	0.0156325194985
melina	Fp2	30.000000	0.00657756626606
melina	Fp2	31.000000	0.00506979320198
melina	Fp2	32.000000	0.00113100267481
melina	Fp2	33.000000	0.000852975877933
melina	Fp2	34.000000	0.0015092069516
melina	Fp2	35.000000	0.00258856848814
melina	Fp2	36.000000	0.00837493408471
melina	Fp2	37.000000	0.00456950161606
melina	Fp2	38.000000	0.00199389783666
melina	Fp2	39.000000	0.000681872945279
melina	Fp2	40.000000	1.4089958313e-05
melina	Fp2	41.000000	0.000205504707992
melina	Fp2	42.000000	8.37633851916e-05
melina	Fp2	43.000000	0.00210562092252
melina	Fp2	44.000000	0.0138449622318
melina	Fp2	45.000000	0.0166710373014
melina	Fp2	46.000000	0.00427283160388
melina	Fp2	47.000000	0.00190671870951
melina	Fp2	48.000000	0.00169484328944
melina	Fp2	49.000000	0.00116627372336
melina	Fp2	50.000000	0.000338805257343
melina	Fp2	51.000000	0.000441425276222
melina	Fp2	52.000000	6.17592086201e-05
melina	Fp2	53.000000	0.000462730473373
melina	Fp2	54.000000	0.000865998968948
melina	Fp2	55.000000	0.000254025129834
melina	Fp2	56.000000	5.24698407389e-05
melina	Fp2	57.000000	0.000546678900719
melina	Fp2	58.000000	0.000664160703309
melina	Fp2	59.000000	0.00404114741832
melina	Fp2	60.000000	0.0033221624326
melina	Fp2	61.000000	0.00144001399167
melina	Fp2	62.000000	0.000152704466018
melina	Fp2	63.000000	1.04310652205e-06
melina	Fp2	64.000000	0.000818502914626
melina	Fp2	65.000000	0.00159444077872
melina	Fp2	66.000000	2.85567130049e-05
melina	Fp2	67.000000	0.00100866355933
melina	Fp2	68.000000	0.000344203523127
melina	Fp2	69.000000	0.000482991163153
melina	Fp2	70.000000	0.00244110543281
melina	Fp2	71.000000	0.00372277083807
melina	Fp2	72.000000	0.00059999502264
melina	Fp2	73.000000	0.000764348253142
melina	Fp2	74.000000	0.000864990695845
melina	Fp2	75.000000	0.00143366400152
melina	Fp2	76.000000	0.00133453065064
melina	Fp2	77.000000	0.000155695801368
melina	Fp2	78.000000	0.000309654948069
melina	Fp2	79.000000	0.000867943046615
melina	Fp2	80.000000	0.0010195185896
melina	Fp1	1.000000	1.127404809
melina	Fp1	2.000000	0.0573723465204
melina	Fp1	3.000000	0.0273857824504
melina	Fp1	4.000000	0.00369945447892
melina	Fp1	5.000000	0.00124915817287
melina	Fp1	6.000000	0.00938786566257
melina	Fp1	7.000000	0.00731596117839
melina	Fp1	8.000000	0.00630713906139
melina	Fp1	9.000000	0.0131194768474
melina	Fp1	10.000000	0.0241116564721
melina	Fp1	11.000000	0.0197883732617
melina	Fp1	12.000000	0.00567204318941
melina	Fp1	13.000000	0.000252043100772
melina	Fp1	14.000000	0.0103680202737
melina	Fp1	15.000000	0.00664025777951
melina	Fp1	16.000000	0.0022295890376
melina	Fp1	17.000000	0.00491146417335
melina	Fp1	18.000000	0.0129517307505
melina	Fp1	19.000000	0.0309736263007
melina	Fp1	20.000000	0.0482515878975
melina	Fp1	21.000000	0.0382981263101
melina	Fp1	22.000000	0.0129805887118
melina	Fp1	23.000000	0.0293722450733
melina	Fp1	24.000000	0.014628097415
melina	Fp1	25.000000	0.0101504474878
melina	Fp1	26.000000	0.0027993270196
melina	Fp1	27.000000	0.00271862465888
melina	Fp1	28.000000	0.00425242027268
melina	Fp1	29.000000	0.0198323298246
melina	Fp1	30.000000	0.00442446302623
melina	Fp1	31.000000	0.00129500939511
melina	Fp1	32.000000	0.00316979759373
melina	Fp1	33.000000	0.00726237334311
melina	Fp1	34.000000	0.00161258841399
melina	Fp1	35.000000	0.00276315421797
melina	Fp1	36.000000	0.00137461302802
melina	Fp1	37.000000	0.00485844817013
melina	Fp1	38.000000	0.00139611260965
melina	Fp1	39.000000	0.00172528636176
melina	Fp1	40.000000	0.000204800075153
melina	Fp1	41.000000	2.45536648436e-05
melina	Fp1	42.000000	0.00174883403815
melina	Fp1	43.000000	0.00401390530169
melina	Fp1	44.000000	0.000553859514184
melina	Fp1	45.000000	0.00128936395049
melina	Fp1	46.000000	0.00265967519954
melina	Fp1	47.000000	0.00161097978707
melina	Fp1	48.000000	0.000602775951847
melina	Fp1	49.000000	0.00203818338923
melina	Fp1	50.000000	0.00047451336286
melina	Fp1	51.000000	0.000260975590209
melina	Fp1	52.000000	0.00260363146663
melina	Fp1	53.000000	0.00262467516586
melina	Fp1	54.000000	0.00176980812103
melina	Fp1	55.000000	2.76500522887e-05
melina	Fp1	56.000000	0.00151296320837
melina	Fp1	57.000000	0.000639189383946
melina	Fp1	58.000000	0.00203447043896
melina	Fp1	59.000000	0.000230175923207
melina	Fp1	60.000000	1.93365412997e-05
melina	Fp1	61.000000	0.000706301594619
melina	Fp1	62.000000	0.000902657979168
melina	Fp1	63.000000	0.000787950411905
melina	Fp1	64.000000	0.00241801259108
melina	Fp1	65.000000	0.00212007365189
melina	Fp1	66.000000	0.000600068189669
melina	Fp1	67.000000	0.000821490713861
melina	Fp1	68.000000	0.00085241056513
melina	Fp1	69.000000	0.00024538001162
melina	Fp1	70.000000	1.7806483811e-05
melina	Fp1	71.000000	0.000701604236383
melina	Fp1	72.000000	0.000585697882343
melina	Fp1	73.000000	6.90043743816e-05
melina	Fp1	74.000000	2.05386800189e-06
melina	Fp1	75.000000	0.000254879327258
melina	Fp1	76.000000	0.000975742819719
melina	Fp1	77.000000	0.00117970188148
melina	Fp1	78.000000	0.000162649579579
melina	Fp1	79.000000	0.000273850717349
melina	Fp1	80.000000	0.000411878922023
melina	AF3	1.000000	0.51869136095
melina	AF3	2.000000	0.0180514864624
melina	AF3	3.000000	0.00484011834487
melina	AF3	4.000000	0.0122085465118
melina	AF3	5.000000	0.00262691918761
melina	AF3	6.000000	0.0157344844192
melina	AF3	7.000000	0.0124376090243
melina	AF3	8.000000	0.00970766600221
melina	AF3	9.000000	0.0113461678848
melina	AF3	10.000000	0.0116320233792
melina	AF3	11.000000	0.00656274566427
melina	AF3	12.000000	0.00389395607635
melina	AF3	13.000000	0.00449358485639
melina	AF3	14.000000	0.00105032953434
melina	AF3	15.000000	0.00155037490185
melina	AF3	16.000000	0.00366004928946
melina	AF3	17.000000	0.00893678702414
melina	AF3	18.000000	0.00336466962472
melina	AF3	19.000000	0.00284639326856
melina	AF3	20.000000	0.0129778822884
melina	AF3	21.000000	0.00606017140672
melina	AF3	22.000000	0.000304183195112
melina	AF3	23.000000	0.00309007521719
melina	AF3	24.000000	0.00262352568097
melina	AF3	25.000000	0.00054331147112
melina	AF3	26.000000	0.000337437435519
melina	AF3	27.000000	0.000914858130272
melina	AF3	28.000000	5.09164128744e-05
melina	AF3	29.000000	0.000961976358667
melina	AF3	30.000000	0.00369227491319
melina	AF3	31.000000	0.00149751012214
melina	AF3	32.000000	0.000200985989068
melina	AF3	33.000000	0.000509390141815
melina	AF3	34.000000	0.00128468277398
melina	AF3	35.000000	0.00120352103841
melina	AF3	36.000000	9.75721850409e-05
melina	AF3	37.000000	3.56077653123e-05
melina	AF3	38.000000	0.000517022737768
melina	AF3	39.000000	0.00127213995438
melina	AF3	40.000000	0.000840158783831
melina	AF3	41.000000	0.000274818681646
melina	AF3	42.000000	0.000174024826265
melina	AF3	43.000000	0.00161448132712
melina	AF3	44.000000	0.00177186098881
melina	AF3	45.000000	0.00068654405186
melina	AF3	46.000000	0.000204816256883
melina	AF3	47.000000	0.000111416935397
melina	AF3	48.000000	0.000193722458789
melina	AF3	49.000000	0.000455208035419
melina	AF3	50.000000	5.30558390892e-05
melina	AF3	51.000000	2.4506038244e-05
melina	AF3	52.000000	0.000214250627323
melina	AF3	53.000000	0.0001837429445
melina	AF3	54.000000	2.18967688852e-05
melina	AF3	55.000000	0.000568422256038
melina	AF3	56.000000	0.000356221542461
melina	AF3	57.000000	0.000119586082292
melina	AF3	58.000000	2.94223227684e-05
melina	AF3	59.000000	1.60819654411e-05
melina	AF3	60.000000	9.04781973077e-06
melina	AF3	61.000000	0.000144470395753
melina	AF3	62.000000	0.000580032006837
melina	AF3	63.000000	4.23055498686e-05
melina	AF3	64.000000	0.000695771188475
melina	AF3	65.000000	0.000151824628119
melina	AF3	66.000000	3.02644348267e-05
melina	AF3	67.000000	0.000290216179565
melina	AF3	68.000000	0.000766264507547
melina	AF3	69.000000	0.000300992105622
melina	AF3	70.000000	5.82850007049e-05
melina	AF3	71.000000	0.000108897933387
melina	AF3	72.000000	0.000219651104999
melina	AF3	73.000000	0.000545668357518
melina	AF3	74.000000	0.000124434445752
melina	AF3	75.000000	0.000575527141336
melina	AF3	76.000000	4.86994285893e-05
melina	AF3	77.000000	5.46329874851e-06
melina	AF3	78.000000	5.7561093854e-05
melina	AF3	79.000000	1.65905021277e-05
melina	AF3	80.000000	6.57959171804e-05
melina	FC2	1.000000	0.427620977163
melina	FC2	2.000000	0.0626980811357
melina	FC2	3.000000	0.000590018113144
melina	FC2	4.000000	0.00774609018117
melina	FC2	5.000000	0.00732573773712
melina	FC2	6.000000	0.00231282413006
melina	FC2	7.000000	0.00360617623664
melina	FC2	8.000000	0.00756427505985
melina	FC2	9.000000	0.0069531975314
melina	FC2	10.000000	0.00930032785982
melina	FC2	11.000000	0.00225732359104
melina	FC2	12.000000	0.000398214120651
melina	FC2	13.000000	0.000987287377939
melina	FC2	14.000000	7.12173932698e-05
melina	FC2	15.000000	0.000975088682026
melina	FC2	16.000000	0.000173981185071
melina	FC2	17.000000	0.00255231861956
melina	FC2	18.000000	0.00321500143036
melina	FC2	19.000000	0.00233067688532
melina	FC2	20.000000	0.00174226204399
melina	FC2	21.000000	0.00109046208672
melina	FC2	22.000000	0.000914045260288
melina	FC2	23.000000	0.00206877337769
melina	FC2	24.000000	0.000731972337235
melina	FC2	25.000000	0.00128735764883
melina	FC2	26.000000	0.00183827697765
melina	FC2	27.000000	0.000676242110785
melina	FC2	28.000000	1.00859426766e-06
melina	FC2	29.000000	0.00134725158568
melina	FC2	30.000000	0.0031867143698
melina	FC2	31.000000	0.00191697117407
melina	FC2	32.000000	0.000733812223189
melina	FC2	33.000000	0.000295898527838
melina	FC2	34.000000	4.07488878409e-05
melina	FC2	35.000000	0.000310109637212
melina	FC2	36.000000	0.00156486441847
melina	FC2	37.000000	0.00108397076838
melina	FC2	38.000000	0.000499819288962
melina	FC2	39.000000	0.000443334574811
melina	FC2	40.000000	8.43822126626e-05
melina	FC2	41.000000	0.000532589503564
melina	FC2	42.000000	0.00106883130502
melina	FC2	43.000000	0.000264596135821
melina	FC2	44.000000	0.000248402560828
melina	FC2	45.000000	0.000476948305732
melina	FC2	46.000000	0.000421523291152
melina	FC2	47.000000	0.00056254863739
melina	FC2	48.000000	0.000122344004922
melina	FC2	49.000000	0.000123626334243
melina	FC2	50.000000	0.000239135028096
melina	FC2	51.000000	4.38725801359e-05
melina	FC2	52.000000	0.000264101021457
melina	FC2	53.000000	0.000100176453998
melina	FC2	54.000000	0.000330606475472
melina	FC2	55.000000	0.000594300508965
melina	FC2	56.000000	8.24263115646e-05
melina	FC2	57.000000	0.000146351623698
melina	FC2	58.000000	0.000215664054849
melina	FC2	59.000000	0.000116139279271
melina	FC2	60.000000	0.000251802412095
melina	FC2	61.000000	9.58042983257e-06
melina	FC2	62.000000	1.67086745932e-05
melina	FC2	63.000000	2.04503362511e-06
melina	FC2	64.000000	0.00015932849783
melina	FC2	65.000000	0.000358058459824
melina	FC2	66.000000	0.000378746452043
melina	FC2	67.000000	0.00013088954438
melina	FC2	68.000000	0.000134215297294
melina	FC2	69.000000	0.000547060510144
melina	FC2	70.000000	0.000882056832779
melina	FC2	71.000000	0.000748951046262
melina	FC2	72.000000	0.000319963728543
melina	FC2	73.000000	0.000158966431627
melina	FC2	74.000000	0.00021421618294
melina	FC2	75.000000	0.000286991504254
melina	FC2	76.000000	0.000235710685956
melina	FC2	77.000000	0.000118427873531
melina	FC2	78.000000	7.06253922544e-05
melina	FC2	79.000000	2.27000964514e-05
melina	FC2	80.000000	2.47316693276e-05
melina	Cz	1.000000	0.248904526234
melina	Cz	2.000000	0.0653905719519
melina	Cz	3.000000	0.00121638155542
melina	Cz	4.000000	0.00634793145582
melina	Cz	5.000000	0.00888010021299
melina	Cz	6.000000	0.00696111377329
melina	Cz	7.000000	0.000573885859922
melina	Cz	8.000000	0.000825024675578
melina	Cz	9.000000	0.00174803379923
melina	Cz	10.000000	0.00595653569326
melina	Cz	11.000000	0.00104889657814
melina	Cz	12.000000	0.00277745560743
melina	Cz	13.000000	0.000712962239049
melina	Cz	14.000000	0.000484138203319
melina	Cz	15.000000	0.000139422583743
melina	Cz	16.000000	0.00218646484427
melina	Cz	17.000000	0.00202097464353
melina	Cz	18.000000	0.00100131798536
melina	Cz	19.000000	0.00171486963518
melina	Cz	20.000000	0.000919020501897
melina	Cz	21.000000	0.00072388490662
melina	Cz	22.000000	0.00127622007858
melina	Cz	23.000000	0.000688808329869
melina	Cz	24.000000	0.000108895219455
melina	Cz	25.000000	0.000220184432692
melina	Cz	26.000000	0.00132285209838
melina	Cz	27.000000	0.0023948084563
melina	Cz	28.000000	0.000519092311151
melina	Cz	29.000000	0.000326893990859
melina	Cz	30.000000	0.000573786266614
melina	Cz	31.000000	0.000741934403777
melina	Cz	32.000000	0.000598344427999
melina	Cz	33.000000	0.000277029670542
melina	Cz	34.000000	0.000269794109045
melina	Cz	35.000000	7.34980494599e-05
melina	Cz	36.000000	0.000273346027825
melina	Cz	37.000000	0.000177071109647
melina	Cz	38.000000	9.09574955585e-05
melina	Cz	39.000000	0.000504170311615
melina	Cz	40.000000	0.000166543526575
melina	Cz	41.000000	5.47577656107e-05
melina	Cz	42.000000	0.000115484537673
melina	Cz	43.000000	4.64479562652e-05
melina	Cz	44.000000	5.54822290724e-05
melina	Cz	45.000000	0.000196895285626
melina	Cz	46.000000	0.000540257373359
melina	Cz	47.000000	0.000407944316976
melina	Cz	48.000000	4.83548756165e-05
melina	Cz	49.000000	0.000137981813168
melina	Cz	50.000000	0.00045987177873
melina	Cz	51.000000	0.00022198438819
melina	Cz	52.000000	0.000167799473274
melina	Cz	53.000000	3.7325102312e-05
melina	Cz	54.000000	8.38090854813e-05
melina	Cz	55.000000	9.28977242438e-05
melina	Cz	56.000000	9.98987889034e-05
melina	Cz	57.000000	1.47453247337e-05
melina	Cz	58.000000	0.000219051216845
melina	Cz	59.000000	0.000113452559162
melina	Cz	60.000000	1.01369278127e-05
melina	Cz	61.000000	7.95321102487e-05
melina	Cz	62.000000	3.00472402159e-05
melina	Cz	63.000000	1.08502608782e-05
melina	Cz	64.000000	5.42558736925e-05
melina	Cz	65.000000	5.69716466998e-05
melina	Cz	66.000000	0.000125115402625
melina	Cz	67.000000	0.00013696361566
melina	Cz	68.000000	4.5444976422e-05
melina	Cz	69.000000	3.31178671331e-05
melina	Cz	70.000000	3.43099350175e-06
melina	Cz	71.000000	2.66633505817e-05
melina	Cz	72.000000	5.75618432777e-05
melina	Cz	73.000000	4.33251007053e-05
melina	Cz	74.000000	0.000127479899675
melina	Cz	75.000000	9.96245580609e-05
melina	Cz	76.000000	6.62653837935e-05
melina	Cz	77.000000	9.50106823439e-06
melina	Cz	78.000000	3.46037859345e-06
melina	Cz	79.000000	5.6711128309e-06
melina	Cz	80.000000	2.77712911156e-06
melina	CP2	1.000000	0.399009048939
melina	CP2	2.000000	0.0834657475352
melina	CP2	3.000000	0.00203850539401
melina	CP2	4.000000	0.000925269850995
melina	CP2	5.000000	0.00198891316541
melina	CP2	6.000000	1.11127355922e-05
melina	CP2	7.000000	0.000363125203876
melina	CP2	8.000000	4.87994802825e-05
melina	CP2	9.000000	0.000611422758084
melina	CP2	10.000000	0.00263053784147
melina	CP2	11.000000	0.000205662247026
melina	CP2	12.000000	0.00253501231782
melina	CP2	13.000000	0.000466753728688
melina	CP2	14.000000	0.00040545722004
melina	CP2	15.000000	0.000234201535932
melina	CP2	16.000000	1.54299450514e-05
melina	CP2	17.000000	0.000371866772184
melina	CP2	18.000000	0.000859988271259
melina	CP2	19.000000	0.000221941474592
melina	CP2	20.000000	0.000537909043487
melina	CP2	21.000000	0.00127832137514
melina	CP2	22.000000	0.000738226983231
melina	CP2	23.000000	0.00092500098981
melina	CP2	24.000000	0.00268427771516
melina	CP2	25.000000	0.00344248698093
melina	CP2	26.000000	0.00169110565912
melina	CP2	27.000000	5.12290534971e-05
melina	CP2	28.000000	0.000401914323447
melina	CP2	29.000000	0.000112117006211
melina	CP2	30.000000	8.24624294182e-05
melina	CP2	31.000000	0.000105239385448
melina	CP2	32.000000	0.000422185665229
melina	CP2	33.000000	0.000726475205738
melina	CP2	34.000000	0.000302234868286
melina	CP2	35.000000	1.66126174008e-05
melina	CP2	36.000000	0.000459022732684
melina	CP2	37.000000	0.000159165210789
melina	CP2	38.000000	0.000261763867456
melina	CP2	39.000000	0.000307879032334
melina	CP2	40.000000	3.33844909619e-05
melina	CP2	41.000000	9.83219433692e-05
melina	CP2	42.000000	0.00013462138304
melina	CP2	43.000000	3.00205392705e-05
melina	CP2	44.000000	0.000294411409413
melina	CP2	45.000000	9.23704646993e-05
melina	CP2	46.000000	0.000165616715094
melina	CP2	47.000000	0.000417442526668
melina	CP2	48.000000	0.000299194769468
melina	CP2	49.000000	0.000536312931217
melina	CP2	50.000000	0.000699904980138
melina	CP2	51.000000	0.000363344239304
melina	CP2	52.000000	0.00011200553854
melina	CP2	53.000000	0.000168428319739
melina	CP2	54.000000	6.49946014164e-05
melina	CP2	55.000000	0.000206191311008
melina	CP2	56.000000	0.000107521234895
melina	CP2	57.000000	6.22761581326e-05
melina	CP2	58.000000	0.000396150891902
melina	CP2	59.000000	0.000396471470594
melina	CP2	60.000000	0.00022270885529
melina	CP2	61.000000	0.000340236496413
melina	CP2	62.000000	0.000179045906407
melina	CP2	63.000000	9.24724736251e-05
melina	CP2	64.000000	0.000178401227458
melina	CP2	65.000000	0.000230472011026
melina	CP2	66.000000	2.28635144595e-06
melina	CP2	67.000000	6.23144442216e-05
melina	CP2	68.000000	5.72436656512e-05
melina	CP2	69.000000	5.87914946664e-05
melina	CP2	70.000000	8.1620302808e-05
melina	CP2	71.000000	0.000240282999584
melina	CP2	72.000000	0.000364322768291
melina	CP2	73.000000	0.000122242228827
melina	CP2	74.000000	2.54233455053e-05
melina	CP2	75.000000	1.299060159e-06
melina	CP2	76.000000	3.82894495488e-06
melina	CP2	77.000000	1.3308564121e-05
melina	CP2	78.000000	1.23800027723e-05
melina	CP2	79.000000	9.18643272598e-05
melina	CP2	80.000000	0.00028308032779
melina	PO3	1.000000	0.904689729214
melina	PO3	2.000000	0.098001934588
melina	PO3	3.000000	0.00390952965245
melina	PO3	4.000000	0.0073024420999
melina	PO3	5.000000	0.00422095507383
melina	PO3	6.000000	0.00265090749599
melina	PO3	7.000000	0.005346798338
melina	PO3	8.000000	0.00585003057495
melina	PO3	9.000000	0.00340039120056
melina	PO3	10.000000	0.00432920409366
melina	PO3	11.000000	0.000914704927709
melina	PO3	12.000000	0.000201262402697
melina	PO3	13.000000	0.00156389444601
melina	PO3	14.000000	0.00134268170223
melina	PO3	15.000000	0.00143225840293
melina	PO3	16.000000	0.000306895555696
melina	PO3	17.000000	0.000553427438717
melina	PO3	18.000000	0.00136550236493
melina	PO3	19.000000	0.0013851034455
melina	PO3	20.000000	0.000509436533321
melina	PO3	21.000000	0.000583635410294
melina	PO3	22.000000	7.51132974983e-05
melina	PO3	23.000000	0.000277939339867
melina	PO3	24.000000	0.000174624568899
melina	PO3	25.000000	0.000716022157576
melina	PO3	26.000000	0.00111155933701
melina	PO3	27.000000	0.000593714008573
melina	PO3	28.000000	0.000134770918521
melina	PO3	29.000000	0.000332484894898
melina	PO3	30.000000	0.00175002310425
melina	PO3	31.000000	0.000456243724329
melina	PO3	32.000000	7.71356208134e-05
melina	PO3	33.000000	0.000105442552012
melina	PO3	34.000000	0.000389685970731
melina	PO3	35.000000	0.000707812956534
melina	PO3	36.000000	0.000345224951161
melina	PO3	37.000000	0.000117371913802
melina	PO3	38.000000	0.000396962132072
melina	PO3	39.000000	0.000383201433579
melina	PO3	40.000000	0.000550042721443
melina	PO3	41.000000	1.87043751794e-05
melina	PO3	42.000000	0.000388505373849
melina	PO3	43.000000	0.000356302276487
melina	PO3	44.000000	3.67165375792e-05
melina	PO3	45.000000	0.0002022273693
melina	PO3	46.000000	0.000133299545269
melina	PO3	47.000000	0.00035243856837
melina	PO3	48.000000	0.000476502842503
melina	PO3	49.000000	7.04637932358e-05
melina	PO3	50.000000	0.000114069000119
melina	PO3	51.000000	0.000398018950364
melina	PO3	52.000000	0.000643826904707
melina	PO3	53.000000	0.000770371465478
melina	PO3	54.000000	0.000767527206335
melina	PO3	55.000000	0.000590430863667
melina	PO3	56.000000	0.000394426577259
melina	PO3	57.000000	7.01483295416e-05
melina	PO3	58.000000	0.000218688190216
melina	PO3	59.000000	6.29557034699e-05
melina	PO3	60.000000	6.71191883157e-05
melina	PO3	61.000000	0.000294552039122
melina	PO3	62.000000	0.000444019766292
melina	PO3	63.000000	0.000371727102902
melina	PO3	64.000000	0.000152974869707
melina	PO3	65.000000	0.000163032251294
melina	PO3	66.000000	0.000225685711484
melina	PO3	67.000000	2.73144396488e-05
melina	PO3	68.000000	0.000291603937512
melina	PO3	69.000000	0.000423667108407
melina	PO3	70.000000	7.45053057472e-06
melina	PO3	71.000000	4.76124769193e-05
melina	PO3	72.000000	3.77849646611e-05
melina	PO3	73.000000	0.000129330233904
melina	PO3	74.000000	0.000260394270299
melina	PO3	75.000000	0.000145500031067
melina	PO3	76.000000	2.73419991572e-05
melina	PO3	77.000000	2.47321422648e-05
melina	PO3	78.000000	6.80740558892e-05
melina	PO3	79.000000	2.10623402381e-05
melina	PO3	80.000000	1.25030146592e-06
melina	O1	1.000000	0.943984687328
melina	O1	2.000000	0.107968062162
melina	O1	3.000000	0.00461327144876
melina	O1	4.000000	0.0068024690263
melina	O1	5.000000	0.00343262962997
melina	O1	6.000000	0.000301860185573
melina	O1	7.000000	0.00154296436813
melina	O1	8.000000	0.00262414733879
melina	O1	9.000000	0.00258818198927
melina	O1	10.000000	0.00714357523248
melina	O1	11.000000	0.000506889307871
melina	O1	12.000000	0.00120680977125
melina	O1	13.000000	0.00065514392918
melina	O1	14.000000	0.00136139942333
melina	O1	15.000000	0.00134759105276
melina	O1	16.000000	0.000890812836587
melina	O1	17.000000	0.000815653183963
melina	O1	18.000000	0.000289620656986
melina	O1	19.000000	0.000163613294717
melina	O1	20.000000	0.000807223841548
melina	O1	21.000000	0.00135321554262
melina	O1	22.000000	0.000327620335156
melina	O1	23.000000	0.000197426241357
melina	O1	24.000000	0.000686128507368
melina	O1	25.000000	0.000208222103538
melina	O1	26.000000	0.00077777687693
melina	O1	27.000000	0.000727415375877
melina	O1	28.000000	0.000180516566616
melina	O1	29.000000	0.000638224591967
melina	O1	30.000000	0.000986371072941
melina	O1	31.000000	0.000357852230081
melina	O1	32.000000	0.00043132744031
melina	O1	33.000000	0.00036143741454
melina	O1	34.000000	0.000363644823665
melina	O1	35.000000	0.000572857388761
melina	O1	36.000000	0.000175693523488
melina	O1	37.000000	0.000134740723297
melina	O1	38.000000	0.000329099042574
melina	O1	39.000000	0.000433551060269
melina	O1	40.000000	0.00046346092131
melina	O1	41.000000	1.6733049506e-06
melina	O1	42.000000	0.000208745535929
melina	O1	43.000000	9.44600978983e-05
melina	O1	44.000000	1.99140886252e-05
melina	O1	45.000000	0.000115300950711
melina	O1	46.000000	0.000305716879666
melina	O1	47.000000	7.90583508206e-05
melina	O1	48.000000	0.000204068783205
melina	O1	49.000000	5.70556912862e-05
melina	O1	50.000000	6.63400423946e-05
melina	O1	51.000000	6.14133532508e-05
melina	O1	52.000000	2.73526575256e-06
melina	O1	53.000000	0.000100306351669
melina	O1	54.000000	0.000210576487007
melina	O1	55.000000	0.000104669226857
melina	O1	56.000000	7.89000914665e-05
melina	O1	57.000000	4.0931172407e-05
melina	O1	58.000000	2.56177718256e-05
melina	O1	59.000000	3.46105593962e-06
melina	O1	60.000000	3.41726008628e-05
melina	O1	61.000000	7.02675461071e-05
melina	O1	62.000000	2.05308861041e-05
melina	O1	63.000000	4.99334746564e-05
melina	O1	64.000000	3.92487163481e-05
melina	O1	65.000000	0.000359544821549
melina	O1	66.000000	0.000375541654648
melina	O1	67.000000	9.38959274208e-05
melina	O1	68.000000	4.64159602416e-05
melina	O1	69.000000	0.000117006078654
melina	O1	70.000000	3.26914196194e-05
melina	O1	71.000000	1.76575167643e-06
melina	O1	72.000000	7.92281207396e-06
melina	O1	73.000000	1.26992808873e-05
melina	O1	74.000000	1.40227703014e-05
melina	O1	75.000000	2.50295852311e-05
melina	O1	76.000000	6.95284034009e-05
melina	O1	77.000000	7.68361933297e-05
melina	O1	78.000000	5.89163937548e-05
melina	O1	79.000000	1.23761935811e-06
melina	O1	80.000000	0.00019096849428
melina	Oz	1.000000	0.912342488766
melina	Oz	2.000000	0.100051917136
melina	Oz	3.000000	0.00416384870186
melina	Oz	4.000000	0.00764420395717
melina	Oz	5.000000	0.00285860197619
melina	Oz	6.000000	0.00217370199971
melina	Oz	7.000000	0.00354745285586
melina	Oz	8.000000	0.00269094808027
melina	Oz	9.000000	0.00219914503396
melina	Oz	10.000000	0.00458001950756
melina	Oz	11.000000	0.00113394844811
melina	Oz	12.000000	0.000315213255817
melina	Oz	13.000000	0.00200422643684
melina	Oz	14.000000	0.00145047425758
melina	Oz	15.000000	0.00152768474072
melina	Oz	16.000000	0.000745134137105
melina	Oz	17.000000	0.000542931491509
melina	Oz	18.000000	0.000416324270191
melina	Oz	19.000000	0.000736227841116
melina	Oz	20.000000	0.000150533858687
melina	Oz	21.000000	0.000933800009079
melina	Oz	22.000000	0.000460456038127
melina	Oz	23.000000	0.000234056162299
melina	Oz	24.000000	0.000389705324778
melina	Oz	25.000000	6.82297286403e-06
melina	Oz	26.000000	0.00052812701324
melina	Oz	27.000000	0.000560703221709
melina	Oz	28.000000	0.000395626877435
melina	Oz	29.000000	0.000293370481813
melina	Oz	30.000000	0.000366908236174
melina	Oz	31.000000	0.0002456229995
melina	Oz	32.000000	0.000928879831918
melina	Oz	33.000000	0.00148066168185
melina	Oz	34.000000	5.59954132768e-05
melina	Oz	35.000000	0.000195401153178
melina	Oz	36.000000	5.35668914381e-05
melina	Oz	37.000000	7.34641362214e-05
melina	Oz	38.000000	0.00015738766524
melina	Oz	39.000000	0.000140227610245
melina	Oz	40.000000	0.00023280151072
melina	Oz	41.000000	6.65806001052e-05
melina	Oz	42.000000	0.000409561238484
melina	Oz	43.000000	0.000488243298605
melina	Oz	44.000000	0.00017192454834
melina	Oz	45.000000	3.33423413394e-05
melina	Oz	46.000000	7.43534792491e-06
melina	Oz	47.000000	0.000116864852316
melina	Oz	48.000000	9.1823276307e-05
melina	Oz	49.000000	6.41103906673e-05
melina	Oz	50.000000	7.92506398284e-05
melina	Oz	51.000000	2.23137303692e-05
melina	Oz	52.000000	6.16550896666e-05
melina	Oz	53.000000	3.74786650355e-05
melina	Oz	54.000000	0.000192311912542
melina	Oz	55.000000	0.000343212799635
melina	Oz	56.000000	0.000116318602522
melina	Oz	57.000000	3.01405780192e-05
melina	Oz	58.000000	2.35797961068e-05
melina	Oz	59.000000	6.65093511998e-06
melina	Oz	60.000000	1.5590179828e-05
melina	Oz	61.000000	0.000185859462363
melina	Oz	62.000000	0.000819456297904
melina	Oz	63.000000	0.00059000676265
melina	Oz	64.000000	0.000200187845621
melina	Oz	65.000000	9.44449348026e-05
melina	Oz	66.000000	0.000239261193201
melina	Oz	67.000000	0.000152819920913
melina	Oz	68.000000	2.02137812266e-06
melina	Oz	69.000000	8.52053199196e-05
melina	Oz	70.000000	0.000123079895275
melina	Oz	71.000000	1.02183594208e-05
melina	Oz	72.000000	7.20450625522e-05
melina	Oz	73.000000	7.66458324506e-05
melina	Oz	74.000000	0.000260759086814
melina	Oz	75.000000	0.00019458855968
melina	Oz	76.000000	3.30156544806e-05
melina	Oz	77.000000	5.49973583475e-06
melina	Oz	78.000000	8.8487060566e-05
melina	Oz	79.000000	0.000274091260508
melina	Oz	80.000000	0.000195777829504
melina	O2	1.000000	1.02435791492
melina	O2	2.000000	0.126052170992
melina	O2	3.000000	0.00381866912358
melina	O2	4.000000	0.00465253833681
melina	O2	5.000000	0.00506773870438
melina	O2	6.000000	0.00104791985359
melina	O2	7.000000	0.00281022419222
melina	O2	8.000000	0.00297005125321
melina	O2	9.000000	0.0014884743141
melina	O2	10.000000	0.00345269334503
melina	O2	11.000000	0.00153694371693
melina	O2	12.000000	0.000384238606784
melina	O2	13.000000	0.000874191347975
melina	O2	14.000000	0.00254780822434
melina	O2	15.000000	0.0025866094511
melina	O2	16.000000	0.000350125017576
melina	O2	17.000000	0.00103706785012
melina	O2	18.000000	0.00134077412076
melina	O2	19.000000	0.000600847532041
melina	O2	20.000000	9.82037527137e-05
melina	O2	21.000000	6.11191935604e-05
melina	O2	22.000000	0.00155933899805
melina	O2	23.000000	0.000129712454509
melina	O2	24.000000	0.00118008058053
melina	O2	25.000000	0.000322278006934
melina	O2	26.000000	0.000391356850741
melina	O2	27.000000	0.00125567615032
melina	O2	28.000000	0.00094007345615
melina	O2	29.000000	5.41391564184e-05
melina	O2	30.000000	0.000720130105037
melina	O2	31.000000	0.00144047115464
melina	O2	32.000000	0.00151631480549
melina	O2	33.000000	0.00121007848065
melina	O2	34.000000	0.00095673330361
melina	O2	35.000000	0.000822998292278
melina	O2	36.000000	2.74874491879e-05
melina	O2	37.000000	6.74578905091e-06
melina	O2	38.000000	3.07621266984e-05
melina	O2	39.000000	0.000121910292364
melina	O2	40.000000	0.000677983451169
melina	O2	41.000000	0.000115207774797
melina	O2	42.000000	0.000370197201846
melina	O2	43.000000	0.000696238363162
melina	O2	44.000000	0.000748647958972
melina	O2	45.000000	0.000370098423446
melina	O2	46.000000	7.5533411291e-05
melina	O2	47.000000	8.24957096484e-05
melina	O2	48.000000	0.00023147353204
melina	O2	49.000000	0.000258577405475
melina	O2	50.000000	4.1431387217e-05
melina	O2	51.000000	2.8393287721e-05
melina	O2	52.000000	7.04158446752e-05
melina	O2	53.000000	1.69474369613e-05
melina	O2	54.000000	0.000181915078429
melina	O2	55.000000	0.00011843116954
melina	O2	56.000000	3.94491580664e-05
melina	O2	57.000000	0.000171285006218
melina	O2	58.000000	2.7964124456e-05
melina	O2	59.000000	6.15402168478e-05
melina	O2	60.000000	2.76622704405e-05
melina	O2	61.000000	0.000103936996311
melina	O2	62.000000	0.000241426605498
melina	O2	63.000000	2.82624205283e-05
melina	O2	64.000000	9.51280017034e-05
melina	O2	65.000000	0.000335113960318
melina	O2	66.000000	0.000437060196418
melina	O2	67.000000	3.11216626869e-06
melina	O2	68.000000	0.000135457099532
melina	O2	69.000000	0.000164802389918
melina	O2	70.000000	8.86197303771e-05
melina	O2	71.000000	2.54200931522e-05
melina	O2	72.000000	5.80851155974e-05
melina	O2	73.000000	5.61443130209e-06
melina	O2	74.000000	0.000231076861382
melina	O2	75.000000	0.000222526723519
melina	O2	76.000000	6.39092759229e-05
melina	O2	77.000000	1.89360689546e-05
melina	O2	78.000000	1.05585240817e-05
melina	O2	79.000000	2.19185712922e-05
melina	O2	80.000000	8.1571030023e-05
melina	PO4	1.000000	1.01288223267
melina	PO4	2.000000	0.123759187758
melina	PO4	3.000000	0.00349284010008
melina	PO4	4.000000	0.00762953655794
melina	PO4	5.000000	0.00468361796811
melina	PO4	6.000000	0.000464777520392
melina	PO4	7.000000	0.00160848640371
melina	PO4	8.000000	0.00212792237289
melina	PO4	9.000000	0.0023433167953
melina	PO4	10.000000	0.00734255183488
melina	PO4	11.000000	0.00138057977892
melina	PO4	12.000000	0.00028943241341
melina	PO4	13.000000	0.000231563521083
melina	PO4	14.000000	0.00140830443706
melina	PO4	15.000000	0.00180096726399
melina	PO4	16.000000	0.000366150547052
melina	PO4	17.000000	0.00133530469611
melina	PO4	18.000000	0.00137748057023
melina	PO4	19.000000	0.000388351007132
melina	PO4	20.000000	0.000332922354573
melina	PO4	21.000000	0.00145194167271
melina	PO4	22.000000	0.000987958395854
melina	PO4	23.000000	3.65159430658e-05
melina	PO4	24.000000	0.000959773897193
melina	PO4	25.000000	0.000317491649184
melina	PO4	26.000000	0.000294883910101
melina	PO4	27.000000	0.000500995025504
melina	PO4	28.000000	0.000250924465945
melina	PO4	29.000000	0.000193428466446
melina	PO4	30.000000	0.000450790219475
melina	PO4	31.000000	0.000446337682661
melina	PO4	32.000000	0.00019479272305
melina	PO4	33.000000	0.000141997239552
melina	PO4	34.000000	0.000523294962477
melina	PO4	35.000000	0.00103851093445
melina	PO4	36.000000	0.00052151014097
melina	PO4	37.000000	6.28685957054e-05
melina	PO4	38.000000	0.000103514532384
melina	PO4	39.000000	0.00028099611518
melina	PO4	40.000000	0.000480286049424
melina	PO4	41.000000	0.000321022904245
melina	PO4	42.000000	5.14766179549e-05
melina	PO4	43.000000	0.000425620150054
melina	PO4	44.000000	0.000118435826153
melina	PO4	45.000000	0.000145854428411
melina	PO4	46.000000	0.000260415283265
melina	PO4	47.000000	1.89206475625e-05
melina	PO4	48.000000	0.000129840569571
melina	PO4	49.000000	3.63549988833e-05
melina	PO4	50.000000	1.06750294435e-05
melina	PO4	51.000000	4.36604423157e-05
melina	PO4	52.000000	0.000291705597192
melina	PO4	53.000000	0.000373235990992
melina	PO4	54.000000	0.000271269032964
melina	PO4	55.000000	2.0218309146e-05
melina	PO4	56.000000	0.000103931102785
melina	PO4	57.000000	2.84830985038e-05
melina	PO4	58.000000	0.000325953355059
melina	PO4	59.000000	0.000314535544021
melina	PO4	60.000000	7.45149882277e-05
melina	PO4	61.000000	5.86962596572e-05
melina	PO4	62.000000	0.000320248713251
melina	PO4	63.000000	1.7498696252e-05
melina	PO4	64.000000	0.000151246640598
melina	PO4	65.000000	0.000165704143001
melina	PO4	66.000000	0.000152643551701
melina	PO4	67.000000	4.42463096988e-05
melina	PO4	68.000000	4.91991013405e-05
melina	PO4	69.000000	0.000128786690766
melina	PO4	70.000000	8.42726440169e-05
melina	PO4	71.000000	1.38444593176e-05
melina	PO4	72.000000	4.64647273475e-05
melina	PO4	73.000000	1.41291948239e-05
melina	PO4	74.000000	4.81000824948e-05
melina	PO4	75.000000	0.000136608199682
melina	PO4	76.000000	0.000128220737679
melina	PO4	77.000000	2.21646969294e-05
melina	PO4	78.000000	6.12277217442e-05
melina	PO4	79.000000	9.46334694163e-05
melina	PO4	80.000000	1.88947469724e-05
melina	Pz	1.000000	0.695402979851
melina	Pz	2.000000	0.102438867092
melina	Pz	3.000000	0.00590270897374
melina	Pz	4.000000	0.0106126572937
melina	Pz	5.000000	0.0216793399304
melina	Pz	6.000000	0.00543090188876
melina	Pz	7.000000	0.00378569308668
melina	Pz	8.000000	0.00126192241441
melina	Pz	9.000000	0.00296562141739
melina	Pz	10.000000	0.00265897787176
melina	Pz	11.000000	0.000604257395025
melina	Pz	12.000000	0.00324292853475
melina	Pz	13.000000	0.00197249697521
melina	Pz	14.000000	0.00108367099892
melina	Pz	15.000000	0.00179584510624
melina	Pz	16.000000	0.000167691585375
melina	Pz	17.000000	0.00154580210801
melina	Pz	18.000000	0.00300629623234
melina	Pz	19.000000	0.00114744633902
melina	Pz	20.000000	0.000657422526274
melina	Pz	21.000000	0.000643391860649
melina	Pz	22.000000	0.000541927991435
melina	Pz	23.000000	0.00317356130108
melina	Pz	24.000000	0.00166435539722
melina	Pz	25.000000	0.0013577027712
melina	Pz	26.000000	0.00156275299378
melina	Pz	27.000000	0.000457306829048
melina	Pz	28.000000	8.03813891253e-05
melina	Pz	29.000000	0.000140447518788
melina	Pz	30.000000	0.000239470246015
melina	Pz	31.000000	0.0005005467101
melina	Pz	32.000000	0.000935767602641
melina	Pz	33.000000	0.00123306922615
melina	Pz	34.000000	0.000840326480102
melina	Pz	35.000000	0.000100755809399
melina	Pz	36.000000	6.27689587418e-05
melina	Pz	37.000000	6.56503179925e-05
melina	Pz	38.000000	0.000239372937358
melina	Pz	39.000000	0.000771981547587
melina	Pz	40.000000	0.000376950833015
melina	Pz	41.000000	7.79444526415e-05
melina	Pz	42.000000	0.000183698066394
melina	Pz	43.000000	6.48707964501e-06
melina	Pz	44.000000	5.02972579852e-06
melina	Pz	45.000000	2.78822881228e-05
melina	Pz	46.000000	0.000193466403289
melina	Pz	47.000000	9.53990966082e-05
melina	Pz	48.000000	0.000204156953259
melina	Pz	49.000000	0.000139210547786
melina	Pz	50.000000	8.69044015417e-06
melina	Pz	51.000000	1.91889394046e-05
melina	Pz	52.000000	1.80411961992e-06
melina	Pz	53.000000	3.58893666998e-05
melina	Pz	54.000000	0.00010320480942
melina	Pz	55.000000	0.000139346055221
melina	Pz	56.000000	4.41589399998e-05
melina	Pz	57.000000	0.000220206566155
melina	Pz	58.000000	0.000172811895027
melina	Pz	59.000000	6.83303296682e-05
melina	Pz	60.000000	0.000127973107737
melina	Pz	61.000000	2.82328146568e-05
melina	Pz	62.000000	0.000336132070515
melina	Pz	63.000000	0.000191693194211
melina	Pz	64.000000	5.7401102822e-05
melina	Pz	65.000000	5.92871492699e-06
melina	Pz	66.000000	8.3452265244e-05
melina	Pz	67.000000	0.000197467932594
melina	Pz	68.000000	6.38402416371e-05
melina	Pz	69.000000	6.48534623906e-05
melina	Pz	70.000000	0.000102157144283
melina	Pz	71.000000	8.57948616613e-05
melina	Pz	72.000000	7.30231331545e-05
melina	Pz	73.000000	6.1794416979e-05
melina	Pz	74.000000	0.000129312524223
melina	Pz	75.000000	0.000134157555294
melina	Pz	76.000000	0.000111452412966
melina	Pz	77.000000	4.04195016017e-05
melina	Pz	78.000000	5.46859009773e-05
melina	Pz	79.000000	8.98687067092e-05
melina	Pz	80.000000	4.62022653664e-05
melina	CP1	1.000000	0.791197836399
melina	CP1	2.000000	0.090326666832
melina	CP1	3.000000	0.00289216334932
melina	CP1	4.000000	0.0071593769826
melina	CP1	5.000000	0.00551322614774
melina	CP1	6.000000	0.00200156983919
melina	CP1	7.000000	0.00364864082076
melina	CP1	8.000000	0.00195732526481
melina	CP1	9.000000	0.00192268006504
melina	CP1	10.000000	0.00645022373646
melina	CP1	11.000000	0.0022186820861
melina	CP1	12.000000	0.000141906857607
melina	CP1	13.000000	0.00232164538465
melina	CP1	14.000000	0.000723268778529
melina	CP1	15.000000	0.00177457218524
melina	CP1	16.000000	0.000294491852401
melina	CP1	17.000000	0.0008282350027
melina	CP1	18.000000	0.00113667140249
melina	CP1	19.000000	0.00089239346562
melina	CP1	20.000000	0.00047499377979
melina	CP1	21.000000	0.000592395837884
melina	CP1	22.000000	0.000784639792982
melina	CP1	23.000000	0.000464254902909
melina	CP1	24.000000	0.000578188803047
melina	CP1	25.000000	0.000809077930171
melina	CP1	26.000000	0.000461590650957
melina	CP1	27.000000	0.000943625695072
melina	CP1	28.000000	0.000504922820255
melina	CP1	29.000000	6.32598093944e-05
melina	CP1	30.000000	0.000451522617368
melina	CP1	31.000000	8.40895008878e-05
melina	CP1	32.000000	0.00062021764461
melina	CP1	33.000000	9.45368519751e-05
melina	CP1	34.000000	0.000162197073223
melina	CP1	35.000000	0.0001490588038
melina	CP1	36.000000	6.39932477497e-05
melina	CP1	37.000000	8.36760373204e-05
melina	CP1	38.000000	0.000246536481427
melina	CP1	39.000000	0.00026339510805
melina	CP1	40.000000	0.000497793429531
melina	CP1	41.000000	4.2539279093e-05
melina	CP1	42.000000	0.000214155166759
melina	CP1	43.000000	0.000201215254492
melina	CP1	44.000000	2.66325296252e-05
melina	CP1	45.000000	2.46950858127e-05
melina	CP1	46.000000	7.27802853362e-06
melina	CP1	47.000000	0.000103952857899
melina	CP1	48.000000	0.000347824563505
melina	CP1	49.000000	5.91727148276e-05
melina	CP1	50.000000	0.000111245390144
melina	CP1	51.000000	0.000277785846265
melina	CP1	52.000000	0.000183427022421
melina	CP1	53.000000	0.000120986864204
melina	CP1	54.000000	0.000626273220405
melina	CP1	55.000000	0.000423339253757
melina	CP1	56.000000	0.000145499390783
melina	CP1	57.000000	3.82495345548e-05
melina	CP1	58.000000	2.29185752687e-05
melina	CP1	59.000000	0.000146012695041
melina	CP1	60.000000	0.000331347197061
melina	CP1	61.000000	0.000128604122438
melina	CP1	62.000000	0.000236594874877
melina	CP1	63.000000	0.000258736254182
melina	CP1	64.000000	0.000136050148285
melina	CP1	65.000000	3.32673289449e-06
melina	CP1	66.000000	7.59832328185e-05
melina	CP1	67.000000	1.21877792481e-05
melina	CP1	68.000000	9.08099264052e-06
melina	CP1	69.000000	6.58333083265e-05
melina	CP1	70.000000	0.000237374159042
melina	CP1	71.000000	0.000155430359882
melina	CP1	72.000000	6.98300282238e-05
melina	CP1	73.000000	5.75754238525e-05
melina	CP1	74.000000	5.01693757542e-05
melina	CP1	75.000000	5.73104080104e-05
melina	CP1	76.000000	3.83540245821e-05
melina	CP1	77.000000	7.87048629718e-05
melina	CP1	78.000000	1.0860761904e-05
melina	CP1	79.000000	0.000114278176625
melina	CP1	80.000000	0.000158651077072
melina	FC1	1.000000	0.256685674191
melina	FC1	2.000000	0.0340566970408
melina	FC1	3.000000	0.00139444135129
melina	FC1	4.000000	0.0172099769115
melina	FC1	5.000000	0.0129387825727
melina	FC1	6.000000	0.00419714674354
melina	FC1	7.000000	0.000130552405608
melina	FC1	8.000000	0.00158911955077
melina	FC1	9.000000	0.00195059156977
melina	FC1	10.000000	0.00584464380518
melina	FC1	11.000000	0.00411299383268
melina	FC1	12.000000	0.00229775556363
melina	FC1	13.000000	0.000940549536608
melina	FC1	14.000000	0.00202217558399
melina	FC1	15.000000	0.00175971153658
melina	FC1	16.000000	0.00135576946195
melina	FC1	17.000000	0.00293656508438
melina	FC1	18.000000	0.000708890845999
melina	FC1	19.000000	0.000824029091746
melina	FC1	20.000000	0.00150204647798
melina	FC1	21.000000	0.000245076691499
melina	FC1	22.000000	0.000138200368383
melina	FC1	23.000000	0.000401538127335
melina	FC1	24.000000	0.000467203033622
melina	FC1	25.000000	0.000286789698293
melina	FC1	26.000000	0.00119570153765
melina	FC1	27.000000	0.000921407190617
melina	FC1	28.000000	4.43791104772e-05
melina	FC1	29.000000	0.000296222453471
melina	FC1	30.000000	0.000672732014209
melina	FC1	31.000000	0.000908264017198
melina	FC1	32.000000	0.000310637697112
melina	FC1	33.000000	9.24756604945e-05
melina	FC1	34.000000	0.000120693352073
melina	FC1	35.000000	0.0004177626397
melina	FC1	36.000000	0.00071723893052
melina	FC1	37.000000	0.000227228738368
melina	FC1	38.000000	7.65725344536e-05
melina	FC1	39.000000	0.000223427909077
melina	FC1	40.000000	0.000239962420892
melina	FC1	41.000000	0.000417359842686
melina	FC1	42.000000	0.000410531822126
melina	FC1	43.000000	0.000148015329614
melina	FC1	44.000000	4.15700815211e-05
melina	FC1	45.000000	3.51834605681e-05
melina	FC1	46.000000	0.000103774822492
melina	FC1	47.000000	0.000334763462888
melina	FC1	48.000000	0.00048196685384
melina	FC1	49.000000	0.000199598958716
melina	FC1	50.000000	0.000193518731976
melina	FC1	51.000000	5.78025574214e-05
melina	FC1	52.000000	0.000123050049297
melina	FC1	53.000000	4.98661102029e-05
melina	FC1	54.000000	0.000225834723096
melina	FC1	55.000000	0.000173574691871
melina	FC1	56.000000	0.000153288870933
melina	FC1	57.000000	0.000411577842897
melina	FC1	58.000000	4.82219638798e-06
melina	FC1	59.000000	0.000354299438186
melina	FC1	60.000000	0.000208219047636
melina	FC1	61.000000	0.000114508722618
melina	FC1	62.000000	1.05218805402e-05
melina	FC1	63.000000	0.000105434199213
melina	FC1	64.000000	0.000191233557416
melina	FC1	65.000000	5.89727133047e-05
melina	FC1	66.000000	3.43132305716e-05
melina	FC1	67.000000	5.68098221265e-05
melina	FC1	68.000000	5.76845650357e-06
melina	FC1	69.000000	2.1482505872e-06
melina	FC1	70.000000	9.13144031074e-05
melina	FC1	71.000000	0.000219286899664
melina	FC1	72.000000	3.87805812352e-05
melina	FC1	73.000000	9.02350511751e-05
melina	FC1	74.000000	5.13019176651e-06
melina	FC1	75.000000	2.7839341783e-06
melina	FC1	76.000000	2.99781936519e-06
melina	FC1	77.000000	3.23956846842e-05
melina	FC1	78.000000	9.3174585345e-06
melina	FC1	79.000000	6.5070373239e-05
melina	FC1	80.000000	0.000101499106677
melina	P3	1.000000	0.903989732265
melina	P3	2.000000	0.107999905944
melina	P3	3.000000	0.00532339699566
melina	P3	4.000000	0.00649733142927
melina	P3	5.000000	0.00616800459102
melina	P3	6.000000	0.000648702145554
melina	P3	7.000000	0.00289874873124
melina	P3	8.000000	0.00333459186368
melina	P3	9.000000	0.00148395751603
melina	P3	10.000000	0.0036895328667
melina	P3	11.000000	0.000836886174511
melina	P3	12.000000	0.000287328875856
melina	P3	13.000000	0.00190485757776
melina	P3	14.000000	0.000266391492914
melina	P3	15.000000	0.000311400392093
melina	P3	16.000000	0.00149008864537
melina	P3	17.000000	0.00134037435055
melina	P3	18.000000	0.00142783275805
melina	P3	19.000000	0.00202014716342
melina	P3	20.000000	0.00140484620351
melina	P3	21.000000	0.00131533108652
melina	P3	22.000000	0.000976512557827
melina	P3	23.000000	0.000933328759857
melina	P3	24.000000	0.000419871736085
melina	P3	25.000000	0.000950939080212
melina	P3	26.000000	0.0010786592029
melina	P3	27.000000	0.00056120211957
melina	P3	28.000000	5.6050150306e-05
melina	P3	29.000000	0.000273312005447
melina	P3	30.000000	0.000747919781134
melina	P3	31.000000	0.000373939925339
melina	P3	32.000000	0.000313309166813
melina	P3	33.000000	0.000244552706135
melina	P3	34.000000	4.23828496423e-05
melina	P3	35.000000	0.000203837364097
melina	P3	36.000000	7.80960035627e-05
melina	P3	37.000000	0.000117585885164
melina	P3	38.000000	0.000354140182026
melina	P3	39.000000	0.000701408833265
melina	P3	40.000000	0.000739803246688
melina	P3	41.000000	0.000133256195113
melina	P3	42.000000	0.000164903845871
melina	P3	43.000000	0.000286133406917
melina	P3	44.000000	0.000253131554928
melina	P3	45.000000	0.000374663213734
melina	P3	46.000000	5.98710357735e-05
melina	P3	47.000000	0.000118665935588
melina	P3	48.000000	0.000192992010852
melina	P3	49.000000	3.6812365579e-05
melina	P3	50.000000	5.81568310736e-05
melina	P3	51.000000	0.000123156511108
melina	P3	52.000000	5.80000159971e-05
melina	P3	53.000000	1.57557897182e-05
melina	P3	54.000000	8.02001814009e-05
melina	P3	55.000000	0.000212319253478
melina	P3	56.000000	0.000275298050838
melina	P3	57.000000	4.55806730315e-05
melina	P3	58.000000	7.01407989254e-05
melina	P3	59.000000	0.000159945353516
melina	P3	60.000000	1.95068241737e-05
melina	P3	61.000000	2.88757219096e-05
melina	P3	62.000000	7.75928856456e-05
melina	P3	63.000000	0.000316944147926
melina	P3	64.000000	5.09539640916e-05
melina	P3	65.000000	0.00028228975134
melina	P3	66.000000	0.000142063916428
melina	P3	67.000000	6.51289810776e-05
melina	P3	68.000000	7.69810503698e-06
melina	P3	69.000000	8.33161757328e-05
melina	P3	70.000000	0.00012346013682
melina	P3	71.000000	6.69139189995e-05
melina	P3	72.000000	5.4181444284e-05
melina	P3	73.000000	9.51857291511e-05
melina	P3	74.000000	8.15417079139e-05
melina	P3	75.000000	0.00012344532297
melina	P3	76.000000	0.000185391589184
melina	P3	77.000000	0.000186507910257
melina	P3	78.000000	8.93237083801e-05
melina	P3	79.000000	2.80969538835e-06
melina	P3	80.000000	6.66661144351e-05
melina	C3	1.000000	0.0779246762395
melina	C3	2.000000	0.0228556320071
melina	C3	3.000000	0.000170634521055
melina	C3	4.000000	0.00382643286139
melina	C3	5.000000	0.00224007223733
melina	C3	6.000000	0.000996564165689
melina	C3	7.000000	0.000841095345095
melina	C3	8.000000	0.00153966143262
melina	C3	9.000000	0.00189287296962
melina	C3	10.000000	0.000285016256385
melina	C3	11.000000	0.000253932637861
melina	C3	12.000000	0.00371302105486
melina	C3	13.000000	0.00273381313309
melina	C3	14.000000	0.000369604880689
melina	C3	15.000000	0.00194506347179
melina	C3	16.000000	0.00185321667232
melina	C3	17.000000	0.00252297450788
melina	C3	18.000000	0.00150879530702
melina	C3	19.000000	0.000137839568197
melina	C3	20.000000	0.00105415424332
melina	C3	21.000000	0.00120578135829
melina	C3	22.000000	0.000249773933319
melina	C3	23.000000	0.000281256303424
melina	C3	24.000000	0.00056418706663
melina	C3	25.000000	0.000886306865141
melina	C3	26.000000	8.44628593768e-05
melina	C3	27.000000	4.9657769523e-06
melina	C3	28.000000	6.3084786234e-05
melina	C3	29.000000	9.19165540836e-06
melina	C3	30.000000	0.00035397123429
melina	C3	31.000000	0.000677374191582
melina	C3	32.000000	0.000846741604619
melina	C3	33.000000	0.000877324840985
melina	C3	34.000000	0.000618082995061
melina	C3	35.000000	0.000117803894682
melina	C3	36.000000	0.000307672860799
melina	C3	37.000000	0.000131925407914
melina	C3	38.000000	0.000101418947452
melina	C3	39.000000	0.000131282518851
melina	C3	40.000000	0.000151033644215
melina	C3	41.000000	5.52010860702e-05
melina	C3	42.000000	7.44282879168e-05
melina	C3	43.000000	0.000178139118361
melina	C3	44.000000	0.000383019360015
melina	C3	45.000000	0.000525499577634
melina	C3	46.000000	3.10692739731e-05
melina	C3	47.000000	0.000369706220226
melina	C3	48.000000	0.000390622764826
melina	C3	49.000000	0.000135350928758
melina	C3	50.000000	7.13467215974e-06
melina	C3	51.000000	8.66749905981e-05
melina	C3	52.000000	0.000149679661263
melina	C3	53.000000	0.000197159708478
melina	C3	54.000000	4.5115040848e-05
melina	C3	55.000000	0.00020845553081
melina	C3	56.000000	0.000166754471138
melina	C3	57.000000	6.88663567416e-05
melina	C3	58.000000	0.000142997552757
melina	C3	59.000000	7.75411026552e-05
melina	C3	60.000000	6.37605771772e-05
melina	C3	61.000000	2.70752498182e-05
melina	C3	62.000000	0.000160251089255
melina	C3	63.000000	0.000204636511626
melina	C3	64.000000	0.000134300251375
melina	C3	65.000000	5.60803382541e-05
melina	C3	66.000000	6.42057057121e-05
melina	C3	67.000000	8.38727792143e-05
melina	C3	68.000000	4.90258280479e-05
melina	C3	69.000000	6.81116944179e-05
melina	C3	70.000000	9.43606792134e-05
melina	C3	71.000000	2.66416245722e-05
melina	C3	72.000000	3.3422755223e-05
melina	C3	73.000000	5.05803509441e-05
melina	C3	74.000000	0.000158601920702
melina	C3	75.000000	0.000161068266607
melina	C3	76.000000	0.000131682580104
melina	C3	77.000000	5.23039707332e-05
melina	C3	78.000000	3.39208145306e-06
melina	C3	79.000000	2.29114993999e-05
melina	C3	80.000000	1.36079040658e-06
melina	F3	1.000000	0.544694185257
melina	F3	2.000000	0.0202300976962
melina	F3	3.000000	0.00724958907813
melina	F3	4.000000	0.0122549878433
melina	F3	5.000000	0.00140733865555
melina	F3	6.000000	0.0127213327214
melina	F3	7.000000	0.0102774417028
melina	F3	8.000000	0.00394744891673
melina	F3	9.000000	0.00609450927004
melina	F3	10.000000	0.00568109378219
melina	F3	11.000000	0.00166784250177
melina	F3	12.000000	0.00147096940782
melina	F3	13.000000	0.00460067158565
melina	F3	14.000000	0.000735400361009
melina	F3	15.000000	0.000261922512436
melina	F3	16.000000	0.00370148615912
melina	F3	17.000000	0.00733621744439
melina	F3	18.000000	0.00339077645913
melina	F3	19.000000	0.00355962105095
melina	F3	20.000000	0.00966480746865
melina	F3	21.000000	0.00294134230353
melina	F3	22.000000	0.000306046014884
melina	F3	23.000000	0.00226718420163
melina	F3	24.000000	0.00152693677228
melina	F3	25.000000	0.000880052743014
melina	F3	26.000000	7.31566688046e-05
melina	F3	27.000000	0.000899726292118
melina	F3	28.000000	0.00019233560306
melina	F3	29.000000	0.00205027149059
melina	F3	30.000000	0.00474091013893
melina	F3	31.000000	0.00159934826661
melina	F3	32.000000	0.000328788155457
melina	F3	33.000000	0.00117585726548
melina	F3	34.000000	0.00265310215764
melina	F3	35.000000	0.00235496484675
melina	F3	36.000000	0.000416068331106
melina	F3	37.000000	0.000213764622458
melina	F3	38.000000	0.000241839181399
melina	F3	39.000000	0.000473740132293
melina	F3	40.000000	0.000343413994415
melina	F3	41.000000	0.000193389438209
melina	F3	42.000000	0.000900662038475
melina	F3	43.000000	0.00155949115288
melina	F3	44.000000	0.00109052180778
melina	F3	45.000000	0.000454726396129
melina	F3	46.000000	0.000383400853025
melina	F3	47.000000	0.00028402110911
melina	F3	48.000000	0.00110185216181
melina	F3	49.000000	0.000560911430512
melina	F3	50.000000	0.000101552766864
melina	F3	51.000000	9.78978459898e-06
melina	F3	52.000000	0.000142586301081
melina	F3	53.000000	0.000304866756778
melina	F3	54.000000	0.000376118085114
melina	F3	55.000000	0.00111287762411
melina	F3	56.000000	0.000624795327894
melina	F3	57.000000	0.000141772979987
melina	F3	58.000000	4.08497799071e-05
melina	F3	59.000000	1.72179879883e-05
melina	F3	60.000000	6.38390629319e-05
melina	F3	61.000000	0.000220054585952
melina	F3	62.000000	0.000457199697848
melina	F3	63.000000	4.72327919852e-05
melina	F3	64.000000	0.000381273042876
melina	F3	65.000000	2.64710542979e-05
melina	F3	66.000000	4.78625152027e-05
melina	F3	67.000000	3.14834760502e-05
melina	F3	68.000000	0.000160138253705
melina	F3	69.000000	0.000180025293957
melina	F3	70.000000	0.000449331419077
melina	F3	71.000000	0.000388011016184
melina	F3	72.000000	2.64393402176e-05
melina	F3	73.000000	0.000251626799582
melina	F3	74.000000	0.00012025853357
melina	F3	75.000000	7.67277524574e-05
melina	F3	76.000000	0.00016455547302
melina	F3	77.000000	0.00012348004384
melina	F3	78.000000	2.54028254858e-05
melina	F3	79.000000	2.99770472338e-05
melina	F3	80.000000	2.57165338553e-05
melina	F7	1.000000	0.877820193768
melina	F7	2.000000	0.130957826972
melina	F7	3.000000	0.0466259270906
melina	F7	4.000000	0.0298020262271
melina	F7	5.000000	0.0200359169394
melina	F7	6.000000	0.0138203306124
melina	F7	7.000000	0.0083110621199
melina	F7	8.000000	0.00843376573175
melina	F7	9.000000	0.00645116437227
melina	F7	10.000000	0.000548950803932
melina	F7	11.000000	0.000710367632564
melina	F7	12.000000	0.0015689273132
melina	F7	13.000000	0.000484741671244
melina	F7	14.000000	0.000772422587033
melina	F7	15.000000	0.00289707561024
melina	F7	16.000000	0.00356097519398
melina	F7	17.000000	0.00183245143853
melina	F7	18.000000	0.00303969858214
melina	F7	19.000000	0.00149387307465
melina	F7	20.000000	0.00359092908911
melina	F7	21.000000	0.0102046942338
melina	F7	22.000000	0.0035623931326
melina	F7	23.000000	0.000422965851612
melina	F7	24.000000	0.000493444153108
melina	F7	25.000000	0.00192383269314
melina	F7	26.000000	0.000317656988045
melina	F7	27.000000	0.000652169226669
melina	F7	28.000000	0.00162482669111
melina	F7	29.000000	0.000984459882602
melina	F7	30.000000	2.82711371256e-05
melina	F7	31.000000	0.000914754229598
melina	F7	32.000000	0.000729705847334
melina	F7	33.000000	5.27372276338e-06
melina	F7	34.000000	0.000437972252257
melina	F7	35.000000	0.000200262991711
melina	F7	36.000000	0.000283010129351
melina	F7	37.000000	0.000422699376941
melina	F7	38.000000	0.00036621716572
melina	F7	39.000000	3.93986629206e-05
melina	F7	40.000000	0.000401962781325
melina	F7	41.000000	3.20918952639e-05
melina	F7	42.000000	0.000153574277647
melina	F7	43.000000	0.00111767335329
melina	F7	44.000000	0.0011512695346
melina	F7	45.000000	0.000604532833677
melina	F7	46.000000	0.000237185129663
melina	F7	47.000000	0.000904749322217
melina	F7	48.000000	0.00120468286332
melina	F7	49.000000	0.000586782407481
melina	F7	50.000000	0.000757035508286
melina	F7	51.000000	0.000209460791666
melina	F7	52.000000	0.000422046810854
melina	F7	53.000000	0.000367414701032
melina	F7	54.000000	0.000226866264711
melina	F7	55.000000	0.000521355425008
melina	F7	56.000000	0.000319046754157
melina	F7	57.000000	0.000202301394893
melina	F7	58.000000	0.000512066995725
melina	F7	59.000000	0.000745038792957
melina	F7	60.000000	0.000213523424463
melina	F7	61.000000	0.00153034820687
melina	F7	62.000000	0.00104690005537
melina	F7	63.000000	0.000116152434202
melina	F7	64.000000	9.39546807786e-05
melina	F7	65.000000	0.000239200962824
melina	F7	66.000000	0.000458550726762
melina	F7	67.000000	0.000596390978899
melina	F7	68.000000	0.000756129913498
melina	F7	69.000000	0.00077794585377
melina	F7	70.000000	9.83703357633e-05
melina	F7	71.000000	8.80696188688e-06
melina	F7	72.000000	0.000105845458165
melina	F7	73.000000	0.000238959022681
melina	F7	74.000000	0.000245784234721
melina	F7	75.000000	0.000361265760148
melina	F7	76.000000	0.000102967198472
melina	F7	77.000000	0.000162450000062
melina	F7	78.000000	0.000283240282442
melina	F7	79.000000	0.000116710631119
melina	F7	80.000000	2.65771359409e-05
melina	FC5	1.000000	0.204697921872
melina	FC5	2.000000	0.0075116166845
melina	FC5	3.000000	0.0287681836635
melina	FC5	4.000000	0.00380658195354
melina	FC5	5.000000	0.00286537501961
melina	FC5	6.000000	0.000137342067319
melina	FC5	7.000000	0.00233773142099
melina	FC5	8.000000	0.000160952826263
melina	FC5	9.000000	0.00143582536839
melina	FC5	10.000000	0.00378922559321
melina	FC5	11.000000	0.00217547849752
melina	FC5	12.000000	0.00419220980257
melina	FC5	13.000000	0.00655509764329
melina	FC5	14.000000	0.00300377444364
melina	FC5	15.000000	0.00101483566687
melina	FC5	16.000000	0.000789909681771
melina	FC5	17.000000	0.00229173409753
melina	FC5	18.000000	0.00279616960324
melina	FC5	19.000000	0.00114899128675
melina	FC5	20.000000	0.000578202540055
melina	FC5	21.000000	0.0010396927828
melina	FC5	22.000000	0.000483456999063
melina	FC5	23.000000	0.000257736333879
melina	FC5	24.000000	0.00204251962714
melina	FC5	25.000000	0.00214871950448
melina	FC5	26.000000	0.00136652134825
melina	FC5	27.000000	0.000267353636445
melina	FC5	28.000000	0.000667316257022
melina	FC5	29.000000	0.000811275851447
melina	FC5	30.000000	0.00025527557591
melina	FC5	31.000000	0.000203350617085
melina	FC5	32.000000	0.000433396489825
melina	FC5	33.000000	0.000171127569047
melina	FC5	34.000000	0.00165960285813
melina	FC5	35.000000	0.00184444687329
melina	FC5	36.000000	0.000509724079166
melina	FC5	37.000000	0.000592979951762
melina	FC5	38.000000	3.02846219711e-05
melina	FC5	39.000000	0.000407898420235
melina	FC5	40.000000	0.000376929237973
melina	FC5	41.000000	0.000265066337306
melina	FC5	42.000000	0.000167745398358
melina	FC5	43.000000	0.000696772825904
melina	FC5	44.000000	0.00138483766932
melina	FC5	45.000000	0.000519300578162
melina	FC5	46.000000	1.0778718206e-05
melina	FC5	47.000000	8.66929112817e-05
melina	FC5	48.000000	0.000481964147184
melina	FC5	49.000000	0.000719033880159
melina	FC5	50.000000	0.000411638611695
melina	FC5	51.000000	0.000860289786942
melina	FC5	52.000000	0.000773979001679
melina	FC5	53.000000	0.000588602328207
melina	FC5	54.000000	0.000165956327692
melina	FC5	55.000000	0.000162469703355
melina	FC5	56.000000	0.000156166104716
melina	FC5	57.000000	0.000381410383852
melina	FC5	58.000000	0.000243950475124
melina	FC5	59.000000	0.000127078077639
melina	FC5	60.000000	6.88951149641e-06
melina	FC5	61.000000	1.30545386128e-05
melina	FC5	62.000000	2.28315311688e-05
melina	FC5	63.000000	1.66827339854e-05
melina	FC5	64.000000	0.000130794447614
melina	FC5	65.000000	3.19269965985e-05
melina	FC5	66.000000	0.000228065531701
melina	FC5	67.000000	0.000372940441594
melina	FC5	68.000000	0.000302263331832
melina	FC5	69.000000	0.000233860395383
melina	FC5	70.000000	4.50034667665e-06
melina	FC5	71.000000	9.97993265628e-05
melina	FC5	72.000000	0.000142006116221
melina	FC5	73.000000	6.40128564555e-05
melina	FC5	74.000000	1.31792576212e-05
melina	FC5	75.000000	0.000124383717775
melina	FC5	76.000000	1.37105498652e-05
melina	FC5	77.000000	0.000200793539989
melina	FC5	78.000000	0.000268697069259
melina	FC5	79.000000	0.000554207304958
melina	FC5	80.000000	0.000247388263233
melina	CP5	1.000000	0.0976755768061
melina	CP5	2.000000	0.0293572694063
melina	CP5	3.000000	0.000431081192801
melina	CP5	4.000000	0.00428968388587
melina	CP5	5.000000	0.00162971310783
melina	CP5	6.000000	0.000103924976429
melina	CP5	7.000000	0.000657291384414
melina	CP5	8.000000	0.000663932703901
melina	CP5	9.000000	0.00181431917008
melina	CP5	10.000000	0.000151133252075
melina	CP5	11.000000	0.00020827256958
melina	CP5	12.000000	0.00163629814051
melina	CP5	13.000000	0.00350284436718
melina	CP5	14.000000	0.000973201647867
melina	CP5	15.000000	0.00447204010561
melina	CP5	16.000000	0.00144806655589
melina	CP5	17.000000	0.00238294480368
melina	CP5	18.000000	0.00291379354894
melina	CP5	19.000000	0.000295099744108
melina	CP5	20.000000	0.000498784414958
melina	CP5	21.000000	0.000412156339735
melina	CP5	22.000000	0.000165885998285
melina	CP5	23.000000	0.000347756664269
melina	CP5	24.000000	0.000127044331748
melina	CP5	25.000000	0.000627860368695
melina	CP5	26.000000	4.79203954455e-05
melina	CP5	27.000000	0.000119996468129
melina	CP5	28.000000	9.80886670732e-06
melina	CP5	29.000000	7.07522194716e-05
melina	CP5	30.000000	0.00107986805961
melina	CP5	31.000000	0.00124681636225
melina	CP5	32.000000	0.000726662634406
melina	CP5	33.000000	0.000428457104135
melina	CP5	34.000000	0.000256499246461
melina	CP5	35.000000	2.30899640883e-05
melina	CP5	36.000000	0.000310661445837
melina	CP5	37.000000	0.00124565884471
melina	CP5	38.000000	0.00110627466347
melina	CP5	39.000000	0.000818388711195
melina	CP5	40.000000	0.000369432789739
melina	CP5	41.000000	3.48182402377e-05
melina	CP5	42.000000	3.11020303343e-05
melina	CP5	43.000000	8.45511531224e-05
melina	CP5	44.000000	6.34108364466e-05
melina	CP5	45.000000	4.19208618041e-06
melina	CP5	46.000000	0.000191550963791
melina	CP5	47.000000	0.000488422927447
melina	CP5	48.000000	0.000142351811519
melina	CP5	49.000000	1.35381515065e-05
melina	CP5	50.000000	0.000255392602412
melina	CP5	51.000000	0.000250416836934
melina	CP5	52.000000	0.00011135560635
melina	CP5	53.000000	0.000141432305099
melina	CP5	54.000000	0.000154853056301
melina	CP5	55.000000	0.000365645682905
melina	CP5	56.000000	0.00011666030332
melina	CP5	57.000000	0.000129785577883
melina	CP5	58.000000	0.000383777573006
melina	CP5	59.000000	0.000329328962835
melina	CP5	60.000000	9.35619391385e-05
melina	CP5	61.000000	5.63587418583e-05
melina	CP5	62.000000	1.82808471436e-05
melina	CP5	63.000000	2.82888527181e-06
melina	CP5	64.000000	5.93531410686e-07
melina	CP5	65.000000	1.0532402257e-06
melina	CP5	66.000000	1.54754197865e-05
melina	CP5	67.000000	2.99916428048e-05
melina	CP5	68.000000	4.46983103757e-05
melina	CP5	69.000000	0.000125732214656
melina	CP5	70.000000	0.000113296577183
melina	CP5	71.000000	2.02064838959e-05
melina	CP5	72.000000	1.81464311027e-05
melina	CP5	73.000000	1.97766403289e-05
melina	CP5	74.000000	2.43691447395e-05
melina	CP5	75.000000	2.60866436292e-05
melina	CP5	76.000000	1.92811967281e-05
melina	CP5	77.000000	1.11192675831e-05
melina	CP5	78.000000	2.5943685614e-05
melina	CP5	79.000000	0.000176746107172
melina	CP5	80.000000	0.000225512863835
melina	T7	1.000000	0.199965104461
melina	T7	2.000000	0.0249000210315
melina	T7	3.000000	0.0423234477639
melina	T7	4.000000	0.00358833721839
melina	T7	5.000000	0.000420377997216
melina	T7	6.000000	0.00592575967312
melina	T7	7.000000	0.0170034561306
melina	T7	8.000000	0.000829005148262
melina	T7	9.000000	0.000961699464824
melina	T7	10.000000	0.000483988551423
melina	T7	11.000000	0.00216349284165
melina	T7	12.000000	0.00342088821344
melina	T7	13.000000	0.00336953345686
melina	T7	14.000000	0.00262282136828
melina	T7	15.000000	0.00229977536947
melina	T7	16.000000	0.00228045135736
melina	T7	17.000000	0.00356103596278
melina	T7	18.000000	0.00243432866409
melina	T7	19.000000	0.00158884399571
melina	T7	20.000000	0.000450366729638
melina	T7	21.000000	0.000268251693342
melina	T7	22.000000	0.000202122377232
melina	T7	23.000000	0.00270785088651
melina	T7	24.000000	0.00443486263976
melina	T7	25.000000	0.00133074261248
melina	T7	26.000000	0.000240328576183
melina	T7	27.000000	0.000117292394862
melina	T7	28.000000	0.000320621271385
melina	T7	29.000000	0.00125490897335
melina	T7	30.000000	0.00152193463873
melina	T7	31.000000	0.000775607652031
melina	T7	32.000000	0.00103994365782
melina	T7	33.000000	0.00128581933677
melina	T7	34.000000	0.000348455650965
melina	T7	35.000000	0.00149326364044
melina	T7	36.000000	0.00226490525529
melina	T7	37.000000	0.00153522379696
melina	T7	38.000000	0.000416926777689
melina	T7	39.000000	0.00225420971401
melina	T7	40.000000	0.00341143365949
melina	T7	41.000000	0.00187182473019
melina	T7	42.000000	0.000661154219415
melina	T7	43.000000	0.000422734825406
melina	T7	44.000000	0.000486314587761
melina	T7	45.000000	0.000319517304888
melina	T7	46.000000	0.000106722094642
melina	T7	47.000000	0.000265207054326
melina	T7	48.000000	0.000591018004343
melina	T7	49.000000	0.000545969582163
melina	T7	50.000000	0.000197570989258
melina	T7	51.000000	0.000835775805172
melina	T7	52.000000	0.000686531886458
melina	T7	53.000000	0.000372628303012
melina	T7	54.000000	0.000451988395071
melina	T7	55.000000	0.00154570583254
melina	T7	56.000000	0.000931175309233
melina	T7	57.000000	8.60577492858e-05
melina	T7	58.000000	0.00010140993254
melina	T7	59.000000	0.000126554150484
melina	T7	60.000000	0.000233505445067
melina	T7	61.000000	0.00021408086468
melina	T7	62.000000	0.000202664305107
melina	T7	63.000000	0.000208181954804
melina	T7	64.000000	0.000141646145494
melina	T7	65.000000	1.12901461762e-05
melina	T7	66.000000	0.000147126091179
melina	T7	67.000000	1.52072143464e-05
melina	T7	68.000000	4.97351857121e-06
melina	T7	69.000000	1.01036912383e-05
melina	T7	70.000000	0.000124486978166
melina	T7	71.000000	0.000386078638257
melina	T7	72.000000	0.000254672573647
melina	T7	73.000000	8.21187204565e-05
melina	T7	74.000000	0.000345951732015
melina	T7	75.000000	0.000511438818648
melina	T7	76.000000	0.000469431950478
melina	T7	77.000000	0.000500910333358
melina	T7	78.000000	0.000182872681762
melina	T7	79.000000	0.000158108465257
melina	T7	80.000000	0.000505539006554
melina	P7	1.000000	0.574602365494
melina	P7	2.000000	0.13891543448
melina	P7	3.000000	0.00248391740024
melina	P7	4.000000	0.000567272480112
melina	P7	5.000000	0.0057484912686
melina	P7	6.000000	0.00881508830935
melina	P7	7.000000	0.00417391303927
melina	P7	8.000000	0.00546753499657
melina	P7	9.000000	0.00318449526094
melina	P7	10.000000	0.00517332507297
melina	P7	11.000000	0.00205357908271
melina	P7	12.000000	0.00194474845193
melina	P7	13.000000	0.00116390234325
melina	P7	14.000000	0.00175493536517
melina	P7	15.000000	0.00224919081666
melina	P7	16.000000	0.000229478217079
melina	P7	17.000000	0.00359158008359
melina	P7	18.000000	0.00475711002946
melina	P7	19.000000	0.000640443759039
melina	P7	20.000000	0.00230051553808
melina	P7	21.000000	0.00149900547694
melina	P7	22.000000	0.000158792128786
melina	P7	23.000000	0.000854529615026
melina	P7	24.000000	0.000294828962069
melina	P7	25.000000	0.000370797410142
melina	P7	26.000000	0.000479608221212
melina	P7	27.000000	0.00108397495933
melina	P7	28.000000	0.00204409169964
melina	P7	29.000000	0.000550890516024
melina	P7	30.000000	1.69160387031e-06
melina	P7	31.000000	0.000169612903846
melina	P7	32.000000	0.000251535093412
melina	P7	33.000000	0.00134415214416
melina	P7	34.000000	0.000977191142738
melina	P7	35.000000	0.000259343360085
melina	P7	36.000000	0.000203464427614
melina	P7	37.000000	0.000153361688717
melina	P7	38.000000	0.000313262979034
melina	P7	39.000000	0.000491299142595
melina	P7	40.000000	0.000495893298648
melina	P7	41.000000	0.000270594784524
melina	P7	42.000000	0.000348951376509
melina	P7	43.000000	7.29155508452e-05
melina	P7	44.000000	7.59310933063e-05
melina	P7	45.000000	0.000453822198324
melina	P7	46.000000	0.00111667462625
melina	P7	47.000000	0.00123563036323
melina	P7	48.000000	0.000381989812013
melina	P7	49.000000	0.000136324291816
melina	P7	50.000000	0.000837101018988
melina	P7	51.000000	0.000792787235696
melina	P7	52.000000	0.000281020620605
melina	P7	53.000000	2.34761282627e-05
melina	P7	54.000000	0.000186341814697
melina	P7	55.000000	0.000194954744074
melina	P7	56.000000	0.000100385623227
melina	P7	57.000000	0.000121398326883
melina	P7	58.000000	3.08848138957e-05
melina	P7	59.000000	5.44750328118e-05
melina	P7	60.000000	0.00015509944933
melina	P7	61.000000	0.000127168110339
melina	P7	62.000000	3.33592724928e-05
melina	P7	63.000000	4.39391078544e-05
melina	P7	64.000000	5.73304132558e-05
melina	P7	65.000000	0.000201952483621
melina	P7	66.000000	1.76717021532e-05
melina	P7	67.000000	0.000101892532257
melina	P7	68.000000	4.16137081629e-05
melina	P7	69.000000	0.000142018892802
melina	P7	70.000000	0.000201773567824
melina	P7	71.000000	0.00032110378379
melina	P7	72.000000	3.79159973818e-06
melina	P7	73.000000	0.000138915551361
melina	P7	74.000000	3.03244705719e-05
melina	P7	75.000000	0.000107657207991
melina	P7	76.000000	1.78827685886e-05
melina	P7	77.000000	9.50680714595e-06
melina	P7	78.000000	7.10208314558e-06
melina	P7	79.000000	9.74309441517e-05
melina	P7	80.000000	0.000302813597955
zar	P8	1.000000	9.08944034576
zar	P8	2.000000	1.65511763096
zar	P8	3.000000	0.0419381074607
zar	P8	4.000000	0.143030017614
zar	P8	5.000000	0.0618397295475
zar	P8	6.000000	0.0252624973655
zar	P8	7.000000	0.00231758365408
zar	P8	8.000000	0.0348621085286
zar	P8	9.000000	0.0155094638467
zar	P8	10.000000	0.018171409145
zar	P8	11.000000	0.00758384959772
zar	P8	12.000000	0.00460515264422
zar	P8	13.000000	0.000913592171855
zar	P8	14.000000	0.00945229269564
zar	P8	15.000000	0.0033733737655
zar	P8	16.000000	0.0170986689627
zar	P8	17.000000	0.00694658188149
zar	P8	18.000000	0.000273627694696
zar	P8	19.000000	0.00293444516137
zar	P8	20.000000	0.01576044783
zar	P8	21.000000	0.00653481902555
zar	P8	22.000000	0.000784086820204
zar	P8	23.000000	0.00517991231754
zar	P8	24.000000	0.0110149169341
zar	P8	25.000000	0.00313312048092
zar	P8	26.000000	0.00155109190382
zar	P8	27.000000	0.000734396919142
zar	P8	28.000000	0.00161003204994
zar	P8	29.000000	0.00220343866386
zar	P8	30.000000	0.00428444100544
zar	P8	31.000000	0.00226513505913
zar	P8	32.000000	0.000901915889699
zar	P8	33.000000	0.000669132510666
zar	P8	34.000000	0.00277214753442
zar	P8	35.000000	0.00199271482415
zar	P8	36.000000	0.0012734674383
zar	P8	37.000000	6.17731493548e-05
zar	P8	38.000000	0.00136940041557
zar	P8	39.000000	0.00188032875303
zar	P8	40.000000	0.00211257603951
zar	P8	41.000000	0.00124837830663
zar	P8	42.000000	0.00125112349633
zar	P8	43.000000	0.000933140923735
zar	P8	44.000000	0.00193437119015
zar	P8	45.000000	0.000953378737904
zar	P8	46.000000	0.000318368227454
zar	P8	47.000000	0.00300791207701
zar	P8	48.000000	0.00235447799787
zar	P8	49.000000	9.57448137342e-05
zar	P8	50.000000	0.000838242645841
zar	P8	51.000000	0.000461490446469
zar	P8	52.000000	0.000291928561637
zar	P8	53.000000	0.000534655118827
zar	P8	54.000000	0.000169689446921
zar	P8	55.000000	0.000307723472361
zar	P8	56.000000	0.000412250956288
zar	P8	57.000000	9.59739772952e-05
zar	P8	58.000000	0.00149044755381
zar	P8	59.000000	0.000737588910852
zar	P8	60.000000	0.000270530057605
zar	P8	61.000000	0.000532866397407
zar	P8	62.000000	0.000392570829717
zar	P8	63.000000	7.33280612621e-05
zar	P8	64.000000	1.00765764728e-05
zar	P8	65.000000	0.000739260751288
zar	P8	66.000000	0.000442207063315
zar	P8	67.000000	0.000561964290682
zar	P8	68.000000	0.000892994750757
zar	P8	69.000000	0.000149390238221
zar	P8	70.000000	0.000206396856811
zar	P8	71.000000	8.11681020423e-05
zar	P8	72.000000	0.00029427462141
zar	P8	73.000000	0.000955352617893
zar	P8	74.000000	0.00038584441063
zar	P8	75.000000	0.000104028440546
zar	P8	76.000000	0.000105534025352
zar	P8	77.000000	0.000122934143292
zar	P8	78.000000	6.86988933012e-05
zar	P8	79.000000	0.00019848717784
zar	P8	80.000000	0.000178014772246
zar	T8	1.000000	0.240001663566
zar	T8	2.000000	0.130300715566
zar	T8	3.000000	0.116627492011
zar	T8	4.000000	0.0516145713627
zar	T8	5.000000	0.0260084774345
zar	T8	6.000000	0.025747358799
zar	T8	7.000000	0.0195459518582
zar	T8	8.000000	0.00187618250493
zar	T8	9.000000	0.00266320281662
zar	T8	10.000000	0.015448320657
zar	T8	11.000000	0.00984040461481
zar	T8	12.000000	0.00174789328594
zar	T8	13.000000	0.000310685980367
zar	T8	14.000000	0.000361255195457
zar	T8	15.000000	0.000832490739413
zar	T8	16.000000	0.00421531265602
zar	T8	17.000000	0.00206319359131
zar	T8	18.000000	0.00112224952318
zar	T8	19.000000	0.00154006155208
zar	T8	20.000000	0.00489121163264
zar	T8	21.000000	0.00660228636116
zar	T8	22.000000	0.00187229062431
zar	T8	23.000000	0.00748997274786
zar	T8	24.000000	0.000247325486271
zar	T8	25.000000	0.00127291795798
zar	T8	26.000000	0.00144267780706
zar	T8	27.000000	0.000839454180095
zar	T8	28.000000	0.00114259193651
zar	T8	29.000000	0.00119488337077
zar	T8	30.000000	0.000281160173472
zar	T8	31.000000	0.000878959777765
zar	T8	32.000000	0.0027391933836
zar	T8	33.000000	0.000111930821731
zar	T8	34.000000	0.00179459352512
zar	T8	35.000000	0.00153066217899
zar	T8	36.000000	0.00137253769208
zar	T8	37.000000	0.000107367399323
zar	T8	38.000000	0.00033725326648
zar	T8	39.000000	0.000247569696512
zar	T8	40.000000	0.00213669775985
zar	T8	41.000000	0.00276587461121
zar	T8	42.000000	0.00103934563231
zar	T8	43.000000	0.00144659075886
zar	T8	44.000000	0.00309342937544
zar	T8	45.000000	0.00142478605267
zar	T8	46.000000	0.00210688100196
zar	T8	47.000000	0.00282331951894
zar	T8	48.000000	0.000520441040862
zar	T8	49.000000	6.43436796963e-05
zar	T8	50.000000	9.93329958874e-05
zar	T8	51.000000	1.43384004332e-05
zar	T8	52.000000	0.00114217086229
zar	T8	53.000000	0.000969142012764
zar	T8	54.000000	0.000101417695987
zar	T8	55.000000	0.000273790006759
zar	T8	56.000000	0.000232473088545
zar	T8	57.000000	0.000930505688302
zar	T8	58.000000	0.000887368398253
zar	T8	59.000000	0.000128798841615
zar	T8	60.000000	1.69325958268e-05
zar	T8	61.000000	0.00048898399109
zar	T8	62.000000	0.000581145810429
zar	T8	63.000000	6.26630662737e-06
zar	T8	64.000000	0.000403640704462
zar	T8	65.000000	0.000398606585804
zar	T8	66.000000	0.000149303406943
zar	T8	67.000000	9.98501636786e-05
zar	T8	68.000000	0.000285643298412
zar	T8	69.000000	0.00033338018693
zar	T8	70.000000	0.000244651775574
zar	T8	71.000000	0.000705759506673
zar	T8	72.000000	0.000931720482185
zar	T8	73.000000	0.00142214819789
zar	T8	74.000000	0.000615072785877
zar	T8	75.000000	0.000766461074818
zar	T8	76.000000	0.00102147762664
zar	T8	77.000000	0.000366007210687
zar	T8	78.000000	0.000290317868348
zar	T8	79.000000	1.37888273457e-05
zar	T8	80.000000	0.000446630670922
zar	CP6	1.000000	0.59141176939
zar	CP6	2.000000	0.129128873348
zar	CP6	3.000000	0.00721621094272
zar	CP6	4.000000	0.0117608541623
zar	CP6	5.000000	0.00525063462555
zar	CP6	6.000000	0.00423597171903
zar	CP6	7.000000	0.0224003028125
zar	CP6	8.000000	0.00392669858411
zar	CP6	9.000000	0.0106668779626
zar	CP6	10.000000	0.0282231960446
zar	CP6	11.000000	0.0239606760442
zar	CP6	12.000000	0.0218845717609
zar	CP6	13.000000	0.00879507791251
zar	CP6	14.000000	0.00456937775016
zar	CP6	15.000000	0.000276877399301
zar	CP6	16.000000	0.00499804085121
zar	CP6	17.000000	0.00217177672312
zar	CP6	18.000000	0.00112784933299
zar	CP6	19.000000	0.000962152786087
zar	CP6	20.000000	0.00882437080145
zar	CP6	21.000000	0.0138054583222
zar	CP6	22.000000	0.00670807808638
zar	CP6	23.000000	0.00568977696821
zar	CP6	24.000000	2.52354002441e-05
zar	CP6	25.000000	0.000806372612715
zar	CP6	26.000000	0.000445589714218
zar	CP6	27.000000	0.000305372290313
zar	CP6	28.000000	0.000179569673492
zar	CP6	29.000000	8.96045894478e-05
zar	CP6	30.000000	0.000643393257633
zar	CP6	31.000000	0.000829218188301
zar	CP6	32.000000	0.00150849996135
zar	CP6	33.000000	0.00149827869609
zar	CP6	34.000000	0.000488713441882
zar	CP6	35.000000	0.000334181007929
zar	CP6	36.000000	3.03131455439e-05
zar	CP6	37.000000	0.00110142852645
zar	CP6	38.000000	0.00375682883896
zar	CP6	39.000000	0.00352727016434
zar	CP6	40.000000	7.95396335889e-05
zar	CP6	41.000000	5.10719437443e-05
zar	CP6	42.000000	1.60324525496e-05
zar	CP6	43.000000	0.000297662045341
zar	CP6	44.000000	0.000604628003202
zar	CP6	45.000000	0.000375837873435
zar	CP6	46.000000	9.68803360593e-05
zar	CP6	47.000000	6.16141405771e-05
zar	CP6	48.000000	0.000368252949556
zar	CP6	49.000000	0.0013054846786
zar	CP6	50.000000	0.000469633203465
zar	CP6	51.000000	0.000214118481381
zar	CP6	52.000000	0.000374619936338
zar	CP6	53.000000	0.00225410913117
zar	CP6	54.000000	0.00175716192462
zar	CP6	55.000000	0.0015373864444
zar	CP6	56.000000	0.000515772262588
zar	CP6	57.000000	0.000687580031808
zar	CP6	58.000000	0.00114435527939
zar	CP6	59.000000	0.000706059625372
zar	CP6	60.000000	9.72780981101e-05
zar	CP6	61.000000	0.000213324194192
zar	CP6	62.000000	1.12796460598e-05
zar	CP6	63.000000	0.000531831465196
zar	CP6	64.000000	0.000309854367515
zar	CP6	65.000000	0.000159101953614
zar	CP6	66.000000	0.000779110472649
zar	CP6	67.000000	0.000907566165552
zar	CP6	68.000000	0.000409542291891
zar	CP6	69.000000	0.000124404745293
zar	CP6	70.000000	0.000197083776584
zar	CP6	71.000000	0.000137972238008
zar	CP6	72.000000	0.000449279992608
zar	CP6	73.000000	0.00110642251093
zar	CP6	74.000000	0.000593517848756
zar	CP6	75.000000	0.000618707330432
zar	CP6	76.000000	0.000659307755996
zar	CP6	77.000000	0.000955401279498
zar	CP6	78.000000	0.00067348126322
zar	CP6	79.000000	0.000587470713072
zar	CP6	80.000000	0.000649840512779
zar	FC6	1.000000	3.76008462906
zar	FC6	2.000000	0.945680558681
zar	FC6	3.000000	0.0816760510206
zar	FC6	4.000000	0.00530867744237
zar	FC6	5.000000	0.0162409935147
zar	FC6	6.000000	0.0312831364572
zar	FC6	7.000000	0.00594457564875
zar	FC6	8.000000	0.00294979591854
zar	FC6	9.000000	0.000691853812896
zar	FC6	10.000000	0.00450680172071
zar	FC6	11.000000	0.00840968731791
zar	FC6	12.000000	0.00155266048387
zar	FC6	13.000000	0.0133163016289
zar	FC6	14.000000	0.00207761954516
zar	FC6	15.000000	0.00331271253526
zar	FC6	16.000000	0.000655523850583
zar	FC6	17.000000	0.0017943365965
zar	FC6	18.000000	0.0048820511438
zar	FC6	19.000000	0.00100786145777
zar	FC6	20.000000	0.00306607712992
zar	FC6	21.000000	0.00324757443741
zar	FC6	22.000000	0.000662455393467
zar	FC6	23.000000	0.00110103737097
zar	FC6	24.000000	0.000565977941733
zar	FC6	25.000000	0.00270945881493
zar	FC6	26.000000	0.00309423776343
zar	FC6	27.000000	0.0021922220476
zar	FC6	28.000000	0.000440308387624
zar	FC6	29.000000	0.00254682684317
zar	FC6	30.000000	0.00335677317344
zar	FC6	31.000000	0.00108937232289
zar	FC6	32.000000	0.00195865379646
zar	FC6	33.000000	0.00215950212441
zar	FC6	34.000000	0.000995472888462
zar	FC6	35.000000	0.000180434100912
zar	FC6	36.000000	0.000136534275953
zar	FC6	37.000000	3.39893858836e-07
zar	FC6	38.000000	2.09489189729e-05
zar	FC6	39.000000	7.55454093451e-05
zar	FC6	40.000000	3.31721530529e-05
zar	FC6	41.000000	0.000326904410031
zar	FC6	42.000000	0.000232824138948
zar	FC6	43.000000	0.000797485990915
zar	FC6	44.000000	0.000686062325258
zar	FC6	45.000000	2.44229959208e-05
zar	FC6	46.000000	1.23944173538e-05
zar	FC6	47.000000	4.94848027301e-05
zar	FC6	48.000000	0.000520357512869
zar	FC6	49.000000	0.000829248863738
zar	FC6	50.000000	0.000152311462443
zar	FC6	51.000000	0.00048154083197
zar	FC6	52.000000	0.0014916874934
zar	FC6	53.000000	0.000528258853592
zar	FC6	54.000000	0.000376354320906
zar	FC6	55.000000	0.00108262314461
zar	FC6	56.000000	0.000811946869362
zar	FC6	57.000000	0.000689277250785
zar	FC6	58.000000	0.00035502386163
zar	FC6	59.000000	0.000241928762989
zar	FC6	60.000000	1.60232393682e-05
zar	FC6	61.000000	3.04023160425e-05
zar	FC6	62.000000	0.000101643163362
zar	FC6	63.000000	0.000193742773263
zar	FC6	64.000000	6.84864426148e-05
zar	FC6	65.000000	2.30638815992e-05
zar	FC6	66.000000	0.000178984351805
zar	FC6	67.000000	0.000633482763078
zar	FC6	68.000000	0.000378799595637
zar	FC6	69.000000	0.00011133292719
zar	FC6	70.000000	0.000147083614138
zar	FC6	71.000000	2.52790941886e-05
zar	FC6	72.000000	5.64554518689e-08
zar	FC6	73.000000	6.73507747706e-05
zar	FC6	74.000000	4.23667806899e-05
zar	FC6	75.000000	0.000102153026091
zar	FC6	76.000000	0.000324073131196
zar	FC6	77.000000	0.000439357943833
zar	FC6	78.000000	5.8574405557e-05
zar	FC6	79.000000	6.49938374409e-05
zar	FC6	80.000000	0.000166822836036
zar	F8	1.000000	4.24361610413
zar	F8	2.000000	0.879798829556
zar	F8	3.000000	0.0742812901735
zar	F8	4.000000	0.020899489522
zar	F8	5.000000	0.0242884904146
zar	F8	6.000000	0.0441247932613
zar	F8	7.000000	0.0177166685462
zar	F8	8.000000	0.00304194958881
zar	F8	9.000000	0.00414145132527
zar	F8	10.000000	0.0265524722636
zar	F8	11.000000	0.00451864348724
zar	F8	12.000000	0.00527373515069
zar	F8	13.000000	0.000800173380412
zar	F8	14.000000	0.0111658116803
zar	F8	15.000000	0.00710529275239
zar	F8	16.000000	0.000625409826171
zar	F8	17.000000	0.00263304333203
zar	F8	18.000000	0.00572934281081
zar	F8	19.000000	0.00121532171033
zar	F8	20.000000	0.000317923055263
zar	F8	21.000000	0.00523301353678
zar	F8	22.000000	0.00202505290508
zar	F8	23.000000	0.0030892805662
zar	F8	24.000000	0.00664870766923
zar	F8	25.000000	0.000782331509981
zar	F8	26.000000	0.000121694371046
zar	F8	27.000000	0.000237632106291
zar	F8	28.000000	0.000181591807632
zar	F8	29.000000	0.00451654102653
zar	F8	30.000000	0.000877011974808
zar	F8	31.000000	0.0108636477962
zar	F8	32.000000	0.00892478507012
zar	F8	33.000000	0.00145353493281
zar	F8	34.000000	0.00197703484446
zar	F8	35.000000	0.000840479449835
zar	F8	36.000000	0.000418058945797
zar	F8	37.000000	0.000426237471402
zar	F8	38.000000	0.00267142732628
zar	F8	39.000000	0.00215676962398
zar	F8	40.000000	0.000410362437833
zar	F8	41.000000	0.0014756139135
zar	F8	42.000000	0.00218163547106
zar	F8	43.000000	0.00235539535061
zar	F8	44.000000	0.000214904022869
zar	F8	45.000000	0.000120794829854
zar	F8	46.000000	0.000258913380094
zar	F8	47.000000	0.000724379729945
zar	F8	48.000000	0.00174395483918
zar	F8	49.000000	0.00160947628319
zar	F8	50.000000	0.000527967815287
zar	F8	51.000000	0.000932533701416
zar	F8	52.000000	0.00183299987111
zar	F8	53.000000	0.000966912135482
zar	F8	54.000000	0.00150960718747
zar	F8	55.000000	0.00156433519442
zar	F8	56.000000	0.000920405436773
zar	F8	57.000000	0.000733889872208
zar	F8	58.000000	0.00155644817278
zar	F8	59.000000	0.00114882015623
zar	F8	60.000000	0.000575966434553
zar	F8	61.000000	0.000378019904019
zar	F8	62.000000	0.000606159446761
zar	F8	63.000000	0.000291665550321
zar	F8	64.000000	0.00111774448305
zar	F8	65.000000	0.00115112413187
zar	F8	66.000000	0.000693204754498
zar	F8	67.000000	0.000706380582415
zar	F8	68.000000	0.000173324951902
zar	F8	69.000000	0.000113789603347
zar	F8	70.000000	0.00132328690961
zar	F8	71.000000	0.00147846178152
zar	F8	72.000000	0.000265504146228
zar	F8	73.000000	6.22944062343e-05
zar	F8	74.000000	6.53416063869e-05
zar	F8	75.000000	3.02974949591e-05
zar	F8	76.000000	6.90900342306e-05
zar	F8	77.000000	8.50178985274e-05
zar	F8	78.000000	7.67515521147e-05
zar	F8	79.000000	0.000128275496536
zar	F8	80.000000	0.000307216396322
zar	F4	1.000000	8.21896362305
zar	F4	2.000000	2.06384086609
zar	F4	3.000000	0.107015185058
zar	F4	4.000000	0.0422888807952
zar	F4	5.000000	0.0433023385704
zar	F4	6.000000	0.010256735608
zar	F4	7.000000	0.000942564685829
zar	F4	8.000000	0.0151384174824
zar	F4	9.000000	0.0232582185417
zar	F4	10.000000	0.00899733044207
zar	F4	11.000000	0.00652362685651
zar	F4	12.000000	0.00712750246748
zar	F4	13.000000	0.00849618390203
zar	F4	14.000000	0.0168951470405
zar	F4	15.000000	0.000428050610935
zar	F4	16.000000	0.00024387553276
zar	F4	17.000000	0.00383411510848
zar	F4	18.000000	0.00935864727944
zar	F4	19.000000	0.00231854198501
zar	F4	20.000000	0.000586512323935
zar	F4	21.000000	0.00698073999956
zar	F4	22.000000	0.00355595676228
zar	F4	23.000000	0.00119034270756
zar	F4	24.000000	0.00249119033106
zar	F4	25.000000	0.000241226283833
zar	F4	26.000000	0.00197870610282
zar	F4	27.000000	0.00167250365485
zar	F4	28.000000	0.00186055980157
zar	F4	29.000000	0.00160202791449
zar	F4	30.000000	0.00241460930556
zar	F4	31.000000	0.00423035910353
zar	F4	32.000000	0.00117069843691
zar	F4	33.000000	0.000630488677416
zar	F4	34.000000	0.000709802785423
zar	F4	35.000000	0.000848470837809
zar	F4	36.000000	0.00302394037135
zar	F4	37.000000	0.00141322158743
zar	F4	38.000000	7.02820834704e-05
zar	F4	39.000000	9.75296934485e-05
zar	F4	40.000000	0.000313554599416
zar	F4	41.000000	0.00110363191925
zar	F4	42.000000	0.00523279607296
zar	F4	43.000000	0.0017610611394
zar	F4	44.000000	0.00315301888622
zar	F4	45.000000	0.000590561248828
zar	F4	46.000000	0.0012089824304
zar	F4	47.000000	0.0015729299048
zar	F4	48.000000	0.00162679969799
zar	F4	49.000000	0.00124788295943
zar	F4	50.000000	0.00065586034907
zar	F4	51.000000	0.000141220603837
zar	F4	52.000000	0.000763381016441
zar	F4	53.000000	0.000699850730598
zar	F4	54.000000	0.00134049518965
zar	F4	55.000000	0.00048136577243
zar	F4	56.000000	0.000374223454855
zar	F4	57.000000	0.000541730842087
zar	F4	58.000000	0.00040515899309
zar	F4	59.000000	0.00208164122887
zar	F4	60.000000	0.000659882673062
zar	F4	61.000000	0.000356865348294
zar	F4	62.000000	0.000573592900764
zar	F4	63.000000	0.000535676779691
zar	F4	64.000000	0.00130543368869
zar	F4	65.000000	0.0012463668827
zar	F4	66.000000	0.000570384319872
zar	F4	67.000000	0.0010430890834
zar	F4	68.000000	0.00182384590153
zar	F4	69.000000	0.000982942059636
zar	F4	70.000000	0.000167970560142
zar	F4	71.000000	0.000177094858373
zar	F4	72.000000	0.00078826060053
zar	F4	73.000000	0.00264984066598
zar	F4	74.000000	0.00129491975531
zar	F4	75.000000	0.000193430503714
zar	F4	76.000000	3.45007938449e-05
zar	F4	77.000000	0.000160935815074
zar	F4	78.000000	0.000160572002642
zar	F4	79.000000	7.95338928583e-05
zar	F4	80.000000	0.000406712264521
zar	C4	1.000000	3.4418258667
zar	C4	2.000000	1.15139770508
zar	C4	3.000000	0.0661630034447
zar	C4	4.000000	0.0175364390016
zar	C4	5.000000	0.0224309191108
zar	C4	6.000000	0.0139152612537
zar	C4	7.000000	0.0107059367001
zar	C4	8.000000	0.00151333794929
zar	C4	9.000000	0.00145565532148
zar	C4	10.000000	0.0311447381973
zar	C4	11.000000	0.0175974685699
zar	C4	12.000000	0.00382474670187
zar	C4	13.000000	0.00152511405759
zar	C4	14.000000	0.00427566515282
zar	C4	15.000000	0.00468014273793
zar	C4	16.000000	0.00249006669037
zar	C4	17.000000	0.00118623790331
zar	C4	18.000000	7.40134009902e-06
zar	C4	19.000000	0.00176165520679
zar	C4	20.000000	0.00331718358211
zar	C4	21.000000	0.00520303612575
zar	C4	22.000000	0.00129373394884
zar	C4	23.000000	0.000211541802855
zar	C4	24.000000	0.000114919013868
zar	C4	25.000000	0.000139388226671
zar	C4	26.000000	5.70830816287e-05
zar	C4	27.000000	5.95159472141e-05
zar	C4	28.000000	0.000656524382066
zar	C4	29.000000	0.000744634133298
zar	C4	30.000000	0.00344653474167
zar	C4	31.000000	0.00327423331328
zar	C4	32.000000	0.000585787405726
zar	C4	33.000000	0.000195984815946
zar	C4	34.000000	0.000219269946683
zar	C4	35.000000	0.00172292510979
zar	C4	36.000000	0.00159773067571
zar	C4	37.000000	0.00435497285798
zar	C4	38.000000	0.00209349743091
zar	C4	39.000000	0.000746230594814
zar	C4	40.000000	0.00149590312503
zar	C4	41.000000	0.000578722043429
zar	C4	42.000000	0.000113944217446
zar	C4	43.000000	6.21836225037e-05
zar	C4	44.000000	0.000687535095494
zar	C4	45.000000	0.000634100753814
zar	C4	46.000000	0.000550159718841
zar	C4	47.000000	0.000387788459193
zar	C4	48.000000	1.55519755936e-05
zar	C4	49.000000	0.000139817173476
zar	C4	50.000000	0.000397681636969
zar	C4	51.000000	0.000853904290125
zar	C4	52.000000	0.000672085036058
zar	C4	53.000000	0.000747054407839
zar	C4	54.000000	0.000397815456381
zar	C4	55.000000	9.79057513177e-05
zar	C4	56.000000	0.00106178596616
zar	C4	57.000000	0.000777787703555
zar	C4	58.000000	6.59058787278e-05
zar	C4	59.000000	0.000528615317307
zar	C4	60.000000	0.000209278878174
zar	C4	61.000000	0.000194782231119
zar	C4	62.000000	0.000439504394308
zar	C4	63.000000	8.38970154291e-05
zar	C4	64.000000	0.000158094248036
zar	C4	65.000000	0.00118173635565
zar	C4	66.000000	0.00118319818284
zar	C4	67.000000	0.000190983017092
zar	C4	68.000000	0.000591141404584
zar	C4	69.000000	5.25512041349e-05
zar	C4	70.000000	0.000125594146084
zar	C4	71.000000	0.000114356276754
zar	C4	72.000000	5.29835233465e-05
zar	C4	73.000000	4.5017546654e-05
zar	C4	74.000000	4.32769193139e-05
zar	C4	75.000000	2.24763007282e-05
zar	C4	76.000000	1.53213077283e-05
zar	C4	77.000000	5.01756767335e-05
zar	C4	78.000000	0.000231440120842
zar	C4	79.000000	6.16792458459e-05
zar	C4	80.000000	6.35468168184e-05
zar	P4	1.000000	0.459366947412
zar	P4	2.000000	0.107054203749
zar	P4	3.000000	0.000443273165729
zar	P4	4.000000	0.0103769348934
zar	P4	5.000000	0.0219763871282
zar	P4	6.000000	0.00611939746886
zar	P4	7.000000	0.0057257427834
zar	P4	8.000000	0.00732324272394
zar	P4	9.000000	0.00505947554484
zar	P4	10.000000	0.0199704058468
zar	P4	11.000000	0.00946382619441
zar	P4	12.000000	0.00328572839499
zar	P4	13.000000	0.000402503676014
zar	P4	14.000000	0.00486153783277
zar	P4	15.000000	0.00556995393708
zar	P4	16.000000	0.00136684684549
zar	P4	17.000000	0.00135812046938
zar	P4	18.000000	0.00653527863324
zar	P4	19.000000	0.00711036333814
zar	P4	20.000000	0.014196453616
zar	P4	21.000000	0.00567013304681
zar	P4	22.000000	0.00186893343925
zar	P4	23.000000	0.000226012038183
zar	P4	24.000000	0.00125311792362
zar	P4	25.000000	0.000387093314203
zar	P4	26.000000	0.00254306918941
zar	P4	27.000000	0.000556830724236
zar	P4	28.000000	0.00100440974347
zar	P4	29.000000	0.00158971734345
zar	P4	30.000000	0.000580203370191
zar	P4	31.000000	0.00125837407541
zar	P4	32.000000	0.000984931364655
zar	P4	33.000000	0.000773181614932
zar	P4	34.000000	0.000472615880426
zar	P4	35.000000	0.000192480234546
zar	P4	36.000000	0.000631749921013
zar	P4	37.000000	0.000232994716498
zar	P4	38.000000	0.00111877347808
zar	P4	39.000000	0.00109248887748
zar	P4	40.000000	0.000834798731375
zar	P4	41.000000	0.000559107051231
zar	P4	42.000000	0.000390449800761
zar	P4	43.000000	0.000694711750839
zar	P4	44.000000	0.000397837196942
zar	P4	45.000000	0.000405983795645
zar	P4	46.000000	0.0013586973073
zar	P4	47.000000	0.000983180943877
zar	P4	48.000000	0.000693247595336
zar	P4	49.000000	0.00070451956708
zar	P4	50.000000	9.3427603133e-05
zar	P4	51.000000	0.000341139588272
zar	P4	52.000000	0.00018503073079
zar	P4	53.000000	1.00877678051e-05
zar	P4	54.000000	9.8820484709e-05
zar	P4	55.000000	0.000650160305668
zar	P4	56.000000	0.00038940628292
zar	P4	57.000000	1.37325116611e-06
zar	P4	58.000000	0.00015763893316
zar	P4	59.000000	5.07364120494e-06
zar	P4	60.000000	0.000599809398409
zar	P4	61.000000	0.000736165442504
zar	P4	62.000000	0.00087680015713
zar	P4	63.000000	0.000460771669168
zar	P4	64.000000	0.000184155229363
zar	P4	65.000000	7.35169887776e-05
zar	P4	66.000000	0.000108135136543
zar	P4	67.000000	0.000118487594591
zar	P4	68.000000	0.00018471160729
zar	P4	69.000000	6.51172231301e-05
zar	P4	70.000000	0.000163562217494
zar	P4	71.000000	0.000560966320336
zar	P4	72.000000	0.000480762275402
zar	P4	73.000000	0.000443746568635
zar	P4	74.000000	0.000372854585294
zar	P4	75.000000	0.000214859392145
zar	P4	76.000000	0.000256123661529
zar	P4	77.000000	4.98230110679e-05
zar	P4	78.000000	0.000191043800442
zar	P4	79.000000	0.000548517215066
zar	P4	80.000000	8.16663668957e-05
zar	AF4	1.000000	8.28993415833
zar	AF4	2.000000	2.04567837715
zar	AF4	3.000000	0.106785446405
zar	AF4	4.000000	0.0441231839359
zar	AF4	5.000000	0.0547787547112
zar	AF4	6.000000	0.00970854982734
zar	AF4	7.000000	0.000251513934927
zar	AF4	8.000000	0.0132633727044
zar	AF4	9.000000	0.0272291917354
zar	AF4	10.000000	0.0104372845963
zar	AF4	11.000000	0.00502473022789
zar	AF4	12.000000	0.0020666513592
zar	AF4	13.000000	0.0125842886046
zar	AF4	14.000000	0.0181452650577
zar	AF4	15.000000	0.000823809765279
zar	AF4	16.000000	0.000121949487948
zar	AF4	17.000000	0.00211705919355
zar	AF4	18.000000	0.00632552010939
zar	AF4	19.000000	0.0029736221768
zar	AF4	20.000000	0.000645290187094
zar	AF4	21.000000	0.0106971282512
zar	AF4	22.000000	0.0063222036697
zar	AF4	23.000000	0.000708120991476
zar	AF4	24.000000	0.00154095108155
zar	AF4	25.000000	1.33874027597e-05
zar	AF4	26.000000	0.00373705220409
zar	AF4	27.000000	0.00324308476411
zar	AF4	28.000000	0.00165641610511
zar	AF4	29.000000	0.000800173322205
zar	AF4	30.000000	0.00383024360053
zar	AF4	31.000000	0.0052581448108
zar	AF4	32.000000	0.000216072934563
zar	AF4	33.000000	0.00187328411266
zar	AF4	34.000000	0.00163942400832
zar	AF4	35.000000	0.00052842736477
zar	AF4	36.000000	0.00235493737273
zar	AF4	37.000000	0.00233063171618
zar	AF4	38.000000	0.000882818305399
zar	AF4	39.000000	0.000107278763608
zar	AF4	40.000000	0.00154237425886
zar	AF4	41.000000	0.000518635381013
zar	AF4	42.000000	0.00272788410075
zar	AF4	43.000000	0.00226052268408
zar	AF4	44.000000	0.00626156758517
zar	AF4	45.000000	0.00584114622325
zar	AF4	46.000000	0.00188723555766
zar	AF4	47.000000	0.00139299768489
zar	AF4	48.000000	0.00106171553489
zar	AF4	49.000000	0.000375495204935
zar	AF4	50.000000	0.000891164701898
zar	AF4	51.000000	0.000245121744229
zar	AF4	52.000000	0.000580190040637
zar	AF4	53.000000	0.000651146401651
zar	AF4	54.000000	0.00200030067936
zar	AF4	55.000000	0.000577865459491
zar	AF4	56.000000	0.00088496733224
zar	AF4	57.000000	0.00106461509131
zar	AF4	58.000000	0.00103389215656
zar	AF4	59.000000	0.00281374063343
zar	AF4	60.000000	0.00130763684865
zar	AF4	61.000000	0.000597773585469
zar	AF4	62.000000	0.000908204179723
zar	AF4	63.000000	0.000832347548567
zar	AF4	64.000000	0.00153321493417
zar	AF4	65.000000	0.00143049878534
zar	AF4	66.000000	0.000427577237133
zar	AF4	67.000000	0.000133504989208
zar	AF4	68.000000	0.00051377271302
zar	AF4	69.000000	0.000691244611517
zar	AF4	70.000000	0.000313969008857
zar	AF4	71.000000	0.000186519624549
zar	AF4	72.000000	0.001302109682
zar	AF4	73.000000	0.00202686386183
zar	AF4	74.000000	0.000128468309413
zar	AF4	75.000000	0.000752548396122
zar	AF4	76.000000	0.000740140618291
zar	AF4	77.000000	0.000117573705211
zar	AF4	78.000000	0.000614938850049
zar	AF4	79.000000	0.000353028415702
zar	AF4	80.000000	0.000973281392362
zar	Fp2	1.000000	6.88461685181
zar	Fp2	2.000000	1.29263234138
zar	Fp2	3.000000	0.163419902325
zar	Fp2	4.000000	0.0308211203665
zar	Fp2	5.000000	0.0318036265671
zar	Fp2	6.000000	0.0469109900296
zar	Fp2	7.000000	0.0529249496758
zar	Fp2	8.000000	0.0951387509704
zar	Fp2	9.000000	0.0142763722688
zar	Fp2	10.000000	0.016821410507
zar	Fp2	11.000000	0.0129125108942
zar	Fp2	12.000000	0.000140491567436
zar	Fp2	13.000000	0.0176125522703
zar	Fp2	14.000000	0.00977517291903
zar	Fp2	15.000000	0.0165636930615
zar	Fp2	16.000000	0.00464758649468
zar	Fp2	17.000000	0.000578841660172
zar	Fp2	18.000000	0.0596718266606
zar	Fp2	19.000000	0.0170150678605
zar	Fp2	20.000000	0.0306124407798
zar	Fp2	21.000000	0.0148444101214
zar	Fp2	22.000000	0.0878689289093
zar	Fp2	23.000000	0.0159987714142
zar	Fp2	24.000000	0.0231243669987
zar	Fp2	25.000000	0.00355052761734
zar	Fp2	26.000000	0.0139318741858
zar	Fp2	27.000000	0.0301799178123
zar	Fp2	28.000000	0.0215461142361
zar	Fp2	29.000000	0.0144428210333
zar	Fp2	30.000000	0.0118232928216
zar	Fp2	31.000000	0.00557626178488
zar	Fp2	32.000000	0.00279511627741
zar	Fp2	33.000000	0.00573710771278
zar	Fp2	34.000000	0.00134996895213
zar	Fp2	35.000000	0.00309441355057
zar	Fp2	36.000000	0.0140917170793
zar	Fp2	37.000000	0.0181055869907
zar	Fp2	38.000000	0.023982975632
zar	Fp2	39.000000	0.00334651488811
zar	Fp2	40.000000	3.04401078211e-06
zar	Fp2	41.000000	0.00424271030352
zar	Fp2	42.000000	0.0171549990773
zar	Fp2	43.000000	0.00525973271579
zar	Fp2	44.000000	0.000278513325611
zar	Fp2	45.000000	0.00131241034251
zar	Fp2	46.000000	0.00635031843558
zar	Fp2	47.000000	0.00537743233144
zar	Fp2	48.000000	0.000546483148355
zar	Fp2	49.000000	0.00100641069002
zar	Fp2	50.000000	0.00265003368258
zar	Fp2	51.000000	0.00027294550091
zar	Fp2	52.000000	0.00354175502434
zar	Fp2	53.000000	0.000998457428068
zar	Fp2	54.000000	0.011598220095
zar	Fp2	55.000000	0.00597646273673
zar	Fp2	56.000000	0.0037375818938
zar	Fp2	57.000000	0.00414041895419
zar	Fp2	58.000000	0.00244581210427
zar	Fp2	59.000000	0.0051224892959
zar	Fp2	60.000000	0.00131102337036
zar	Fp2	61.000000	0.00051325786626
zar	Fp2	62.000000	0.000685886479914
zar	Fp2	63.000000	0.00153398013208
zar	Fp2	64.000000	0.00176497222856
zar	Fp2	65.000000	0.00409394456074
zar	Fp2	66.000000	0.0111468825489
zar	Fp2	67.000000	0.0107108233497
zar	Fp2	68.000000	0.00937521271408
zar	Fp2	69.000000	0.00202553882264
zar	Fp2	70.000000	0.00245940755121
zar	Fp2	71.000000	0.00234822323546
zar	Fp2	72.000000	0.00121097289957
zar	Fp2	73.000000	0.00499734189361
zar	Fp2	74.000000	0.0013785099145
zar	Fp2	75.000000	7.28931117919e-05
zar	Fp2	76.000000	0.000335550837917
zar	Fp2	77.000000	0.000345352746081
zar	Fp2	78.000000	0.000174680782948
zar	Fp2	79.000000	0.00104152446147
zar	Fp2	80.000000	0.000952507776674
zar	Fp1	1.000000	5.76525735855
zar	Fp1	2.000000	0.571772575378
zar	Fp1	3.000000	0.129399731755
zar	Fp1	4.000000	0.094291575253
zar	Fp1	5.000000	0.0401620566845
zar	Fp1	6.000000	0.00227583223023
zar	Fp1	7.000000	0.0420892946422
zar	Fp1	8.000000	0.0581575222313
zar	Fp1	9.000000	0.0315990895033
zar	Fp1	10.000000	0.0709301903844
zar	Fp1	11.000000	0.0188639163971
zar	Fp1	12.000000	0.00718955509365
zar	Fp1	13.000000	0.00823351088911
zar	Fp1	14.000000	0.00590754672885
zar	Fp1	15.000000	0.00378194754012
zar	Fp1	16.000000	0.00709927035496
zar	Fp1	17.000000	0.00891747325659
zar	Fp1	18.000000	0.0192719064653
zar	Fp1	19.000000	0.0396300405264
zar	Fp1	20.000000	0.219285875559
zar	Fp1	21.000000	0.116151183844
zar	Fp1	22.000000	0.00329928682186
zar	Fp1	23.000000	0.000459687726106
zar	Fp1	24.000000	0.00468051852658
zar	Fp1	25.000000	0.0191855896264
zar	Fp1	26.000000	0.0140355918556
zar	Fp1	27.000000	0.000670625595376
zar	Fp1	28.000000	0.00838015414774
zar	Fp1	29.000000	0.00418365048245
zar	Fp1	30.000000	0.00564787210897
zar	Fp1	31.000000	0.0134941060096
zar	Fp1	32.000000	0.00964728556573
zar	Fp1	33.000000	0.0371783263981
zar	Fp1	34.000000	0.027118679136
zar	Fp1	35.000000	0.0148706678301
zar	Fp1	36.000000	0.00564770400524
zar	Fp1	37.000000	0.00918755028397
zar	Fp1	38.000000	0.0214976556599
zar	Fp1	39.000000	0.0255629345775
zar	Fp1	40.000000	0.00536591606215
zar	Fp1	41.000000	0.00365521362983
zar	Fp1	42.000000	0.00227260752581
zar	Fp1	43.000000	0.007045048289
zar	Fp1	44.000000	0.0161978024989
zar	Fp1	45.000000	0.00746110361069
zar	Fp1	46.000000	0.0103462710977
zar	Fp1	47.000000	0.0082574756816
zar	Fp1	48.000000	0.0129860304296
zar	Fp1	49.000000	0.0169834885746
zar	Fp1	50.000000	0.0126260817051
zar	Fp1	51.000000	0.00509295286611
zar	Fp1	52.000000	2.20807469304e-05
zar	Fp1	53.000000	0.00148514367174
zar	Fp1	54.000000	0.000802482711151
zar	Fp1	55.000000	0.000589499308262
zar	Fp1	56.000000	0.000189152618987
zar	Fp1	57.000000	0.000660401128698
zar	Fp1	58.000000	0.0053819604218
zar	Fp1	59.000000	0.0221847221255
zar	Fp1	60.000000	0.00613259430975
zar	Fp1	61.000000	0.009282682091
zar	Fp1	62.000000	0.0135813681409
zar	Fp1	63.000000	0.00482902023941
zar	Fp1	64.000000	0.00234244135208
zar	Fp1	65.000000	0.008763467893
zar	Fp1	66.000000	0.00879597384483
zar	Fp1	67.000000	0.000446785590611
zar	Fp1	68.000000	0.00114219728857
zar	Fp1	69.000000	0.000896776327863
zar	Fp1	70.000000	0.000333004340064
zar	Fp1	71.000000	0.00385155831464
zar	Fp1	72.000000	0.00156547036022
zar	Fp1	73.000000	0.00344978715293
zar	Fp1	74.000000	0.0040716836229
zar	Fp1	75.000000	0.00556935137138
zar	Fp1	76.000000	0.00752539839596
zar	Fp1	77.000000	0.00496578263119
zar	Fp1	78.000000	0.00220056483522
zar	Fp1	79.000000	0.00157241197303
zar	Fp1	80.000000	0.000654278555885
zar	AF3	1.000000	5.51674795151
zar	AF3	2.000000	1.15192818642
zar	AF3	3.000000	0.0616239868104
zar	AF3	4.000000	0.182919576764
zar	AF3	5.000000	0.081603102386
zar	AF3	6.000000	0.00841854140162
zar	AF3	7.000000	0.00939873512834
zar	AF3	8.000000	0.0497706569731
zar	AF3	9.000000	0.0364671722054
zar	AF3	10.000000	0.0102115757763
zar	AF3	11.000000	0.00847860984504
zar	AF3	12.000000	0.0312081370503
zar	AF3	13.000000	0.00163660629187
zar	AF3	14.000000	0.0109548382461
zar	AF3	15.000000	0.0102323181927
zar	AF3	16.000000	0.0119697749615
zar	AF3	17.000000	0.00234259059653
zar	AF3	18.000000	0.00279190856963
zar	AF3	19.000000	0.00311466050334
zar	AF3	20.000000	0.0129329487681
zar	AF3	21.000000	0.000645117368549
zar	AF3	22.000000	0.00994035229087
zar	AF3	23.000000	0.0100288167596
zar	AF3	24.000000	9.88409883576e-05
zar	AF3	25.000000	0.00171136274002
zar	AF3	26.000000	0.00523668108508
zar	AF3	27.000000	0.0019796686247
zar	AF3	28.000000	0.000831029203255
zar	AF3	29.000000	0.00164813548326
zar	AF3	30.000000	0.00052475836128
zar	AF3	31.000000	0.000719936098903
zar	AF3	32.000000	0.000873454846442
zar	AF3	33.000000	0.00067501392914
zar	AF3	34.000000	0.00154771865346
zar	AF3	35.000000	0.00170679262374
zar	AF3	36.000000	0.000314309145324
zar	AF3	37.000000	0.000194056177861
zar	AF3	38.000000	0.000591580115724
zar	AF3	39.000000	0.00179799832404
zar	AF3	40.000000	0.00165849353652
zar	AF3	41.000000	0.002505781129
zar	AF3	42.000000	0.000830420001876
zar	AF3	43.000000	0.000279304076685
zar	AF3	44.000000	0.00223228055984
zar	AF3	45.000000	0.00106871500611
zar	AF3	46.000000	4.77755202155e-05
zar	AF3	47.000000	0.000845809292514
zar	AF3	48.000000	0.000722960510757
zar	AF3	49.000000	0.0010797707364
zar	AF3	50.000000	0.00184043264017
zar	AF3	51.000000	0.000231838857871
zar	AF3	52.000000	0.000476097600767
zar	AF3	53.000000	0.000819551816676
zar	AF3	54.000000	0.000288062350592
zar	AF3	55.000000	0.000407611543778
zar	AF3	56.000000	0.000431854597991
zar	AF3	57.000000	0.000130214524688
zar	AF3	58.000000	2.82500095636e-05
zar	AF3	59.000000	0.000230702542467
zar	AF3	60.000000	0.000186747536645
zar	AF3	61.000000	0.000665162340738
zar	AF3	62.000000	0.000249200180406
zar	AF3	63.000000	0.000142531076563
zar	AF3	64.000000	4.81121569464e-05
zar	AF3	65.000000	0.000333139352733
zar	AF3	66.000000	0.000699628610164
zar	AF3	67.000000	0.000904649845324
zar	AF3	68.000000	0.000377110292902
zar	AF3	69.000000	0.000309594266582
zar	AF3	70.000000	0.000379217439331
zar	AF3	71.000000	4.45519108325e-05
zar	AF3	72.000000	6.577950262e-05
zar	AF3	73.000000	4.99454108649e-05
zar	AF3	74.000000	0.000251125951763
zar	AF3	75.000000	0.00021076160192
zar	AF3	76.000000	0.000290319469059
zar	AF3	77.000000	0.000164076584042
zar	AF3	78.000000	0.000176539004315
zar	AF3	79.000000	0.000102394311398
zar	AF3	80.000000	0.000406266248319
zar	FC2	1.000000	8.8330078125
zar	FC2	2.000000	2.73651099205
zar	FC2	3.000000	0.133617728949
zar	FC2	4.000000	0.0979984104633
zar	FC2	5.000000	0.0864684432745
zar	FC2	6.000000	0.0128181409091
zar	FC2	7.000000	0.0167572014034
zar	FC2	8.000000	0.0400669761002
zar	FC2	9.000000	0.0279141869396
zar	FC2	10.000000	0.001935090404
zar	FC2	11.000000	0.000757796573453
zar	FC2	12.000000	0.0122328763828
zar	FC2	13.000000	0.00222484464757
zar	FC2	14.000000	0.0090950820595
zar	FC2	15.000000	0.0051140608266
zar	FC2	16.000000	0.0149489222094
zar	FC2	17.000000	0.00246267369948
zar	FC2	18.000000	0.000772059895098
zar	FC2	19.000000	0.00869860686362
zar	FC2	20.000000	0.0171737018973
zar	FC2	21.000000	0.00267477263696
zar	FC2	22.000000	0.00174858153332
zar	FC2	23.000000	0.00156858505215
zar	FC2	24.000000	0.000525493524037
zar	FC2	25.000000	2.69665761152e-05
zar	FC2	26.000000	0.000406969542382
zar	FC2	27.000000	0.00353664974682
zar	FC2	28.000000	0.00243053212762
zar	FC2	29.000000	0.000283406057861
zar	FC2	30.000000	0.00194672099315
zar	FC2	31.000000	0.00466440385208
zar	FC2	32.000000	0.00232595601119
zar	FC2	33.000000	0.00111448927782
zar	FC2	34.000000	0.00115218118299
zar	FC2	35.000000	0.00037189151044
zar	FC2	36.000000	0.000100067103631
zar	FC2	37.000000	5.51446210011e-05
zar	FC2	38.000000	0.000990362255834
zar	FC2	39.000000	0.00182358152233
zar	FC2	40.000000	0.00333372340538
zar	FC2	41.000000	0.000851656775922
zar	FC2	42.000000	9.20152742765e-05
zar	FC2	43.000000	0.00104919925798
zar	FC2	44.000000	0.00129324954469
zar	FC2	45.000000	0.000781428767368
zar	FC2	46.000000	0.000234604245634
zar	FC2	47.000000	0.000132045912324
zar	FC2	48.000000	2.36875312112e-05
zar	FC2	49.000000	0.000858431740198
zar	FC2	50.000000	0.00164156220853
zar	FC2	51.000000	0.00196048687212
zar	FC2	52.000000	0.00135576969478
zar	FC2	53.000000	0.000760862661991
zar	FC2	54.000000	0.000626937369816
zar	FC2	55.000000	0.000107938329165
zar	FC2	56.000000	8.96402561921e-05
zar	FC2	57.000000	0.000262328510871
zar	FC2	58.000000	0.000726513273548
zar	FC2	59.000000	0.000979540869594
zar	FC2	60.000000	0.000360684935004
zar	FC2	61.000000	0.000542694004253
zar	FC2	62.000000	0.00268793292344
zar	FC2	63.000000	0.00150651496369
zar	FC2	64.000000	5.31451769348e-05
zar	FC2	65.000000	8.22669026093e-05
zar	FC2	66.000000	4.25895996159e-05
zar	FC2	67.000000	0.000437191920355
zar	FC2	68.000000	0.000102721263829
zar	FC2	69.000000	0.0003968103847
zar	FC2	70.000000	0.00079302402446
zar	FC2	71.000000	0.000773712527007
zar	FC2	72.000000	0.00147329445463
zar	FC2	73.000000	0.00144086836372
zar	FC2	74.000000	0.000294081983157
zar	FC2	75.000000	0.000171771724126
zar	FC2	76.000000	3.12966403726e-05
zar	FC2	77.000000	0.000202187991817
zar	FC2	78.000000	5.12359001732e-05
zar	FC2	79.000000	0.00053573702462
zar	FC2	80.000000	0.000705357524566
zar	Cz	1.000000	5.53993654251
zar	Cz	2.000000	1.28841507435
zar	Cz	3.000000	0.0938723087311
zar	Cz	4.000000	0.140192583203
zar	Cz	5.000000	0.0735149309039
zar	Cz	6.000000	0.00607194006443
zar	Cz	7.000000	0.00575901940465
zar	Cz	8.000000	0.0487244985998
zar	Cz	9.000000	0.0371198914945
zar	Cz	10.000000	0.0138454595581
zar	Cz	11.000000	0.00171860936098
zar	Cz	12.000000	0.0350420922041
zar	Cz	13.000000	0.00367511762306
zar	Cz	14.000000	0.00377255911008
zar	Cz	15.000000	0.0069866059348
zar	Cz	16.000000	0.0171515215188
zar	Cz	17.000000	0.00517098512501
zar	Cz	18.000000	0.00205158349127
zar	Cz	19.000000	0.00266540702432
zar	Cz	20.000000	0.0130795063451
zar	Cz	21.000000	0.000353396375431
zar	Cz	22.000000	0.00814771652222
zar	Cz	23.000000	0.0153044695035
zar	Cz	24.000000	0.00124351656996
zar	Cz	25.000000	0.000166737736436
zar	Cz	26.000000	0.000607392576057
zar	Cz	27.000000	0.000505712989252
zar	Cz	28.000000	0.000113275345939
zar	Cz	29.000000	0.000109484273707
zar	Cz	30.000000	0.000183148542419
zar	Cz	31.000000	0.000552828947548
zar	Cz	32.000000	0.00103063648567
zar	Cz	33.000000	0.00152498739772
zar	Cz	34.000000	0.00181455363054
zar	Cz	35.000000	0.000848771713208
zar	Cz	36.000000	5.61140659556e-05
zar	Cz	37.000000	6.71140660415e-05
zar	Cz	38.000000	6.69830769766e-05
zar	Cz	39.000000	0.00067908357596
zar	Cz	40.000000	0.000489629397634
zar	Cz	41.000000	0.00251460424624
zar	Cz	42.000000	0.000589722767472
zar	Cz	43.000000	0.00083399633877
zar	Cz	44.000000	0.00131532328669
zar	Cz	45.000000	0.000570316507947
zar	Cz	46.000000	0.000696061877534
zar	Cz	47.000000	0.000920324120671
zar	Cz	48.000000	0.000991348759271
zar	Cz	49.000000	0.000212774422835
zar	Cz	50.000000	0.000827500072774
zar	Cz	51.000000	0.000283979228698
zar	Cz	52.000000	0.000531213940121
zar	Cz	53.000000	0.000525493756868
zar	Cz	54.000000	0.000392740999814
zar	Cz	55.000000	0.00100904272404
zar	Cz	56.000000	0.00106139655691
zar	Cz	57.000000	0.000363064231351
zar	Cz	58.000000	7.12239270797e-05
zar	Cz	59.000000	3.05168014165e-05
zar	Cz	60.000000	0.000420130061684
zar	Cz	61.000000	0.00109636259731
zar	Cz	62.000000	0.000562073721085
zar	Cz	63.000000	0.00051749945851
zar	Cz	64.000000	0.000512144237291
zar	Cz	65.000000	0.000338453595759
zar	Cz	66.000000	0.000201807488338
zar	Cz	67.000000	0.000290744530503
zar	Cz	68.000000	9.26171414903e-05
zar	Cz	69.000000	0.000173447915586
zar	Cz	70.000000	0.000203363146284
zar	Cz	71.000000	3.67892898794e-05
zar	Cz	72.000000	4.57642890979e-05
zar	Cz	73.000000	6.68751017656e-05
zar	Cz	74.000000	0.000276411883533
zar	Cz	75.000000	6.43709572614e-05
zar	Cz	76.000000	3.65742962458e-05
zar	Cz	77.000000	0.000203788498766
zar	Cz	78.000000	0.000134767324198
zar	Cz	79.000000	5.37287196494e-05
zar	Cz	80.000000	4.52157873951e-05
zar	CP2	1.000000	0.455751657486
zar	CP2	2.000000	0.127111464739
zar	CP2	3.000000	0.00293455366045
zar	CP2	4.000000	0.00641771405935
zar	CP2	5.000000	0.0196711849421
zar	CP2	6.000000	0.00505260378122
zar	CP2	7.000000	0.00382533879019
zar	CP2	8.000000	0.00487147225067
zar	CP2	9.000000	0.00580298993737
zar	CP2	10.000000	0.0229357294738
zar	CP2	11.000000	0.00761022884399
zar	CP2	12.000000	0.00142673833761
zar	CP2	13.000000	0.000280389242107
zar	CP2	14.000000	0.00328558473848
zar	CP2	15.000000	0.00611446658149
zar	CP2	16.000000	0.00305880140513
zar	CP2	17.000000	0.00181855075061
zar	CP2	18.000000	0.00690942956135
zar	CP2	19.000000	0.0110956337303
zar	CP2	20.000000	0.0143013447523
zar	CP2	21.000000	0.00574199249968
zar	CP2	22.000000	0.00340031716041
zar	CP2	23.000000	0.00161197478883
zar	CP2	24.000000	0.000798888271675
zar	CP2	25.000000	0.00102842296474
zar	CP2	26.000000	0.00053312437376
zar	CP2	27.000000	0.000227752607316
zar	CP2	28.000000	0.00108463678043
zar	CP2	29.000000	0.00207726028748
zar	CP2	30.000000	0.00078292802209
zar	CP2	31.000000	0.00185417570174
zar	CP2	32.000000	0.00157547811978
zar	CP2	33.000000	0.000760551076382
zar	CP2	34.000000	0.00075613631634
zar	CP2	35.000000	0.000601740612183
zar	CP2	36.000000	0.000374666065909
zar	CP2	37.000000	0.000420410680817
zar	CP2	38.000000	0.00094170687953
zar	CP2	39.000000	0.00112428795546
zar	CP2	40.000000	0.000666383712087
zar	CP2	41.000000	0.000258489046246
zar	CP2	42.000000	0.000120274722576
zar	CP2	43.000000	9.68838867266e-05
zar	CP2	44.000000	0.0003916270216
zar	CP2	45.000000	0.000504098425154
zar	CP2	46.000000	0.000483284937218
zar	CP2	47.000000	0.00103754445445
zar	CP2	48.000000	8.42471199576e-05
zar	CP2	49.000000	0.000312976626446
zar	CP2	50.000000	0.00010613232007
zar	CP2	51.000000	0.000219446839765
zar	CP2	52.000000	0.000241457295488
zar	CP2	53.000000	0.000511167629156
zar	CP2	54.000000	7.91316415416e-05
zar	CP2	55.000000	0.000222201240831
zar	CP2	56.000000	0.0001633951033
zar	CP2	57.000000	8.25690804049e-05
zar	CP2	58.000000	0.000275394879282
zar	CP2	59.000000	4.48089485872e-05
zar	CP2	60.000000	0.00135239702649
zar	CP2	61.000000	0.000835628481582
zar	CP2	62.000000	0.000172643078258
zar	CP2	63.000000	0.000118464238767
zar	CP2	64.000000	0.000536070205271
zar	CP2	65.000000	0.000610905815847
zar	CP2	66.000000	0.000102448815596
zar	CP2	67.000000	0.00049523281632
zar	CP2	68.000000	0.000408659718232
zar	CP2	69.000000	0.000141907992656
zar	CP2	70.000000	0.000621447106823
zar	CP2	71.000000	0.000518825603649
zar	CP2	72.000000	0.000440539239207
zar	CP2	73.000000	0.000438038405264
zar	CP2	74.000000	0.000244044553256
zar	CP2	75.000000	0.000306229339913
zar	CP2	76.000000	0.00076636945596
zar	CP2	77.000000	0.000373767339624
zar	CP2	78.000000	8.54510217323e-05
zar	CP2	79.000000	0.000636955664959
zar	CP2	80.000000	0.000112999623525
zar	PO3	1.000000	18.1930599213
zar	PO3	2.000000	4.7072687149
zar	PO3	3.000000	0.468433409929
zar	PO3	4.000000	0.128948614001
zar	PO3	5.000000	0.143702417612
zar	PO3	6.000000	0.014692703262
zar	PO3	7.000000	0.00632806075737
zar	PO3	8.000000	0.0889886319637
zar	PO3	9.000000	0.0534530058503
zar	PO3	10.000000	0.0239865481853
zar	PO3	11.000000	0.0147462710738
zar	PO3	12.000000	0.0239519663155
zar	PO3	13.000000	0.0102742193267
zar	PO3	14.000000	0.0023037570063
zar	PO3	15.000000	0.00408680737019
zar	PO3	16.000000	0.00847226474434
zar	PO3	17.000000	0.00510439323261
zar	PO3	18.000000	0.00556799490005
zar	PO3	19.000000	0.000168291342561
zar	PO3	20.000000	0.00206382223405
zar	PO3	21.000000	0.00116543925833
zar	PO3	22.000000	0.000739928742405
zar	PO3	23.000000	0.00292037427425
zar	PO3	24.000000	0.00376026239246
zar	PO3	25.000000	0.00368284666911
zar	PO3	26.000000	0.00753117073327
zar	PO3	27.000000	0.00303135206923
zar	PO3	28.000000	0.00219861534424
zar	PO3	29.000000	0.00411815894768
zar	PO3	30.000000	0.00132554804441
zar	PO3	31.000000	0.000131906286697
zar	PO3	32.000000	0.000499470334034
zar	PO3	33.000000	0.00124118104577
zar	PO3	34.000000	0.00166271452326
zar	PO3	35.000000	0.000345112814102
zar	PO3	36.000000	0.0015831713099
zar	PO3	37.000000	0.000646725471597
zar	PO3	38.000000	0.0031000552699
zar	PO3	39.000000	0.00187865074258
zar	PO3	40.000000	0.00235287449323
zar	PO3	41.000000	0.00188615173101
zar	PO3	42.000000	0.0015191755956
zar	PO3	43.000000	0.00286669377238
zar	PO3	44.000000	0.00142163282726
zar	PO3	45.000000	4.16996372223e-05
zar	PO3	46.000000	4.98963781865e-05
zar	PO3	47.000000	0.00097829150036
zar	PO3	48.000000	0.00025326339528
zar	PO3	49.000000	0.000577026512474
zar	PO3	50.000000	0.00149431265891
zar	PO3	51.000000	0.000812368758488
zar	PO3	52.000000	0.000362956081517
zar	PO3	53.000000	0.000764291151427
zar	PO3	54.000000	0.000929655041546
zar	PO3	55.000000	0.000677962962072
zar	PO3	56.000000	9.92096756818e-05
zar	PO3	57.000000	0.000444449135102
zar	PO3	58.000000	0.000174273445737
zar	PO3	59.000000	0.000376564828912
zar	PO3	60.000000	0.000635174685158
zar	PO3	61.000000	0.00045709463302
zar	PO3	62.000000	8.13791775727e-05
zar	PO3	63.000000	0.000617964135017
zar	PO3	64.000000	0.00117508263793
zar	PO3	65.000000	0.00127536966465
zar	PO3	66.000000	0.00251023215242
zar	PO3	67.000000	0.00144162157085
zar	PO3	68.000000	0.000175635577762
zar	PO3	69.000000	0.000506962416694
zar	PO3	70.000000	0.00011796005856
zar	PO3	71.000000	0.000142187564052
zar	PO3	72.000000	0.000344069354469
zar	PO3	73.000000	0.000117050476547
zar	PO3	74.000000	0.000360213191016
zar	PO3	75.000000	3.32532908942e-05
zar	PO3	76.000000	0.00150040455628
zar	PO3	77.000000	0.000524565984961
zar	PO3	78.000000	0.000246562005486
zar	PO3	79.000000	0.000166983460076
zar	PO3	80.000000	0.00107849459164
zar	O1	1.000000	19.7010784149
zar	O1	2.000000	5.0722784996
zar	O1	3.000000	0.543161094189
zar	O1	4.000000	0.126810997725
zar	O1	5.000000	0.171414405107
zar	O1	6.000000	0.0262910500169
zar	O1	7.000000	0.00388267985545
zar	O1	8.000000	0.0948025658727
zar	O1	9.000000	0.0574013441801
zar	O1	10.000000	0.0232838336378
zar	O1	11.000000	0.0124244922772
zar	O1	12.000000	0.0339556336403
zar	O1	13.000000	0.00692378403619
zar	O1	14.000000	0.00253356434405
zar	O1	15.000000	0.00322986254469
zar	O1	16.000000	0.0103245498613
zar	O1	17.000000	0.00294652674347
zar	O1	18.000000	0.00776789197698
zar	O1	19.000000	0.000248831463978
zar	O1	20.000000	0.000736032205168
zar	O1	21.000000	0.00051489105681
zar	O1	22.000000	0.000466422381578
zar	O1	23.000000	0.00086062180344
zar	O1	24.000000	0.00326231634244
zar	O1	25.000000	0.00452607823536
zar	O1	26.000000	0.00701228808612
zar	O1	27.000000	0.00123102648649
zar	O1	28.000000	0.0021063326858
zar	O1	29.000000	0.00302906916477
zar	O1	30.000000	0.000500355148688
zar	O1	31.000000	0.00103624572512
zar	O1	32.000000	0.00211480841972
zar	O1	33.000000	0.00306779029779
zar	O1	34.000000	0.00446015037596
zar	O1	35.000000	0.000499749090523
zar	O1	36.000000	0.00162904418539
zar	O1	37.000000	0.00175763585139
zar	O1	38.000000	0.00438763806596
zar	O1	39.000000	0.00200050906278
zar	O1	40.000000	0.00360581977293
zar	O1	41.000000	0.00237523298711
zar	O1	42.000000	0.00137796858326
zar	O1	43.000000	0.00226631062105
zar	O1	44.000000	0.000446072372142
zar	O1	45.000000	6.89072185196e-05
zar	O1	46.000000	0.000403122830903
zar	O1	47.000000	0.00132417457644
zar	O1	48.000000	0.000428606086643
zar	O1	49.000000	0.000397390249418
zar	O1	50.000000	0.00096761691384
zar	O1	51.000000	0.000368868233636
zar	O1	52.000000	0.000737157824915
zar	O1	53.000000	0.000691482156981
zar	O1	54.000000	0.000351812690496
zar	O1	55.000000	0.000331789167831
zar	O1	56.000000	0.000469800608698
zar	O1	57.000000	0.00135178514756
zar	O1	58.000000	8.69243813213e-05
zar	O1	59.000000	0.000304112967569
zar	O1	60.000000	0.000890674244147
zar	O1	61.000000	0.000349784822902
zar	O1	62.000000	0.000774618296418
zar	O1	63.000000	6.20382415946e-05
zar	O1	64.000000	0.000303185719531
zar	O1	65.000000	0.000283278990537
zar	O1	66.000000	0.000305089633912
zar	O1	67.000000	0.00105110404547
zar	O1	68.000000	0.000146803475218
zar	O1	69.000000	5.16448926646e-05
zar	O1	70.000000	6.08753316556e-06
zar	O1	71.000000	0.000404841353884
zar	O1	72.000000	0.00195345608518
zar	O1	73.000000	0.0012365472503
zar	O1	74.000000	9.71136032604e-05
zar	O1	75.000000	4.53982029285e-05
zar	O1	76.000000	0.000762623560149
zar	O1	77.000000	0.000179246795597
zar	O1	78.000000	0.000641961058136
zar	O1	79.000000	0.000182045463589
zar	O1	80.000000	0.000141732642078
zar	Oz	1.000000	15.4511442184
zar	Oz	2.000000	3.21411442757
zar	Oz	3.000000	0.530487120152
zar	Oz	4.000000	0.251820027828
zar	Oz	5.000000	0.101716771722
zar	Oz	6.000000	0.0739137455821
zar	Oz	7.000000	0.0319374240935
zar	Oz	8.000000	0.134990572929
zar	Oz	9.000000	0.0287368521094
zar	Oz	10.000000	0.13614320755
zar	Oz	11.000000	0.0741769149899
zar	Oz	12.000000	0.00959674082696
zar	Oz	13.000000	0.00649607460946
zar	Oz	14.000000	0.00648690527305
zar	Oz	15.000000	0.00379153690301
zar	Oz	16.000000	0.0127355987206
zar	Oz	17.000000	0.00840249937028
zar	Oz	18.000000	0.00116205762606
zar	Oz	19.000000	0.00268423487432
zar	Oz	20.000000	0.00188173667993
zar	Oz	21.000000	0.00609139166772
zar	Oz	22.000000	0.00303143425845
zar	Oz	23.000000	0.00238070404157
zar	Oz	24.000000	0.00299141276628
zar	Oz	25.000000	0.00585645111278
zar	Oz	26.000000	0.0158204529434
zar	Oz	27.000000	0.00712295016274
zar	Oz	28.000000	0.0012934358092
zar	Oz	29.000000	0.00412553735077
zar	Oz	30.000000	0.00977693405002
zar	Oz	31.000000	0.00734821893275
zar	Oz	32.000000	0.00499605573714
zar	Oz	33.000000	0.00380261801183
zar	Oz	34.000000	0.000594453362282
zar	Oz	35.000000	0.00137508043554
zar	Oz	36.000000	6.79302902427e-05
zar	Oz	37.000000	0.00222330284305
zar	Oz	38.000000	0.00476002786309
zar	Oz	39.000000	0.00291435676627
zar	Oz	40.000000	0.00203966209665
zar	Oz	41.000000	0.00365499453619
zar	Oz	42.000000	0.00123653188348
zar	Oz	43.000000	8.7386884843e-05
zar	Oz	44.000000	0.000154794470291
zar	Oz	45.000000	0.000477073597722
zar	Oz	46.000000	0.00057844328694
zar	Oz	47.000000	0.00104897178244
zar	Oz	48.000000	0.00291604688391
zar	Oz	49.000000	0.00208863522857
zar	Oz	50.000000	0.00110608770046
zar	Oz	51.000000	0.000900633342098
zar	Oz	52.000000	0.00116284471005
zar	Oz	53.000000	0.000361762678949
zar	Oz	54.000000	0.000145274869283
zar	Oz	55.000000	1.93324121938e-05
zar	Oz	56.000000	0.00239214696921
zar	Oz	57.000000	0.00389264454134
zar	Oz	58.000000	0.0010487253312
zar	Oz	59.000000	0.000189272192074
zar	Oz	60.000000	0.000139743395266
zar	Oz	61.000000	2.61112691078e-05
zar	Oz	62.000000	0.000108805572381
zar	Oz	63.000000	0.000269512820523
zar	Oz	64.000000	0.000368999491911
zar	Oz	65.000000	0.000699414988048
zar	Oz	66.000000	0.000710769731086
zar	Oz	67.000000	0.000416338356445
zar	Oz	68.000000	0.000552364857867
zar	Oz	69.000000	0.000141670796438
zar	Oz	70.000000	0.000324750493746
zar	Oz	71.000000	0.000493231986184
zar	Oz	72.000000	2.61228597083e-05
zar	Oz	73.000000	0.000355770753231
zar	Oz	74.000000	0.000737856840715
zar	Oz	75.000000	0.000448686012533
zar	Oz	76.000000	0.000494151841849
zar	Oz	77.000000	2.73527475656e-05
zar	Oz	78.000000	0.000137617535074
zar	Oz	79.000000	0.000542691210285
zar	Oz	80.000000	0.000439586001448
zar	O2	1.000000	16.2012062073
zar	O2	2.000000	2.70528125763
zar	O2	3.000000	0.465689867735
zar	O2	4.000000	0.459903508425
zar	O2	5.000000	0.0942411124706
zar	O2	6.000000	0.0956961736083
zar	O2	7.000000	0.0577882677317
zar	O2	8.000000	0.142714068294
zar	O2	9.000000	0.0247415807098
zar	O2	10.000000	0.0563112534583
zar	O2	11.000000	0.0558167882264
zar	O2	12.000000	0.0281893443316
zar	O2	13.000000	0.00253202812746
zar	O2	14.000000	0.0120507450774
zar	O2	15.000000	0.000377668795409
zar	O2	16.000000	0.0246068462729
zar	O2	17.000000	0.00391124095768
zar	O2	18.000000	0.00177703110967
zar	O2	19.000000	0.0129516478628
zar	O2	20.000000	0.0178513471037
zar	O2	21.000000	0.0146267851815
zar	O2	22.000000	0.0119629716501
zar	O2	23.000000	0.00200474378653
zar	O2	24.000000	2.95598456432e-05
zar	O2	25.000000	0.000462153315311
zar	O2	26.000000	0.000339119782439
zar	O2	27.000000	0.0064851064235
zar	O2	28.000000	0.00811282172799
zar	O2	29.000000	0.00921063590795
zar	O2	30.000000	0.0064986133948
zar	O2	31.000000	0.000169483799255
zar	O2	32.000000	9.52136033447e-05
zar	O2	33.000000	0.000563941663131
zar	O2	34.000000	0.00101813580841
zar	O2	35.000000	0.00171238405164
zar	O2	36.000000	0.00277891429141
zar	O2	37.000000	0.00125626276713
zar	O2	38.000000	0.00208309688605
zar	O2	39.000000	0.00388532760553
zar	O2	40.000000	0.000495436892379
zar	O2	41.000000	0.000265671638772
zar	O2	42.000000	0.00164944143035
zar	O2	43.000000	0.000100045552244
zar	O2	44.000000	4.10265565733e-05
zar	O2	45.000000	0.000563786714338
zar	O2	46.000000	0.00149342557415
zar	O2	47.000000	0.000800128036644
zar	O2	48.000000	4.48654391221e-05
zar	O2	49.000000	0.00108465878293
zar	O2	50.000000	0.000842960027512
zar	O2	51.000000	0.000616945733782
zar	O2	52.000000	0.00140244653448
zar	O2	53.000000	0.000513056176715
zar	O2	54.000000	6.76331328577e-05
zar	O2	55.000000	0.000280863401713
zar	O2	56.000000	0.00222829333507
zar	O2	57.000000	0.000997242168523
zar	O2	58.000000	0.00122112967074
zar	O2	59.000000	0.00434972299263
zar	O2	60.000000	0.00118353776634
zar	O2	61.000000	1.45109188452e-05
zar	O2	62.000000	0.000301169318845
zar	O2	63.000000	0.000219644076424
zar	O2	64.000000	0.000677178963087
zar	O2	65.000000	0.00173383427318
zar	O2	66.000000	0.00158518657554
zar	O2	67.000000	0.000423182122177
zar	O2	68.000000	0.000425713864388
zar	O2	69.000000	0.000753891828936
zar	O2	70.000000	0.000248553464189
zar	O2	71.000000	2.73872974503e-05
zar	O2	72.000000	0.000297519436572
zar	O2	73.000000	5.08468474436e-05
zar	O2	74.000000	0.000501824484672
zar	O2	75.000000	2.70288601314e-05
zar	O2	76.000000	0.000185758879525
zar	O2	77.000000	0.000702934339643
zar	O2	78.000000	0.00140521512367
zar	O2	79.000000	0.000389126304071
zar	O2	80.000000	0.000489687372465
zar	PO4	1.000000	15.4174852371
zar	PO4	2.000000	2.63192248344
zar	PO4	3.000000	0.422229856253
zar	PO4	4.000000	0.426159054041
zar	PO4	5.000000	0.0856140702963
zar	PO4	6.000000	0.0922577679157
zar	PO4	7.000000	0.0573388300836
zar	PO4	8.000000	0.150320723653
zar	PO4	9.000000	0.0277772080153
zar	PO4	10.000000	0.0460312031209
zar	PO4	11.000000	0.0460621602833
zar	PO4	12.000000	0.0214546732605
zar	PO4	13.000000	0.00167356885504
zar	PO4	14.000000	0.0131042711437
zar	PO4	15.000000	0.000831466750242
zar	PO4	16.000000	0.0171854123473
zar	PO4	17.000000	0.00300923222676
zar	PO4	18.000000	0.000988394254819
zar	PO4	19.000000	0.014142380096
zar	PO4	20.000000	0.02462291345
zar	PO4	21.000000	0.0217198096216
zar	PO4	22.000000	0.0118185374886
zar	PO4	23.000000	0.000957271025982
zar	PO4	24.000000	0.000443265860667
zar	PO4	25.000000	0.00129335641395
zar	PO4	26.000000	0.000602172804065
zar	PO4	27.000000	0.00830409768969
zar	PO4	28.000000	0.00756134046242
zar	PO4	29.000000	0.00699702557176
zar	PO4	30.000000	0.00604831986129
zar	PO4	31.000000	0.000549221702386
zar	PO4	32.000000	0.000583088141866
zar	PO4	33.000000	0.0013477060711
zar	PO4	34.000000	0.00110279675573
zar	PO4	35.000000	0.00257530156523
zar	PO4	36.000000	0.0050600124523
zar	PO4	37.000000	0.00223010452464
zar	PO4	38.000000	0.00143321068026
zar	PO4	39.000000	0.00173705047928
zar	PO4	40.000000	0.000670413777698
zar	PO4	41.000000	0.00318077788688
zar	PO4	42.000000	0.00469762599096
zar	PO4	43.000000	0.000565646216273
zar	PO4	44.000000	0.000403643527534
zar	PO4	45.000000	0.00132869754452
zar	PO4	46.000000	0.00104108697269
zar	PO4	47.000000	0.000818507338408
zar	PO4	48.000000	3.86915962736e-06
zar	PO4	49.000000	0.000682837388013
zar	PO4	50.000000	0.000445940037025
zar	PO4	51.000000	0.000866331974976
zar	PO4	52.000000	0.00213286466897
zar	PO4	53.000000	0.00166593783069
zar	PO4	54.000000	0.000557839230169
zar	PO4	55.000000	0.000292910757707
zar	PO4	56.000000	0.00350963091478
zar	PO4	57.000000	0.00226996932179
zar	PO4	58.000000	0.00052477006102
zar	PO4	59.000000	0.00218917988241
zar	PO4	60.000000	0.000969802902546
zar	PO4	61.000000	0.000224396921112
zar	PO4	62.000000	0.000247978634434
zar	PO4	63.000000	0.000639194215182
zar	PO4	64.000000	3.43348001479e-05
zar	PO4	65.000000	1.6528993001e-05
zar	PO4	66.000000	0.000236831489019
zar	PO4	67.000000	0.000478635687614
zar	PO4	68.000000	7.12245382601e-05
zar	PO4	69.000000	6.89752705512e-05
zar	PO4	70.000000	0.000158006019774
zar	PO4	71.000000	0.000225869443966
zar	PO4	72.000000	0.000248307886068
zar	PO4	73.000000	0.000110944914923
zar	PO4	74.000000	0.000551636971068
zar	PO4	75.000000	5.23019734828e-05
zar	PO4	76.000000	5.93720578763e-05
zar	PO4	77.000000	0.000879346334841
zar	PO4	78.000000	0.00127004261594
zar	PO4	79.000000	2.91100022878e-05
zar	PO4	80.000000	0.000423279503593
zar	Pz	1.000000	1.28045010567
zar	Pz	2.000000	0.361845642328
zar	Pz	3.000000	0.0246603488922
zar	Pz	4.000000	0.0275183301419
zar	Pz	5.000000	0.0339360833168
zar	Pz	6.000000	0.00183167937212
zar	Pz	7.000000	0.00826261937618
zar	Pz	8.000000	0.00248832022771
zar	Pz	9.000000	0.00623149424791
zar	Pz	10.000000	0.0103518692777
zar	Pz	11.000000	0.0061671459116
zar	Pz	12.000000	0.00371753214858
zar	Pz	13.000000	0.00277838273905
zar	Pz	14.000000	0.00857278797776
zar	Pz	15.000000	0.00275967991911
zar	Pz	16.000000	0.00296810478903
zar	Pz	17.000000	0.002385153668
zar	Pz	18.000000	0.000279412866803
zar	Pz	19.000000	0.00155570125207
zar	Pz	20.000000	0.0031748986803
zar	Pz	21.000000	0.00213714083657
zar	Pz	22.000000	0.000507881515659
zar	Pz	23.000000	0.000550123688299
zar	Pz	24.000000	0.00236347015016
zar	Pz	25.000000	0.00041551727918
zar	Pz	26.000000	0.000399565731641
zar	Pz	27.000000	0.00102141674142
zar	Pz	28.000000	0.00491505581886
zar	Pz	29.000000	0.00248122517951
zar	Pz	30.000000	0.000332321505994
zar	Pz	31.000000	5.82913962717e-05
zar	Pz	32.000000	0.00153883860912
zar	Pz	33.000000	0.00266968295909
zar	Pz	34.000000	0.00154732039664
zar	Pz	35.000000	0.000743351178244
zar	Pz	36.000000	0.00012803557911
zar	Pz	37.000000	3.49327183358e-06
zar	Pz	38.000000	0.00131279008929
zar	Pz	39.000000	0.00130376615562
zar	Pz	40.000000	0.000139335330459
zar	Pz	41.000000	0.000227542419452
zar	Pz	42.000000	0.000135299516842
zar	Pz	43.000000	7.4038080129e-06
zar	Pz	44.000000	0.000260730157606
zar	Pz	45.000000	7.48789025238e-05
zar	Pz	46.000000	0.000504496099893
zar	Pz	47.000000	0.00062130385777
zar	Pz	48.000000	0.00143362057861
zar	Pz	49.000000	1.65631936397e-05
zar	Pz	50.000000	0.00239249435253
zar	Pz	51.000000	0.00174882356077
zar	Pz	52.000000	0.000569646246731
zar	Pz	53.000000	0.00115214905236
zar	Pz	54.000000	0.000304604589473
zar	Pz	55.000000	0.00013422552729
zar	Pz	56.000000	0.000572675897274
zar	Pz	57.000000	0.000231418205658
zar	Pz	58.000000	0.00082567735808
zar	Pz	59.000000	0.000574789126404
zar	Pz	60.000000	6.64474573568e-05
zar	Pz	61.000000	0.00017089965695
zar	Pz	62.000000	0.000496660126373
zar	Pz	63.000000	0.000372697570128
zar	Pz	64.000000	7.91786587797e-05
zar	Pz	65.000000	0.00058471475495
zar	Pz	66.000000	4.97895962326e-05
zar	Pz	67.000000	4.62436109956e-05
zar	Pz	68.000000	0.000113527719805
zar	Pz	69.000000	8.00701673143e-05
zar	Pz	70.000000	4.32727320003e-05
zar	Pz	71.000000	7.1869668318e-05
zar	Pz	72.000000	0.000262414716417
zar	Pz	73.000000	0.000377545977244
zar	Pz	74.000000	0.000264671019977
zar	Pz	75.000000	0.000135453839903
zar	Pz	76.000000	0.000223835057113
zar	Pz	77.000000	1.33460862344e-05
zar	Pz	78.000000	0.000401253142627
zar	Pz	79.000000	0.000123366829939
zar	Pz	80.000000	8.26406030683e-05
zar	CP1	1.000000	0.23718059063
zar	CP1	2.000000	0.137019813061
zar	CP1	3.000000	0.0677197054029
zar	CP1	4.000000	0.0366756096482
zar	CP1	5.000000	0.0209470707923
zar	CP1	6.000000	0.00291343661956
zar	CP1	7.000000	0.0043404828757
zar	CP1	8.000000	0.00519189564511
zar	CP1	9.000000	0.0299360863864
zar	CP1	10.000000	0.0345946438611
zar	CP1	11.000000	0.0175336208194
zar	CP1	12.000000	0.00331909162924
zar	CP1	13.000000	0.000261094013695
zar	CP1	14.000000	0.00193715817295
zar	CP1	15.000000	0.0017587345792
zar	CP1	16.000000	0.000307818088913
zar	CP1	17.000000	0.00134717172477
zar	CP1	18.000000	0.0025386933703
zar	CP1	19.000000	0.000246868032264
zar	CP1	20.000000	0.00152281241026
zar	CP1	21.000000	0.00163444981445
zar	CP1	22.000000	3.65615123883e-05
zar	CP1	23.000000	0.000662456441205
zar	CP1	24.000000	0.000485022319481
zar	CP1	25.000000	0.00215536192991
zar	CP1	26.000000	0.000632223265711
zar	CP1	27.000000	7.54159700591e-05
zar	CP1	28.000000	0.000751294719521
zar	CP1	29.000000	0.000192988925846
zar	CP1	30.000000	0.000941749371123
zar	CP1	31.000000	0.00186650641263
zar	CP1	32.000000	0.000406394305173
zar	CP1	33.000000	0.000310515024466
zar	CP1	34.000000	0.00104743370321
zar	CP1	35.000000	0.000508978322614
zar	CP1	36.000000	0.000742847158108
zar	CP1	37.000000	0.00129277654923
zar	CP1	38.000000	0.0031986371614
zar	CP1	39.000000	0.00146443105768
zar	CP1	40.000000	2.89239997073e-05
zar	CP1	41.000000	0.000600268482231
zar	CP1	42.000000	0.00041053496534
zar	CP1	43.000000	0.000136796632432
zar	CP1	44.000000	9.91632259684e-05
zar	CP1	45.000000	6.5748768975e-05
zar	CP1	46.000000	0.000155101413839
zar	CP1	47.000000	0.000431907712482
zar	CP1	48.000000	8.99767037481e-05
zar	CP1	49.000000	0.000569051888306
zar	CP1	50.000000	0.000367141357856
zar	CP1	51.000000	4.86886019644e-05
zar	CP1	52.000000	7.56985973567e-05
zar	CP1	53.000000	2.58780873992e-05
zar	CP1	54.000000	0.000112989277113
zar	CP1	55.000000	0.000660293677356
zar	CP1	56.000000	0.000999804702587
zar	CP1	57.000000	0.000173998632818
zar	CP1	58.000000	0.000100565303001
zar	CP1	59.000000	0.000224477844313
zar	CP1	60.000000	0.0001140819586
zar	CP1	61.000000	0.000422728568083
zar	CP1	62.000000	0.000742058793548
zar	CP1	63.000000	0.000311276235152
zar	CP1	64.000000	0.000426120910561
zar	CP1	65.000000	0.000532579200808
zar	CP1	66.000000	0.000131426655571
zar	CP1	67.000000	0.000118244061014
zar	CP1	68.000000	3.04248496832e-05
zar	CP1	69.000000	0.00010363702313
zar	CP1	70.000000	9.47516382439e-05
zar	CP1	71.000000	9.93297580862e-05
zar	CP1	72.000000	3.47379063896e-05
zar	CP1	73.000000	0.000167393984157
zar	CP1	74.000000	2.52906866081e-05
zar	CP1	75.000000	0.000693676469382
zar	CP1	76.000000	0.000205816802918
zar	CP1	77.000000	5.69924559386e-05
zar	CP1	78.000000	0.000120812670502
zar	CP1	79.000000	0.000256524101133
zar	CP1	80.000000	0.000163779914146
zar	FC1	1.000000	5.57170391083
zar	FC1	2.000000	1.23592412472
zar	FC1	3.000000	0.0769438669086
zar	FC1	4.000000	0.169551745057
zar	FC1	5.000000	0.0786262154579
zar	FC1	6.000000	0.00945972744375
zar	FC1	7.000000	0.00625867862254
zar	FC1	8.000000	0.0399699397385
zar	FC1	9.000000	0.0293399579823
zar	FC1	10.000000	0.0139624644071
zar	FC1	11.000000	0.00271491659805
zar	FC1	12.000000	0.0317144691944
zar	FC1	13.000000	0.00329556548968
zar	FC1	14.000000	0.00880564656109
zar	FC1	15.000000	0.00776858953759
zar	FC1	16.000000	0.0121519370005
zar	FC1	17.000000	0.00346304965205
zar	FC1	18.000000	0.00083824316971
zar	FC1	19.000000	0.00477879447863
zar	FC1	20.000000	0.0129782687873
zar	FC1	21.000000	0.000201073708013
zar	FC1	22.000000	0.00999591033906
zar	FC1	23.000000	0.0135288173333
zar	FC1	24.000000	0.000236841864535
zar	FC1	25.000000	0.000275861559203
zar	FC1	26.000000	0.00236414652318
zar	FC1	27.000000	0.00193072669208
zar	FC1	28.000000	0.00017924545682
zar	FC1	29.000000	0.000132309505716
zar	FC1	30.000000	4.31647858932e-05
zar	FC1	31.000000	0.000425182806794
zar	FC1	32.000000	0.000706849561539
zar	FC1	33.000000	0.00024586339714
zar	FC1	34.000000	0.000216830449062
zar	FC1	35.000000	0.000622535357252
zar	FC1	36.000000	0.000227222335525
zar	FC1	37.000000	1.63073200383e-05
zar	FC1	38.000000	0.000138916439028
zar	FC1	39.000000	0.000569795200136
zar	FC1	40.000000	0.000492202234454
zar	FC1	41.000000	0.00231915642507
zar	FC1	42.000000	0.00121148885228
zar	FC1	43.000000	0.000153161177877
zar	FC1	44.000000	0.000432988075772
zar	FC1	45.000000	0.000601791776717
zar	FC1	46.000000	0.00052974402206
zar	FC1	47.000000	0.000489793950692
zar	FC1	48.000000	0.00160581094678
zar	FC1	49.000000	0.000358641613275
zar	FC1	50.000000	0.000208905461477
zar	FC1	51.000000	0.000228569522733
zar	FC1	52.000000	0.000252529222053
zar	FC1	53.000000	0.000394037488149
zar	FC1	54.000000	0.00065336341504
zar	FC1	55.000000	0.00148330943193
zar	FC1	56.000000	0.000916119664907
zar	FC1	57.000000	1.85504086403e-05
zar	FC1	58.000000	0.000464434386231
zar	FC1	59.000000	0.000305279070744
zar	FC1	60.000000	1.6738418708e-05
zar	FC1	61.000000	4.62869029434e-05
zar	FC1	62.000000	0.000158613926033
zar	FC1	63.000000	0.000390058790799
zar	FC1	64.000000	0.000682888843585
zar	FC1	65.000000	0.000388437445508
zar	FC1	66.000000	0.00020841229707
zar	FC1	67.000000	0.000140881733387
zar	FC1	68.000000	0.000137373092002
zar	FC1	69.000000	0.000172907268279
zar	FC1	70.000000	0.000209808742511
zar	FC1	71.000000	1.55467878358e-05
zar	FC1	72.000000	3.53114992322e-05
zar	FC1	73.000000	0.000105948376586
zar	FC1	74.000000	8.45754038892e-05
zar	FC1	75.000000	0.000202344264835
zar	FC1	76.000000	7.96237436589e-05
zar	FC1	77.000000	1.45065098422e-06
zar	FC1	78.000000	0.000138366536703
zar	FC1	79.000000	0.000530878663994
zar	FC1	80.000000	0.000311386858812
zar	P3	1.000000	4.7053899765
zar	P3	2.000000	1.41481995583
zar	P3	3.000000	0.113647848368
zar	P3	4.000000	0.00102129171137
zar	P3	5.000000	0.023505738005
zar	P3	6.000000	0.0145196542144
zar	P3	7.000000	0.0045244297944
zar	P3	8.000000	0.00206105224788
zar	P3	9.000000	0.00465465569869
zar	P3	10.000000	0.00120159517974
zar	P3	11.000000	0.00102559220977
zar	P3	12.000000	0.00254614138976
zar	P3	13.000000	0.00144826772157
zar	P3	14.000000	0.00509900506586
zar	P3	15.000000	0.00272352830507
zar	P3	16.000000	0.000496816122904
zar	P3	17.000000	0.00143965857569
zar	P3	18.000000	0.00326003786176
zar	P3	19.000000	0.0011817329796
zar	P3	20.000000	0.00299047166482
zar	P3	21.000000	5.27948941453e-05
zar	P3	22.000000	0.00168300257064
zar	P3	23.000000	0.000735742854886
zar	P3	24.000000	0.00039724772796
zar	P3	25.000000	0.000460829818621
zar	P3	26.000000	0.00135950569529
zar	P3	27.000000	0.000431328517152
zar	P3	28.000000	0.00123813585378
zar	P3	29.000000	0.0011024819687
zar	P3	30.000000	0.00048453421914
zar	P3	31.000000	0.00122435088269
zar	P3	32.000000	0.000132561719511
zar	P3	33.000000	1.51675913003e-05
zar	P3	34.000000	0.000189867569134
zar	P3	35.000000	0.000232795297052
zar	P3	36.000000	0.000311185489409
zar	P3	37.000000	0.000252981699305
zar	P3	38.000000	2.101142627e-06
zar	P3	39.000000	0.000122219586046
zar	P3	40.000000	0.000350823043846
zar	P3	41.000000	0.000512465951033
zar	P3	42.000000	7.4639909144e-05
zar	P3	43.000000	0.00143772782758
zar	P3	44.000000	0.000531502650119
zar	P3	45.000000	1.15620355245e-06
zar	P3	46.000000	0.000416302267695
zar	P3	47.000000	0.000364538806025
zar	P3	48.000000	0.00015172843996
zar	P3	49.000000	6.12368239672e-05
zar	P3	50.000000	0.000613455427811
zar	P3	51.000000	0.00158134917729
zar	P3	52.000000	9.63925558608e-05
zar	P3	53.000000	3.44380669048e-06
zar	P3	54.000000	0.000741787953302
zar	P3	55.000000	0.000378310040105
zar	P3	56.000000	0.000278639839962
zar	P3	57.000000	0.000209542631637
zar	P3	58.000000	0.000339108286425
zar	P3	59.000000	0.000193384548766
zar	P3	60.000000	0.000126891420223
zar	P3	61.000000	0.000396661256673
zar	P3	62.000000	0.000886716647074
zar	P3	63.000000	0.000740401446819
zar	P3	64.000000	0.000156285910634
zar	P3	65.000000	5.01231406815e-05
zar	P3	66.000000	1.97523604584e-06
zar	P3	67.000000	6.99704469298e-05
zar	P3	68.000000	3.69370400222e-06
zar	P3	69.000000	8.38395681058e-06
zar	P3	70.000000	2.01138755074e-05
zar	P3	71.000000	6.74831826473e-05
zar	P3	72.000000	0.000270027783699
zar	P3	73.000000	0.000604243134148
zar	P3	74.000000	0.000521734415088
zar	P3	75.000000	3.67826396541e-05
zar	P3	76.000000	2.0213510652e-05
zar	P3	77.000000	9.99071198748e-05
zar	P3	78.000000	0.000410275184549
zar	P3	79.000000	0.00013212277554
zar	P3	80.000000	0.000169171951711
zar	C3	1.000000	1.01357412338
zar	C3	2.000000	0.166587814689
zar	C3	3.000000	0.0835742205381
zar	C3	4.000000	0.0705209523439
zar	C3	5.000000	0.0111111747101
zar	C3	6.000000	0.00430350378156
zar	C3	7.000000	0.0197415743023
zar	C3	8.000000	0.0166630540043
zar	C3	9.000000	0.0213221944869
zar	C3	10.000000	0.0426105447114
zar	C3	11.000000	0.0142253786325
zar	C3	12.000000	0.00233858334832
zar	C3	13.000000	0.00105879409239
zar	C3	14.000000	0.00482793338597
zar	C3	15.000000	0.00106854969636
zar	C3	16.000000	0.00054039148381
zar	C3	17.000000	0.00284382048994
zar	C3	18.000000	0.000713281217031
zar	C3	19.000000	0.00160447123926
zar	C3	20.000000	0.00148484238889
zar	C3	21.000000	0.000667405081913
zar	C3	22.000000	0.000105507067929
zar	C3	23.000000	0.00364481774159
zar	C3	24.000000	0.00400409335271
zar	C3	25.000000	0.000654628092889
zar	C3	26.000000	0.000938464188948
zar	C3	27.000000	0.00380831980146
zar	C3	28.000000	0.00147416675463
zar	C3	29.000000	0.000189786253031
zar	C3	30.000000	0.000700327567756
zar	C3	31.000000	0.00016092362057
zar	C3	32.000000	0.000162612690474
zar	C3	33.000000	0.00053682201542
zar	C3	34.000000	0.000673716305755
zar	C3	35.000000	0.00170262705069
zar	C3	36.000000	4.66640231025e-05
zar	C3	37.000000	0.000140407923027
zar	C3	38.000000	0.000369266752386
zar	C3	39.000000	9.19442027225e-05
zar	C3	40.000000	0.000908109359443
zar	C3	41.000000	0.000958378659561
zar	C3	42.000000	0.00150207814295
zar	C3	43.000000	0.00140020484105
zar	C3	44.000000	0.00207259808667
zar	C3	45.000000	0.000875291181728
zar	C3	46.000000	0.000180543225724
zar	C3	47.000000	7.64485012041e-05
zar	C3	48.000000	3.75611125492e-05
zar	C3	49.000000	0.00017132202629
zar	C3	50.000000	0.000219609122723
zar	C3	51.000000	0.000282695400529
zar	C3	52.000000	5.20491485076e-05
zar	C3	53.000000	0.000344675383531
zar	C3	54.000000	6.58813369228e-05
zar	C3	55.000000	0.000120943674119
zar	C3	56.000000	0.000253388629062
zar	C3	57.000000	0.000255280436249
zar	C3	58.000000	0.00047760157031
zar	C3	59.000000	0.000184803968295
zar	C3	60.000000	0.000356097443728
zar	C3	61.000000	0.000917250930797
zar	C3	62.000000	0.000423570279963
zar	C3	63.000000	0.000207886390854
zar	C3	64.000000	0.000632807670627
zar	C3	65.000000	0.000191542727407
zar	C3	66.000000	6.42797604087e-05
zar	C3	67.000000	2.06588974834e-05
zar	C3	68.000000	0.000247097370448
zar	C3	69.000000	0.00023238560243
zar	C3	70.000000	0.000872191390954
zar	C3	71.000000	0.000613532611169
zar	C3	72.000000	0.000429954612628
zar	C3	73.000000	0.000334656157065
zar	C3	74.000000	0.000271316617727
zar	C3	75.000000	0.000121295561257
zar	C3	76.000000	7.25238060113e-05
zar	C3	77.000000	0.00017970376939
zar	C3	78.000000	4.43150202045e-05
zar	C3	79.000000	0.000186471239431
zar	C3	80.000000	8.85871122591e-05
zar	F3	1.000000	5.66611719131
zar	F3	2.000000	1.22913968563
zar	F3	3.000000	0.0669828876853
zar	F3	4.000000	0.160282820463
zar	F3	5.000000	0.0924903675914
zar	F3	6.000000	0.00966905429959
zar	F3	7.000000	0.00648265564814
zar	F3	8.000000	0.0406147129834
zar	F3	9.000000	0.0276076197624
zar	F3	10.000000	0.0119334533811
zar	F3	11.000000	0.0074101658538
zar	F3	12.000000	0.0352774821222
zar	F3	13.000000	0.00273499218747
zar	F3	14.000000	0.0113582480699
zar	F3	15.000000	0.00983669795096
zar	F3	16.000000	0.0144998691976
zar	F3	17.000000	0.00555033888668
zar	F3	18.000000	0.00165788619779
zar	F3	19.000000	0.0041554486379
zar	F3	20.000000	0.0117006450891
zar	F3	21.000000	0.000682305952068
zar	F3	22.000000	0.00804264843464
zar	F3	23.000000	0.0146191641688
zar	F3	24.000000	0.000282121211058
zar	F3	25.000000	0.00377718452364
zar	F3	26.000000	0.00838069897145
zar	F3	27.000000	0.00432111276314
zar	F3	28.000000	0.00156584067736
zar	F3	29.000000	0.00200032209978
zar	F3	30.000000	0.000440163043095
zar	F3	31.000000	0.00127449026331
zar	F3	32.000000	0.000889384013135
zar	F3	33.000000	0.000283742614556
zar	F3	34.000000	0.00178956065793
zar	F3	35.000000	0.00224536214955
zar	F3	36.000000	0.000354008428985
zar	F3	37.000000	0.000424868398113
zar	F3	38.000000	0.00103893643245
zar	F3	39.000000	0.00185229850467
zar	F3	40.000000	0.00144176906906
zar	F3	41.000000	0.00289869960397
zar	F3	42.000000	0.002036818536
zar	F3	43.000000	0.000433990935562
zar	F3	44.000000	0.00100236781873
zar	F3	45.000000	0.000102521902591
zar	F3	46.000000	3.07761692966e-05
zar	F3	47.000000	0.00213723024353
zar	F3	48.000000	0.00244982843287
zar	F3	49.000000	5.24252136529e-05
zar	F3	50.000000	0.000953290786128
zar	F3	51.000000	0.000275218859315
zar	F3	52.000000	0.00027237762697
zar	F3	53.000000	0.00090960302623
zar	F3	54.000000	0.000704816600773
zar	F3	55.000000	0.000557707215194
zar	F3	56.000000	0.000266068323981
zar	F3	57.000000	1.66499125953e-06
zar	F3	58.000000	0.00013356198906
zar	F3	59.000000	0.000377015239792
zar	F3	60.000000	0.000860815052874
zar	F3	61.000000	0.000665260071401
zar	F3	62.000000	3.13432451549e-06
zar	F3	63.000000	0.000690172892064
zar	F3	64.000000	0.000662824197207
zar	F3	65.000000	0.000175345310709
zar	F3	66.000000	0.000133191802888
zar	F3	67.000000	0.000111590474262
zar	F3	68.000000	0.00014335513697
zar	F3	69.000000	0.000435696856584
zar	F3	70.000000	0.000442873861175
zar	F3	71.000000	8.14448794699e-05
zar	F3	72.000000	9.59618919296e-05
zar	F3	73.000000	0.000171824605786
zar	F3	74.000000	0.000180313145393
zar	F3	75.000000	7.64189753681e-05
zar	F3	76.000000	0.00027047295589
zar	F3	77.000000	9.57621668931e-05
zar	F3	78.000000	9.60226898314e-05
zar	F3	79.000000	0.000118511095934
zar	F3	80.000000	7.40978648537e-05
zar	F7	1.000000	2.82775783539
zar	F7	2.000000	0.325083315372
zar	F7	3.000000	0.0611727423966
zar	F7	4.000000	0.073223054409
zar	F7	5.000000	0.0264528691769
zar	F7	6.000000	0.0724813714623
zar	F7	7.000000	0.0225900709629
zar	F7	8.000000	0.0292701870203
zar	F7	9.000000	0.0193299744278
zar	F7	10.000000	0.00728792045265
zar	F7	11.000000	0.00515421433374
zar	F7	12.000000	0.0117875272408
zar	F7	13.000000	0.0179156735539
zar	F7	14.000000	0.0133976442739
zar	F7	15.000000	0.0157424397767
zar	F7	16.000000	0.00730180554092
zar	F7	17.000000	0.000844964699354
zar	F7	18.000000	0.00720228860155
zar	F7	19.000000	0.0196497049183
zar	F7	20.000000	0.0622549802065
zar	F7	21.000000	0.0478697605431
zar	F7	22.000000	0.00118610856589
zar	F7	23.000000	0.00777686294168
zar	F7	24.000000	0.0121869007125
zar	F7	25.000000	0.0013934847666
zar	F7	26.000000	0.00287907221355
zar	F7	27.000000	0.00708831986412
zar	F7	28.000000	0.0110438233241
zar	F7	29.000000	0.0136513216421
zar	F7	30.000000	0.00576472887769
zar	F7	31.000000	7.58481837693e-05
zar	F7	32.000000	0.003456331091
zar	F7	33.000000	0.00518627325073
zar	F7	34.000000	0.00387593358755
zar	F7	35.000000	0.000591046817135
zar	F7	36.000000	0.000523213820998
zar	F7	37.000000	0.00337084685452
zar	F7	38.000000	0.00673453090712
zar	F7	39.000000	0.000635048781987
zar	F7	40.000000	0.00262560462579
zar	F7	41.000000	0.00346934818663
zar	F7	42.000000	0.00251322193071
zar	F7	43.000000	0.00230779824778
zar	F7	44.000000	0.000692134723067
zar	F7	45.000000	0.00135174905881
zar	F7	46.000000	0.00107941741589
zar	F7	47.000000	0.000357592507498
zar	F7	48.000000	3.81722065868e-06
zar	F7	49.000000	0.00135364884045
zar	F7	50.000000	0.00193051039241
zar	F7	51.000000	0.000396317016566
zar	F7	52.000000	0.00132089771796
zar	F7	53.000000	0.00214379071258
zar	F7	54.000000	0.000549309304915
zar	F7	55.000000	0.000176766479854
zar	F7	56.000000	5.23572889506e-05
zar	F7	57.000000	0.00130531622563
zar	F7	58.000000	0.00174129195511
zar	F7	59.000000	0.000487945158966
zar	F7	60.000000	0.000365157495253
zar	F7	61.000000	0.000832275138237
zar	F7	62.000000	0.000518574554008
zar	F7	63.000000	0.000737039197702
zar	F7	64.000000	0.000438085873611
zar	F7	65.000000	0.000246221083216
zar	F7	66.000000	0.000255300634308
zar	F7	67.000000	0.00115987798199
zar	F7	68.000000	0.00134594121482
zar	F7	69.000000	0.000612263334915
zar	F7	70.000000	0.00010551327432
zar	F7	71.000000	0.000864450237714
zar	F7	72.000000	0.000622579420451
zar	F7	73.000000	0.000638326397166
zar	F7	74.000000	0.00107574439608
zar	F7	75.000000	0.000603920198046
zar	F7	76.000000	0.00138707167935
zar	F7	77.000000	0.00233178562485
zar	F7	78.000000	0.000938383862376
zar	F7	79.000000	0.000128865605802
zar	F7	80.000000	0.000242444235482
zar	FC5	1.000000	1.75331807137
zar	FC5	2.000000	0.167364895344
zar	FC5	3.000000	0.0504015982151
zar	FC5	4.000000	0.0573170036077
zar	FC5	5.000000	0.00435585808009
zar	FC5	6.000000	0.0286210440099
zar	FC5	7.000000	0.0263173449785
zar	FC5	8.000000	0.014841876924
zar	FC5	9.000000	0.00585609441623
zar	FC5	10.000000	0.00885914638638
zar	FC5	11.000000	0.0126146795228
zar	FC5	12.000000	0.0149491336197
zar	FC5	13.000000	0.00408319849521
zar	FC5	14.000000	0.00434593204409
zar	FC5	15.000000	0.000839957094286
zar	FC5	16.000000	0.00057965767337
zar	FC5	17.000000	0.00318015716039
zar	FC5	18.000000	0.00188587396406
zar	FC5	19.000000	0.00206524226815
zar	FC5	20.000000	0.00929752737284
zar	FC5	21.000000	0.0101878456771
zar	FC5	22.000000	0.00651596020907
zar	FC5	23.000000	0.00779496412724
zar	FC5	24.000000	0.000260034110397
zar	FC5	25.000000	0.000699322554283
zar	FC5	26.000000	4.10658103647e-05
zar	FC5	27.000000	0.00385033665225
zar	FC5	28.000000	0.00924455374479
zar	FC5	29.000000	0.00599371269345
zar	FC5	30.000000	0.000394543865696
zar	FC5	31.000000	0.000391963432776
zar	FC5	32.000000	0.000177086301846
zar	FC5	33.000000	0.000726344180293
zar	FC5	34.000000	0.000416979921283
zar	FC5	35.000000	0.000505234114826
zar	FC5	36.000000	0.00204592058435
zar	FC5	37.000000	0.00107159931213
zar	FC5	38.000000	0.000668503111228
zar	FC5	39.000000	0.000323842949001
zar	FC5	40.000000	0.00151307601482
zar	FC5	41.000000	0.00276923668571
zar	FC5	42.000000	0.000965734070633
zar	FC5	43.000000	0.000109882261313
zar	FC5	44.000000	0.00041846948443
zar	FC5	45.000000	0.000895272300113
zar	FC5	46.000000	0.00162391259801
zar	FC5	47.000000	0.00170042423997
zar	FC5	48.000000	0.00166497961618
zar	FC5	49.000000	0.000728741986677
zar	FC5	50.000000	0.00033758758218
zar	FC5	51.000000	0.000622047111392
zar	FC5	52.000000	0.000552465382498
zar	FC5	53.000000	0.00021281716181
zar	FC5	54.000000	4.87084180349e-05
zar	FC5	55.000000	0.000137150316732
zar	FC5	56.000000	0.000271959695965
zar	FC5	57.000000	0.00120793480892
zar	FC5	58.000000	0.000311173062073
zar	FC5	59.000000	3.30196853611e-05
zar	FC5	60.000000	0.000162703101523
zar	FC5	61.000000	0.000431822089013
zar	FC5	62.000000	2.25536841754e-05
zar	FC5	63.000000	1.51368967636e-05
zar	FC5	64.000000	7.76050655986e-05
zar	FC5	65.000000	0.000248050724622
zar	FC5	66.000000	0.000300520565361
zar	FC5	67.000000	0.00028628113796
zar	FC5	68.000000	0.000260916101979
zar	FC5	69.000000	8.12198486528e-05
zar	FC5	70.000000	3.61514094038e-06
zar	FC5	71.000000	1.50873966049e-05
zar	FC5	72.000000	3.86320389225e-05
zar	FC5	73.000000	1.88428330148e-05
zar	FC5	74.000000	0.000104184320662
zar	FC5	75.000000	0.000142933233292
zar	FC5	76.000000	6.37189077679e-05
zar	FC5	77.000000	6.86164130457e-05
zar	FC5	78.000000	0.000225712603424
zar	FC5	79.000000	0.000412683875766
zar	FC5	80.000000	9.53410708462e-05
zar	CP5	1.000000	4.93120241165
zar	CP5	2.000000	1.6574215889
zar	CP5	3.000000	0.145474910736
zar	CP5	4.000000	0.0319484621286
zar	CP5	5.000000	0.0807259604335
zar	CP5	6.000000	0.0637316480279
zar	CP5	7.000000	0.0400608293712
zar	CP5	8.000000	0.00480383774266
zar	CP5	9.000000	0.0261874422431
zar	CP5	10.000000	0.00513422861695
zar	CP5	11.000000	0.0109707796946
zar	CP5	12.000000	0.0153875378892
zar	CP5	13.000000	0.010695271194
zar	CP5	14.000000	0.011890605092
zar	CP5	15.000000	0.00499020377174
zar	CP5	16.000000	0.00639000860974
zar	CP5	17.000000	0.00321176205762
zar	CP5	18.000000	0.00964978244156
zar	CP5	19.000000	0.00147345953155
zar	CP5	20.000000	0.00822468474507
zar	CP5	21.000000	0.000807226926554
zar	CP5	22.000000	0.00982002727687
zar	CP5	23.000000	0.00357129238546
zar	CP5	24.000000	0.00137464085128
zar	CP5	25.000000	0.000209186662687
zar	CP5	26.000000	0.00178961246274
zar	CP5	27.000000	0.000429823703598
zar	CP5	28.000000	0.000250438199146
zar	CP5	29.000000	0.00033766136039
zar	CP5	30.000000	0.000296428857837
zar	CP5	31.000000	0.000110550223326
zar	CP5	32.000000	0.000535214843694
zar	CP5	33.000000	0.000560588145163
zar	CP5	34.000000	0.000898840546142
zar	CP5	35.000000	0.00110034632962
zar	CP5	36.000000	0.00196221005172
zar	CP5	37.000000	0.000645907130092
zar	CP5	38.000000	0.000179217895493
zar	CP5	39.000000	0.000416060938733
zar	CP5	40.000000	0.00128677592147
zar	CP5	41.000000	0.000553541292902
zar	CP5	42.000000	0.000732212967705
zar	CP5	43.000000	0.000654411793221
zar	CP5	44.000000	0.000697575975209
zar	CP5	45.000000	0.00182814535219
zar	CP5	46.000000	0.000670593464747
zar	CP5	47.000000	0.0010075061582
zar	CP5	48.000000	0.00136924546678
zar	CP5	49.000000	8.45722897793e-05
zar	CP5	50.000000	0.000295117410133
zar	CP5	51.000000	0.000614581163973
zar	CP5	52.000000	0.00102305517066
zar	CP5	53.000000	0.000352532195393
zar	CP5	54.000000	0.000357929267921
zar	CP5	55.000000	0.000196869645151
zar	CP5	56.000000	3.41233353538e-05
zar	CP5	57.000000	0.000445206533186
zar	CP5	58.000000	0.000452057371149
zar	CP5	59.000000	0.000492383434903
zar	CP5	60.000000	0.000362015154678
zar	CP5	61.000000	1.54119188664e-05
zar	CP5	62.000000	0.000186945078894
zar	CP5	63.000000	0.000837872154079
zar	CP5	64.000000	0.000690359214786
zar	CP5	65.000000	1.35797290568e-06
zar	CP5	66.000000	6.63662576699e-05
zar	CP5	67.000000	0.000115905051643
zar	CP5	68.000000	0.000142367600347
zar	CP5	69.000000	0.000342089362675
zar	CP5	70.000000	0.000326518696966
zar	CP5	71.000000	0.000391688983655
zar	CP5	72.000000	0.000312044401653
zar	CP5	73.000000	0.000101689736766
zar	CP5	74.000000	6.30875874776e-05
zar	CP5	75.000000	0.000119497490232
zar	CP5	76.000000	0.000764596974477
zar	CP5	77.000000	0.000502383918501
zar	CP5	78.000000	9.33938354137e-05
zar	CP5	79.000000	0.000552852172405
zar	CP5	80.000000	0.000438371731434
zar	T7	1.000000	0.0333105884492
zar	T7	2.000000	0.0824785456061
zar	T7	3.000000	0.0294283833355
zar	T7	4.000000	0.0130479848012
zar	T7	5.000000	0.0688593164086
zar	T7	6.000000	0.0619035027921
zar	T7	7.000000	0.0706459283829
zar	T7	8.000000	0.0137505466118
zar	T7	9.000000	0.0138745568693
zar	T7	10.000000	0.000978071242571
zar	T7	11.000000	0.0144906332716
zar	T7	12.000000	0.0258653461933
zar	T7	13.000000	0.0224588178098
zar	T7	14.000000	0.0107303978875
zar	T7	15.000000	0.00542832538486
zar	T7	16.000000	0.00885459966958
zar	T7	17.000000	0.000467068952275
zar	T7	18.000000	0.00484068971127
zar	T7	19.000000	0.000258620333625
zar	T7	20.000000	0.00308922142722
zar	T7	21.000000	0.00409707752988
zar	T7	22.000000	0.0102728018537
zar	T7	23.000000	0.000607679481618
zar	T7	24.000000	0.00550298439339
zar	T7	25.000000	0.00535365426913
zar	T7	26.000000	0.00291400682181
zar	T7	27.000000	0.00125785870478
zar	T7	28.000000	0.00510660558939
zar	T7	29.000000	0.00479908101261
zar	T7	30.000000	0.00143935135566
zar	T7	31.000000	0.00334778707474
zar	T7	32.000000	0.00164784828667
zar	T7	33.000000	0.000220434187213
zar	T7	34.000000	0.00221681385301
zar	T7	35.000000	0.00280457129702
zar	T7	36.000000	0.00277336407453
zar	T7	37.000000	0.00270882900804
zar	T7	38.000000	0.00121955620125
zar	T7	39.000000	0.00125555740669
zar	T7	40.000000	0.00271862093359
zar	T7	41.000000	0.00152563222218
zar	T7	42.000000	0.00102968071587
zar	T7	43.000000	0.00348146911711
zar	T7	44.000000	0.00138873048127
zar	T7	45.000000	0.000373791204765
zar	T7	46.000000	0.000697594718076
zar	T7	47.000000	0.000461496296339
zar	T7	48.000000	8.63474706421e-05
zar	T7	49.000000	5.69776966586e-05
zar	T7	50.000000	0.000389821274439
zar	T7	51.000000	3.28930909745e-05
zar	T7	52.000000	0.00123826938216
zar	T7	53.000000	0.00119336217176
zar	T7	54.000000	0.000151906118845
zar	T7	55.000000	0.000568687042687
zar	T7	56.000000	4.17309602199e-05
zar	T7	57.000000	4.67033787572e-05
zar	T7	58.000000	0.000454413209809
zar	T7	59.000000	0.00138370750938
zar	T7	60.000000	0.00157782481983
zar	T7	61.000000	0.000581124855671
zar	T7	62.000000	1.0186833606e-05
zar	T7	63.000000	8.33730373415e-05
zar	T7	64.000000	0.000226076561376
zar	T7	65.000000	0.000321895437082
zar	T7	66.000000	4.99016459798e-05
zar	T7	67.000000	0.000385982071748
zar	T7	68.000000	0.000656407850329
zar	T7	69.000000	0.000163841075846
zar	T7	70.000000	5.12494298164e-05
zar	T7	71.000000	0.000191648374312
zar	T7	72.000000	0.000200730835786
zar	T7	73.000000	0.000206406912184
zar	T7	74.000000	1.643595715e-05
zar	T7	75.000000	0.000126540442579
zar	T7	76.000000	0.000426039739978
zar	T7	77.000000	0.000442252436187
zar	T7	78.000000	0.000522045127582
zar	T7	79.000000	0.000879094179254
zar	T7	80.000000	0.000795740517788
zar	P7	1.000000	6.69083881378
zar	P7	2.000000	2.15847349167
zar	P7	3.000000	0.183251649141
zar	P7	4.000000	0.0485275536776
zar	P7	5.000000	0.116377234459
zar	P7	6.000000	0.0791377425194
zar	P7	7.000000	0.0557419359684
zar	P7	8.000000	0.00703706871718
zar	P7	9.000000	0.0403598807752
zar	P7	10.000000	0.0109524643049
zar	P7	11.000000	0.00603409996256
zar	P7	12.000000	0.0149423321709
zar	P7	13.000000	0.0177783928812
zar	P7	14.000000	0.0111223738641
zar	P7	15.000000	0.00374878384173
zar	P7	16.000000	0.00648876046762
zar	P7	17.000000	0.00424162158743
zar	P7	18.000000	0.00679488340393
zar	P7	19.000000	0.00120915472507
zar	P7	20.000000	0.00539951352403
zar	P7	21.000000	0.000752812600695
zar	P7	22.000000	0.0104762911797
zar	P7	23.000000	0.00452895183116
zar	P7	24.000000	0.00190911442041
zar	P7	25.000000	0.00167554267682
zar	P7	26.000000	0.000250736018643
zar	P7	27.000000	0.000407176674344
zar	P7	28.000000	0.000267145194812
zar	P7	29.000000	0.00099626253359
zar	P7	30.000000	0.000755866873078
zar	P7	31.000000	0.000682554498781
zar	P7	32.000000	0.000494292820804
zar	P7	33.000000	0.00182762404438
zar	P7	34.000000	0.00186162570026
zar	P7	35.000000	0.00159357290249
zar	P7	36.000000	0.00268286652863
zar	P7	37.000000	0.00125995476265
zar	P7	38.000000	0.000786261400208
zar	P7	39.000000	0.000349788460881
zar	P7	40.000000	0.0023488223087
zar	P7	41.000000	0.00202143937349
zar	P7	42.000000	0.00021652331634
zar	P7	43.000000	0.000942117592786
zar	P7	44.000000	0.000829342752695
zar	P7	45.000000	0.0003726783616
zar	P7	46.000000	0.000258648622548
zar	P7	47.000000	0.000222246264457
zar	P7	48.000000	0.00129977648612
zar	P7	49.000000	0.00018794448988
zar	P7	50.000000	0.000527128519025
zar	P7	51.000000	4.15826889366e-06
zar	P7	52.000000	0.00114339787979
zar	P7	53.000000	2.12312534131e-06
zar	P7	54.000000	0.000839139043819
zar	P7	55.000000	0.000262940593529
zar	P7	56.000000	9.63368729572e-05
zar	P7	57.000000	0.000253981241258
zar	P7	58.000000	0.000253044097917
zar	P7	59.000000	0.00103853328619
zar	P7	60.000000	0.00209132372402
zar	P7	61.000000	0.000957329000812
zar	P7	62.000000	0.000506813870743
zar	P7	63.000000	0.000184742486454
zar	P7	64.000000	1.35042901093e-05
zar	P7	65.000000	0.000207535544178
zar	P7	66.000000	0.000411965738749
zar	P7	67.000000	0.0011552167125
zar	P7	68.000000	0.00091507966863
zar	P7	69.000000	0.00042168161599
zar	P7	70.000000	1.88451085705e-05
zar	P7	71.000000	0.00022976679611
zar	P7	72.000000	0.00111317564733
zar	P7	73.000000	0.0015177836176
zar	P7	74.000000	0.000486385659315
zar	P7	75.000000	1.02915794287e-06
zar	P7	76.000000	0.000481841678265
zar	P7	77.000000	3.81252939405e-05
zar	P7	78.000000	0.000535873463377
zar	P7	79.000000	0.000774416083004
zar	P7	80.000000	0.000577226513997
